"Enschede","Enschede","52.2225","6.8925","Netherlands","NL","NLD","Overijssel","minor","159732","1528181808"
"Newport","Newport","51.5886","-2.9978","United Kingdom","GB","GBR","Newport","","159600","1826018889"
"Regensburg","Regensburg","49.0167","12.0833","Germany","DE","DEU","Bavaria","minor","159465","1276000325"
"Patos de Minas","Patos de Minas","-18.5871","-46.5149","Brazil","BR","BRA","Minas Gerais","minor","159235","1076100026"
"Kisarawe","Kisarawe","-7.2622","38.7367","Tanzania","TZ","TZA","Coast","","159226","1834617787"
"Budaun","Budaun","28.0500","79.1200","India","IN","IND","Uttar Pradesh","","159221","1356639213"
"Hayward","Hayward","37.6328","-122.0766","United States","US","USA","California","","159201","1840020293"
"Ramat Gan","Ramat Gan","32.0700","34.8235","Israel","IL","ISR","Tel Aviv","","159200","1376357911"
"Uttarpāra","Uttarpara","22.6700","88.3500","India","IN","IND","West Bengal","","159147","1356370311"
"Catamarca","Catamarca","-28.4667","-65.7833","Argentina","AR","ARG","Catamarca","admin","159139","1032260908"
"Marbella","Marbella","36.5167","-4.8833","Spain","ES","ESP","Andalusia","","159000","1724685705"
"Daltonganj","Daltonganj","24.0300","84.0700","India","IN","IND","Jhārkhand","","158941","1356991205"
"Ceyhan","Ceyhan","37.0289","35.8125","Turkey","TR","TUR","Adana","minor","158922","1792949917"
"Quipungo","Quipungo","-14.8167","14.5500","Angola","AO","AGO","Huíla","","158918","1024929138"
"Corona","Corona","33.8616","-117.5649","United States","US","USA","California","","158839","1840019305"
"Benoni","Benoni","-26.1883","28.3206","South Africa","ZA","ZAF","Gauteng","","158777","1710880986"
"Djelfa","Djelfa","34.6667","3.2500","Algeria","DZ","DZA","Djelfa","admin","158679","1012268984"
"Macuspana","Macuspana","17.7667","-92.6000","Mexico","MX","MEX","Tabasco","minor","158601","1484086926"
"Zhengding","Zhengding","38.1464","114.5708","China","CN","CHN","Hebei","minor","158599","1156000451"
"Zlatoust","Zlatoust","55.1667","59.6667","Russia","RU","RUS","Chelyabinskaya Oblast’","minor","158597","1643000102"
"Aral","Aral","40.5480","81.2810","China","CN","CHN","Xinjiang","minor","158593","1156703340"
"Cadiz","Cadiz","10.9500","123.3000","Philippines","PH","PHL","Negros Occidental","","158544","1608224037"
"Matsuzaka","Matsuzaka","34.5779","136.5276","Japan","JP","JPN","Mie","","158472","1392893621"
"Copiapó","Copiapo","-27.3664","-70.3331","Chile","CL","CHL","Atacama","admin","158438","1152406965"
"Klaipėda","Klaipeda","55.7125","21.1350","Lithuania","LT","LTU","Klaipėdos Miestas","admin","158420","1440897790"
"Ōgaki","Ogaki","35.3594","136.6129","Japan","JP","JPN","Gifu","","158386","1392727505"
"Jāmkhed","Jamkhed","18.7200","75.3200","India","IN","IND","Mahārāshtra","","158380","1356720530"
"Zabrze","Zabrze","50.3025","18.7781","Poland","PL","POL","Śląskie","minor","158307","1616784915"
"Bharūch","Bharuch","21.7120","72.9930","India","IN","IND","Gujarāt","","158253","1356981799"
"Nanqiaotou","Nanqiaotou","22.7176","113.2918","China","CN","CHN","Guangdong","","158234","1156513218"
"Ilagan","Ilagan","17.1489","121.8894","Philippines","PH","PHL","Isabela","admin","158218","1608190610"
"Gweru","Gweru","-19.4614","29.8022","Zimbabwe","ZW","ZWE","Midlands","admin","158200","1716621481"
"Abaetetuba","Abaetetuba","-1.7178","-48.8828","Brazil","BR","BRA","Pará","minor","158188","1076974632"
"Tacheng","Tacheng","46.7517","82.9869","China","CN","CHN","Xinjiang","minor","158098","1156191514"
"Szeged","Szeged","46.2500","20.1667","Hungary","HU","HUN","Csongrád-Csanád","admin","157930","1348655615"
"Herne","Herne","51.5500","7.2167","Germany","DE","DEU","North Rhine-Westphalia","minor","157896","1276656117"
"Gojra","Gojra","31.1500","72.6833","Pakistan","PK","PAK","Punjab","","157863","1586904918"
"Banhā","Banha","30.4628","31.1797","Egypt","EG","EGY","Al Qalyūbīyah","admin","157701","1818596265"
"Panjgur","Panjgur","26.9683","64.1014","Pakistan","PK","PAK","Balochistan","minor","157693","1586296490"
"Mahlaing","Mahlaing","21.0900","95.6400","Burma","MM","MMR","Mandalay","","157674","1104117085"
"Paterson","Paterson","40.9147","-74.1624","United States","US","USA","New Jersey","","157660","1840000838"
"Ilhéus","Ilheus","-14.7889","-39.0489","Brazil","BR","BRA","Bahia","minor","157639","1076021121"
"Calama","Calama","-22.4667","-68.9333","Chile","CL","CHL","Antofagasta","minor","157575","1152168074"
"Angers","Angers","47.4736","-0.5542","France","FR","FRA","Pays de la Loire","minor","157555","1250962174"
"San Miguel","San Miguel","-34.5333","-58.7167","Argentina","AR","ARG","Buenos Aires","","157532","1032038706"
"’s-Hertogenbosch","'s-Hertogenbosch","51.6833","5.3167","Netherlands","NL","NLD","Noord-Brabant","admin","157486","1528012333"
"Amersfoort","Amersfoort","52.1550","5.3875","Netherlands","NL","NLD","Utrecht","minor","157462","1528206992"
"George","George","-33.9667","22.4500","South Africa","ZA","ZAF","Western Cape","","157394","1710164136"
"Mandi Bahauddin","Mandi Bahauddin","32.5797","73.4814","Pakistan","PK","PAK","Punjab","minor","157352","1586202018"
"Itapetininga","Itapetininga","-23.5917","-48.0531","Brazil","BR","BRA","São Paulo","minor","157016","1076425970"
"Lunglei","Lunglei","22.8800","92.7300","India","IN","IND","Mizoram","","157000","1356318741"
"Nāblus","Nablus","32.2199","35.2636","West Bank","XW","XWB","","","156906","1934360634"
"Nan Zhuang","Nan Zhuang","22.9839","113.0139","China","CN","CHN","Guangdong","","156902","1156745569"
"Zaanstad","Zaanstad","52.4333","4.8167","Netherlands","NL","NLD","Noord-Holland","","156901","1528395473"
"Guaymas","Guaymas","27.9183","-110.8933","Mexico","MX","MEX","Sonora","","156863","1484822562"
"Enfield","Enfield","51.6522","-0.0808","United Kingdom","GB","GBR","Enfield","","156858","1826362409"
"Guimarães","Guimaraes","41.4450","-8.2908","Portugal","PT","PRT","Braga","minor","156830","1620771539"
"Alexandria","Alexandria","38.8185","-77.0861","United States","US","USA","Virginia","","156788","1840003837"
"Kamina","Kamina","-8.7386","24.9906","Congo (Kinshasa)","CD","COD","Haut-Lomami","admin","156761","1180363197"
"Molo","Molo","-0.2485","35.7319","Kenya","KE","KEN","Nakuru","","156732","1404340216"
"Domodedovo","Domodedovo","55.4400","37.7619","Russia","RU","RUS","Moskovskaya Oblast’","minor","156681","1643918019"
"Macon","Macon","32.8065","-83.6974","United States","US","USA","Georgia","","156543","1840043455"
"Saharsa","Saharsa","25.8800","86.6000","India","IN","IND","Bihār","","156540","1356492911"
"Chaoshan","Chaoshan","23.0768","113.8696","China","CN","CHN","Guangdong","","156522","1156193615"
"Kétou","Ketou","7.3581","2.6075","Benin","BJ","BEN","Plateau","","156497","1204020661"
"Rio das Ostras","Rio das Ostras","-22.5269","-41.9450","Brazil","BR","BRA","Rio de Janeiro","minor","156491","1076148122"
"Adzopé","Adzope","6.1035","-3.8648","Côte d’Ivoire","CI","CIV","Lagunes","minor","156488","1384370507"
"Portmore","Portmore","17.9500","-76.8799","Jamaica","JM","JAM","Saint Catherine","","156469","1388926551"
"Girona","Girona","41.9844","2.8211","Spain","ES","ESP","Catalonia","minor","156423","1724386661"
"Grenoble","Grenoble","45.1715","5.7224","France","FR","FRA","Auvergne-Rhône-Alpes","minor","156389","1250071647"
"Qalyūb","Qalyub","30.1997","31.2053","Egypt","EG","EGY","Al Qalyūbīyah","","156363","1818824672"
"Danao","Danao","10.5300","123.9300","Philippines","PH","PHL","Cebu","","156321","1608547808"
"Lakewood","Lakewood","39.6977","-105.1172","United States","US","USA","Colorado","","156309","1840020198"
"Springfield","Springfield","39.7709","-89.6540","United States","US","USA","Illinois","admin","156240","1840009517"
"Ghorāhī","Ghorahi","28.0408","82.4861","Nepal","NP","NPL","Lumbinī","minor","156164","1524494654"
"Bạc Liêu","Bac Lieu","9.2833","105.7167","Vietnam","VN","VNM","Bạc Liêu","admin","156110","1704298745"
"Capas","Capas","15.3372","120.5900","Philippines","PH","PHL","Tarlac","","156056","1608379387"
"Xiaping","Xiaping","26.7480","114.2890","China","CN","CHN","Jiangxi","minor","155976","1156122424"
"Al Miqdādīyah","Al Miqdadiyah","33.9786","44.9369","Iraq","IQ","IRQ","Diyālá","minor","155968","1368045951"
"Vidisha","Vidisha","23.5300","77.8200","India","IN","IND","Madhya Pradesh","","155959","1356299932"
"Pathānkot","Pathankot","32.2668","75.6000","India","IN","IND","Punjab","","155909","1356878237"
"Ravenna","Ravenna","44.4161","12.2017","Italy","IT","ITA","Emilia-Romagna","minor","155751","1380964180"
"Paderborn","Paderborn","51.7181","8.7542","Germany","DE","DEU","North Rhine-Westphalia","minor","155749","1276339087"
"Ar Ramthā","Ar Ramtha","32.5589","36.0147","Jordan","JO","JOR","Irbid","minor","155693","1400675695"
"Severodvinsk","Severodvinsk","64.5667","39.8667","Russia","RU","RUS","Arkhangel’skaya Oblast’","minor","155647","1643427671"
"Borāzjān","Borazjan","29.2694","51.2200","Iran","IR","IRN","Būshehr","minor","155567","1364720199"
"Kisi","Kisi","9.0833","3.8500","Nigeria","NG","NGA","Oyo","minor","155510","1566512059"
"Cap-Haïtien","Cap-Haitien","19.7500","-72.2000","Haiti","HT","HTI","Nord","admin","155505","1332333795"
"Esmeraldas","Esmeraldas","0.9667","-79.6528","Ecuador","EC","ECU","Esmeraldas","admin","155487","1218601363"
"Souk Ahras","Souk Ahras","36.2864","7.9511","Algeria","DZ","DZA","Souk Ahras","admin","155259","1012419619"
"Kārwār","Karwar","14.8000","74.1300","India","IN","IND","Karnātaka","","155213","1356118021"
"Daiwanishi","Daiwanishi","34.8892","135.4167","Japan","JP","JPN","Hyōgo","","155165","1392478155"
"Neuss","Neuss","51.2000","6.7000","Germany","DE","DEU","North Rhine-Westphalia","minor","155163","1276075502"
"Khasavyurt","Khasavyurt","43.2500","46.5833","Russia","RU","RUS","Dagestan","minor","155144","1643734694"
"Chlef","Chlef","36.1647","1.3317","Algeria","DZ","DZA","Chlef","admin","155134","1012772239"
"Pandi","Pandi","14.8700","120.9500","Philippines","PH","PHL","Bulacan","","155115","1608700526"
"Camarajibe","Camarajibe","-8.0219","-34.9808","Brazil","BR","BRA","Pernambuco","minor","155054","1076738662"
"El Eulma","El Eulma","36.1500","5.6833","Algeria","DZ","DZA","Sétif","","155038","1012292620"
"Salzburg","Salzburg","47.8000","13.0450","Austria","AT","AUT","Salzburg","admin","155021","1040312147"
"Thānesar","Thanesar","29.9667","76.8167","India","IN","IND","Haryāna","","154962","1356380934"
"Danzao","Danzao","23.0427","112.9145","China","CN","CHN","Guangdong","","154955","1156576022"
"Kishangarh","Kishangarh","26.5700","74.8700","India","IN","IND","Rājasthān","","154886","1356854319"
"Ŭiwang","Uiwang","37.3448","126.9683","Korea, South","KR","KOR","Gyeonggi","","154879","1410211816"
"Luanshya","Luanshya","-13.1333","28.4000","Zambia","ZM","ZMB","Copperbelt","","154863","1894410334"
"Hanam","Hanam","37.5167","127.2000","Korea, South","KR","KOR","Gyeonggi","","154838","1410241338"
"Kansas City","Kansas City","39.1235","-94.7443","United States","US","USA","Kansas","","154776","1840001626"
"Zango","Zango","12.9333","8.5333","Nigeria","NG","NGA","Katsina","minor","154743","1566483135"
"Brăila","Braila","45.2692","27.9575","Romania","RO","ROU","Brăila","admin","154686","1642286806"
"Barrie","Barrie","44.3711","-79.6769","Canada","CA","CAN","Ontario","","154676","1124340223"
"Butembo","Butembo","0.1500","29.2833","Congo (Kinshasa)","CD","COD","Nord-Kivu","","154621","1180446432"
"Saint-Louis","Saint-Louis","16.0333","-16.5000","Senegal","SN","SEN","Saint-Louis","admin","154555","1686542859"
"Burlington","Burlington","36.0760","-79.4685","United States","US","USA","North Carolina","","154504","1840013362"
"Rudarpur","Rudarpur","28.9800","79.4000","India","IN","IND","Uttarākhand","","154485","1356437436"
"Kitenkela","Kitenkela","-1.4855","36.9047","Kenya","KE","KEN","Kajiado","","154436","1404000624"
"Tindwāra","Tindwara","25.4833","80.3333","India","IN","IND","Uttar Pradesh","","154428","1356098059"
"Warner Robins","Warner Robins","32.5961","-83.6527","United States","US","USA","Georgia","","154327","1840015800"
"Nalgonda","Nalgonda","17.0575","79.2684","India","IN","IND","Andhra Pradesh","","154326","1356414359"
"Jinghai","Jinghai","38.9294","116.9169","China","CN","CHN","Tianjin","minor","154325","1156466579"
"Hitachi-Naka","Hitachi-Naka","36.3967","140.5347","Japan","JP","JPN","Ibaraki","","154311","1392134860"
"Lucapa","Lucapa","-8.4228","20.7392","Angola","AO","AGO","Lunda-Norte","","154305","1024056286"
"Noda","Noda","35.9500","139.8667","Japan","JP","JPN","Chiba","","154114","1392224794"
"Santana de Parnaíba","Santana de Parnaiba","-23.4439","-46.9178","Brazil","BR","BRA","São Paulo","minor","154105","1076401391"
"Dibrugarh","Dibrugarh","27.4800","95.0000","India","IN","IND","Assam","","154019","1356100193"
"Singaraja","Singaraja","-8.1167","115.0833","Indonesia","ID","IDN","Bali","minor","153930","1360426282"
"Moanda","Moanda","-5.9342","12.3494","Congo (Kinshasa)","CD","COD","Kongo Central","","153915","1180108441"
"Seogwipo","Seogwipo","33.2497","126.56","Korea, South","KR","KOR","Jeju","","153861","1410542763"
"Palo Negro","Palo Negro","10.1739","-67.5419","Venezuela","VE","VEN","Aragua","minor","153706","1862061949"
"Verāval","Veraval","20.9159","70.3629","India","IN","IND","Gujarāt","","153696","1356346826"
"Durrës","Durres","41.3133","19.4458","Albania","AL","ALB","Durrës","admin","153614","1008173690"
"Hoeryŏng","Hoeryong","42.4333","129.7500","Korea, North","KP","PRK","Hambuk","minor","153532","1408656165"
"Abbotsford","Abbotsford","49.0500","-122.3167","Canada","CA","CAN","British Columbia","","153524","1124808029"
"Tochigi","Tochigi","36.3813","139.7303","Japan","JP","JPN","Tochigi","","153508","1392660923"
"Sunnyvale","Sunnyvale","37.3836","-122.0255","United States","US","USA","California","","153455","1840021573"
"Betūl Bazār","Betul Bazar","21.9050","77.9020","India","IN","IND","Madhya Pradesh","","153330","1356866032"
"Sukrah","Sukrah","36.8833","10.2500","Tunisia","TN","TUN","L’Ariana","","153307","1788614141"
"Andong","Andong","36.5592","128.7289","Korea, South","KR","KOR","Gyeongbuk","admin","153306","1410095935"
"Bālurghāt","Balurghat","25.2200","88.7600","India","IN","IND","West Bengal","","153279","1356496150"
"Bytom","Bytom","50.3483","18.9156","Poland","PL","POL","Śląskie","minor","153274","1616740907"
"San Jose","San Jose","12.3528","121.0676","Philippines","PH","PHL","Occidental Mindoro","","153267","1608355709"
"Jorhāt","Jorhat","26.7500","94.2200","India","IN","IND","Assam","","153249","1356638741"
"Poblacion","Poblacion","10.4111","123.9822","Philippines","PH","PHL","Cebu","","153197","1608456191"
"Ixtlahuaca","Ixtlahuaca","19.5689","-99.7669","Mexico","MX","MEX","México","minor","153184","1484837068"
"Kariya","Kariya","34.9893","137.0021","Japan","JP","JPN","Aichi","","153178","1392620119"
"Krishnanagar","Krishnanagar","23.4000","88.5000","India","IN","IND","West Bengal","","153062","1356128689"
"Dutse","Dutse","11.7011","9.3419","Nigeria","NG","NGA","Jigawa","admin","153000","1566855083"
"Newcastle","Newcastle","-32.9306","151.7542","Australia","AU","AUS","New South Wales","","152984","1036468001"
"Ueda","Ueda","36.4019","138.2491","Japan","JP","JPN","Nagano","","152948","1392438902"
"Hollywood","Hollywood","26.0293","-80.1679","United States","US","USA","Florida","","152935","1840015144"
"Livorno","Livorno","43.5500","10.3167","Italy","IT","ITA","Tuscany","minor","152914","1380159305"
"Tete","Tete","-16.1579","33.5898","Mozambique","MZ","MOZ","Tete","admin","152909","1508476900"
"Vĩnh Yên","Vinh Yen","21.3100","105.5967","Vietnam","VN","VNM","Vĩnh Phúc","admin","152801","1704905946"
"Bārākpur","Barakpur","22.7600","88.3700","India","IN","IND","West Bengal","","152783","1356768708"
"Porbandar","Porbandar","21.6417","69.6293","India","IN","IND","Gujarāt","","152760","1356634492"
"Sinpo","Sinpo","40.0347","128.1856","Korea, North","KP","PRK","Hamnam","","152759","1408269466"
"Girón","Giron","7.0708","-73.1731","Colombia","CO","COL","Santander","minor","152582","1170575968"
"Pouso Alegre","Pouso Alegre","-22.2281","-45.9336","Brazil","BR","BRA","Minas Gerais","minor","152549","1076082333"
"Ciudad Choluteca","Ciudad Choluteca","13.3014","-87.1842","Honduras","HN","HND","Choluteca","admin","152519","1340256619"
"Roseville","Roseville","38.7703","-121.3196","United States","US","USA","California","","152438","1840020233"
"Hòa Thành","Hoa Thanh","11.2831","106.1297","Vietnam","VN","VNM","Tây Ninh","minor","152339","1704970547"
"Alagoinhas","Alagoinhas","-12.1356","-38.4192","Brazil","BR","BRA","Bahia","minor","152327","1076155953"
"Mudon","Mudon","16.2578","97.7164","Burma","MM","MMR","Mon State","","152300","1104174785"
"Amatitlán","Amatitlan","14.4833","-90.6167","Guatemala","GT","GTM","Guatemala","minor","152296","1320637423"
"Gulu","Gulu","2.7817","32.2992","Uganda","UG","UGA","Gulu","admin","152276","1800406007"
"Gwangyang","Gwangyang","34.9333","127.6833","Korea, South","KR","KOR","Jeonnam","minor","152160","1410398748"
"Hội An","Hoi An","15.8833","108.3333","Vietnam","VN","VNM","Quảng Nam","","152160","1704897050"
"Baubau","Baubau","-5.4622","122.6058","Indonesia","ID","IDN","Sulawesi Tenggara","","152143","1360789994"
"Imabari","Imabari","34.0667","133.0000","Japan","JP","JPN","Ehime","","152111","1392801732"
"New Bedford","New Bedford","41.6697","-70.9428","United States","US","USA","Massachusetts","","152104","1840003219"
"Kawashiri","Kawashiri","34.8333","135.4167","Japan","JP","JPN","Ōsaka","","152076","1392471189"
"Bordj el Kiffan","Bordj el Kiffan","36.7375","3.1931","Algeria","DZ","DZA","Alger","","151950","1012186125"
"Gò Công","Go Cong","10.3667","106.6667","Vietnam","VN","VNM","Tiền Giang","","151937","1704078032"
"Erdemli","Erdemli","36.6056","34.3111","Turkey","TR","TUR","Mersin","minor","151928","1792271487"
"Gonbad-e Kāvūs","Gonbad-e Kavus","37.2436","55.1658","Iran","IR","IRN","Golestān","minor","151910","1364336980"
"Al Manāqil","Al Manaqil","14.2504","32.9800","Sudan","SD","SDN","Gezira","","151827","1729742500"
"Shāntipur","Shantipur","23.2500","88.4300","India","IN","IND","West Bengal","","151777","1356584320"
"Hindupur","Hindupur","13.8300","77.4900","India","IN","IND","Andhra Pradesh","","151677","1356805611"
"Araucária","Araucaria","-25.5928","-49.4100","Brazil","BR","BRA","Paraná","minor","151666","1076784908"
"Matanzas","Matanzas","23.0494","-81.5736","Cuba","CU","CUB","Matanzas","admin","151624","1192888416"
"Tulancingo","Tulancingo","20.0833","-98.3667","Mexico","MX","MEX","Hidalgo","minor","151582","1484419416"
"Ipswich","Ipswich","52.0594","1.1556","United Kingdom","GB","GBR","Suffolk","","151562","1826629486"
"Beāwar","Beawar","26.1000","74.3200","India","IN","IND","Rājasthān","","151472","1356028963"
"Long Khánh","Long Khanh","10.9170","107.1670","Vietnam","VN","VNM","Đồng Nai","minor","151467","1704475292"
"Bhālswa Jahangirpur","Bhalswa Jahangirpur","28.7354","77.1638","India","IN","IND","Delhi","","151427","1356078316"
"Mufulira","Mufulira","-12.5356","28.2419","Zambia","ZM","ZMB","Copperbelt","","151309","1894907880"
"Tauranga","Tauranga","-37.6858","176.1667","New Zealand","NZ","NZL","Bay of Plenty","","151300","1554759867"
"South Lyon","South Lyon","42.4614","-83.6526","United States","US","USA","Michigan","","151231","1840002432"
"Bellevue","Bellevue","47.5951","-122.1535","United States","US","USA","Washington","","151199","1840018417"
"Erode","Erode","11.3409","77.7171","India","IN","IND","Tamil Nādu","","151184","1356040695"
"Logroño","Logrono","42.4650","-2.4456","Spain","ES","ESP","La Rioja","admin","151164","1724721513"
"Dahuaishu","Dahuaishu","36.2601","111.6743","China","CN","CHN","Shanxi","minor","151037","1156096615"
"Minglanilla","Minglanilla","10.2450","123.7964","Philippines","PH","PHL","Cebu","","151002","1608573791"
"Manzanillo","Manzanillo","20.3397","-77.1086","Cuba","CU","CUB","Granma","minor","150999","1192805452"
"Ereğli","Eregli","37.5128","34.0483","Turkey","TR","TUR","Konya","minor","150978","1792110470"
"Chichicastenango","Chichicastenango","14.9333","-91.1167","Guatemala","GT","GTM","Quiché","minor","150932","1320948769"
"Đức Phổ","Duc Pho","14.8100","108.9600","Vietnam","VN","VNM","Quảng Ngãi","minor","150927","1704354008"
"San Jose","San Jose","15.8037","120.9991","Philippines","PH","PHL","Nueva Ecija","","150917","1608000478"
"Tafeng","Tafeng","25.3775","112.2034","China","CN","CHN","Hunan","minor","150800","1156002486"
"Fairfield","Fairfield","38.2583","-122.0335","United States","US","USA","California","","150794","1840020253"
"Çayırova","Cayirova","40.8000","29.4167","Turkey","TR","TUR","Kocaeli","minor","150792","1792546631"
"Sibsāgar","Sibsagar","26.9844","94.6375","India","IN","IND","Assam","","150781","1356506584"
"Mahmutlu","Mahmutlu","39.7464","39.4914","Turkey","TR","TUR","Erzincan","","150714","1792575039"
"Büyük Çakırman","Buyuk Cakirman","39.7464","39.4914","Turkey","TR","TUR","Erzincan","","150714","1792815135"
"Buğdaylı","Bugdayli","39.7464","39.4914","Turkey","TR","TUR","Erzincan","","150714","1792675937"
"Erzincan","Erzincan","39.7464","39.4914","Turkey","TR","TUR","Erzincan","admin","150714","1792742754"
"Kırşehir","Kirsehir","39.1456","34.1608","Turkey","TR","TUR","Kırşehir","admin","150700","1792825471"
"Eminabad","Eminabad","32.0422","74.2600","Pakistan","PK","PAK","Punjab","","150646","1586505120"
"Kragujevac","Kragujevac","44.0142","20.9394","Serbia","RS","SRB","Kragujevac","admin","150623","1688832387"
"Badajoz","Badajoz","38.8803","-6.9753","Spain","ES","ESP","Extremadura","minor","150570","1724759742"
"Binghamton","Binghamton","42.1014","-75.9093","United States","US","USA","New York","","150564","1840000460"
"Manzhouli","Manzhouli","49.5980","117.3790","China","CN","CHN","Inner Mongolia","","150508","1156354568"
"Delicias","Delicias","28.1931","-105.4717","Mexico","MX","MEX","Chihuahua","minor","150506","1484405772"
"Piedecuesta","Piedecuesta","7.0833","-73.0000","Colombia","CO","COL","Santander","minor","150483","1170759043"
"Toledo","Toledo","-24.7139","-53.7428","Brazil","BR","BRA","Paraná","minor","150470","1076312600"
"Higashimurayama","Higashimurayama","35.7546","139.4685","Japan","JP","JPN","Tōkyō","","150458","1392034645"
"Nîmes","Nimes","43.8383","4.3597","France","FR","FRA","Occitanie","minor","150444","1250417467"
"Ipokia","Ipokia","6.5333","2.8500","Nigeria","NG","NGA","Ogun","minor","150426","1566918556"
"Jaranwala","Jaranwala","31.3333","73.4167","Pakistan","PK","PAK","Punjab","","150380","1586829520"
"Nāngloi Jāt","Nangloi Jat","28.6833","77.0667","India","IN","IND","Delhi","","150371","1356389587"
"Topeka","Topeka","39.0346","-95.6955","United States","US","USA","Kansas","admin","150343","1840001621"
"Rondonópolis","Rondonopolis","-16.4708","-54.6358","Brazil","BR","BRA","Mato Grosso","minor","150227","1076627175"
"Ramapo","Ramapo","41.1404","-74.1072","United States","US","USA","New York","","150225","1840058431"
"Kukichūō","Kukichuo","36.0621","139.6668","Japan","JP","JPN","Saitama","","150197","1392642279"
"Fengyicun","Fengyicun","23.6636","116.6028","China","CN","CHN","Guangdong","","150138","1156702015"
"Mzuzu","Mzuzu","-11.4500","34.0333","Malawi","MW","MWI","Mzimba","","150100","1454525586"
"Valle de Santiago","Valle de Santiago","20.3900","-101.2600","Mexico","MX","MEX","Guanajuato","minor","150054","1484060538"
"Đồng Xoài","Dong Xoai","11.5169","106.8392","Vietnam","VN","VNM","Bình Phước","admin","150052","1704845487"
"Valdivia","Valdivia","-39.8139","-73.2458","Chile","CL","CHL","Los Ríos","admin","150048","1152201132"
"Gölbaşı","Golbasi","39.7953","32.8028","Turkey","TR","TUR","Ankara","minor","150047","1792774390"
"Naogaon","Naogaon","24.8118","88.9470","Bangladesh","BD","BGD","Rājshāhi","minor","150025","1050668499"
"Willemstad","Willemstad","12.1080","-68.9350","Curaçao","CW","CUW","","primary","150000","1531000000"
"Bávaro","Bavaro","18.7170","-68.4500","Dominican Republic","DO","DOM","Yuma","","150000","1214902144"
"Soro","Soro","21.2900","86.6900","India","IN","IND","Odisha","","150000","1356411349"
"El Minié","El Minie","34.4470","35.8178","Lebanon","LB","LBN","Liban-Nord","","150000","1422845769"
"Borj Hammoud","Borj Hammoud","33.8936","35.5403","Lebanon","LB","LBN","Mont-Liban","","150000","1422255275"
"Auchi","Auchi","7.0667","6.2667","Nigeria","NG","NGA","Edo","minor","150000","1566873539"
"Kashikishi","Kashikishi","-9.3000","28.7167","Zambia","ZM","ZMB","Luapula","","150000","1894795016"
"Villanueva","Villanueva","15.3157","-87.9932","Honduras","HN","HND","Cortés","","149977","1340079427"
"Pénjamo","Penjamo","20.4311","-101.7222","Mexico","MX","MEX","Guanajuato","minor","149936","1484131107"
"Escondido","Escondido","33.1348","-117.0723","United States","US","USA","California","","149913","1840020620"
"Santa Rita","Santa Rita","-7.1139","-34.9778","Brazil","BR","BRA","Paraíba","minor","149910","1076661082"
"Mariveles","Mariveles","14.4300","120.4800","Philippines","PH","PHL","Bataan","","149879","1608735167"
"Saumlaki","Saumlaki","-7.9750","131.3075","Indonesia","ID","IDN","Maluku","minor","149790","1360861988"
"Joliet","Joliet","41.5188","-88.1499","United States","US","USA","Illinois","","149785","1840008192"
"Villa de Álvarez","Villa de Alvarez","19.2500","-103.7333","Mexico","MX","MEX","Colima","minor","149762","1484653806"
"Lévis","Levis","46.8000","-71.1833","Canada","CA","CAN","Quebec","","149683","1124958950"
"Zacatecas","Zacatecas","22.7736","-102.5736","Mexico","MX","MEX","Zacatecas","admin","149607","1484118312"
"Kerch","Kerch","45.3619","36.4711","Ukraine","UA","UKR","Krym, Avtonomna Respublika","minor","149566","1804437456"
"Surprise","Surprise","33.6815","-112.4515","United States","US","USA","Arizona","","149519","1840021941"
"Naperville","Naperville","41.7480","-88.1659","United States","US","USA","Illinois","","149424","1840008143"
"Lashio","Lashio","22.9333","97.7500","Burma","MM","MMR","Shan State","","149423","1104144745"
"Pasadena","Pasadena","29.6575","-95.1498","United States","US","USA","Texas","","149345","1840020930"
"Bohicon","Bohicon","7.2000","2.0667","Benin","BJ","BEN","Zou","","149271","1204200335"
"Harrow","Harrow","51.5836","-0.3464","United Kingdom","GB","GBR","Harrow","","149246","1826648099"
"Rimini","Rimini","44.0594","12.5683","Italy","IT","ITA","Emilia-Romagna","minor","149211","1380527853"
"Port Louis","Port Louis","-20.1644","57.5042","Mauritius","MU","MUS","Port Louis","primary","149194","1480131261"
"Maīmanah","Maimanah","35.9333","64.7500","Afghanistan","AF","AFG","Fāryāb","admin","149040","1004622920"
"Cotia","Cotia","-23.6039","-46.9189","Brazil","BR","BRA","São Paulo","minor","148987","1076098590"
"Musashino","Musashino","35.7177","139.5661","Japan","JP","JPN","Tōkyō","","148971","1392003488"
"Melipilla","Melipilla","-33.6253","-71.2711","Chile","CL","CHL","Región Metropolitana","minor","148899","1152483678"
"Sagay","Sagay","10.9000","123.4200","Philippines","PH","PHL","Negros Occidental","","148894","1608284971"
"‘Ajlūn","`Ajlun","32.3325","35.7517","Jordan","JO","JOR","‘Ajlūn","admin","148870","1400775371"
"Marvdasht","Marvdasht","29.8786","52.8067","Iran","IR","IRN","Fārs","minor","148858","1364881808"
"Melitopol","Melitopol","46.8489","35.3675","Ukraine","UA","UKR","Zaporizka Oblast","minor","148851","1804906240"
"Mesquite","Mesquite","32.7602","-96.5865","United States","US","USA","Texas","","148848","1840020713"
"Ağrı","Agri","39.7186","43.0508","Turkey","TR","TUR","Ağrı","admin","148765","1792385654"
"Coquitlam","Coquitlam","49.2839","-122.7919","Canada","CA","CAN","British Columbia","","148625","1124000500"
"Xianshuigu","Xianshuigu","38.9786","117.3886","China","CN","CHN","Tianjin","minor","148602","1156648916"
"Nūzvīd","Nuzvid","16.7881","80.8465","India","IN","IND","Andhra Pradesh","","148590","1356713948"
"Abbottabad","Abbottabad","34.1558","73.2194","Pakistan","PK","PAK","Khyber Pakhtunkhwa","minor","148587","1586788758"
"Santiago","Santiago","16.6800","121.5500","Philippines","PH","PHL","Santiago","admin","148580","1608477470"
"Champaign","Champaign","40.1142","-88.2737","United States","US","USA","Illinois","","148477","1840007239"
"Sayama","Sayama","35.8530","139.4122","Japan","JP","JPN","Saitama","","148474","1392752018"
"Jean-Rabel","Jean-Rabel","19.8500","-73.2000","Haiti","HT","HTI","Nord-Ouest","","148416","1332096865"
"Taza","Taza","34.2167","-4.0167","Morocco","MA","MAR","Fès-Meknès","","148406","1504405154"
"Pomona","Pomona","34.0585","-117.7626","United States","US","USA","California","","148391","1840020507"
"Nizip","Nizip","37.0100","37.7972","Turkey","TR","TUR","Gaziantep","minor","148386","1792748330"
"Dundee","Dundee","56.4606","-2.9700","United Kingdom","GB","GBR","Dundee City","","148280","1826581481"
"Sitārganj","Sitarganj","28.9300","79.7000","India","IN","IND","Uttarākhand","","148266","1356157911"
"Mộc Châu","Moc Chau","20.9221","104.7521","Vietnam","VN","VNM","Sơn La","minor","148259","1704223721"
"Dongguazhen","Dongguazhen","25.0911","101.5075","China","CN","CHN","Yunnan","","148210","1156405666"
"Al Ḩawīyah","Al Hawiyah","21.4411","40.4975","Saudi Arabia","SA","SAU","Makkah al Mukarramah","","148151","1682803387"
"Cagliari","Cagliari","39.2167","9.1167","Italy","IT","ITA","Sardegna","admin","148117","1380685705"
"Odivelas","Odivelas","38.8000","-9.1833","Portugal","PT","PRT","Lisboa","minor","148034","1620010482"
"Consolacion","Consolacion","10.4000","123.9500","Philippines","PH","PHL","Cebu","","148012","1608199695"
"Maridi","Maridi","4.9151","29.4769","South Sudan","SS","SSD","Western Equatoria","","148000","1728685965"
"Quilpué","Quilpue","-33.0500","-71.4500","Chile","CL","CHL","Valparaíso","minor","147991","1152063222"
"Rafael Castillo","Rafael Castillo","-34.7167","-58.6167","Argentina","AR","ARG","Buenos Aires","","147965","1032812310"
"Zhangaözen","Zhangaozen","43.3378","52.8553","Kazakhstan","KZ","KAZ","Mangghystaū","","147962","1398274968"
"Aix-en-Provence","Aix-en-Provence","43.5263","5.4454","France","FR","FRA","Provence-Alpes-Côte d’Azur","minor","147933","1250001687"
"Nchelenge","Nchelenge","-9.3533","28.7403","Zambia","ZM","ZMB","Luapula","","147927","1894890604"
"Szombathely","Szombathely","47.2351","16.6219","Hungary","HU","HUN","Vas","admin","147920","1348565183"
"Kutaisi","Kutaisi","42.2717","42.7056","Georgia","GE","GEO","Imereti","admin","147900","1268369835"
"Komaki","Komaki","35.2910","136.9121","Japan","JP","JPN","Aichi","","147897","1392770958"
"Kiambu","Kiambu","-1.1714","36.8356","Kenya","KE","KEN","Kiambu","admin","147870","1404390868"
"Siem Reap","Siem Reap","13.3622","103.8597","Cambodia","KH","KHM","Siem Reap","admin","147866","1116263015"
"Jyväskylä","Jyvaskyla","62.2417","25.7417","Finland","FI","FIN","Keski-Suomi","admin","147856","1246938345"
"Houma","Houma","29.5800","-90.7059","United States","US","USA","Louisiana","","147841","1840015063"
"Clermont-Ferrand","Clermont-Ferrand","45.7831","3.0824","France","FR","FRA","Auvergne-Rhône-Alpes","minor","147751","1250135509"
"Hājīpur","Hajipur","25.6925","85.2084","India","IN","IND","Bihār","","147688","1356014808"
"Kisaran","Kisaran","2.9833","99.6125","Indonesia","ID","IDN","Sumatera Utara","minor","147639","1360782288"
"Pesquería","Pesqueria","25.7850","-100.0511","Mexico","MX","MEX","Nuevo León","minor","147624","1484002865"
"Mati","Mati","6.9483","126.2272","Philippines","PH","PHL","Davao Oriental","admin","147547","1608000731"
"Malakal","Malakal","9.5369","31.6560","South Sudan","SS","SSD","Upper Nile","admin","147450","1728299711"
"Milas","Milas","37.3167","27.7833","Turkey","TR","TUR","Muğla","minor","147416","1792459665"
"La Lisa","La Lisa","23.0247","-82.4631","Cuba","CU","CUB","La Habana","","147415","1192000809"
"Kafr ash Shaykh","Kafr ash Shaykh","31.1000","30.9500","Egypt","EG","EGY","Kafr ash Shaykh","admin","147393","1818743040"
"Tipitapa","Tipitapa","12.2000","-86.1000","Nicaragua","NI","NIC","Managua","minor","147379","1558753915"
"Athens","Athens","33.9508","-83.3689","United States","US","USA","Georgia","","147368","1840029463"
"St. George","St. George","37.0758","-113.5752","United States","US","USA","Utah","","147347","1840021559"
"Miass","Miass","55.0000","60.1000","Russia","RU","RUS","Chelyabinskaya Oblast’","minor","147287","1643043679"
"Tama","Tama","35.6369","139.4463","Japan","JP","JPN","Tōkyō","","147252","1392092333"
"Dongsheng","Dongsheng","22.8847","113.4550","China","CN","CHN","Guangdong","","147228","1156418808"
"Hābra","Habra","22.8300","88.6300","India","IN","IND","West Bengal","","147221","1356091822"
"Yonago","Yonago","35.4333","133.3333","Japan","JP","JPN","Tottori","","147210","1392391989"
"Jequié","Jequie","-13.8578","-40.0839","Brazil","BR","BRA","Bahia","minor","147202","1076558785"
"Kramatorsk","Kramatorsk","48.7392","37.5839","Ukraine","UA","UKR","Donetska Oblast","minor","147145","1804461469"
"Kalemie","Kalemie","-5.9128","29.1906","Congo (Kinshasa)","CD","COD","Tanganyika","admin","146974","1180574233"
"Colima","Colima","19.2433","-103.7247","Mexico","MX","MEX","Colima","admin","146965","1484585697"
"Dawei","Dawei","14.0833","98.2000","Burma","MM","MMR","Tanintharyi","admin","146964","1104373474"
"Maquela do Zombo","Maquela do Zombo","-6.0500","15.1167","Angola","AO","AGO","Uíge","","146908","1024582197"
"Wamba","Wamba","2.1442","27.9929","Congo (Kinshasa)","CD","COD","Haut-Uélé","","146871","1180866253"
"Bāra Bankī","Bara Banki","26.9200","81.2000","India","IN","IND","Uttar Pradesh","","146831","1356294740"
"Cairns","Cairns","-16.9200","145.7800","Australia","AU","AUS","Queensland","","146778","1036016939"
"Xinjing","Xinjing","31.2142","121.3681","China","CN","CHN","Shanghai","","146776","1156046750"
"Cam Ranh","Cam Ranh","11.9020","109.2207","Vietnam","VN","VNM","Khánh Hòa","","146771","1704104189"
"Bīr","Bir","18.9900","75.7600","India","IN","IND","Mahārāshtra","","146709","1356753116"
"Florencio Varela","Florencio Varela","-34.8167","-58.2833","Argentina","AR","ARG","Buenos Aires","minor","146704","1032021324"
"Salavat","Salavat","53.3667","55.9333","Russia","RU","RUS","Bashkortostan","minor","146633","1643996483"
"Beaumont","Beaumont","30.0849","-94.1451","United States","US","USA","Texas","","146554","1840019612"
"Elkhart","Elkhart","41.6916","-85.9627","United States","US","USA","Indiana","","146511","1840008187"
"Keren","Keren","15.7778","38.4581","Eritrea","ER","ERI","‘Anseba","admin","146500","1232693598"
"West Bromwich","West Bromwich","52.5190","-1.9950","United Kingdom","GB","GBR","Sandwell","","146386","1826231773"
"Derince","Derince","40.7539","29.8231","Turkey","TR","TUR","Kocaeli","minor","146374","1792059503"
"Dhamār","Dhamar","14.5500","44.4017","Yemen","YE","YEM","Dhamār","admin","146346","1887135215"
"Gandajika","Gandajika","-6.7500","23.9667","Congo (Kinshasa)","CD","COD","Lomami","","146217","1180466776"
"Colina","Colina","-33.2017","-70.6703","Chile","CL","CHL","Región Metropolitana","minor","146209","1152944896"
"Dadu","Dadu","26.7325","67.7792","Pakistan","PK","PAK","Sindh","minor","146179","1586791198"
"Pleiku","Pleiku","13.9833","108.0000","Vietnam","VN","VNM","Gia Lai","admin","146073","1704220080"
"Stavanger","Stavanger","58.9700","5.7314","Norway","NO","NOR","Rogaland","admin","146011","1578801684"
"Taungdwingyi","Taungdwingyi","20.0017","95.5461","Burma","MM","MMR","Magway","","145909","1104468571"
"Nārnaul","Narnaul","28.0444","76.1056","India","IN","IND","Haryāna","","145897","1356512084"
"Chitaldrug","Chitaldrug","14.2300","76.4000","India","IN","IND","Karnātaka","","145853","1356668514"
"Calapan","Calapan","13.4140","121.1800","Philippines","PH","PHL","Oriental Mindoro","admin","145786","1608578259"
"Calapan","Calapan","13.4140","121.1800","Philippines","PH","PHL","Bulacan","","145786","1608531332"
"Franco da Rocha","Franco da Rocha","-23.3286","-46.7244","Brazil","BR","BRA","São Paulo","minor","145755","1076071582"
"Mostaganem","Mostaganem","35.9333","0.0833","Algeria","DZ","DZA","Mostaganem","admin","145696","1012061703"
"Paço do Lumiar","Paco do Lumiar","-2.5319","-44.1078","Brazil","BR","BRA","Maranhão","minor","145643","1076632637"
"Etah","Etah","27.6300","78.6700","India","IN","IND","Uttar Pradesh","","145601","1356096916"
"Baní","Bani","18.2900","-70.3300","Dominican Republic","DO","DOM","Valdesia","minor","145595","1214720035"
"Gloucester","Gloucester","51.8653","-2.2458","United Kingdom","GB","GBR","Gloucestershire","","145563","1826932068"
"Qūchān","Quchan","37.1060","58.5095","Iran","IR","IRN","Khorāsān-e Raẕavī","minor","145531","1364255116"
"Vila Junqueiro","Vila Junqueiro","-15.4669","36.9778","Mozambique","MZ","MOZ","Zambézia","","145466","1508271174"
"Foggia","Foggia","41.4584","15.5519","Italy","IT","ITA","Puglia","minor","145348","1380084447"
"Iruma","Iruma","35.8358","139.3911","Japan","JP","JPN","Saitama","","145303","1392661533"
"Abohar","Abohar","30.1334","74.2001","India","IN","IND","Punjab","","145302","1356846795"
"Thanatpin","Thanatpin","17.2942","96.5800","Burma","MM","MMR","Bago","","145287","1104961334"
"Bhāndāria","Bhandaria","22.4890","90.0627","Bangladesh","BD","BGD","Barishal","","145233","1050979013"
"Le Mans","Le Mans","48.0077","0.1984","France","FR","FRA","Pays de la Loire","minor","145182","1250829671"
"Lake Charles","Lake Charles","30.2010","-93.2111","United States","US","USA","Louisiana","","145110","1840015039"
"Facatativá","Facatativa","4.8167","-74.3667","Colombia","CO","COL","Cundinamarca","minor","145080","1170830205"
"Arad","Arad","46.1750","21.3125","Romania","RO","ROU","Arad","admin","145078","1642996909"
"Fujita","Fujita","34.8674","138.2577","Japan","JP","JPN","Shizuoka","","145032","1392223322"
"Urganch","Urganch","41.5500","60.6333","Uzbekistan","UZ","UZB","Xorazm","admin","145000","1860546433"
"Kopeysk","Kopeysk","55.1000","61.6167","Russia","RU","RUS","Chelyabinskaya Oblast’","minor","144957","1643343511"
"Khairpur Mir’s","Khairpur Mir's","27.5333","68.7667","Pakistan","PK","PAK","Sindh","minor","144949","1586259149"
"Bukoba","Bukoba","-1.3333","31.8167","Tanzania","TZ","TZA","Kagera","admin","144938","1834433264"
"Kaithal","Kaithal","29.8015","76.3998","India","IN","IND","Haryāna","","144915","1356810758"
"Arayat","Arayat","15.1493","120.7692","Philippines","PH","PHL","Pampanga","","144875","1608482411"
"Salamanca","Salamanca","40.9650","-5.6642","Spain","ES","ESP","Castille-Leon","minor","144866","1724960825"
"Santa Maria","Santa Maria","34.9333","-120.4431","United States","US","USA","California","","144857","1840021830"
"Porlamar","Porlamar","10.9500","-63.8500","Venezuela","VE","VEN","Nueva Esparta","minor","144830","1862693736"
"Poole","Poole","50.7167","-1.9833","United Kingdom","GB","GBR","Bournemouth, Christchurch and Poole","","144800","1826379738"
"Comayagua","Comayagua","14.4528","-87.6379","Honduras","HN","HND","Comayagua","admin","144785","1340015594"
"Lleida","Lleida","41.6167","0.6333","Spain","ES","ESP","Catalonia","minor","144739","1724114678"
"Rangkasbitung","Rangkasbitung","-6.3667","106.2500","Indonesia","ID","IDN","Banten","minor","144733","1360558850"
"Saguenay","Saguenay","48.4167","-71.0667","Canada","CA","CAN","Quebec","","144723","1124001930"
"Urdaneta","Urdaneta","15.9761","120.5711","Philippines","PH","PHL","Pangasinan","","144577","1608117383"
"Xintang","Xintang","22.7833","113.1500","China","CN","CHN","Guangdong","","144537","1156557448"
"Lodhran","Lodhran","29.5333","71.6333","Pakistan","PK","PAK","Punjab","minor","144512","1586813871"
"Yuma","Yuma","32.5995","-114.5491","United States","US","USA","Arizona","","144509","1840021998"
"Balasore","Balasore","21.5033","86.9250","India","IN","IND","Odisha","","144373","1356515589"
"Guelph","Guelph","43.5500","-80.2500","Canada","CA","CAN","Ontario","","144356","1124968815"
"Zhaxi","Zhaxi","27.8508","104.9687","China","CN","CHN","Yunnan","minor","144259","1156414076"
"Mehtar Lām","Mehtar Lam","34.6683","70.2089","Afghanistan","AF","AFG","Laghmān","admin","144162","1004590769"
"Navoiy","Navoiy","40.0844","65.3792","Uzbekistan","UZ","UZB","Navoiy","admin","144158","1860291734"
"Dar Naim","Dar Naim","18.0973","-15.9327","Mauritania","MR","MRT","Nouakchott Nord","admin","144043","1478696248"
"Pinetown","Pinetown","-29.8167","30.8500","South Africa","ZA","ZAF","KwaZulu-Natal","","144026","1710417771"
"Asaka","Asaka","35.7972","139.5939","Japan","JP","JPN","Saitama","","143915","1392003253"
"Ramu","Ramu","3.9375","41.2203","Kenya","KE","KEN","Mandera","","143850","1404221019"
"Olathe","Olathe","38.8833","-94.8200","United States","US","USA","Kansas","","143720","1840003833"
"Midland","Midland","32.0243","-102.1147","United States","US","USA","Texas","","143714","1840020792"
"Kakamigahara","Kakamigahara","35.3988","136.8484","Japan","JP","JPN","Gifu","","143641","1392578597"
"Çanakkale","Canakkale","40.1519","26.4056","Turkey","TR","TUR","Çanakkale","admin","143622","1792403093"
"Aalborg","Aalborg","57.0337","9.9166","Denmark","DK","DNK","Nordjylland","admin","143598","1208789278"
"Greeley","Greeley","40.4152","-104.7706","United States","US","USA","Colorado","","143554","1840020149"
"Koiridih","Koiridih","24.1800","86.3000","India","IN","IND","Jhārkhand","","143529","1356249967"
"Miskolc","Miskolc","48.1000","20.7833","Hungary","HU","HUN","Borsod-Abaúj-Zemplén","admin","143502","1348668815"
"Torrance","Torrance","33.8346","-118.3416","United States","US","USA","California","","143499","1840021873"
"La Victoria","La Victoria","10.2278","-67.3336","Venezuela","VE","VEN","Aragua","minor","143468","1862054455"
"Ciego de Ávila","Ciego de Avila","21.8481","-78.7631","Cuba","CU","CUB","Ciego de Ávila","admin","143449","1192302618"
"Bandundu","Bandundu","-3.3167","17.3667","Congo (Kinshasa)","CD","COD","Kwilu","admin","143435","1180219776"
"Pyatigorsk","Pyatigorsk","44.0500","43.0667","Russia","RU","RUS","Stavropol’skiy Kray","minor","143428","1643815630"
"Disūq","Disuq","31.1325","30.6478","Egypt","EG","EGY","Kafr ash Shaykh","","143404","1818106054"
"Calabayan","Calabayan","16.7700","121.7800","Philippines","PH","PHL","Isabela","","143403","1608955576"
"Ghaznī","Ghazni","33.5492","68.4233","Afghanistan","AF","AFG","Ghaznī","admin","143379","1004167490"
"Zhaoxiang","Zhaoxiang","31.1490","121.1962","China","CN","CHN","Shanghai","","143350","1156632108"
"Huelva","Huelva","37.2500","-6.9500","Spain","ES","ESP","Andalusia","minor","143290","1724420824"
"Touggourt","Touggourt","33.1000","6.0667","Algeria","DZ","DZA","Touggourt","admin","143270","1012546670"
"Shillong","Shillong","25.5822","91.8944","India","IN","IND","Meghālaya","admin","143229","1356533936"
"Bafra","Bafra","41.5722","35.9147","Turkey","TR","TUR","Samsun","minor","143109","1792560571"
"Malasiqui","Malasiqui","15.9200","120.4200","Philippines","PH","PHL","Pangasinan","","143094","1608316754"
"Ikot Ekpene","Ikot Ekpene","5.1833","7.7167","Nigeria","NG","NGA","Akwa Ibom","minor","143077","1566150661"
"Sannār","Sannar","13.5500","33.6000","Sudan","SD","SDN","Sennar","","143059","1729986512"
"Los Ángeles","Los Angeles","-37.4667","-72.3500","Chile","CL","CHL","Biobío","minor","143023","1152810305"
"Rewāri","Rewari","28.1800","76.6200","India","IN","IND","Haryāna","","143021","1356557800"
"Paghmān","Paghman","34.5833","68.9500","Afghanistan","AF","AFG","Kābul","","143000","1004474181"
"Ilopango","Ilopango","13.7000","-89.1167","El Salvador","SV","SLV","San Salvador","","142979","1222852644"
"Jinjiang","Jinjiang","19.7288","110.0085","China","CN","CHN","Hainan","minor","142948","1156149547"
"Tinipuka","Tinipuka","-4.5500","136.8900","Indonesia","ID","IDN","Papua Tengah","","142909","1360525797"
"Cartago","Cartago","4.7000","-75.9167","Colombia","CO","COL","Valle del Cauca","minor","142902","1170225267"
"Ashikaga","Ashikaga","36.3402","139.4497","Japan","JP","JPN","Tochigi","","142882","1392003201"
"Thornton","Thornton","39.9197","-104.9438","United States","US","USA","Colorado","","142878","1840021422"
"Stara Zagora","Stara Zagora","42.4333","25.6500","Bulgaria","BG","BGR","Stara Zagora","admin","142746","1100903924"
"Telford","Telford","52.6766","-2.4469","United Kingdom","GB","GBR","Telford and Wrekin","","142723","1826968934"
"Shahrisabz","Shahrisabz","39.0500","66.8333","Uzbekistan","UZ","UZB","Qashqadaryo","","142700","1860513278"
"Garanhuns","Garanhuns","-8.8903","-36.4928","Brazil","BR","BRA","Pernambuco","minor","142506","1076673653"
"Hazāribāgh","Hazaribagh","23.9800","85.3500","India","IN","IND","Jhārkhand","","142489","1356960055"
"Las Cruces","Las Cruces","32.3265","-106.7893","United States","US","USA","New Mexico","","142432","1840020683"
"Trindade","Trindade","-16.6489","-49.4889","Brazil","BR","BRA","Goiás","minor","142431","1076815881"
"Nawābganj","Nawabganj","24.6000","88.2667","Bangladesh","BD","BGD","Rājshāhi","","142361","1050253103"
"Toda","Toda","35.8176","139.6779","Japan","JP","JPN","Saitama","","142352","1392003295"
"Ingolstadt","Ingolstadt","48.7631","11.4250","Germany","DE","DEU","Bavaria","minor","142308","1276803150"
"Lichinga","Lichinga","-13.3000","35.2456","Mozambique","MZ","MOZ","Niassa","admin","142253","1508041628"
"Bhīmavaram","Bhimavaram","16.5430","81.5230","India","IN","IND","Andhra Pradesh","","142184","1356195520"
"Tsuchiura","Tsuchiura","36.0667","140.2000","Japan","JP","JPN","Ibaraki","","142181","1392962266"
"Negombo","Negombo","7.2111","79.8386","Sri Lanka","LK","LKA","Western","","142136","1144271397"
"Okinawa","Okinawa","26.3342","127.8056","Japan","JP","JPN","Okinawa","","142094","1392003477"
"Namacunde","Namacunde","-17.3000","15.8500","Angola","AO","AGO","Cunene","","142047","1024843393"
"Boca Chica","Boca Chica","18.4539","-69.6064","Dominican Republic","DO","DOM","Ozama","","142019","1214362164"
"Altay","Altay","47.8666","88.1166","China","CN","CHN","Xinjiang","minor","142000","1156855629"
"Bahawalnagar","Bahawalnagar","29.9928","73.2536","Pakistan","PK","PAK","Punjab","minor","141935","1586152082"
"Misato","Misato","35.8301","139.8723","Japan","JP","JPN","Chiba","","141913","1392464033"
"Moriguchi","Moriguchi","34.7375","135.5642","Japan","JP","JPN","Ōsaka","","141849","1392003269"
"Columbia","Columbia","38.9472","-92.3268","United States","US","USA","Missouri","","141811","1840007391"
"Preston","Preston","53.8300","-2.7350","United Kingdom","GB","GBR","Lancashire","","141801","1826018478"
"Elektrostal","Elektrostal","55.7833","38.4667","Russia","RU","RUS","Moskovskaya Oblast’","minor","141778","1643790299"
"Brasília","Brasilia","-15.7939","-47.8828","Brazil","BR","BRA","Distrito Federal","primary","141742","1076144436"
"Jun’an","Jun'an","22.7057","113.1526","China","CN","CHN","Guangdong","","141736","1156578671"
"York","York","53.9600","-1.0800","United Kingdom","GB","GBR","York","","141685","1826149980"
"Mandsaur","Mandsaur","24.0720","75.0690","India","IN","IND","Madhya Pradesh","","141667","1356467529"
"Chās","Chas","23.6300","86.1700","India","IN","IND","Jhārkhand","","141640","1356317326"
"Jahrom","Jahrom","28.5147","53.5731","Iran","IR","IRN","Fārs","minor","141634","1364271412"
"Bondoukou","Bondoukou","8.0304","-2.8000","Côte d’Ivoire","CI","CIV","Zanzan","admin","141568","1384649653"
"Lausanne","Lausanne","46.5200","6.6333","Switzerland","CH","CHE","Vaud","admin","141418","1756055099"
"Bocaue","Bocaue","14.8000","120.9300","Philippines","PH","PHL","Bulacan","","141412","1608457468"
"Khuzdar","Khuzdar","27.8000","66.6167","Pakistan","PK","PAK","Balochistan","","141395","1586530458"
"Brusque","Brusque","-27.0978","-48.9178","Brazil","BR","BRA","Santa Catarina","minor","141385","1076418225"
"Mejicanos","Mejicanos","13.7333","-89.2167","El Salvador","SV","SLV","San Salvador","","141352","1222243504"
"Tepatitlán de Morelos","Tepatitlan de Morelos","20.8139","-102.7639","Mexico","MX","MEX","Jalisco","minor","141322","1484777621"
"Pemba","Pemba","-12.9667","40.5167","Mozambique","MZ","MOZ","Cabo Delgado","admin","141316","1508872233"
"Elbistan","Elbistan","38.2014","37.1883","Turkey","TR","TUR","Kahramanmaraş","minor","141307","1792888538"
"Bilbays","Bilbays","30.4167","31.5667","Egypt","EG","EGY","Ash Sharqīyah","","141285","1818863783"
"Fullerton","Fullerton","33.8841","-117.9279","United States","US","USA","California","","141278","1840020576"
"Piteşti","Pitesti","44.8606","24.8678","Romania","RO","ROU","Argeş","admin","141275","1642781938"
"Tân Châu","Tan Chau","10.7739","105.2369","Vietnam","VN","VNM","An Giang","minor","141211","1704250945"
"Numan","Numan","9.4669","12.0328","Nigeria","NG","NGA","Adamawa","minor","141200","1566815415"
"Kamālshahr","Kamalshahr","35.8658","50.8717","Iran","IR","IRN","Alborz","","141166","1364102350"
"Tarragona","Tarragona","41.1175","1.2528","Spain","ES","ESP","Catalonia","minor","141151","1724296961"
"Subang","Subang","-6.5714","107.7614","Indonesia","ID","IDN","Jawa Barat","minor","141038","1360943203"
"Las Maravillas","Las Maravillas","16.3667","-91.7333","Mexico","MX","MEX","Chiapas","","141027","1484792236"
"Grand Junction","Grand Junction","39.0877","-108.5673","United States","US","USA","Colorado","","141008","1840020230"
"Brest","Brest","48.3900","-4.4900","France","FR","FRA","Bretagne","minor","140993","1250882453"
"Tabaco","Tabaco","13.3500","123.7300","Philippines","PH","PHL","Albay","","140961","1608252596"
"Fukayachō","Fukayacho","36.1975","139.2815","Japan","JP","JPN","Saitama","","140930","1392571441"
"Nsele","Nsele","-4.3744","15.4947","Congo (Kinshasa)","CD","COD","Kinshasa","","140929","1180786924"
"Coimbra","Coimbra","40.2111","-8.4289","Portugal","PT","PRT","Coimbra","admin","140816","1620166724"
"Mtwara","Mtwara","-10.2736","40.1828","Tanzania","TZ","TZA","Mtwara","admin","140793","1834044142"
"Porac","Porac","15.0719","120.5419","Philippines","PH","PHL","Pampanga","","140751","1608946840"
"Çarşamba","Carsamba","41.1992","36.7275","Turkey","TR","TUR","Samsun","minor","140664","1792437640"
"Krugersdorp","Krugersdorp","-26.1000","27.7667","South Africa","ZA","ZAF","Gauteng","","140643","1710772829"
"Port Blair","Port Blair","11.6683","92.7378","India","IN","IND","Andaman and Nicobar Islands","admin","140572","1356161713"
"Middlesbrough","Middlesbrough","54.5767","-1.2355","United Kingdom","GB","GBR","Redcar and Cleveland","","140545","1826407067"
"Ruse","Ruse","43.8445","25.9539","Bulgaria","BG","BGR","Ruse","admin","140537","1100854249"
"Shizhaobi","Shizhaobi","23.9210","115.7774","China","CN","CHN","Guangdong","","140493","1156898106"
"Dos Hermanas","Dos Hermanas","37.2836","-5.9222","Spain","ES","ESP","Andalusia","","140430","1724272711"
"Sāmarrā’","Samarra'","34.1959","43.8857","Iraq","IQ","IRQ","Şalāḩ ad Dīn","minor","140400","1368265789"
"Ozamiz City","Ozamiz City","8.1500","123.8500","Philippines","PH","PHL","Misamis Occidental","","140334","1608100412"
"Pécs","Pecs","46.0708","18.2331","Hungary","HU","HUN","Baranya","admin","140330","1348611992"
"Harchandpur","Harchandpur","26.3600","81.1700","India","IN","IND","Uttar Pradesh","","140274","1356717769"
"Yaritagua","Yaritagua","10.0753","-69.1283","Venezuela","VE","VEN","Yaracuy","minor","140256","1862905123"
"Kumbakonam","Kumbakonam","10.9602","79.3845","India","IN","IND","Tamil Nādu","","140156","1356960436"
"Cuautitlán Izcalli","Cuautitlan Izcalli","19.6500","-99.2500","Mexico","MX","MEX","México","minor","140059","1484282338"
"Torbat-e Ḩeydarīyeh","Torbat-e Heydariyeh","35.2872","59.2219","Iran","IR","IRN","Khorāsān-e Raẕavī","minor","140019","1364398113"
"Xiangcheng","Xiangcheng","25.4783","100.5551","China","CN","CHN","Yunnan","minor","140010","1156812271"
"Nāḩiyat Ghammās","Nahiyat Ghammas","31.7422","44.6102","Iraq","IQ","IRQ","Al Qādisīyah","","140000","1368372842"
"Al ‘Aqabah","Al `Aqabah","29.5322","35.0061","Jordan","JO","JOR","Al ‘Aqabah","admin","140000","1400618058"
"Batu Pahat","Batu Pahat","1.8504","102.9333","Malaysia","MY","MYS","Johor","","140000","1458310769"
"Kusatsu","Kusatsu","35.0167","135.9667","Japan","JP","JPN","Shiga","","139913","1392082200"
"Santa Tecla","Santa Tecla","13.6731","-89.2406","El Salvador","SV","SLV","La Libertad","admin","139908","1222613306"
"Darwin","Darwin","-12.4381","130.8411","Australia","AU","AUS","Northern Territory","admin","139902","1036497565"
