"Dagarua","Dagarua","25.8000","87.6400","India","IN","IND","Bihār","","221229","1356757539"
"Tchaourou","Tchaourou","8.8833","2.6000","Benin","BJ","BEN","Borgou","","221108","1204695000"
"Lutsk","Lutsk","50.7500","25.3358","Ukraine","UA","UKR","Volynska Oblast","admin","220986","1804014744"
"Duekoué","Duekoue","6.7419","-7.3492","Côte d’Ivoire","CI","CIV","Montagnes","minor","220953","1384429839"
"Sambhal","Sambhal","28.5800","78.5500","India","IN","IND","Uttar Pradesh","","220813","1356376216"
"Shakhty","Shakhty","47.7000","40.2333","Russia","RU","RUS","Rostovskaya Oblast’","minor","220802","1643542365"
"San Felipe","San Felipe","10.3406","-68.7369","Venezuela","VE","VEN","Yaracuy","admin","220786","1862716082"
"Sāveh","Saveh","35.0278","50.3611","Iran","IR","IRN","Markazī","minor","220762","1364844111"
"Oviedo","Oviedo","43.3600","-5.8450","Spain","ES","ESP","Asturias","admin","220543","1724090743"
"Tacoma","Tacoma","47.2431","-122.4531","United States","US","USA","Washington","","220482","1840021129"
"Santa Luzia","Santa Luzia","-19.7697","-43.8514","Brazil","BR","BRA","Minas Gerais","minor","220444","1076123204"
"Chí Linh","Chi Linh","21.1330","106.3830","Vietnam","VN","VNM","Hải Dương","","220421","1704328235"
"La Vega","La Vega","19.2200","-70.5300","Dominican Republic","DO","DOM","Cibao Sur","admin","220279","1214691060"
"Singrauliya","Singrauliya","24.2020","82.6660","India","IN","IND","Madhya Pradesh","","220257","1356985698"
"El Jadid","El Jadid","33.2333","-8.5000","Morocco","MA","MAR","Casablanca-Settat","","220181","1504964063"
"Ashdod","Ashdod","31.7978","34.6503","Israel","IL","ISR","Southern","","220174","1376458766"
"Prizren","Prizren","42.2139","20.7397","Kosovo","XK","XKS","Prizren","admin","220128","1901360309"
"Bratsk","Bratsk","56.1167","101.6000","Russia","RU","RUS","Irkutskaya Oblast’","minor","220097","1643485535"
"Thatta","Thatta","24.7461","67.9244","Pakistan","PK","PAK","Sindh","minor","220000","1586208265"
"Gainesville","Gainesville","29.6804","-82.3459","United States","US","USA","Florida","","219946","1840014022"
"Spring Valley","Spring Valley","36.0952","-115.2636","United States","US","USA","Nevada","","219913","1840033832"
"Cartagena","Cartagena","37.6019","-0.9842","Spain","ES","ESP","Murcia","","219777","1724143241"
"Yenişehir","Yenisehir","37.9333","40.2333","Turkey","TR","TUR","Diyarbakır","minor","219759","1792069149"
"Al Khubar","Al Khubar","26.3000","50.2167","Saudi Arabia","SA","SAU","Ash Sharqīyah","","219679","1682059414"
"Kropyvnytskyi","Kropyvnytskyi","48.5000","32.2667","Ukraine","UA","UKR","Kirovohradska Oblast","admin","219676","1804374492"
"Osisioma","Osisioma","5.1497","7.3303","Nigeria","NG","NGA","Abia","minor","219632","1566203950"
"Tuluá","Tulua","4.0833","-76.2000","Colombia","CO","COL","Valle del Cauca","minor","219138","1170721938"
"Lübeck","Lubeck","53.8697","10.6864","Germany","DE","DEU","Schleswig-Holstein","minor","219044","1276852342"
"Zanzibar","Zanzibar","-6.1650","39.1990","Tanzania","TZ","TZA","Zanzibar Urban/West","admin","219007","1834823848"
"Konibodom","Konibodom","40.2833","70.4167","Tajikistan","TJ","TJK","Sughd","minor","219000","1762140294"
"Kafue","Kafue","-15.7667","28.1833","Zambia","ZM","ZMB","Lusaka","","219000","1894930695"
"Messina","Messina","38.1936","15.5542","Italy","IT","ITA","Sicilia","minor","218786","1380622386"
"Pangkalpinang","Pangkalpinang","-2.1333","106.1167","Indonesia","ID","IDN","Kepulauan Bangka Belitung","admin","218569","1360901919"
"Petrolina","Petrolina","-9.3928","-40.5078","Brazil","BR","BRA","Pernambuco","minor","218538","1076843988"
"Bitung","Bitung","1.4472","125.1978","Indonesia","ID","IDN","Sulawesi Utara","","218520","1360695939"
"Santo Tomas","Santo Tomas","14.0800","121.1800","Philippines","PH","PHL","Batangas","","218500","1608845898"
"Clarksville","Clarksville","36.5692","-87.3413","United States","US","USA","Tennessee","","218159","1840014421"
"Naihāti","Naihati","22.8900","88.4200","India","IN","IND","West Bengal","","217900","1356715598"
"Arakawa","Arakawa","35.7333","139.7833","Japan","JP","JPN","Tōkyō","","217891","1392229262"
"Babylon","Babylon","40.6925","-73.3586","United States","US","USA","New York","","217860","1840005142"
"Galaţi","Galati","45.4233","28.0425","Romania","RO","ROU","Galaţi","admin","217851","1642571620"
"Jaynagar","Jaynagar","26.5925","86.1372","India","IN","IND","Bihār","","217820","1356588241"
"Laâyoune","Laayoune","27.1500","-13.1989","Morocco","MA","MAR","Laâyoune-Sakia El Hamra","","217732","1504000319"
"Tapachula","Tapachula","14.9000","-92.2667","Mexico","MX","MEX","Chiapas","minor","217550","1484997178"
"Angarsk","Angarsk","52.5500","103.9000","Russia","RU","RUS","Irkutskaya Oblast’","minor","217365","1643989118"
"Apapa","Apapa","6.4500","3.3667","Nigeria","NG","NGA","Lagos","minor","217362","1566625487"
"Netanya","Netanya","32.3286","34.8567","Israel","IL","ISR","Central","","217200","1376203187"
"Silivri","Silivri","41.0736","28.2478","Turkey","TR","TUR","İstanbul","minor","217163","1792110769"
"Qostanay","Qostanay","53.2000","63.6200","Kazakhstan","KZ","KAZ","Qostanay","admin","217135","1398455461"
"Staryy Oskol","Staryy Oskol","51.2967","37.8350","Russia","RU","RUS","Belgorodskaya Oblast’","minor","217107","1643807951"
"Alor Setar","Alor Setar","6.1133","100.3729","Malaysia","MY","MYS","Kedah","admin","217000","1458273978"
"Wayaobu","Wayaobu","37.1427","109.6752","China","CN","CHN","Shaanxi","","216910","1156408502"
"Zielona Góra","Zielona Gora","51.9333","15.5000","Poland","PL","POL","Lubuskie","admin","216781","1616050904"
"José C. Paz","Jose C. Paz","-34.5167","-58.7667","Argentina","AR","ARG","Buenos Aires","minor","216637","1032741145"
"Yamunānagar","Yamunanagar","30.1330","77.2880","India","IN","IND","Haryāna","","216628","1356846120"
"Banjarbaru","Banjarbaru","-3.4425","114.8325","Indonesia","ID","IDN","Kalimantan Selatan","","216600","1360085654"
"Valencia","Valencia","7.9042","125.0928","Philippines","PH","PHL","Bukidnon","","216546","1608418474"
"Ayacucho","Ayacucho","-13.1631","-74.2244","Peru","PE","PER","Ayacucho","admin","216444","1604300430"
"Wellington","Wellington","-41.2889","174.7772","New Zealand","NZ","NZL","Wellington","primary","216200","1554772152"
"Peñalolén","Penalolen","-33.4833","-70.5500","Chile","CL","CHL","Región Metropolitana","","216060","1152224242"
"Dongxing","Dongxing","21.5478","107.9717","China","CN","CHN","Guangxi","minor","216053","1156419338"
"Ar Ruseris","Ar Ruseris","11.8633","34.3877","Sudan","SD","SDN","Blue Nile","","215857","1729614147"
"Hortolândia","Hortolandia","-22.8583","-47.2200","Brazil","BR","BRA","São Paulo","minor","215819","1076591779"
"College Station","College Station","30.5852","-96.2959","United States","US","USA","Texas","","215768","1840019570"
"Olympia","Olympia","47.0417","-122.8959","United States","US","USA","Washington","admin","215677","1840019865"
"Pallāvaram","Pallavaram","12.9675","80.1491","India","IN","IND","Tamil Nādu","","215417","1356057661"
"Jiutepec","Jiutepec","18.8833","-99.1667","Mexico","MX","MEX","Morelos","minor","215357","1484001709"
"Kremenchuk","Kremenchuk","49.0631","33.4039","Ukraine","UA","UKR","Poltavska Oblast","minor","215271","1804343754"
"Dzerzhinsk","Dzerzhinsk","56.2333","43.4500","Russia","RU","RUS","Nizhegorodskaya Oblast’","minor","215259","1643076798"
"Tân An","Tan An","10.5333","106.4167","Vietnam","VN","VNM","Long An","admin","215250","1704199290"
"Golmud","Golmud","36.4072","94.9283","China","CN","CHN","Qinghai","minor","215214","1156083724"
"San Rafael","San Rafael","-34.6000","-68.3333","Argentina","AR","ARG","Mendoza","minor","215020","1032221516"
"Sidi Aïssa","Sidi Aissa","36.5000","4.2978","Algeria","DZ","DZA","M’sila","","215000","1012091250"
"Khargone","Khargone","21.8200","75.6187","India","IN","IND","Madhya Pradesh","","215000","1356728712"
"As Samāwah","As Samawah","31.3167","45.2833","Iraq","IQ","IRQ","Al Muthanná","admin","215000","1368246912"
"Maţraḩ","Matrah","23.6167","58.5667","Oman","OM","OMN","Masqaţ","","214901","1512325823"
"Comalcalco","Comalcalco","18.2801","-93.2018","Mexico","MX","MEX","Tabasco","minor","214877","1484317909"
"Oulu","Oulu","65.0142","25.4719","Finland","FI","FIN","Pohjois-Pohjanmaa","admin","214814","1246093273"
"Almere","Almere","52.3667","5.2167","Netherlands","NL","NLD","Flevoland","minor","214715","1528683566"
"Kŭlob","Kulob","37.9092","69.7819","Tajikistan","TJ","TJK","Khatlon","minor","214700","1762798596"
"Sa Đéc","Sa Dec","10.3000","105.7667","Vietnam","VN","VNM","Đồng Tháp","minor","214610","1704983576"
"Mokpo","Mokpo","34.7589","126.3800","Korea, South","KR","KOR","Jeonnam","minor","214534","1410279439"
"Al Ghardaqah","Al Ghardaqah","27.2578","33.8117","Egypt","EG","EGY","Al Baḩr al Aḩmar","admin","214247","1818666245"
"Warnes","Warnes","-17.5167","-63.1667","Bolivia","BO","BOL","Santa Cruz","","214216","1068890339"
"Cascais","Cascais","38.6972","-9.4217","Portugal","PT","PRT","Lisboa","minor","214158","1620824685"
"Çiğli","Cigli","38.4833","27.0500","Turkey","TR","TUR","İzmir","","214065","1792478520"
"Marcory","Marcory","5.3120","-3.9936","Côte d’Ivoire","CI","CIV","Abidjan","","214061","1384405403"
"Roanoke","Roanoke","37.2785","-79.9581","United States","US","USA","Virginia","","214019","1840003858"
"Chilas","Chilas","35.4194","74.0944","Pakistan","PK","PAK","Gilgit-Baltistan","minor","214000","1586064350"
"Sikasso","Sikasso","11.3167","-5.6667","Mali","ML","MLI","Sikasso","admin","213977","1466666150"
"Bouaflé","Bouafle","6.9903","-5.7442","Côte d’Ivoire","CI","CIV","Sassandra-Marahoué","minor","213967","1384274339"
"Osan","Osan","37.1498","127.0771","Korea, South","KR","KOR","Gyeonggi","","213840","1410606985"
"Oakville","Oakville","43.4500","-79.6833","Canada","CA","CAN","Ontario","","213759","1124080468"
"Secunderābād","Secunderabad","17.4399","78.4983","India","IN","IND","Andhra Pradesh","","213698","1356779437"
"Jerez de la Frontera","Jerez de la Frontera","36.6817","-6.1378","Spain","ES","ESP","Andalusia","","213688","1724866806"
"Portland","Portland","43.6773","-70.2715","United States","US","USA","Maine","","213660","1840000327"
"El Tigre","El Tigre","8.8861","-64.2611","Venezuela","VE","VEN","Anzoátegui","minor","213524","1862428934"
"Isesaki","Isesaki","36.3114","139.1968","Japan","JP","JPN","Gunma","","213303","1392003456"
"Norwich","Norwich","52.6286","1.2928","United Kingdom","GB","GBR","Norfolk","","213166","1826688051"
"Częstochowa","Czestochowa","50.8000","19.1167","Poland","PL","POL","Śląskie","minor","213107","1616881632"
"Monghyr","Monghyr","25.3810","86.4650","India","IN","IND","Bihār","","213101","1356280102"
"Luton","Luton","51.8783","-0.4147","United Kingdom","GB","GBR","Luton","","213052","1826630574"
"Chāpra","Chapra","25.7848","84.7274","India","IN","IND","Bihār","","212955","1356147120"
"Sidi Bel Abbès","Sidi Bel Abbes","35.1939","-0.6414","Algeria","DZ","DZA","Sidi Bel Abbès","admin","212935","1012123414"
"Jinshi","Jinshi","29.5000","111.9080","China","CN","CHN","Hunan","minor","212739","1156062960"
"Zhubei","Zhubei","24.8333","121.0119","Taiwan","TW","TWN","Hsinchu","admin","212695","1158417233"
"Tumaco","Tumaco","1.8067","-78.7647","Colombia","CO","COL","Nariño","minor","212692","1170504978"
"Trondheim","Trondheim","63.4400","10.4000","Norway","NO","NOR","Trøndelag","minor","212660","1578633461"
"Mallawī","Mallawi","27.7306","30.8425","Egypt","EG","EGY","Al Minyā","","212628","1818284236"
"Kure","Kure","34.2492","132.5658","Japan","JP","JPN","Hiroshima","","212159","1392991987"
"Kuje","Kuje","8.8822","7.2203","Nigeria","NG","NGA","Federal Capital Territory","minor","212100","1566591024"
"Bhadrāvati","Bhadravati","13.8485","75.7050","India","IN","IND","Karnātaka","","212073","1356466241"
"‘Aqrah","`Aqrah","36.7604","43.8943","Iraq","IQ","IRQ","Nīnawá","minor","212000","1368123730"
"Linz","Linz","48.3058","14.2864","Austria","AT","AUT","Oberösterreich","admin","211944","1040261171"
"Fontana","Fontana","34.0968","-117.4599","United States","US","USA","California","","211921","1840020402"
"Cao Lãnh","Cao Lanh","10.4672","105.6303","Vietnam","VN","VNM","Đồng Tháp","admin","211912","1704276832"
"Nagareyama","Nagareyama","35.8563","139.9029","Japan","JP","JPN","Chiba","","211620","1392398873"
"Xujing","Xujing","31.1731","121.2723","China","CN","CHN","Shanghai","","211590","1156273514"
"Xigujing","Xigujing","31.2988","121.1742","China","CN","CHN","Shanghai","","211590","1156206216"
"Taitō","Taito","35.7125","139.7800","Japan","JP","JPN","Tōkyō","","211444","1392662678"
"Irákleio","Irakleio","35.3403","25.1344","Greece","GR","GRC","Kríti","admin","211370","1300777854"
"Criciúma","Criciuma","-28.6775","-49.3697","Brazil","BR","BRA","Santa Catarina","minor","211369","1076000206"
"Panchkula","Panchkula","30.7400","76.8000","India","IN","IND","Haryāna","minor","211355","1356152025"
"Oberhausen","Oberhausen","51.4967","6.8706","Germany","DE","DEU","North Rhine-Westphalia","minor","211099","1276448936"
"Mirpur Bhtoro","Mirpur Bhtoro","24.7300","68.2500","Pakistan","PK","PAK","Sindh","","210959","1586808713"
"Burhānpur","Burhanpur","21.3114","76.2289","India","IN","IND","Madhya Pradesh","","210891","1356857493"
"Ait Melloul","Ait Melloul","30.3342","-9.4972","Morocco","MA","MAR","Souss-Massa","","210870","1504134516"
"Rostock","Rostock","54.0833","12.1333","Germany","DE","DEU","Mecklenburg-Western Pomerania","","210795","1276210265"
"Gujiao","Gujiao","37.9070","112.1760","China","CN","CHN","Shanxi","","210757","1156571525"
"Sobral","Sobral","-3.6861","-40.3497","Brazil","BR","BRA","Ceará","minor","210711","1076577102"
"Trece Martires City","Trece Martires City","14.2800","120.8700","Philippines","PH","PHL","Cavite","admin","210503","1608990723"
"Gangneung","Gangneung","37.7500","128.9000","Korea, South","KR","KOR","Gangwon","minor","210456","1410450550"
"Pagadian","Pagadian","7.8272","123.4364","Philippines","PH","PHL","Zamboanga del Sur","admin","210452","1608329397"
"Quilicura","Quilicura","-33.3667","-70.7333","Chile","CL","CHL","Región Metropolitana","","210410","1152402180"
"Spartanburg","Spartanburg","34.9442","-81.9251","United States","US","USA","South Carolina","","210388","1840015482"
"Moreno Valley","Moreno Valley","33.9244","-117.2045","United States","US","USA","California","","210378","1840020552"
"Kairouan","Kairouan","35.6772","10.1008","Tunisia","TN","TUN","Kairouan","admin","210313","1788844707"
"Burgas","Burgas","42.5030","27.4702","Bulgaria","BG","BGR","Burgas","admin","210284","1100365645"
"Frisco","Frisco","33.1560","-96.8216","United States","US","USA","Texas","","210238","1840020654"
"Arroyo Naranjo","Arroyo Naranjo","23.0436","-82.3328","Cuba","CU","CUB","La Habana","","210053","1192534571"
"Bukit Mertajam","Bukit Mertajam","5.3630","100.4667","Malaysia","MY","MYS","Pulau Pinang","","210000","1458619046"
"Richmond","Richmond","49.1667","-123.1333","Canada","CA","CAN","British Columbia","","209937","1124121940"
"Kāpra","Kapra","17.4859","78.5651","India","IN","IND","Andhra Pradesh","","209882","1356304297"
"Burutu","Burutu","5.3500","5.5167","Nigeria","NG","NGA","Delta","minor","209666","1566686777"
"Móstoles","Mostoles","40.3333","-3.8667","Spain","ES","ESP","Madrid","","209639","1724412875"
"Béni Mellal","Beni Mellal","32.3394","-6.3608","Morocco","MA","MAR","Béni Mellal-Khénifra","admin","209594","1504131639"
"Legazpi City","Legazpi City","13.1300","123.7300","Philippines","PH","PHL","Albay","admin","209533","1608693683"
"Yonkers","Yonkers","40.9466","-73.8673","United States","US","USA","New York","","209529","1840003478"
"Thingangyun","Thingangyun","16.8281","96.1842","Burma","MM","MMR","Yangon","","209486","1104747384"
"Panabo","Panabo","7.3000","125.6800","Philippines","PH","PHL","Davao del Norte","","209230","1608577408"
"Cikupa","Cikupa","-6.4947","106.6511","Indonesia","ID","IDN","Jawa Barat","","209140","1360462500"
"Puerto Cabello","Puerto Cabello","10.4667","-68.0167","Venezuela","VE","VEN","Carabobo","minor","209080","1862031193"
"Ich’ŏn","Ich'on","37.2667","127.4333","Korea, South","KR","KOR","Gyeonggi","","209003","1410736435"
"Beersheba","Beersheba","31.2522","34.7867","Israel","IL","ISR","Southern","admin","209000","1376023307"
"Nowgong","Nowgong","26.3504","92.6796","India","IN","IND","Assam","","209000","1356273589"
"Santo Agostinho","Santo Agostinho","-8.2900","-35.0300","Brazil","BR","BRA","Pernambuco","","208944","1076363089"
"Taisheng","Taisheng","23.2939","113.3531","China","CN","CHN","Guangdong","","208589","1156077513"
"Sunyani","Sunyani","7.3360","-2.3360","Ghana","GH","GHA","Bono","admin","208496","1288679588"
"Thousand Oaks","Thousand Oaks","34.1914","-118.8756","United States","US","USA","California","","208302","1840021844"
"Lubuklinggau","Lubuklinggau","-3.2967","102.8617","Indonesia","ID","IDN","Sumatera Selatan","","208225","1360359449"
"Ashaiman","Ashaiman","5.6995","-0.0348","Ghana","GH","GHA","Greater Accra","","208060","1288638865"
"Phan Rang-Tháp Chàm","Phan Rang-Thap Cham","11.5667","108.9833","Vietnam","VN","VNM","Ninh Thuận","admin","207998","1704094609"
"Ambāla","Ambala","30.3800","76.7800","India","IN","IND","Haryāna","","207934","1356947216"
"Zamora","Zamora","19.9833","-102.2833","Mexico","MX","MEX","Michoacán","","207860","1484229977"
"Torbalı","Torbali","38.1619","27.3583","Turkey","TR","TUR","İzmir","minor","207840","1792319298"
"Chungju","Chungju","36.9667","127.9500","Korea, South","KR","KOR","Chungbuk","","207839","1410333057"
"Kasangati","Kasangati","0.4378","32.6025","Uganda","UG","UGA","Wakiso","","207800","1800208674"
"Sioux Falls","Sioux Falls","43.5396","-96.7311","United States","US","USA","South Dakota","","207795","1840002648"
"Pamplona","Pamplona","42.8167","-1.6500","Spain","ES","ESP","Navarre","admin","207777","1724483329"
"Quetzaltenango","Quetzaltenango","14.8333","-91.5167","Guatemala","GT","GTM","Quetzaltenango","admin","207620","1320083599"
"Kharagpur","Kharagpur","22.3302","87.3237","India","IN","IND","West Bengal","","207604","1356305803"
"Farshūţ","Farshut","26.0550","32.1627","Egypt","EG","EGY","Qinā","","207547","1818845921"
"Monywa","Monywa","22.1083","95.1417","Burma","MM","MMR","Sagaing","admin","207489","1104777345"
"Nishitōkyō","Nishitokyo","35.7256","139.5383","Japan","JP","JPN","Tōkyō","","207436","1392001244"
"Babruysk","Babruysk","53.1500","29.2333","Belarus","BY","BLR","Mahilyowskaya Voblasts’","minor","207351","1112573808"
"Robertsonpet","Robertsonpet","12.9563","78.2754","India","IN","IND","Karnātaka","","207350","1356245899"
"Dindigul","Dindigul","10.3500","77.9500","India","IN","IND","Tamil Nādu","","207327","1356106153"
"Viranşehir","Viransehir","37.2306","39.7653","Turkey","TR","TUR","Şanlıurfa","minor","207315","1792566461"
"Toledo","Toledo","10.3800","123.6500","Philippines","PH","PHL","Cebu","","207314","1608665464"
"Bila Tserkva","Bila Tserkva","49.7989","30.1153","Ukraine","UA","UKR","Kyivska Oblast","minor","207273","1804758853"
"Marawi City","Marawi City","8.0031","124.2850","Philippines","PH","PHL","Lanao del Sur","admin","207010","1608812117"
"Hagerstown","Hagerstown","39.6401","-77.7217","United States","US","USA","Maryland","","206889","1840005613"
"Rānīwāra Kalān","Raniwara Kalan","24.7500","72.2167","India","IN","IND","Rājasthān","","206831","1356083104"
"Çerkezköy","Cerkezkoy","41.2889","28.0042","Turkey","TR","TUR","Tekirdağ","minor","206829","1792345398"
"Solihull","Solihull","52.4130","-1.7780","United Kingdom","GB","GBR","Solihull","","206674","1826720500"
"Parakou","Parakou","9.3500","2.6167","Benin","BJ","BEN","Borgou","admin","206667","1204807468"
"Bakaga","Bakaga","9.3500","2.6167","Benin","BJ","BEN","Borgou","","206667","1204320764"
"Damietta","Damietta","31.4167","31.8214","Egypt","EG","EGY","Dumyāţ","admin","206664","1818333966"
"Shimla","Shimla","31.1033","77.1722","India","IN","IND","Himāchal Pradesh","admin","206575","1356962932"
"Padova","Padova","45.4064","11.8778","Italy","IT","ITA","Veneto","minor","206496","1380964615"
"Cidade de Nacala","Cidade de Nacala","-14.5500","40.6833","Mozambique","MZ","MOZ","Nampula","","206449","1508752825"
"Evansville","Evansville","37.9881","-87.5341","United States","US","USA","Indiana","","206418","1840013730"
"Dinājpur","Dinajpur","25.6300","88.6500","Bangladesh","BD","BGD","Rangpur","","206200","1050817445"
"Hospet","Hospet","15.2689","76.3909","India","IN","IND","Karnātaka","","206167","1356241463"
"Islington","Islington","51.5440","-0.1027","United Kingdom","GB","GBR","Islington","","206125","1826267810"
"Talca","Talca","-35.4269","-71.6656","Chile","CL","CHL","Maule","admin","206069","1152736946"
"Diaobingshancun","Diaobingshancun","42.4667","123.5667","China","CN","CHN","Liaoning","","206058","1156893347"
"Ifakara","Ifakara","-8.1000","36.6833","Tanzania","TZ","TZA","Morogoro","","205843","1834456222"
"Northcote","Northcote","-36.8019","174.7494","New Zealand","NZ","NZL","Auckland","","205605","1554717659"
"Māldah","Maldah","25.0044","88.1458","India","IN","IND","West Bengal","","205521","1356350335"
"San Carlos City","San Carlos City","15.9281","120.3489","Philippines","PH","PHL","Pangasinan","","205424","1608542323"
"Jiutai","Jiutai","44.1447","125.8443","China","CN","CHN","Jilin","","205399","1156061722"
"Phan Thiết","Phan Thiet","10.9333","108.1000","Vietnam","VN","VNM","Bình Thuận","admin","205333","1704221456"
"Khān Yūnis","Khan Yunis","31.3402","34.3063","Gaza Strip","XG","XGZ","","","205125","1916583637"
"Huayin","Huayin","34.5833","110.1000","China","CN","CHN","Shaanxi","","205119","1156156462"
"Amarillo","Amarillo","35.1984","-101.8316","United States","US","USA","Texas","","205100","1840019156"
"Ongole","Ongole","15.5060","80.0490","India","IN","IND","Andhra Pradesh","","204746","1356385136"
"Córdoba","Cordoba","18.8942","-96.9347","Mexico","MX","MEX","Veracruz","minor","204721","1484179679"
"Brahmanpara","Brahmanpara","23.6165","91.0679","Bangladesh","BD","BGD","Chattogram","","204691","1050744970"
"Kassel","Kassel","51.3158","9.4979","Germany","DE","DEU","Hesse","minor","204687","1276791686"
"Biskra","Biskra","34.8500","5.7333","Algeria","DZ","DZA","Biskra","admin","204661","1012947247"
"Bingerville","Bingerville","5.3500","-3.9000","Côte d’Ivoire","CI","CIV","Abidjan","minor","204656","1384754377"
"Kalamazoo","Kalamazoo","42.2749","-85.5882","United States","US","USA","Michigan","","204408","1840003185"
"Mpanda","Mpanda","-6.3500","31.0667","Tanzania","TZ","TZA","Katavi","admin","204338","1834127573"
"Charleroi","Charleroi","50.4167","4.4442","Belgium","BE","BEL","Wallonia","minor","204322","1056263311"
"São José dos Pinhais","Sao Jose dos Pinhais","-25.5350","-49.2058","Brazil","BR","BRA","Paraná","minor","204316","1076174955"
"Ternate","Ternate","0.7800","127.3819","Indonesia","ID","IDN","Maluku Utara","","204215","1360041663"
"Sejong","Sejong","36.4870","127.2822","Korea, South","KR","KOR","Sejong","admin","204088","1410002592"
"Coquimbo","Coquimbo","-29.9531","-71.3433","Chile","CL","CHL","Coquimbo","minor","204068","1152038253"
"Luzhang","Luzhang","25.8226","98.8577","China","CN","CHN","Yunnan","minor","203977","1156305822"
"Kukawa","Kukawa","12.9167","13.5667","Nigeria","NG","NGA","Borno","minor","203864","1566891739"
"Geneva","Geneva","46.2017","6.1469","Switzerland","CH","CHE","Genève","admin","203840","1756810813"
"Lorain","Lorain","41.4409","-82.1840","United States","US","USA","Ohio","","203802","1840000644"
"Ellore","Ellore","16.7117","81.1031","India","IN","IND","Andhra Pradesh","","203780","1356931882"
"Đà Lạt","Da Lat","11.9417","108.4383","Vietnam","VN","VNM","Lâm Đồng","admin","203710","1704933464"
"Huntington","Huntington","40.8521","-73.3823","United States","US","USA","New York","","203691","1840058192"
"Kinh Môn","Kinh Mon","21.0330","106.5000","Vietnam","VN","VNM","Hải Dương","minor","203638","1704502553"
"Bīrjand","Birjand","32.8781","59.2161","Iran","IR","IRN","Khorāsān-e Jonūbī","admin","203636","1364897698"
"Santa Ana","Santa Ana","14.5800","121.0120","Philippines","PH","PHL","Manila","","203598","1608404042"
"La Guaira","La Guaira","10.6000","-66.9331","Venezuela","VE","VEN","La Guaira","admin","203520","1862282663"
"Loja","Loja","-3.9833","-79.2000","Ecuador","EC","ECU","Loja","admin","203496","1218739896"
"Mandi Burewala","Mandi Burewala","30.1592","72.6817","Pakistan","PK","PAK","Punjab","","203454","1586997587"
"Banjar","Banjar","-7.3695","108.5414","Indonesia","ID","IDN","Jawa Barat","minor","203417","1360289512"
"Acarigua","Acarigua","9.5597","-69.2019","Venezuela","VE","VEN","Portuguesa","minor","203358","1862134462"
"Deoghar","Deoghar","24.4800","86.7000","India","IN","IND","Jhārkhand","","203116","1356054191"
"Tanjungpinang","Tanjungpinang","0.9188","104.4554","Indonesia","ID","IDN","Kepulauan Riau","admin","203008","1360990589"
"Phủ Từ Sơn","Phu Tu Son","21.1189","105.9611","Vietnam","VN","VNM","Bắc Ninh","","202874","1704080874"
"Galveston","Galveston","29.2484","-94.8913","United States","US","USA","Texas","","202810","1840020970"
"Cabo San Lucas","Cabo San Lucas","22.8897","-109.9156","Mexico","MX","MEX","Baja California Sur","","202694","1484694325"
"El Tezal","El Tezal","22.8897","-109.9156","Mexico","MX","MEX","Baja California Sur","","202694","1484747622"
"Chhindwāra","Chhindwara","22.0570","78.9396","India","IN","IND","Madhya Pradesh","","202688","1356167692"
"Almería","Almeria","36.8417","-2.4639","Spain","ES","ESP","Andalusia","minor","202675","1724745640"
"Madiun","Madiun","-7.6300","111.5231","Indonesia","ID","IDN","Jawa Timur","","202544","1360921516"
"Iringa","Iringa","-7.7700","35.6900","Tanzania","TZ","TZA","Iringa","admin","202490","1834453478"
"Mokameh","Mokameh","25.3898","85.9191","India","IN","IND","Bihār","","202411","1356053965"
"McKinney","McKinney","33.2016","-96.6670","United States","US","USA","Texas","","202314","1840020657"
"Turku","Turku","60.4517","22.2669","Finland","FI","FIN","Varsinais-Suomi","admin","202250","1246456609"
"Luxor","Luxor","25.6967","32.6444","Egypt","EG","EGY","Al Uqşur","admin","202232","1818948225"
"Jizzax","Jizzax","40.1158","67.8422","Uzbekistan","UZ","UZB","Jizzax","admin","202200","1860218891"
"Arica","Arica","-18.4784","-70.3212","Chile","CL","CHL","Arica y Parinacota","admin","202131","1152531089"
"Las Tunas","Las Tunas","20.9667","-76.9500","Cuba","CU","CUB","Las Tunas","admin","202105","1192626319"
"Qal‘at Bīshah","Qal`at Bishah","20.0087","42.5987","Saudi Arabia","SA","SAU","‘Asīr","","202096","1682202412"
"Richmond Hill","Richmond Hill","43.8667","-79.4333","Canada","CA","CAN","Ontario","","202022","1124364273"
"Timayy al Imdīd","Timayy al Imdid","30.9438","31.5293","Egypt","EG","EGY","Ad Daqahlīyah","","201956","1818481287"
"Al Khums","Al Khums","32.6497","14.2644","Libya","LY","LBY","Al Marqab","","201943","1434172839"
"Matsue","Matsue","35.4681","133.0486","Japan","JP","JPN","Shimane","admin","201802","1392692238"
"Debrecen","Debrecen","47.5300","21.6392","Hungary","HU","HUN","Hajdú-Bihar","admin","201704","1348460698"
"Tarakan","Tarakan","3.3000","117.6333","Indonesia","ID","IDN","Kalimantan Utara","","201635","1360080072"
"Loures","Loures","38.8309","-9.1684","Portugal","PT","PRT","Lisboa","minor","201632","1620042113"
"Radom","Radom","51.4036","21.1567","Poland","PL","POL","Mazowieckie","minor","201601","1616327727"
"Petropavl","Petropavl","54.8833","69.1667","Kazakhstan","KZ","KAZ","North Kazakhstan","admin","201446","1398252858"
"Rio Claro","Rio Claro","-22.4108","-47.5608","Brazil","BR","BRA","São Paulo","minor","201418","1076411428"
"Maroua","Maroua","10.5971","14.3157","Cameroon","CM","CMR","Extrême-Nord","admin","201371","1120956931"
"Cajamarca","Cajamarca","-7.1575","-78.5175","Peru","PE","PER","Cajamarca","admin","201329","1604091119"
"Comodoro Rivadavia","Comodoro Rivadavia","-45.8647","-67.4808","Argentina","AR","ARG","Chubut","minor","201228","1032042035"
"Huntington","Huntington","38.4109","-82.4345","United States","US","USA","West Virginia","","201208","1840006211"
"Qinā","Qina","26.1667","32.7167","Egypt","EG","EGY","Qinā","admin","201191","1818868450"
"Mai’Adua","Mai'Adua","13.1906","8.2117","Nigeria","NG","NGA","Katsina","minor","201178","1566695464"
"Moshi","Moshi","-3.3349","37.3404","Tanzania","TZ","TZA","Kilimanjaro","admin","201150","1834217168"
"Daşoguz","Dasoguz","41.8333","59.9667","Turkmenistan","TM","TKM","Daşoguz","admin","201142","1795167397"
"Nampa","Nampa","43.5844","-116.5638","United States","US","USA","Idaho","","201129","1840020041"
"Hebron","Hebron","31.5293","35.0938","West Bank","XW","XWB","","","201063","1934166495"
"Puri","Puri","19.8106","85.8314","India","IN","IND","Odisha","","201026","1356558409"
"Şidfā","Sidfa","26.9664","31.3795","Egypt","EG","EGY","Asyūţ","","200977","1818711089"
"Soio","Soio","-6.1333","12.3667","Angola","AO","AGO","Zaire","","200920","1024903782"
"Menemen","Menemen","38.6000","27.0667","Turkey","TR","TUR","İzmir","minor","200904","1792699814"
"Haldia","Haldia","22.0667","88.0698","India","IN","IND","West Bengal","","200827","1356491171"
"Jacobabad","Jacobabad","28.2769","68.4514","Pakistan","PK","PAK","Sindh","minor","200815","1586964444"
"Khandwa","Khandwa","21.8200","76.3500","India","IN","IND","Madhya Pradesh","","200738","1356696980"
"Aberdeen","Aberdeen","57.1500","-2.1100","United Kingdom","GB","GBR","Aberdeen City","","200680","1826324306"
"Huacho","Huacho","-11.1067","-77.6050","Peru","PE","PER","Lima","admin","200585","1604316784"
"Yachiyo","Yachiyo","35.7224","140.0999","Japan","JP","JPN","Chiba","","200538","1392929073"
"Nandyāl","Nandyal","15.4800","78.4800","India","IN","IND","Andhra Pradesh","","200516","1356671879"
"Hickory","Hickory","35.7410","-81.3223","United States","US","USA","North Carolina","","200500","1840014524"
"Morena","Morena","26.5000","78.0000","India","IN","IND","Madhya Pradesh","","200483","1356019851"
"Guatire","Guatire","10.4717","-66.5406","Venezuela","VE","VEN","Miranda","minor","200417","1862199442"
"Guarenas","Guarenas","10.4667","-66.6167","Venezuela","VE","VEN","Miranda","minor","200417","1862083525"
"Nasīm Shahr","Nasim Shahr","35.5617","51.1617","Iran","IR","IRN","Tehrān","","200393","1364571196"
"Bouskoura","Bouskoura","33.4489","-7.6486","Morocco","MA","MAR","Casablanca-Settat","","200359","1504503306"
"Kabankalan","Kabankalan","9.9800","122.8200","Philippines","PH","PHL","Negros Occidental","","200198","1608697923"
"Araçatuba","Aracatuba","-21.2089","-50.4328","Brazil","BR","BRA","São Paulo","minor","200124","1076630308"
"Vĩnh Long","Vinh Long","10.2500","105.9667","Vietnam","VN","VNM","Vĩnh Long","admin","200120","1704262419"
"Lạng Sơn","Lang Son","21.8478","106.7578","Vietnam","VN","VNM","Lạng Sơn","admin","200108","1704004349"
"Río Cuarto","Rio Cuarto","-33.1333","-64.3500","Argentina","AR","ARG","Córdoba","minor","200000","1032552145"
"Lochau","Lochau","47.5167","9.7500","Austria","AT","AUT","Vorarlberg","","200000","1040573398"
"Karjat","Karjat","18.5500","75.0000","India","IN","IND","Mahārāshtra","","200000","1356041311"
"Kasba Patāspur","Kasba Pataspur","22.0216","87.5423","India","IN","IND","West Bengal","","200000","1356817977"
"At Tājī","At Taji","33.5294","44.2775","Iraq","IQ","IRQ","Baghdād","","200000","1368059456"
"Khorramābād","Khorramabad","33.4875","48.3561","Iran","IR","IRN","Lorestān","admin","200000","1364548806"
"Kakuma","Kakuma","3.7167","34.8667","Kenya","KE","KEN","Turkana","","200000","1404320261"
"Az Zāwīyah","Az Zawiyah","32.7522","12.7278","Libya","LY","LBY","Az Zāwiyah","admin","200000","1434421178"
"Isanlu","Isanlu","8.1667","5.8000","Nigeria","NG","NGA","Kogi","minor","200000","1566562770"
"Waterbury","Waterbury","41.5582","-73.0361","United States","US","USA","Connecticut","","199965","1840004851"
"Mérida","Merida","8.4800","-71.1900","Venezuela","VE","VEN","Mérida","admin","199878","1862668122"
"Lahad Datu","Lahad Datu","5.0464","118.3360","Malaysia","MY","MYS","Sabah","","199830","1458472057"
"Concordia","Concordia","-31.4000","-58.0333","Argentina","AR","ARG","Entre Ríos","minor","199634","1032923957"
"Drabar","Drabar","33.4300","75.0900","India","IN","IND","Jammu and Kashmīr","","199429","1356426484"
"Sunrise Manor","Sunrise Manor","36.1783","-115.0487","United States","US","USA","Nevada","","199099","1840033833"
"Pristina","Pristina","42.6666","21.1724","Kosovo","XK","XKS","Prishtinë","primary","198897","1901760068"
"Uripa","Uripa","11.9167","-72.0000","Colombia","CO","COL","La Guajira","","198890","1170417561"
"Khowy","Khowy","38.5464","44.9542","Iran","IR","IRN","Āz̄arbāyjān-e Gharbī","minor","198845","1364186788"
"Gbadolite","Gbadolite","4.2833","21.0167","Congo (Kinshasa)","CD","COD","Nord-Ubangi","admin","198839","1180674224"
"Laqţah","Laqtah","25.4175","51.5075","Qatar","QA","QAT","Ash Shīḩānīyah","","198600","1634292106"
"Grand Prairie","Grand Prairie","32.6871","-97.0208","United States","US","USA","Texas","","198564","1840020709"
"Apopa","Apopa","13.8000","-89.1833","El Salvador","SV","SLV","San Salvador","","198528","1222101845"
"Amroha","Amroha","28.9044","78.4675","India","IN","IND","Uttar Pradesh","","198471","1356146062"
"Lunga-Lunga","Lunga-Lunga","-4.5500","39.1200","Kenya","KE","KEN","Kwale","","198423","1404110872"
"Trieste","Trieste","45.6503","13.7703","Italy","IT","ITA","Friuli Venezia Giulia","admin","198417","1380102581"
"Toruń","Torun","53.0222","18.6111","Poland","PL","POL","Kujawsko-Pomorskie","admin","198273","1616267221"
"Martapura","Martapura","-3.4500","114.8333","Indonesia","ID","IDN","Kalimantan Selatan","minor","198239","1360139854"
"Rānī","Rani","9.3667","76.7667","India","IN","IND","Kerala","","198194","1356296209"
"Kankan","Kankan","10.3833","-9.3000","Guinea","GN","GIN","Kankan","admin","198013","1324495325"
"Chakradharpur","Chakradharpur","22.7000","85.6300","India","IN","IND","Jhārkhand","","197953","1356082013"
"Ocala","Ocala","29.1780","-82.1511","United States","US","USA","Florida","","197770","1840015067"
"Segamat","Segamat","2.5148","102.8158","Malaysia","MY","MYS","Johor","","197762","1458022258"
"Bhiwāni","Bhiwani","28.7800","76.1300","India","IN","IND","Haryāna","","197662","1356780092"
"Waco","Waco","31.5599","-97.1882","United States","US","USA","Texas","","197594","1840022140"
"Bhind","Bhind","26.5647","78.7864","India","IN","IND","Madhya Pradesh","","197585","1356023125"
"Hobart","Hobart","-42.8806","147.3250","Australia","AU","AUS","Tasmania","admin","197451","1036679838"
"Baure","Baure","12.7833","8.7667","Nigeria","NG","NGA","Katsina","minor","197425","1566183701"
"Higashi-Hiroshima","Higashi-Hiroshima","34.4264","132.7433","Japan","JP","JPN","Hiroshima","","197347","1392464732"
"La Ceiba","La Ceiba","15.7833","-86.7918","Honduras","HN","HND","Atlántida","admin","197267","1340870189"
"Ciudad Madero","Ciudad Madero","22.2475","-97.8375","Mexico","MX","MEX","Tamaulipas","minor","197216","1484185237"
"Itami","Itami","34.7833","135.4000","Japan","JP","JPN","Hyōgo","","197215","1392384479"
"Overland Park","Overland Park","38.8870","-94.6870","United States","US","USA","Kansas","","197199","1840003834"
"Sawangan","Sawangan","-6.4086","106.7647","Indonesia","ID","IDN","Jawa Barat","","197170","1360017411"
"Bamiantong","Bamiantong","44.9167","130.5167","China","CN","CHN","Heilongjiang","minor","197065","1156971194"
"Zākhū","Zakhu","37.1436","42.6819","Iraq","IQ","IRQ","Dahūk","minor","197000","1368905231"
"Kodaira","Kodaira","35.7285","139.4774","Japan","JP","JPN","Tōkyō","","196959","1392003213"
"Rajin","Rajin","42.3444","130.3844","Korea, North","KP","PRK","Rasŏn","admin","196954","1408449973"
"Alcalá de Henares","Alcala de Henares","40.4667","-3.3667","Spain","ES","ESP","Madrid","","196888","1724663253"
"Parma","Parma","44.8015","10.3280","Italy","IT","ITA","Emilia-Romagna","minor","196764","1380655938"
"Frederick","Frederick","39.4337","-77.4141","United States","US","USA","Maryland","","196743","1840005710"
"Huánuco","Huanuco","-9.9295","-76.2397","Peru","PE","PER","Huánuco","admin","196627","1604589102"
"San Lorenzo","San Lorenzo","-32.7500","-60.7333","Argentina","AR","ARG","Santa Fe","","196568","1032944740"
"Kusŏng","Kusong","39.9667","125.1667","Korea, North","KP","PRK","P’yŏngbuk","","196515","1408227006"
"Brescia","Brescia","45.5389","10.2203","Italy","IT","ITA","Lombardy","minor","196446","1380432555"
"Zipaquirá","Zipaquira","5.0333","-74.0000","Colombia","CO","COL","Cundinamarca","minor","196409","1170798590"
"Khammam","Khammam","17.2473","80.1514","India","IN","IND","Andhra Pradesh","","196283","1356007170"
"Madhyamgram","Madhyamgram","22.7000","88.4500","India","IN","IND","West Bengal","","196127","1356501701"
"Huntington Beach","Huntington Beach","33.6960","-118.0018","United States","US","USA","California","","196010","1840020578"
"Kajo Kaji","Kajo Kaji","3.8863","31.6670","South Sudan","SS","SSD","Central Equatoria","","196000","1728764691"
"Kouribga","Kouribga","32.8833","-6.9167","Morocco","MA","MAR","Béni Mellal-Khénifra","","195931","1504325928"
"Ghāndīnagar","Ghandinagar","23.2231","72.6500","India","IN","IND","Gujarāt","admin","195891","1356140914"
"Rzeszów","Rzeszow","50.0333","22.0000","Poland","PL","POL","Podkarpackie","admin","195871","1616879570"
"Prato","Prato","43.8808","11.0966","Italy","IT","ITA","Tuscany","minor","195736","1380751753"
"Myawadi","Myawadi","16.6878","98.5083","Burma","MM","MMR","Kayin State","","195624","1104432237"
"Mwene-Ditu","Mwene-Ditu","-7.0000","23.4500","Congo (Kinshasa)","CD","COD","Lomami","","195622","1180134137"
"Dongning","Dongning","44.1167","130.8167","China","CN","CHN","Heilongjiang","minor","195489","1156856366"
"Koronadal","Koronadal","6.5000","124.8500","Philippines","PH","PHL","South Cotabato","","195398","1608000651"
"La Serena","La Serena","-29.9000","-71.2500","Chile","CL","CHL","Coquimbo","admin","195382","1152155065"
"Maharagama","Maharagama","6.8480","79.9265","Sri Lanka","LK","LKA","Western","","195355","1144551969"
"San Pedro de Macorís","San Pedro de Macoris","18.4572","-69.3061","Dominican Republic","DO","DOM","Higuamo","admin","195307","1214233006"
"Liège","Liege","50.6397","5.5706","Belgium","BE","BEL","Wallonia","minor","195278","1056513284"
"Suzuka","Suzuka","34.8820","136.5842","Japan","JP","JPN","Mie","","195250","1392913924"
"Beichengqu","Beichengqu","40.4370","113.1100","China","CN","CHN","Inner Mongolia","minor","195229","1156401666"
"Coro","Coro","11.4170","-69.6700","Venezuela","VE","VEN","Falcón","admin","195227","1862429150"
"Baharampur","Baharampur","24.1000","88.2500","India","IN","IND","West Bengal","","195223","1356612685"
"Tchitato","Tchitato","-7.3667","20.8333","Angola","AO","AGO","Lunda-Norte","","195136","1024883433"
"Malema","Malema","-14.9486","37.4144","Mozambique","MZ","MOZ","Nampula","","195077","1508782895"
"Mbarara","Mbarara","-0.6133","30.6583","Uganda","UG","UGA","Mbarara","admin","195013","1800554483"
"Santa Barbara","Santa Barbara","34.4285","-119.7202","United States","US","USA","California","","194950","1840021829"
"Morbi","Morbi","22.8200","70.8300","India","IN","IND","Gujarāt","","194947","1356746232"
"Cuautla","Cuautla","18.8167","-98.9500","Mexico","MX","MEX","Morelos","minor","194786","1484359683"
"Guanajuato","Guanajuato","21.0178","-101.2567","Mexico","MX","MEX","Guanajuato","admin","194500","1484185068"
"Tébessa","Tebessa","35.4000","8.1167","Algeria","DZ","DZA","Tébessa","admin","194461","1012196375"
"Kamirenjaku","Kamirenjaku","35.6836","139.5595","Japan","JP","JPN","Tōkyō","","194460","1392889022"
"Mohammedia","Mohammedia","33.6833","-7.3833","Morocco","MA","MAR","Casablanca-Settat","","194358","1504542634"
"Peoria","Peoria","33.7843","-112.2989","United States","US","USA","Arizona","","194338","1840020567"
"Holon","Holon","32.0167","34.7667","Israel","IL","ISR","Tel Aviv","","194300","1376222772"
"Düzce","Duzce","40.8417","31.1583","Turkey","TR","TUR","Düzce","admin","194097","1792999306"
"Leganés","Leganes","40.3281","-3.7644","Spain","ES","ESP","Madrid","","194084","1724900225"
"Peterborough","Peterborough","52.5661","-0.2364","United Kingdom","GB","GBR","Peterborough","","194000","1826626144"
"Tanauan","Tanauan","14.0800","121.1500","Philippines","PH","PHL","Batangas","","193936","1608053818"
"Sūhāj","Suhaj","26.5606","31.6917","Egypt","EG","EGY","Sūhāj","admin","193931","1818460403"
"Bené Beraq","Bene Beraq","32.0807","34.8338","Israel","IL","ISR","Tel Aviv","","193774","1376944837"
"Sosnowiec","Sosnowiec","50.2833","19.1333","Poland","PL","POL","Śląskie","minor","193660","1616057255"
"Pingtung","Pingtung","22.6761","120.4942","Taiwan","TW","TWN","Pingtung","admin","193563","1158209038"
"Cholula de Rivadabia","Cholula de Rivadabia","19.0633","-98.3064","Mexico","MX","MEX","Puebla","","193554","1484237822"
"São Leopoldo","Sao Leopoldo","-29.7600","-51.1469","Brazil","BR","BRA","Rio Grande do Sul","minor","193547","1076834293"
"Būkān","Bukan","36.5150","46.2075","Iran","IR","IRN","Āz̄arbāyjān-e Gharbī","minor","193501","1364530447"
"Kökshetaū","Kokshetau","53.2833","69.3833","Kazakhstan","KZ","KAZ","Aqmola","admin","193492","1398375387"
"Anseong","Anseong","37.0078","127.2797","Korea, South","KR","KOR","Gyeonggi","","193220","1410960903"
"Fatehpur","Fatehpur","25.9300","80.8000","India","IN","IND","Uttar Pradesh","","193193","1356059135"
"Kumagaya","Kumagaya","36.1474","139.3886","Japan","JP","JPN","Saitama","","193190","1392500750"
"Krasnogorsk","Krasnogorsk","55.8217","37.3386","Russia","RU","RUS","Moskovskaya Oblast’","minor","193127","1643674336"
"Banī Suwayf","Bani Suwayf","29.0667","31.0833","Egypt","EG","EGY","Banī Suwayf","admin","193048","1818902849"
"Quelimane","Quelimane","-17.8764","36.8872","Mozambique","MZ","MOZ","Zambézia","admin","192876","1508396687"
"Cedar Rapids","Cedar Rapids","41.9662","-91.6783","United States","US","USA","Iowa","","192755","1840000471"
"Vancouver","Vancouver","45.6366","-122.5967","United States","US","USA","Washington","","192696","1840021189"
"Hyesan","Hyesan","41.4000","128.1833","Korea, North","KP","PRK","Ryanggang","admin","192680","1408642146"
"Jalapa","Jalapa","14.6333","-89.9833","Guatemala","GT","GTM","Jalapa","admin","192676","1320108089"
"Kaesŏng","Kaesong","37.9667","126.5500","Korea, North","KP","PRK","Kaesŏng","admin","192578","1408725697"
"Nossa Senhora do Socorro","Nossa Senhora do Socorro","-10.8550","-37.1258","Brazil","BR","BRA","Sergipe","minor","192330","1076881156"
"Glendale","Glendale","34.1819","-118.2468","United States","US","USA","California","","192270","1840020483"
"Croydon","Croydon","51.3727","-0.1099","United Kingdom","GB","GBR","Croydon","","192064","1826126675"
"Rio Grande","Rio Grande","-32.0350","-52.0989","Brazil","BR","BRA","Rio Grande do Sul","minor","191900","1076567920"
"Gorontalo","Gorontalo","0.5422","123.0614","Indonesia","ID","IDN","Gorontalo","admin","191897","1360408580"
"Florencia","Florencia","1.6139","-75.6128","Colombia","CO","COL","Caquetá","admin","191867","1170606634"
"Fianarantsoa","Fianarantsoa","-21.4333","47.0833","Madagascar","MG","MDG","Fianarantsoa","admin","191776","1450070223"
"Tsing Yi Town","Tsing Yi Town","22.3456","114.1000","Hong Kong","HK","HKG","","","191500","1344057832"
"Yamaguchi","Yamaguchi","34.1781","131.4739","Japan","JP","JPN","Yamaguchi","admin","191470","1392887215"
"Iwo","Iwo","7.6333","4.1833","Nigeria","NG","NGA","Osun","minor","191377","1566462707"
"Rāe Bareli","Rae Bareli","26.2236","81.2403","India","IN","IND","Uttar Pradesh","","191316","1356437243"
"Angren","Angren","41.0167","70.1436","Uzbekistan","UZ","UZB","Toshkent","","191300","1860045958"
"Godoy Cruz","Godoy Cruz","-32.9167","-68.8333","Argentina","AR","ARG","Mendoza","minor","191299","1032263200"
"Ciudad del Carmen","Ciudad del Carmen","18.6333","-91.8333","Mexico","MX","MEX","Campeche","minor","191238","1484192447"
"Bago","Bago","10.5388","122.8384","Philippines","PH","PHL","Negros Occidental","","191210","1608943172"
"Valera","Valera","9.3200","-70.6200","Venezuela","VE","VEN","Trujillo","minor","191167","1862735261"
"Ouargla","Ouargla","31.9500","5.3167","Algeria","DZ","DZA","Ouargla","admin","191136","1012425687"
"Manzanillo","Manzanillo","19.0522","-104.3158","Mexico","MX","MEX","Colima","minor","191031","1484223913"
"Fuenlabrada","Fuenlabrada","40.2833","-3.8000","Spain","ES","ESP","Madrid","","190790","1724000348"
"Malaybalay","Malaybalay","8.1564","125.1333","Philippines","PH","PHL","Bukidnon","admin","190712","1608859265"
"Isidro Casanova","Isidro Casanova","-34.7000","-58.5833","Argentina","AR","ARG","Buenos Aires","","190696","1032715964"
"Chibia","Chibia","-15.1833","13.7000","Angola","AO","AGO","Huíla","","190670","1024017930"
"Hino","Hino","35.6713","139.3951","Japan","JP","JPN","Tōkyō","","190598","1392686410"
"Orai","Orai","25.9800","79.4700","India","IN","IND","Uttar Pradesh","","190575","1356928689"
"Hagen","Hagen","51.3667","7.4833","Germany","DE","DEU","North Rhine-Westphalia","minor","190490","1276389303"
"Shahr-e Kord","Shahr-e Kord","32.3322","50.8564","Iran","IR","IRN","Chahār Maḩāl va Bakhtīārī","admin","190441","1364643377"
"Jhelum","Jhelum","32.9425","73.7256","Pakistan","PK","PAK","Punjab","minor","190425","1586164490"
"Ingabu","Ingabu","17.8167","95.2667","Burma","MM","MMR","Ayeyarwady","","190412","1104461128"
"Mahbūbnagar","Mahbubnagar","16.7488","78.0035","India","IN","IND","Andhra Pradesh","","190400","1356014528"
"Pābna","Pabna","24.0004","89.2500","Bangladesh","BD","BGD","Rājshāhi","","190317","1050424286"
"Pak Kret","Pak Kret","13.9125","100.4978","Thailand","TH","THA","Nonthaburi","minor","190272","1764165203"
"Cẩm Phả","Cam Pha","21.0167","107.3167","Vietnam","VN","VNM","Quảng Ninh","minor","190232","1704985016"
"Batu","Batu","-7.8720","112.5250","Indonesia","ID","IDN","Jawa Timur","","190184","1360427259"
"Taihe","Taihe","23.7413","113.0076","China","CN","CHN","Guangdong","minor","189938","1156434343"
"Getafe","Getafe","40.3047","-3.7311","Spain","ES","ESP","Madrid","","189906","1724750196"
"Saddiqabad","Saddiqabad","28.3006","70.1302","Pakistan","PK","PAK","Punjab","","189876","1586378758"
"Ngaoundéré","Ngaoundere","7.3167","13.5833","Cameroon","CM","CMR","Adamaoua","admin","189800","1120011020"
"Gastonia","Gastonia","35.2494","-81.1854","United States","US","USA","North Carolina","","189767","1840013468"
"Chŏngju","Chongju","39.6500","125.3333","Korea, North","KP","PRK","P’yŏngbuk","","189742","1408650871"
"Poza Rica de Hidalgo","Poza Rica de Hidalgo","20.5333","-97.4500","Mexico","MX","MEX","Veracruz","minor","189457","1484808798"
"Pskov","Pskov","57.8167","28.3333","Russia","RU","RUS","Pskovskaya Oblast’","admin","189315","1643877414"
"Murtazābād","Murtazabad","28.7111","77.2688","India","IN","IND","Uttar Pradesh","","189117","1356121128"
"Donostia","Donostia","43.3214","-1.9856","Spain","ES","ESP","Basque Country","minor","189093","1724910555"
"Las Heras","Las Heras","-32.8500","-68.8167","Argentina","AR","ARG","Mendoza","minor","189067","1032781204"
"Odawara","Odawara","35.2500","139.1500","Japan","JP","JPN","Kanagawa","","189038","1392003516"
"Abū Ghurayb","Abu Ghurayb","33.3056","44.1848","Iraq","IQ","IRQ","Baghdād","minor","189000","1368635737"
"Sokodé","Sokode","8.9833","1.1333","Togo","TG","TGO","Centrale","admin","189000","1768875145"
"Anjōmachi","Anjomachi","34.9587","137.0803","Japan","JP","JPN","Aichi","","188801","1392081830"
"Spring Hill","Spring Hill","28.4798","-82.5300","United States","US","USA","Florida","","188743","1840014105"
"Pinar del Río","Pinar del Rio","22.4122","-83.6719","Cuba","CU","CUB","Pinar del Río","admin","188614","1192216820"
"Kenema","Kenema","7.8833","-11.1833","Sierra Leone","SL","SLE","Eastern","admin","188463","1694780903"
"Balkanabat","Balkanabat","39.5167","54.3667","Turkmenistan","TM","TKM","Balkan","admin","188429","1795885709"
"Digos","Digos","6.7500","125.3500","Philippines","PH","PHL","Davao del Sur","admin","188376","1608635653"
"El Progreso","El Progreso","15.4009","-87.8120","Honduras","HN","HND","Yoro","","188366","1340231948"
"Bhuj","Bhuj","23.2500","69.6700","India","IN","IND","Gujarāt","","188236","1356806356"
"Al Ḩasakah","Al Hasakah","36.4833","40.7500","Syria","SY","SYR","Al Ḩasakah","admin","188160","1760476337"
"San Francisco de Macorís","San Francisco de Macoris","19.3000","-70.2500","Dominican Republic","DO","DOM","Cibao Nordeste","admin","188118","1214710545"
"Taranto","Taranto","40.4711","17.2431","Italy","IT","ITA","Puglia","minor","188098","1380707445"
"Prabumulih","Prabumulih","-3.4328","104.2356","Indonesia","ID","IDN","Sumatera Selatan","minor","188082","1360148993"
"Kishiwada","Kishiwada","34.4667","135.3667","Japan","JP","JPN","Ōsaka","","188015","1392003372"
"Iquique","Iquique","-20.2167","-70.1500","Chile","CL","CHL","Tarapacá","admin","188003","1152234625"
"Desē","Dese","11.1333","39.6333","Ethiopia","ET","ETH","Āmara","","187900","1231359719"
"Gharyān","Gharyan","32.1697","13.0167","Libya","LY","LBY","Al Jabal al Gharbī","admin","187854","1434507846"
"Numazu","Numazu","35.0956","138.8634","Japan","JP","JPN","Shizuoka","","187653","1392003112"
"Murfreesboro","Murfreesboro","35.8490","-86.4121","United States","US","USA","Tennessee","","187601","1840014495"
"Ratanpur","Ratanpur","23.0851","72.5716","India","IN","IND","Gujarāt","","187573","1356312913"
"Orsk","Orsk","51.2000","58.5667","Russia","RU","RUS","Orenburgskaya Oblast’","minor","187517","1643003114"
"Bournemouth","Bournemouth","50.7200","-1.8800","United Kingdom","GB","GBR","Bournemouth, Christchurch and Poole","","187503","1826769743"
"Bhusāval","Bhusaval","21.0500","75.7700","India","IN","IND","Mahārāshtra","","187421","1356338789"
"Tottori","Tottori","35.5000","134.2333","Japan","JP","JPN","Tottori","","187323","1392416969"
"Jōetsu","Joetsu","37.1479","138.2361","Japan","JP","JPN","Niigata","","187291","1392040772"
"San Diego","San Diego","10.2540","-68.0109","Venezuela","VE","VEN","Carabobo","minor","187215","1862530883"
"Kōfu","Kofu","35.6621","138.5682","Japan","JP","JPN","Yamanashi","admin","187144","1392307565"
"Ucu Seles","Ucu Seles","-11.4047","14.3006","Angola","AO","AGO","Cuanza-Sul","","187127","1024868244"
"Potsdam","Potsdam","52.4006","13.0592","Germany","DE","DEU","Brandenburg","admin","187119","1276395100"
"Calbayog City","Calbayog City","12.0700","124.6000","Philippines","PH","PHL","Samar","","186960","1608088739"
"Kırıkkale","Kirikkale","39.8417","33.5139","Turkey","TR","TUR","Kırıkkale","admin","186960","1792859558"
"Burlington","Burlington","43.3167","-79.8000","Canada","CA","CAN","Ontario","","186948","1124955083"
"Kielce","Kielce","50.8742","20.6333","Poland","PL","POL","Świętokrzyskie","admin","186894","1616176351"
"Itabuna","Itabuna","-14.7858","-39.2800","Brazil","BR","BRA","Bahia","minor","186708","1076003792"
"Klerksdorp","Klerksdorp","-26.8667","26.6667","South Africa","ZA","ZAF","North West","","186515","1710416691"
"Tekirdağ","Tekirdag","40.9778","27.5153","Turkey","TR","TUR","Tekirdağ","admin","186421","1792519395"
"Tempe","Tempe","33.3881","-111.9319","United States","US","USA","Arizona","","186419","1840021942"
"Pasuruan","Pasuruan","-7.6406","112.9065","Indonesia","ID","IDN","Jawa Timur","","186262","1360084806"
"Bahraigh","Bahraigh","27.5750","81.5940","India","IN","IND","Uttar Pradesh","","186223","1356833304"
"Paradise","Paradise","36.0872","-115.1355","United States","US","USA","Nevada","","186178","1840033743"
"Ed Damazin","Ed Damazin","11.7704","34.3500","Sudan","SD","SDN","Blue Nile","admin","186051","1729684147"
"Basildon","Basildon","51.5800","0.4900","United Kingdom","GB","GBR","Essex","","185900","1826481004"
"Plzeň","Plzen","49.7475","13.3775","Czechia","CZ","CZE","Plzeňský Kraj","admin","185599","1203402469"
"St. John's","St. John's","47.4817","-52.7971","Canada","CA","CAN","Newfoundland and Labrador","admin","185565","1124741456"
"Umreth","Umreth","22.6986","73.1156","India","IN","IND","Gujarāt","","185320","1356307988"
"Dunhuang","Dunhuang","40.1411","94.6639","China","CN","CHN","Gansu","","185231","1156068377"
"Semnān","Semnan","35.5811","53.3833","Iran","IR","IRN","Semnān","admin","185129","1364417512"
"Narsingdi","Narsingdi","23.9000","90.7167","Bangladesh","BD","BGD","Dhaka","","185128","1050904616"
"Temirtaū","Temirtau","50.0500","72.9500","Kazakhstan","KZ","KAZ","Qaraghandy","minor","185082","1398081646"
"Banja Luka","Banja Luka","44.7725","17.1925","Bosnia and Herzegovina","BA","BIH","Srpska, Republika","admin","185042","1070859064"
"Ittikara","Ittikara","8.8633","76.6972","India","IN","IND","Kerala","","185008","1356161481"
