"Düren","Duren","50.8000","6.4833","Germany","DE","DEU","North Rhine-Westphalia","minor","93323","1276181957"
"Mijas","Mijas","36.6000","-4.6333","Spain","ES","ESP","Andalusia","","93302","1724011980"
"Wangjia","Wangjia","30.5939","120.7795","China","CN","CHN","Zhejiang","","93291","1156453694"
"Yashio","Yashio","35.8225","139.8392","Japan","JP","JPN","Saitama","","93283","1392563124"
"Jinbi","Jinbi","25.7086","101.3368","China","CN","CHN","Yunnan","minor","93281","1156482594"
"Yotsukaidō","Yotsukaido","35.6698","140.1679","Japan","JP","JPN","Chiba","","93233","1392512633"
"Chilliwack","Chilliwack","49.1577","-121.9509","Canada","CA","CAN","British Columbia","","93203","1124531262"
"Serov","Serov","59.6000","60.5667","Russia","RU","RUS","Sverdlovskaya Oblast’","minor","93192","1643278883"
"Santa Cruz Xoxocotlán","Santa Cruz Xoxocotlan","17.0264","-96.7333","Mexico","MX","MEX","Oaxaca","","93188","1484706021"
"Lemery","Lemery","13.8810","120.9127","Philippines","PH","PHL","Batangas","","93186","1608128712"
"Indanan","Indanan","6.0000","120.9700","Philippines","PH","PHL","Sulu","","93168","1608021703"
"La Crosse","La Crosse","43.8241","-91.2268","United States","US","USA","Wisconsin","","93163","1840002577"
"Râmnicu Vâlcea","Ramnicu Valcea","45.1047","24.3756","Romania","RO","ROU","Vâlcea","admin","93151","1642348361"
"Fenggang","Fenggang","23.6283","116.5718","China","CN","CHN","Guangdong","","93148","1156163523"
"Galle","Galle","6.0328","80.2156","Sri Lanka","LK","LKA","Southern","admin","93118","1144191486"
"Dod Ballāpur","Dod Ballapur","13.2920","77.5430","India","IN","IND","Karnātaka","","93105","1356716579"
"Itajubá","Itajuba","-22.4258","-45.4528","Brazil","BR","BRA","Minas Gerais","minor","93073","1076423300"
"Darlington","Darlington","54.5270","-1.5526","United Kingdom","GB","GBR","Darlington","","93015","1826453946"
"Ciudad General Belgrano","Ciudad General Belgrano","-34.7167","-58.5333","Argentina","AR","ARG","Buenos Aires","","92957","1032336348"
"Rafaela","Rafaela","-31.2667","-61.4833","Argentina","AR","ARG","Santa Fe","minor","92945","1032181625"
"Missoula","Missoula","46.8751","-114.0214","United States","US","USA","Montana","","92942","1840019840"
"Wukari","Wukari","7.8704","9.7800","Nigeria","NG","NGA","Taraba","minor","92933","1566025302"
"Guaíba","Guaiba","-30.1139","-51.3250","Brazil","BR","BRA","Rio Grande do Sul","minor","92924","1076594929"
"Barra do Piraí","Barra do Pirai","-22.4700","-43.8258","Brazil","BR","BRA","Rio de Janeiro","minor","92883","1076997923"
"Créteil","Creteil","48.7911","2.4628","France","FR","FRA","Île-de-France","minor","92859","1250710438"
"Palimbang","Palimbang","6.2200","124.2000","Philippines","PH","PHL","Sultan Kudarat","","92828","1608177821"
"Nisshin","Nisshin","35.1320","137.0394","Japan","JP","JPN","Aichi","","92823","1392999336"
"Boundiali","Boundiali","9.5167","-6.4833","Côte d’Ivoire","CI","CIV","Savanes","minor","92792","1384246050"
"La Reina","La Reina","-33.4500","-70.5500","Chile","CL","CHL","Región Metropolitana","","92787","1152154801"
"Wimbledon","Wimbledon","51.4220","-0.2080","United Kingdom","GB","GBR","Merton","","92765","1826386301"
"Ketapang","Ketapang","-1.8500","109.9833","Indonesia","ID","IDN","Kalimantan Barat","minor","92755","1360864937"
"O'Fallon","O'Fallon","38.7850","-90.7175","United States","US","USA","Missouri","","92697","1840008571"
"Kadugli","Kadugli","11.0100","29.7000","Sudan","SD","SDN","South Kordofan","admin","92674","1729757472"
"Flensburg","Flensburg","54.7819","9.4367","Germany","DE","DEU","Schleswig-Holstein","minor","92667","1276853315"
"Mount Pleasant","Mount Pleasant","32.8537","-79.8203","United States","US","USA","South Carolina","","92662","1840017286"
"Yozgat","Yozgat","39.8208","34.8083","Turkey","TR","TUR","Yozgat","admin","92643","1792862455"
"Akot","Akot","21.1000","77.0600","India","IN","IND","Mahārāshtra","","92637","1356644864"
"Tamanrasset","Tamanrasset","22.7889","5.5256","Algeria","DZ","DZA","Tamanrasset","admin","92635","1012765474"
"Helmond","Helmond","51.4797","5.6556","Netherlands","NL","NLD","Noord-Brabant","minor","92627","1528158256"
"Rongwo","Rongwo","35.5161","102.0183","China","CN","CHN","Qinghai","minor","92601","1156068157"
"Sablayan","Sablayan","12.8428","120.7750","Philippines","PH","PHL","Occidental Mindoro","","92598","1608764789"
"Naju","Naju","35.0333","126.7167","Korea, South","KR","KOR","Jeonnam","minor","92582","1410651571"
"Roswell","Roswell","34.0391","-84.3513","United States","US","USA","Georgia","","92577","1840014741"
"Oss","Oss","51.7667","5.5167","Netherlands","NL","NLD","Noord-Brabant","minor","92526","1528488100"
"Barletta","Barletta","41.3167","16.2833","Italy","IT","ITA","Puglia","minor","92427","1380940717"
"Bedford","Bedford","52.1350","-0.4700","United Kingdom","GB","GBR","Bedford","","92407","1826771105"
"Iserlohn","Iserlohn","51.3833","7.6667","Germany","DE","DEU","North Rhine-Westphalia","","92404","1276837267"
"Hoover","Hoover","33.3763","-86.8068","United States","US","USA","Alabama","","92401","1840014795"
"Pardubice","Pardubice","50.0386","15.7792","Czechia","CZ","CZE","Pardubický Kraj","admin","92362","1203857442"
"Tatakan","Tatakan","-6.1116","106.1036","Indonesia","ID","IDN","Banten","","92361","1360853285"
"Kitakami","Kitakami","39.2867","141.1132","Japan","JP","JPN","Iwate","","92348","1392905802"
"Florence","Florence","34.1780","-79.7898","United States","US","USA","South Carolina","","92315","1840013643"
"Kalamariá","Kalamaria","40.5833","22.9500","Greece","GR","GRC","Kentrikí Makedonía","minor","92248","1300268108"
"Leninsk-Kuznetskiy","Leninsk-Kuznetskiy","54.6575","86.1617","Russia","RU","RUS","Kemerovskaya Oblast’","","92244","1643591516"
"Serra Talhada","Serra Talhada","-7.9858","-38.2958","Brazil","BR","BRA","Pernambuco","minor","92228","1076913729"
"Contai","Contai","21.7800","87.7500","India","IN","IND","West Bengal","","92226","1356643000"
"Santa Barbara","Santa Barbara","16.0031","120.4008","Philippines","PH","PHL","Pangasinan","","92187","1608539009"
"Ōbu","Obu","35.0117","136.9637","Japan","JP","JPN","Aichi","","92179","1392870664"
"Teziutlan","Teziutlan","19.8178","-97.3667","Mexico","MX","MEX","Puebla","","92170","1484709570"
"Coatepec","Coatepec","19.4522","-96.9614","Mexico","MX","MEX","Veracruz","minor","92127","1484934939"
"La Spezia","La Spezia","44.1080","9.8289","Italy","IT","ITA","Liguria","minor","92119","1380143500"
"Kot Kapūra","Kot Kapura","30.5833","74.9000","India","IN","IND","Punjab","","91979","1356007164"
"Wuji","Wuji","38.1790","114.9763","China","CN","CHN","Hebei","minor","91952","1156589821"
"Netrakona","Netrakona","24.8835","90.7290","Bangladesh","BD","BGD","Mymensingh","","91936","1050803025"
"Williamsburg","Williamsburg","37.2693","-76.7076","United States","US","USA","Virginia","","91935","1840001720"
"Sa’ada","Sa'ada","31.6210","-8.1303","Morocco","MA","MAR","Marrakech-Safi","","91903","1504926324"
"Hove","Hove","50.8352","-0.1758","United Kingdom","GB","GBR","Brighton and Hove","","91900","1826419818"
"Cruzeiro do Sul","Cruzeiro do Sul","-7.6308","-72.6700","Brazil","BR","BRA","Acre","minor","91888","1076881427"
"Satsumasendai","Satsumasendai","31.8133","130.3039","Japan","JP","JPN","Kagoshima","","91875","1392003234"
"Shabqadar","Shabqadar","34.2054","71.5833","Pakistan","PK","PAK","Khyber Pakhtunkhwa","","91851","1586537331"
"Pato Branco","Pato Branco","-26.2289","-52.6708","Brazil","BR","BRA","Paraná","minor","91836","1076958036"
"South Gate","South Gate","33.9447","-118.1926","United States","US","USA","California","","91836","1840021870"
"Higashi-Matsuyama","Higashi-Matsuyama","36.0422","139.3999","Japan","JP","JPN","Saitama","","91818","1392365792"
"Hamilton","Hamilton","40.2046","-74.6765","United States","US","USA","New Jersey","","91802","1840056346"
"Kakamega","Kakamega","0.2833","34.7500","Kenya","KE","KEN","Kakamega","admin","91778","1404614327"
"Chino","Chino","33.9836","-117.6654","United States","US","USA","California","","91775","1840019114"
"Avignon","Avignon","43.9500","4.8075","France","FR","FRA","Provence-Alpes-Côte d’Azur","minor","91760","1250645342"
"Türkmenbaşy","Turkmenbasy","40.0167","52.9667","Turkmenistan","TM","TKM","Balkan","","91745","1795987646"
"Raub","Raub","3.7927","101.8423","Malaysia","MY","MYS","Pahang","","91731","1458881822"
"Fort Myers","Fort Myers","26.6194","-81.8302","United States","US","USA","Florida","","91730","1840014226"
"Gatchina","Gatchina","59.5833","30.1333","Russia","RU","RUS","Leningradskaya Oblast’","admin","91719","1643318154"
"Ţurayf","Turayf","31.6775","38.6531","Saudi Arabia","SA","SAU","Al Ḩudūd ash Shamālīyah","","91713","1682455207"
"Southport","Southport","53.6475","-3.0053","United Kingdom","GB","GBR","Sefton","","91703","1826271387"
"Ouidah","Ouidah","6.3667","2.0833","Benin","BJ","BEN","Atlantique","admin","91688","1204541753"
"Goalundo Ghāt","Goalundo Ghat","23.7241","89.7650","Bangladesh","BD","BGD","Dhaka","","91675","1050260023"
"Sinendé","Sinende","10.3447","2.3792","Benin","BJ","BEN","Borgou","","91672","1204182311"
"Linquan","Linquan","37.9513","110.9877","China","CN","CHN","Shanxi","minor","91670","1156332414"
"Phú Thọ","Phu Tho","21.4003","105.2225","Vietnam","VN","VNM","Phú Thọ","minor","91650","1704657729"
"Kirkland","Kirkland","47.6970","-122.2057","United States","US","USA","Washington","","91614","1840019836"
"Niono","Niono","14.2500","-6.0000","Mali","ML","MLI","Ségou","minor","91554","1466927773"
"Grahamstown","Grahamstown","-33.2996","26.5200","South Africa","ZA","ZAF","Eastern Cape","","91548","1710671857"
"Myingyan","Myingyan","21.4600","95.3883","Burma","MM","MMR","Mandalay","","91542","1104162015"
"Santa Monica","Santa Monica","34.0235","-118.4810","United States","US","USA","California","","91535","1840021866"
"Brossard","Brossard","45.4667","-73.4500","Canada","CA","CAN","Quebec","","91525","1124655166"
"Satu Mare","Satu Mare","47.7900","22.8900","Romania","RO","ROU","Satu Mare","admin","91520","1642046798"
"Pīrānshahr","Piranshahr","36.6956","45.1456","Iran","IR","IRN","Āz̄arbāyjān-e Gharbī","minor","91515","1364699746"
"Yao","Yao","12.8508","17.5608","Chad","TD","TCD","Batha","","91507","1148655909"
"Samālūţ","Samalut","28.3122","30.7100","Egypt","EG","EGY","Al Minyā","","91475","1818180512"
"Kars","Kars","40.6078","43.0958","Turkey","TR","TUR","Kars","admin","91450","1792000464"
"Cisauk","Cisauk","-6.3333","106.6500","Indonesia","ID","IDN","Jawa Barat","","91438","1360929502"
"Mīzan Teferī","Mizan Teferi","7.0000","35.5833","Ethiopia","ET","ETH","YeDebub M‘irab Ītyop’iya Hizboch","","91437","1231330466"
"Arzew","Arzew","35.8500","-0.3167","Algeria","DZ","DZA","Oran","","91400","1012954906"
"Vineland","Vineland","39.4653","-74.9981","United States","US","USA","New Jersey","","91393","1840001551"
"Norwalk","Norwalk","41.1144","-73.4215","United States","US","USA","Connecticut","","91375","1840004839"
"Azua","Azua","18.4600","-70.7400","Dominican Republic","DO","DOM","Valdesia","minor","91345","1214004418"
"San José del Rincón Centro","San Jose del Rincon Centro","19.6606","-100.1525","Mexico","MX","MEX","México","minor","91345","1484390046"
"Salaman","Salaman","6.6333","124.0667","Philippines","PH","PHL","Sultan Kudarat","","91344","1608705741"
"Ústí nad Labem","Usti nad Labem","50.6583","14.0417","Czechia","CZ","CZE","Ústecký Kraj","admin","91342","1203734193"
"Māndvi","Mandvi","22.8333","69.3556","India","IN","IND","Gujarāt","","91330","1356046879"
"San Francisco Solano","San Francisco Solano","-34.7667","-58.3167","Argentina","AR","ARG","Buenos Aires","","91322","1032776804"
"Tucuruí","Tucurui","-3.7678","-49.6728","Brazil","BR","BRA","Pará","minor","91306","1076000076"
"Kendu Bay","Kendu Bay","-0.3596","34.6400","Kenya","KE","KEN","Homa Bay","","91248","1404600696"
"Hilversum","Hilversum","52.2333","5.1667","Netherlands","NL","NLD","Noord-Holland","minor","91235","1528160832"
"Rāyachoti","Rayachoti","14.0583","78.7517","India","IN","IND","Andhra Pradesh","","91234","1356147853"
"Avaré","Avare","-23.0989","-48.9258","Brazil","BR","BRA","São Paulo","minor","91232","1076118860"
"Pāloncha","Paloncha","17.6018","80.7051","India","IN","IND","Andhra Pradesh","","91196","1356171257"
"Manhuaçu","Manhuacu","-20.2581","-42.0336","Brazil","BR","BRA","Minas Gerais","minor","91169","1076000444"
"Caçapava","Cacapava","-23.1008","-45.7069","Brazil","BR","BRA","São Paulo","minor","91162","1076289420"
"Pamekasan","Pamekasan","-7.1574","113.4718","Indonesia","ID","IDN","Jawa Timur","minor","91160","1360165118"
"Xiancun","Xiancun","23.2374","116.3152","China","CN","CHN","Guangdong","","91109","1156479306"
"Alessandria","Alessandria","44.9133","8.6200","Italy","IT","ITA","Piedmont","minor","91059","1380334322"
"Ambohimangakely","Ambohimangakely","-18.8998","47.5931","Madagascar","MG","MDG","Antananarivo","","91056","1450074776"
"Hastings","Hastings","50.8500","0.5700","United Kingdom","GB","GBR","East Sussex","","91053","1826499763"
"Agua Prieta","Agua Prieta","31.3258","-109.5489","Mexico","MX","MEX","Sonora","minor","91029","1484381848"
"Maple Ridge","Maple Ridge","49.2167","-122.6000","Canada","CA","CAN","British Columbia","","90990","1124001699"
"Parli Vaijnāth","Parli Vaijnath","18.8500","76.5300","India","IN","IND","Mahārāshtra","","90975","1356147175"
"Grudziądz","Grudziadz","53.4875","18.7550","Poland","PL","POL","Kujawsko-Pomorskie","minor","90890","1616391533"
"Alafaya","Alafaya","28.5280","-81.1868","United States","US","USA","Florida","","90874","1840029102"
"Solwezi","Solwezi","-12.1433","26.3858","Zambia","ZM","ZMB","North-Western","admin","90856","1894777820"
"Caimbambo","Caimbambo","-12.9000","14.0833","Angola","AO","AGO","Benguela","","90838","1024891825"
"Bauan","Bauan","13.7917","121.0085","Philippines","PH","PHL","Batangas","","90819","1608547248"
"Sivaganga","Sivaganga","9.8433","78.4809","India","IN","IND","Tamil Nādu","","90803","1356528232"
"Chinhoyi","Chinhoyi","-17.3497","30.1944","Zimbabwe","ZW","ZWE","Mashonaland West","admin","90800","1716523245"
"Pantukan","Pantukan","7.1269","125.8975","Philippines","PH","PHL","Davao de Oro","","90786","1608894465"
"Pongotan","Pongotan","7.1269","125.8975","Philippines","PH","PHL","Davao de Oro","","90786","1608561205"
"Rāmagiri Udayagiri","Ramagiri Udayagiri","19.1619","84.1440","India","IN","IND","Odisha","","90774","1356046855"
"Cambambe","Cambambe","-9.7586","14.5122","Angola","AO","AGO","Cuanza-Norte","","90766","1024312565"
"Mengdingjie","Mengdingjie","23.5500","99.0833","China","CN","CHN","Yunnan","","90715","1156696271"
"Colombes","Colombes","48.9236","2.2522","France","FR","FRA","Île-de-France","","90692","1250390247"
"Funza","Funza","4.7167","-74.2167","Colombia","CO","COL","Cundinamarca","minor","90671","1170562658"
"Lawton","Lawton","34.6175","-98.4202","United States","US","USA","Oklahoma","","90662","1840020477"
"Zhezqazghan","Zhezqazghan","47.7833","67.7000","Kazakhstan","KZ","KAZ","Ulytaū","admin","90661","1398121545"
"Avondale","Avondale","33.3873","-112.3235","United States","US","USA","Arizona","","90644","1840019310"
"Katiola","Katiola","8.1333","-5.1000","Côte d’Ivoire","CI","CIV","Vallée du Bandama","minor","90641","1384854888"
"Kattaqo’rg’on Shahri","Kattaqo'rg'on Shahri","39.8989","66.2561","Uzbekistan","UZ","UZB","Samarqand","minor","90600","1860871064"
"Çankırı","Cankiri","40.5986","33.6192","Turkey","TR","TUR","Çankırı","admin","90564","1792584248"
"Eslāmābād-e Gharb","Eslamabad-e Gharb","34.1103","46.5275","Iran","IR","IRN","Kermānshāh","minor","90559","1364997109"
"Chililabombwe","Chililabombwe","-12.3667","27.8278","Zambia","ZM","ZMB","Copperbelt","","90530","1894950283"
"Vanadzor","Vanadzor","40.8128","44.4883","Armenia","AM","ARM","Lorri","admin","90525","1051691929"
"Germantown","Germantown","39.1755","-77.2643","United States","US","USA","Maryland","","90521","1840005840"
"Fundación","Fundacion","10.5214","-74.1867","Colombia","CO","COL","Magdalena","minor","90514","1170906059"
"Ponnāni","Ponnani","10.7700","75.9000","India","IN","IND","Kerala","","90491","1356710596"
"Sahagún","Sahagun","8.9500","-75.4500","Colombia","CO","COL","Córdoba","minor","90487","1170230630"
"Michurinsk","Michurinsk","52.8833","40.4833","Russia","RU","RUS","Tambovskaya Oblast’","minor","90451","1643419559"
"Montelíbano","Montelibano","7.9750","-75.4208","Colombia","CO","COL","Córdoba","minor","90450","1170283887"
"Ceylanpınar","Ceylanpinar","36.8461","40.0489","Turkey","TR","TUR","Şanlıurfa","minor","90440","1792768664"
"Jāmtāra","Jamtara","23.9633","86.8014","India","IN","IND","Jhārkhand","","90426","1356076405"
"Rapid City","Rapid City","44.0716","-103.2204","United States","US","USA","South Dakota","","90421","1840002180"
"Larnaca","Larnaca","34.9167","33.6333","Cyprus","CY","CYP","Lárnaka","admin","90419","1196804795"
"São Lourenço da Mata","Sao Lourenco da Mata","-8.0019","-35.0178","Brazil","BR","BRA","Pernambuco","minor","90402","1076714150"
"Guliston","Guliston","40.4833","68.7833","Uzbekistan","UZ","UZB","Sirdaryo","admin","90398","1860505287"
"Pinamalayan","Pinamalayan","13.0364","121.4889","Philippines","PH","PHL","Oriental Mindoro","","90383","1608931779"
"Orpington","Orpington","51.3741","0.0986","United Kingdom","GB","GBR","Bromley","","90315","1826667369"
"Valjevo","Valjevo","44.2708","19.8866","Serbia","RS","SRB","Valjevo","admin","90312","1688926375"
"Julu","Julu","37.2075","115.0233","China","CN","CHN","Hebei","minor","90311","1156883631"
"Vezirköprü","Vezirkopru","41.1431","35.4600","Turkey","TR","TUR","Samsun","minor","90308","1792653075"
"Mandurah","Mandurah","-32.5289","115.7231","Australia","AU","AUS","Western Australia","","90306","1036773118"
"Watford","Watford","51.6550","-0.3957","United Kingdom","GB","GBR","Hertfordshire","","90301","1826570072"
"Masvingo","Masvingo","-20.0744","30.8328","Zimbabwe","ZW","ZWE","Masvingo","admin","90286","1716049475"
"São João del Rei","Sao Joao del Rei","-21.1358","-44.2619","Brazil","BR","BRA","Minas Gerais","minor","90225","1076559413"
"Yoshiwara","Yoshiwara","35.1633","138.6866","Japan","JP","JPN","Shizuoka","","90224","1392644131"
"Puerto Padre","Puerto Padre","21.1950","-76.6017","Cuba","CU","CUB","Las Tunas","minor","90218","1192209935"
"Caucasia","Caucasia","7.9833","-75.2000","Colombia","CO","COL","Antioquia","minor","90213","1170351945"
"Peñaflor","Penaflor","-33.6167","-70.9167","Chile","CL","CHL","Región Metropolitana","","90201","1152857586"
"Imizuchō","Imizucho","36.7306","137.0756","Japan","JP","JPN","Toyama","","90201","1392059150"
"Nasatta","Nasatta","34.1022","71.7964","Pakistan","PK","PAK","Khyber Pakhtunkhwa","","90200","1586842057"
"Abomey","Abomey","7.1856","1.9881","Benin","BJ","BEN","Zou","admin","90195","1204597697"
"Pollāchi","Pollachi","10.6590","77.0080","India","IN","IND","Tamil Nādu","","90180","1356420688"
"Gjilan","Gjilan","42.4689","21.4633","Kosovo","XK","XKS","Gjilan","admin","90178","1901235642"
"Hendek","Hendek","40.8050","30.7492","Turkey","TR","TUR","Sakarya","minor","90153","1792000888"
"Westminster","Westminster","33.7523","-117.9938","United States","US","USA","California","","90147","1840021969"
"El Ejido","El Ejido","36.7831","-2.8167","Spain","ES","ESP","Andalusia","","90135","1724399333"
"Jalalpur Jattan","Jalalpur Jattan","32.6419","74.2033","Pakistan","PK","PAK","Punjab","","90130","1586822268"
"Wajir","Wajir","1.7472","40.0572","Kenya","KE","KEN","Wajir","admin","90116","1404067343"
"Victorias","Victorias","10.9000","123.0800","Philippines","PH","PHL","Negros Occidental","","90101","1608236440"
"Marudi","Marudi","4.1833","114.3167","Malaysia","MY","MYS","Sarawak","","90100","1458038564"
"Kāvali","Kavali","14.9130","79.9929","India","IN","IND","Andhra Pradesh","","90099","1356816305"
"Botoşani","Botosani","47.7486","26.6694","Romania","RO","ROU","Botoşani","admin","90010","1642183791"
"Luau","Luau","-10.7044","22.2283","Angola","AO","AGO","Moxico","","90000","1024699465"
"Necochea","Necochea","-38.5500","-58.7333","Argentina","AR","ARG","Buenos Aires","minor","90000","1032624527"
"Tangjia","Tangjia","30.7833","120.3000","China","CN","CHN","Zhejiang","","90000","1156184686"
"Al Badrashayn","Al Badrashayn","29.8500","31.2667","Egypt","EG","EGY","Al Jīzah","","90000","1818909949"
"Léogâne","Leogane","18.5108","-72.6339","Haiti","HT","HTI","Ouest","","90000","1332045113"
"Darnah","Darnah","32.7648","22.6391","Libya","LY","LBY","Darnah","admin","90000","1434920152"
"Möng Tun","Mong Tun","20.3000","98.9333","Burma","MM","MMR","Shan State","","90000","1104458096"
"Richard-Toll","Richard-Toll","16.4661","-15.6933","Senegal","SN","SEN","Saint-Louis","","90000","1686778591"
"Afmadow","Afmadow","0.5127","42.0796","Somalia","SO","SOM","Jubbada Hoose","","90000","1706654469"
"Barwaaqo","Barwaaqo","3.4832","42.1868","Somalia","SO","SOM","Gedo","","90000","1706735840"
"Ma‘arrat an Nu‘mān","Ma`arrat an Nu`man","35.6483","36.6769","Syria","SY","SYR","Idlib","minor","90000","1760482977"
"La Grita","La Grita","8.1333","-71.9833","Venezuela","VE","VEN","Táchira","minor","90000","1862682610"
"Mihara","Mihara","34.3975","133.0786","Japan","JP","JPN","Hiroshima","","89972","1392428941"
"El Puerto de Santa María","El Puerto de Santa Maria","36.6015","-6.2381","Spain","ES","ESP","Andalusia","","89960","1724087455"
"Hoopstad","Hoopstad","-27.8333","25.9167","South Africa","ZA","ZAF","Free State","","89917","1710345420"
"Compostela","Compostela","7.6700","126.0800","Philippines","PH","PHL","Davao de Oro","","89884","1608079890"
"Mogok","Mogok","22.9167","96.5000","Burma","MM","MMR","Mandalay","","89855","1104205175"
"Bayt Lāhyā","Bayt Lahya","31.5464","34.4951","Gaza Strip","XG","XGZ","","","89838","1916827259"
"Patrocínio","Patrocinio","-18.9439","-46.9928","Brazil","BR","BRA","Minas Gerais","minor","89826","1076001071"
"Chiclana de la Frontera","Chiclana de la Frontera","36.4167","-6.1500","Spain","ES","ESP","Andalusia","","89794","1724794663"
"Msaken","Msaken","35.7333","10.5833","Tunisia","TN","TUN","Sousse","","89745","1788688595"
"Itapeva","Itapeva","-23.9819","-48.8758","Brazil","BR","BRA","São Paulo","minor","89728","1076767110"
"Olavarría","Olavarria","-36.9000","-60.3333","Argentina","AR","ARG","Buenos Aires","minor","89721","1032373353"
"Stevenage","Stevenage","51.9017","-0.2019","United Kingdom","GB","GBR","Hertfordshire","","89663","1826117667"
"San José Pinula","San Jose Pinula","14.5500","-90.4167","Guatemala","GT","GTM","Guatemala","minor","89639","1320568537"
"Sankeshwar","Sankeshwar","16.2700","74.4800","India","IN","IND","Karnātaka","","89627","1356062129"
"Kōka","Koka","34.9667","136.1667","Japan","JP","JPN","Shiga","","89619","1392003145"
"Glyfáda","Glyfada","37.8667","23.7500","Greece","GR","GRC","Attikí","minor","89597","1300003373"
"Serdar","Serdar","38.9833","56.2833","Turkmenistan","TM","TKM","Balkan","","89582","1795429041"
"Saquarema","Saquarema","-22.9200","-42.5100","Brazil","BR","BRA","Rio de Janeiro","minor","89559","1076235078"
"Bangkalan","Bangkalan","-7.0253","112.7519","Indonesia","ID","IDN","Jawa Timur","minor","89550","1360714643"
"Los Cerrillos","Los Cerrillos","-33.5000","-70.7167","Chile","CL","CHL","Región Metropolitana","","89520","1152504242"
"Aubervilliers","Aubervilliers","48.9131","2.3831","France","FR","FRA","Île-de-France","","89489","1250470371"
"Conda","Conda","-11.1667","14.5000","Angola","AO","AGO","Cuanza-Sul","","89479","1024402215"
"Poitiers","Poitiers","46.5800","0.3400","France","FR","FRA","Nouvelle-Aquitaine","minor","89472","1250812174"
"Ţarţūs","Tartus","34.8846","35.8866","Syria","SY","SYR","Ţarţūs","admin","89457","1760695473"
"Sarapul","Sarapul","56.4667","53.8000","Russia","RU","RUS","Udmurtiya","minor","89442","1643320672"
"Kadiri","Kadiri","14.1200","78.1700","India","IN","IND","Andhra Pradesh","","89429","1356308559"
"Zhunan","Zhunan","24.6833","120.8833","Taiwan","TW","TWN","Miaoli","","89420","1158606269"
"Torrente","Torrente","39.4389","-0.4656","Spain","ES","ESP","Valencia","","89401","1724305866"
"Ipil","Ipil","7.7822","122.5867","Philippines","PH","PHL","Zamboanga Sibugay","admin","89401","1608307222"
"Prijedor","Prijedor","44.9808","16.7133","Bosnia and Herzegovina","BA","BIH","Srpska, Republika","minor","89397","1070565353"
"Mestre","Mestre","45.4906","12.2381","Italy","IT","ITA","Veneto","","89376","1380275919"
"Villa de Cura","Villa de Cura","10.0383","-67.4892","Venezuela","VE","VEN","Aragua","minor","89364","1862979204"
"Caracase","Caracase","3.7532","42.5441","Somalia","SO","SOM","Gedo","","89345","1706846074"
"Surallah","Surallah","6.3700","124.7300","Philippines","PH","PHL","South Cotabato","","89340","1608974893"
"Ciudad de Atlixco","Ciudad de Atlixco","18.9000","-98.4500","Mexico","MX","MEX","Puebla","minor","89314","1484268457"
"Pistoia","Pistoia","43.9333","10.9167","Italy","IT","ITA","Tuscany","minor","89309","1380664435"
"Ségbana","Segbana","10.9278","3.6944","Benin","BJ","BEN","Alibori","","89268","1204782008"
"Clifton","Clifton","40.8630","-74.1575","United States","US","USA","New Jersey","","89247","1840003511"
"Léré","Lere","9.6572","14.2283","Chad","TD","TCD","Mayo-Kebbi-Ouest","","89237","1148428566"
"Cheektowaga","Cheektowaga","42.9082","-78.7466","United States","US","USA","New York","","89201","1840057976"
"Kazanlak","Kazanlak","42.6170","25.4000","Bulgaria","BG","BGR","Stara Zagora","","89197","1100673552"
"Magadan","Magadan","59.5667","150.8000","Russia","RU","RUS","Magadanskaya Oblast’","admin","89193","1643216966"
"Phusro","Phusro","23.7700","85.9900","India","IN","IND","Jhārkhand","","89178","1356193741"
"Polangui","Polangui","13.2922","123.4856","Philippines","PH","PHL","Albay","","89176","1608444152"
"Banga","Banga","6.3000","124.7800","Philippines","PH","PHL","South Cotabato","","89164","1608545440"
"Humpata","Humpata","-15.0000","13.3333","Angola","AO","AGO","Huíla","","89144","1024063224"
"Kalibo","Kalibo","11.7072","122.3700","Philippines","PH","PHL","Aklan","admin","89127","1608268539"
"San Francisco","San Francisco","30.7841","-112.5180","Mexico","MX","MEX","Sonora","","89122","1484657489"
"Kūhdasht","Kuhdasht","33.5294","47.6092","Iran","IR","IRN","Lorestān","minor","89091","1364140008"
"Maladzyechna","Maladzyechna","54.3208","26.8572","Belarus","BY","BLR","Minskaya Voblasts’","minor","89068","1112822882"
"Jalal-Abad","Jalal-Abad","40.9375","72.9861","Kyrgyzstan","KG","KGZ","Jalal-Abad","admin","89004","1417653652"
"Kairāna","Kairana","29.3953","77.2053","India","IN","IND","Uttar Pradesh","","89000","1356768694"
"Jaworzno","Jaworzno","50.2044","19.2700","Poland","PL","POL","Śląskie","minor","88998","1616134743"
"Waukegan","Waukegan","42.3698","-87.8716","United States","US","USA","Illinois","","88919","1840010113"
"Shwebo","Shwebo","22.5667","95.7000","Burma","MM","MMR","Sagaing","","88914","1104118052"
"Hinigaran","Hinigaran","10.2700","122.8500","Philippines","PH","PHL","Negros Occidental","","88909","1608738002"
"Calabanga","Calabanga","13.7089","123.2161","Philippines","PH","PHL","Camarines Sur","","88906","1608274723"
"As Salţ","As Salt","32.0333","35.7333","Jordan","JO","JOR","Al Balqā’","admin","88900","1400470384"
"Passi","Passi","11.1000","122.6300","Philippines","PH","PHL","Iloilo","","88873","1608905309"
"Murcia","Murcia","10.6000","123.0300","Philippines","PH","PHL","Negros Occidental","","88868","1608306618"
"Bogo","Bogo","11.0200","124.0000","Philippines","PH","PHL","Cebu","","88867","1608673076"
"Aalst","Aalst","50.9383","4.0392","Belgium","BE","BEL","Flanders","minor","88854","1056695813"
"Al Khmissat","Al Khmissat","33.8167","-6.0667","Morocco","MA","MAR","Rabat-Salé-Kénitra","","88839","1504079907"
"Bloomington","Bloomington","44.8306","-93.3151","United States","US","USA","Minnesota","","88838","1840006747"
"Lucca","Lucca","43.8500","10.5167","Italy","IT","ITA","Tuscany","minor","88798","1380770432"
"Solikamsk","Solikamsk","59.6433","56.7500","Russia","RU","RUS","Permskiy Kray","minor","88789","1643137756"
"Hemei","Hemei","24.1167","120.5000","Taiwan","TW","TWN","Changhua","","88740","1158367413"
"Pisa","Pisa","43.7167","10.4000","Italy","IT","ITA","Tuscany","minor","88737","1380310225"
"Wangqing","Wangqing","43.3126","129.7572","China","CN","CHN","Jilin","minor","88732","1156184335"
"Viana do Castelo","Viana do Castelo","41.7000","-8.8333","Portugal","PT","PRT","Viana do Castelo","admin","88725","1620680440"
"Danlí","Danli","14.0324","-86.5683","Honduras","HN","HND","El Paraíso","","88722","1340108771"
"Mayagüez","Mayaguez","18.2003","-67.1397","Puerto Rico","PR","PRI","Puerto Rico","","88722","1630035520"
"Gueznaia","Gueznaia","35.7066","-5.9088","Morocco","MA","MAR","Tanger-Tétouan-Al Hoceïma","","88676","1504255211"
"Toviklin","Toviklin","6.8333","1.8167","Benin","BJ","BEN","Couffo","","88611","1204701826"
"Chosica","Chosica","-11.9361","-76.6972","Peru","PE","PER","Lima","","88606","1604040866"
"Paingkyon","Paingkyon","17.0242","97.9844","Burma","MM","MMR","Kayin State","","88604","1104246583"
"Villa María","Villa Maria","-32.4103","-63.2314","Argentina","AR","ARG","Córdoba","minor","88600","1032987787"
"Rāsipuram","Rasipuram","11.4618","78.1909","India","IN","IND","Tamil Nādu","","88584","1356036977"
"Leping","Leping","37.6147","113.6650","China","CN","CHN","Shanxi","minor","88559","1156893285"
"Najībābād","Najibabad","29.6128","78.3425","India","IN","IND","Uttar Pradesh","","88535","1356943602"
"San Leandro","San Leandro","37.7074","-122.1599","United States","US","USA","California","","88531","1840021538"
"Newton","Newton","42.3316","-71.2085","United States","US","USA","Massachusetts","","88504","1840000433"
"Podujevë","Podujeve","42.9111","21.1899","Kosovo","XK","XKS","Podujevë","admin","88499","1901550082"
"San Luis","San Luis","20.1881","-75.8486","Cuba","CU","CUB","Santiago de Cuba","minor","88496","1192042203"
"Barra do Corda","Barra do Corda","-5.5031","-45.2369","Brazil","BR","BRA","Maranhão","minor","88492","1076745135"
"Joplin","Joplin","37.0757","-94.5018","United States","US","USA","Missouri","","88490","1840008771"
"Bhakkar","Bhakkar","31.6278","71.0625","Pakistan","PK","PAK","Punjab","minor","88472","1586655125"
"Berisso","Berisso","-34.8728","-57.8858","Argentina","AR","ARG","Buenos Aires","minor","88470","1032298172"
"Bertoua","Bertoua","4.5833","13.6833","Cameroon","CM","CMR","Est","admin","88462","1120406967"
"Solana","Solana","17.6522","121.6914","Philippines","PH","PHL","Cagayan","","88445","1608155391"
"Aïn M’Lila","Ain M'Lila","36.0361","6.5708","Algeria","DZ","DZA","Oum el Bouaghi","","88441","1012438002"
"Nirmal","Nirmal","19.1000","78.3500","India","IN","IND","Andhra Pradesh","","88433","1356031223"
"Nirāla","Nirala","19.8143","78.1662","India","IN","IND","Mahārāshtra","","88433","1356830965"
"Ootacamund","Ootacamund","11.4100","76.7000","India","IN","IND","Tamil Nādu","","88430","1356809681"
"Fūlād Shahr","Fulad Shahr","32.4906","51.4211","Iran","IR","IRN","Eşfahān","","88426","1364042346"
"Echague","Echague","16.7056","121.6761","Philippines","PH","PHL","Isabela","","88410","1608221355"
"Aroroy","Aroroy","12.5125","123.3989","Philippines","PH","PHL","Masbate","","88351","1608024101"
"Buzuluk","Buzuluk","52.7833","52.2500","Russia","RU","RUS","Orenburgskaya Oblast’","minor","88341","1643877351"
"Mobara","Mobara","35.4285","140.2881","Japan","JP","JPN","Chiba","","88330","1392225442"
"Prosperidad","Prosperidad","8.6100","125.9200","Philippines","PH","PHL","Agusan del Sur","admin","88321","1608461552"
"Lawrence","Lawrence","42.7002","-71.1626","United States","US","USA","Massachusetts","","88297","1840000408"
"Alabel","Alabel","6.1023","125.2868","Philippines","PH","PHL","Sarangani","admin","88294","1608579431"
"Suva","Suva","-18.1333","178.4333","Fiji","FJ","FJI","Rewa","primary","88271","1242615095"
"Ban Laem Chabang","Ban Laem Chabang","13.0833","100.8833","Thailand","TH","THA","Chon Buri","","88271","1764108164"
"Béja","Beja","36.7333","9.1833","Tunisia","TN","TUN","Béja","admin","88251","1788225711"
"Grimsby","Grimsby","53.5675","-0.0800","United Kingdom","GB","GBR","North East Lincolnshire","","88243","1826700880"
"Villingen-Schwenningen","Villingen-Schwenningen","48.0603","8.4586","Germany","DE","DEU","Baden-Württemberg","minor","88213","1276450523"
"Jangipur","Jangipur","24.4691","88.1032","India","IN","IND","West Bengal","","88165","1356655968"
"Jaffna","Jaffna","9.6647","80.0167","Sri Lanka","LK","LKA","North Central","admin","88138","1144005506"
"Níkaia","Nikaia","37.9667","23.6333","Greece","GR","GRC","Attikí","minor","88077","1300155901"
"Janzūr","Janzur","32.8172","13.0111","Libya","LY","LBY","Al Jafārah","","88073","1434528890"
"Leshou","Leshou","38.1822","116.1108","China","CN","CHN","Hebei","minor","88069","1156491348"
"Sangrūr","Sangrur","30.2506","75.8442","India","IN","IND","Punjab","","88043","1356578624"
"Damaturu","Damaturu","11.7444","11.9611","Nigeria","NG","NGA","Yobe","admin","88014","1566897107"
"Qiantangcun","Qiantangcun","23.6742","116.9150","China","CN","CHN","Guangdong","","88001","1156074442"
"Hartlepool","Hartlepool","54.6900","-1.2100","United Kingdom","GB","GBR","Hartlepool","","87995","1826069842"
"Al Wakrah","Al Wakrah","25.1800","51.6100","Qatar","QA","QAT","Al Wakrah","admin","87970","1634261569"
"Tuban","Tuban","-6.9000","112.0500","Indonesia","ID","IDN","Jawa Timur","minor","87947","1360482232"
"Sassandra","Sassandra","4.9504","-6.0833","Côte d’Ivoire","CI","CIV","Bas-Sassandra","minor","87945","1384107875"
"Sakai","Sakai","36.1669","136.2314","Japan","JP","JPN","Fukui","","87945","1392003292"
"Newmarket","Newmarket","44.0500","-79.4667","Canada","CA","CAN","Ontario","","87942","1124400266"
"Jilotepec","Jilotepec","19.9519","-99.5328","Mexico","MX","MEX","México","minor","87927","1484789785"
"Makilala","Makilala","6.9700","125.0800","Philippines","PH","PHL","Cotabato","","87927","1608709784"
"Panevėžys","Panevezys","55.7250","24.3639","Lithuania","LT","LTU","Panevėžio Miestas","admin","87913","1440120065"
"Wislane","Wislane","30.2250","-8.3801","Morocco","MA","MAR","Souss-Massa","","87910","1504929490"
"Maiquetía","Maiquetia","10.5958","-66.9772","Venezuela","VE","VEN","La Guaira","minor","87909","1862822831"
"Mettupālaiyam","Mettupalaiyam","11.2341","76.9067","India","IN","IND","Tamil Nādu","","87905","1356679430"
"Wakiso","Wakiso","0.3981","32.4781","Uganda","UG","UGA","Wakiso","admin","87900","1800102352"
"Bromley","Bromley","51.4070","0.0210","United Kingdom","GB","GBR","Bromley","","87889","1826385764"
"Jumri Tilaiyā","Jumri Tilaiya","24.4289","85.5355","India","IN","IND","Jhārkhand","","87867","1356900897"
"Guanambi","Guanambi","-14.2228","-42.7808","Brazil","BR","BRA","Bahia","minor","87817","1076791780"
"Jagüey Grande","Jaguey Grande","22.5292","-81.1325","Cuba","CU","CUB","Matanzas","minor","87771","1192977963"
"Glazov","Glazov","58.1333","52.6667","Russia","RU","RUS","Udmurtiya","minor","87762","1643380964"
"Baggao","Baggao","17.9347","121.7733","Philippines","PH","PHL","Cagayan","","87753","1608472700"
"San Juan de los Morros","San Juan de los Morros","9.9010","-67.3540","Venezuela","VE","VEN","Guárico","admin","87739","1862865294"
"Tonghae","Tonghae","37.5248","129.1143","Korea, South","KR","KOR","Gangwon","","87724","1410110371"
"Ende","Ende","-8.8333","121.6500","Indonesia","ID","IDN","Nusa Tenggara Timur","minor","87723","1360796329"
"Aruppukkottai","Aruppukkottai","9.5139","78.1002","India","IN","IND","Tamil Nādu","","87722","1356144326"
"Menglang","Menglang","22.5586","99.9336","China","CN","CHN","Yunnan","minor","87703","1156671398"
"Farīdkot","Faridkot","30.6700","74.7600","India","IN","IND","Punjab","","87695","1356743545"
"Calauan","Calauan","14.1500","121.3200","Philippines","PH","PHL","Laguna","","87693","1608352580"
"Ama","Ama","35.2004","136.7832","Japan","JP","JPN","Aichi","","87668","1392003383"
"Słupsk","Slupsk","54.4658","17.0292","Poland","PL","POL","Pomorskie","minor","87660","1616346559"
"Madgaon","Madgaon","15.2736","73.9581","India","IN","IND","Goa","","87650","1356337752"
"Baras","Baras","14.5200","121.2700","Philippines","PH","PHL","Rizal","","87637","1608108994"
"Gitarama","Gitarama","-2.0696","29.7600","Rwanda","RW","RWA","Southern Province","","87613","1646038255"
"Zwickau","Zwickau","50.7167","12.5000","Germany","DE","DEU","Saxony","minor","87593","1276683623"
"Koidu-Bulma","Koidu-Bulma","8.4405","-10.8500","Sierra Leone","SL","SLE","Eastern","","87539","1694104584"
"Palangotu Adwār","Palangotu Adwar","32.7888","76.0009","India","IN","IND","Himāchal Pradesh","","87535","1356068456"
"Ratingen","Ratingen","51.3000","6.8500","Germany","DE","DEU","North Rhine-Westphalia","","87513","1276005433"
"Western Bicutan","Western Bicutan","14.5094","121.0381","Philippines","PH","PHL","Taguig","","87508","1608357652"
"Chester","Chester","53.1914","-2.8903","United Kingdom","GB","GBR","Cheshire West and Chester","","87507","1826441668"
"Consolación del Sur","Consolacion del Sur","22.5083","-83.5172","Cuba","CU","CUB","Pinar del Río","minor","87500","1192801393"
"Tire","Tire","38.0833","27.7333","Turkey","TR","TUR","İzmir","minor","87462","1792346729"
"Changting","Changting","25.8670","116.3167","China","CN","CHN","Fujian","minor","87458","1156460520"
"Maasin","Maasin","10.1300","124.8500","Philippines","PH","PHL","Southern Leyte","admin","87446","1608244406"
"San Fabian","San Fabian","16.1500","120.4500","Philippines","PH","PHL","La Union","","87428","1608702400"
"Ben Gardane","Ben Gardane","33.1389","11.2167","Tunisia","TN","TUN","Médenine","","87404","1788380441"
"Şatrovka","Satrovka","39.8290","48.9478","Azerbaijan","AZ","AZE","Salyan","","87400","1031501191"
"Springdale","Springdale","36.1901","-94.1574","United States","US","USA","Arkansas","","87388","1840015336"
"Midrand","Midrand","-25.9992","28.1264","South Africa","ZA","ZAF","Gauteng","","87387","1710101627"
"Denan","Denan","6.5000","43.5000","Ethiopia","ET","ETH","Sumalē","","87380","1231663674"
"Chauk Azam","Chauk Azam","30.9648","71.2170","Pakistan","PK","PAK","Punjab","","87376","1586262687"
"Santa Catarina Pinula","Santa Catarina Pinula","14.5667","-90.5000","Guatemala","GT","GTM","Guatemala","minor","87362","1320763146"
"Dobrich","Dobrich","43.5667","27.8333","Bulgaria","BG","BGR","Dobrich","admin","87361","1100364404"
"Calaca","Calaca","13.9300","120.8131","Philippines","PH","PHL","Batangas","","87361","1608590026"
"Caratinga","Caratinga","-19.7900","-42.1389","Brazil","BR","BRA","Minas Gerais","minor","87360","1076504581"
"Jamūī","Jamui","24.9278","86.2239","India","IN","IND","Bihār","","87357","1356076412"
"Middelburg","Middelburg","-25.7681","29.4547","South Africa","ZA","ZAF","Mpumalanga","","87348","1710495632"
"Nahualá","Nahuala","14.8500","-91.3167","Guatemala","GT","GTM","Sololá","minor","87319","1320452965"
"Camiling","Camiling","15.6867","120.4131","Philippines","PH","PHL","Tarlac","","87319","1608136759"
"Troy","Troy","42.5817","-83.1457","United States","US","USA","Michigan","","87307","1840002434"
"Limpio","Limpio","-25.1673","-57.4695","Paraguay","PY","PRY","Central","","87301","1600926242"
"Reutov","Reutov","55.7622","37.8567","Russia","RU","RUS","Moskovskaya Oblast’","minor","87300","1643138327"
"Shuangshuicun","Shuangshuicun","22.4356","112.9964","China","CN","CHN","Guangdong","","87295","1156552883"
"Chongoroi","Chongoroi","-13.5667","13.9500","Angola","AO","AGO","Benguela","","87278","1024105319"
"Lünen","Lunen","51.6167","7.5167","Germany","DE","DEU","North Rhine-Westphalia","","87266","1276959723"
"Chimbas","Chimbas","-31.5000","-68.5319","Argentina","AR","ARG","San Juan","minor","87258","1032442768"
"Rubio","Rubio","7.7000","-72.3500","Venezuela","VE","VEN","Táchira","minor","87249","1862078206"
"Bhola","Bhola","22.6833","90.6500","Bangladesh","BD","BGD","Barishal","","87243","1050857393"
"Lorena","Lorena","-22.7308","-45.1247","Brazil","BR","BRA","São Paulo","minor","87178","1076493589"
"Dipalpur","Dipalpur","30.6708","73.6533","Pakistan","PK","PAK","Punjab","","87176","1586506057"
"Fulham","Fulham","51.4828","-0.1950","United Kingdom","GB","GBR","Hammersmith and Fulham","","87161","1826877782"
"Houndé","Hounde","11.5000","-3.5167","Burkina Faso","BF","BFA","Hauts-Bassins","minor","87154","1854289245"
"Usulután","Usulutan","13.3500","-88.4500","El Salvador","SV","SLV","Usulután","admin","87078","1222984157"
"Ad Diwem","Ad Diwem","13.9904","32.3000","Sudan","SD","SDN","White Nile","","87068","1729364292"
"Norton","Norton","-17.8833","30.7000","Zimbabwe","ZW","ZWE","Mashonaland West","","87038","1716209195"
"Citrus Heights","Citrus Heights","38.6948","-121.2880","United States","US","USA","California","","87036","1840018845"
"Dunkerque","Dunkerque","51.0383","2.3775","France","FR","FRA","Hauts-de-France","minor","87013","1250542305"
"Bama","Bama","24.1474","107.2593","China","CN","CHN","Guangxi","minor","87000","1156071975"
"Wulan","Wulan","36.5585","104.6765","China","CN","CHN","Gansu","minor","86990","1156502662"
"Cuscatancingo","Cuscatancingo","13.7333","-89.1833","El Salvador","SV","SLV","San Salvador","","86964","1222934169"
"Heyunkeng","Heyunkeng","23.9533","112.9808","China","CN","CHN","Guangdong","","86951","1156156749"
"Kumārapālaiyam","Kumarapalaiyam","11.4416","77.6907","India","IN","IND","Tamil Nādu","","86945","1356168265"
"Heerlen","Heerlen","50.8833","5.9833","Netherlands","NL","NLD","Limburg","minor","86936","1528095552"
"Mechelen","Mechelen","51.0281","4.4803","Belgium","BE","BEL","Flanders","minor","86921","1056687706"
"Takasagochō-takasemachi","Takasagocho-takasemachi","34.7667","134.7833","Japan","JP","JPN","Hyōgo","","86888","1392922621"
"Binmaley","Binmaley","16.0323","120.2690","Philippines","PH","PHL","Pangasinan","","86881","1608102609"
"Tangxing","Tangxing","35.7261","111.7108","China","CN","CHN","Shanxi","minor","86862","1156031027"
"Campana","Campana","-34.1667","-58.9167","Argentina","AR","ARG","Buenos Aires","minor","86860","1032345885"
"Paredes","Paredes","41.2000","-8.3333","Portugal","PT","PRT","Porto","minor","86854","1620650523"
"Fukuroi","Fukuroi","34.7502","137.9247","Japan","JP","JPN","Shizuoka","","86851","1392865065"
"Widekum","Widekum","5.8717","9.7706","Cameroon","CM","CMR","North-West","","86822","1120813839"
"Kansk","Kansk","56.2000","95.7167","Russia","RU","RUS","Krasnoyarskiy Kray","minor","86816","1643874419"
"Taohuajiang","Taohuajiang","28.5239","112.1342","China","CN","CHN","Hunan","minor","86800","1156262256"
"Longonjo","Longonjo","-12.9067","15.1864","Angola","AO","AGO","Huambo","","86795","1024081092"
"Les Cayes","Les Cayes","18.2000","-73.7500","Haiti","HT","HTI","Sud","admin","86780","1332587854"
"Hānsi","Hansi","29.1000","75.9700","India","IN","IND","Haryāna","","86770","1356181619"
"Salinas Victoria","Salinas Victoria","25.9667","-100.3000","Mexico","MX","MEX","Nuevo León","minor","86766","1484014927"
"Deerfield Beach","Deerfield Beach","26.3050","-80.1277","United States","US","USA","Florida","","86742","1840015136"
"Cárdenas","Cardenas","23.0428","-81.2036","Cuba","CU","CUB","Matanzas","minor","86700","1192582521"
"Shahdol","Shahdol","23.2800","81.3500","India","IN","IND","Madhya Pradesh","","86681","1356191462"
"Yoro","Yoro","15.1379","-87.1249","Honduras","HN","HND","Yoro","admin","86665","1340638121"
"Hamakita","Hamakita","34.7931","137.7900","Japan","JP","JPN","Shizuoka","","86653","1392280613"
"Arona","Arona","28.1000","-16.6667","Spain","ES","ESP","Canary Islands","","86624","1724300501"
"Unaí","Unai","-16.3639","-46.8944","Brazil","BR","BRA","Minas Gerais","minor","86619","1076438683"
"Belladère","Belladere","18.8500","-71.7833","Haiti","HT","HTI","Centre","","86612","1332473025"
"Clarkstown","Clarkstown","41.1319","-73.9660","United States","US","USA","New York","","86575","1840087311"
"Nuneaton","Nuneaton","52.5230","-1.4680","United Kingdom","GB","GBR","Warwickshire","","86552","1826240370"
"Town 'n' Country","Town 'n' Country","28.0106","-82.5763","United States","US","USA","Florida","","86544","1840029089"
"Gävle","Gavle","60.6748","17.1444","Sweden","SE","SWE","Gävleborg","admin","86533","1752586931"
"Toledo","Toledo","39.8567","-4.0244","Spain","ES","ESP","Castille-La Mancha","admin","86526","1724171411"
"Anakāpalle","Anakapalle","17.6913","83.0039","India","IN","IND","Andhra Pradesh","","86519","1356285975"
"Gravatá","Gravata","-8.2008","-35.5650","Brazil","BR","BRA","Pernambuco","minor","86516","1076214495"
"Winchester","Winchester","39.1735","-78.1746","United States","US","USA","Virginia","","86501","1840001623"
"Nabua","Nabua","13.4083","123.3750","Philippines","PH","PHL","Camarines Sur","","86490","1608379220"
"Tucupita","Tucupita","9.0592","-62.0681","Venezuela","VE","VEN","Delta Amacuro","admin","86487","1862849758"
"Tuncheng","Tuncheng","19.3633","110.0978","China","CN","CHN","Hainan","minor","86474","1156049924"
"Nīmbāhera","Nimbahera","24.6200","74.6800","India","IN","IND","Rājasthān","","86453","1356139514"
"Yaofeng","Yaofeng","35.1395","111.2174","China","CN","CHN","Shanxi","minor","86435","1156638655"
"Nachchāndupatti","Nachchandupatti","10.3238","78.7233","India","IN","IND","Tamil Nādu","","86422","1356174622"
"Hassi Bahbah","Hassi Bahbah","35.0667","3.0333","Algeria","DZ","DZA","Djelfa","","86421","1012120396"
"Loznica","Loznica","44.5333","19.2258","Serbia","RS","SRB","Loznica","admin","86413","1688071221"
"Kalpitiya","Kalpitiya","8.2372","79.7628","Sri Lanka","LK","LKA","North Western","","86405","1144067438"
"Karanganyar","Karanganyar","-7.6033","110.9778","Indonesia","ID","IDN","Jawa Tengah","minor","86402","1360194209"
"Navegantes","Navegantes","-26.8989","-48.6539","Brazil","BR","BRA","Santa Catarina","minor","86401","1076398974"
"Yabēlo","Yabelo","4.8833","38.0833","Ethiopia","ET","ETH","Oromīya","","86400","1231019846"
"Santa Rosa Jauregui","Santa Rosa Jauregui","20.7418","-100.4473","Mexico","MX","MEX","Querétaro","","86376","1484681374"
"Dingcheng","Dingcheng","19.6803","110.3681","China","CN","CHN","Hainan","minor","86367","1156437178"
"Guasave","Guasave","25.5655","-108.4718","Mexico","MX","MEX","Sinaloa","minor","86361","1484450749"
"Aulnay-sous-Bois","Aulnay-sous-Bois","48.9386","2.4906","France","FR","FRA","Île-de-France","","86360","1250420439"
"Gotenba","Gotenba","35.3087","138.9346","Japan","JP","JPN","Shizuoka","","86334","1392876311"
"Miaoli","Miaoli","24.5700","120.8200","Taiwan","TW","TWN","Miaoli","admin","86327","1158446494"
"Odienné","Odienne","9.5000","-7.5667","Côte d’Ivoire","CI","CIV","Denguélé","admin","86279","1384967993"
"Bilwi","Bilwi","14.0281","-83.3808","Nicaragua","NI","NIC","Costa Caribe Norte","admin","86279","1558656214"
"Bantayan","Bantayan","11.2000","123.7300","Philippines","PH","PHL","Cebu","","86247","1608493740"
"San Antonio","San Antonio","-33.5933","-71.6217","Chile","CL","CHL","Valparaíso","minor","86239","1152830501"
"Mission","Mission","26.2039","-98.3256","United States","US","USA","Texas","","86234","1840021026"
"Kâhta","Kahta","37.7803","38.6217","Turkey","TR","TUR","Adıyaman","minor","86232","1792788928"
"Batticaloa","Batticaloa","7.7170","81.7000","Sri Lanka","LK","LKA","Eastern","","86227","1144464659"
"Ibshawāy","Ibshaway","29.3590","30.6806","Egypt","EG","EGY","Al Fayyūm","","86186","1818830889"
"La Libertad","La Libertad","16.7861","-90.1167","Guatemala","GT","GTM","Petén","minor","86171","1320389989"
"Bryan","Bryan","30.6650","-96.3807","United States","US","USA","Texas","","86169","1840019569"
"Settsu","Settsu","34.7772","135.5622","Japan","JP","JPN","Ōsaka","","86168","1392003111"
"Chekhov","Chekhov","55.1500","37.4500","Russia","RU","RUS","Moskovskaya Oblast’","minor","86164","1643988618"
"Silvan","Silvan","38.1422","41.0014","Turkey","TR","TUR","Diyarbakır","minor","86161","1792262002"
"Sārni","Sarni","22.1040","78.1730","India","IN","IND","Madhya Pradesh","","86141","1356600179"
"Repentigny","Repentigny","45.7333","-73.4667","Canada","CA","CAN","Quebec","","86100","1124379778"
"Shchëkino","Shchekino","54.0000","37.5167","Russia","RU","RUS","Tul’skaya Oblast’","minor","86088","1643062876"
"Thanhlyin","Thanhlyin","16.7333","96.2500","Burma","MM","MMR","Yangon","","86065","1104911762"
"Khowrāsgān","Khowrasgan","32.6528","51.7589","Iran","IR","IRN","Eşfahān","","86063","1364514942"
"Kitanagoya","Kitanagoya","35.2456","136.8659","Japan","JP","JPN","Aichi","","86060","1392360419"
"Shaoshanzhan","Shaoshanzhan","27.9150","112.5267","China","CN","CHN","Hunan","","86036","1156109964"
"Potiskum","Potiskum","11.7104","11.0800","Nigeria","NG","NGA","Yobe","minor","86002","1566461523"
"Tajrīsh","Tajrish","35.8056","51.4381","Iran","IR","IRN","Tehrān","minor","86000","1364307632"
"Vélez-Málaga","Velez-Malaga","36.7833","-4.1000","Spain","ES","ESP","Andalusia","","85990","1724206889"
"Velikiye Luki","Velikiye Luki","56.3333","30.5333","Russia","RU","RUS","Pskovskaya Oblast’","minor","85989","1643622811"
"Ciudad de Melilla","Ciudad de Melilla","35.2922","-2.9408","Spain","ES","ESP","Melilla","","85985","1724144891"
"Sharūrah","Sharurah","17.4908","47.1126","Saudi Arabia","SA","SAU","Najrān","","85977","1682490742"
"Kameoka","Kameoka","35.0167","135.5667","Japan","JP","JPN","Kyōto","","85962","1392003410"
"Hawthorne","Hawthorne","33.9147","-118.3476","United States","US","USA","California","","85933","1840020486"
"Whittier","Whittier","33.9678","-118.0188","United States","US","USA","California","","85925","1840021878"
"Keffi","Keffi","8.8464","7.8733","Nigeria","NG","NGA","Nasarawa","minor","85911","1566364417"
"Qaraçuxur","Qaracuxur","40.3969","49.9733","Azerbaijan","AZ","AZE","Bakı","","85900","1031616606"
"Iga","Iga","34.7667","136.1333","Japan","JP","JPN","Mie","","85883","1392003101"
"Livermore","Livermore","37.6868","-121.7607","United States","US","USA","California","","85870","1840020294"
"Chiguayante","Chiguayante","-36.9167","-73.0167","Chile","CL","CHL","Biobío","","85863","1152693546"
"Cabiao","Cabiao","15.2522","120.8575","Philippines","PH","PHL","Nueva Ecija","","85862","1608607264"
"Fuengirola","Fuengirola","36.5417","-4.6250","Spain","ES","ESP","Andalusia","","85859","1724094287"
"Cáceres","Caceres","-16.0711","-57.6789","Brazil","BR","BRA","Mato Grosso","minor","85857","1076422654"
"Lake Forest","Lake Forest","33.6605","-117.6714","United States","US","USA","California","","85846","1840020591"
"Vólos","Volos","39.3667","22.9333","Greece","GR","GRC","Thessalía","minor","85803","1300109851"
"Guinobatan","Guinobatan","13.1800","123.6000","Philippines","PH","PHL","Albay","","85786","1608966710"
"Konstanz","Konstanz","47.6667","9.1833","Germany","DE","DEU","Baden-Württemberg","","85770","1276601373"
"Kharian","Kharian","32.8108","73.8647","Pakistan","PK","PAK","Punjab","","85765","1586004203"
"Anapa","Anapa","44.8944","37.3167","Russia","RU","RUS","Krasnodarskiy Kray","minor","85747","1643287068"
"San Ramon","San Ramon","37.7624","-121.9365","United States","US","USA","California","","85734","1840021530"
"Melbourne","Melbourne","28.1086","-80.6627","United States","US","USA","Florida","","85718","1840015960"
"Bāsoda","Basoda","23.8515","77.9365","India","IN","IND","Madhya Pradesh","","85716","1356486235"
"Longhua","Longhua","41.3246","117.7344","China","CN","CHN","Hebei","minor","85697","1156450415"
"Taishan Houcun","Taishan Houcun","41.3170","117.7264","China","CN","CHN","Hebei","","85697","1156451284"
"San Pedro Sacatepéquez","San Pedro Sacatepequez","14.9667","-91.7667","Guatemala","GT","GTM","San Marcos","minor","85671","1320463364"
"Ducheng","Ducheng","23.2445","111.5342","China","CN","CHN","Guangdong","minor","85659","1156252532"
"Sekimachi","Sekimachi","35.4958","136.9180","Japan","JP","JPN","Gifu","","85636","1392926688"
"Maratturai","Maratturai","11.1536","79.5329","India","IN","IND","Tamil Nādu","","85632","1356242663"
"Worms","Worms","49.6319","8.3653","Germany","DE","DEU","Rhineland-Palatinate","minor","85609","1276944683"
"Redenção","Redencao","-8.0289","-50.0308","Brazil","BR","BRA","Pará","minor","85597","1076392685"
"Karakol","Karakol","42.4906","78.3936","Kyrgyzstan","KG","KGZ","Ysyk-Köl","admin","85588","1417269527"
"El Bayadh","El Bayadh","33.6803","1.0203","Algeria","DZ","DZA","El Bayadh","admin","85577","1012906892"
"Franklin","Franklin","35.9200","-86.8516","United States","US","USA","Tennessee","","85575","1840013380"
