"Ikom","Ikom","6.0833","8.6167","Nigeria","NG","NGA","Cross River","minor","79103","1566375153"
"Tustin","Tustin","33.7311","-117.8107","United States","US","USA","California","","79035","1840021967"
"Būmahen","Bumahen","35.7322","51.8672","Iran","IR","IRN","Tehrān","","79034","1364656518"
"Bahārestān","Baharestan","32.4867","51.7808","Iran","IR","IRN","Eşfahān","","79023","1364254559"
"Arāria","Araria","26.1500","87.5200","India","IN","IND","Bihār","","79021","1356297542"
"Cuamba","Cuamba","-14.8200","36.5486","Mozambique","MZ","MOZ","Niassa","","79013","1508862081"
"Huaral","Huaral","-11.5000","-77.2000","Peru","PE","PER","Lima","","79011","1604962520"
"Madīnat as Sādāt","Madinat as Sadat","30.4182","30.5747","Egypt","EG","EGY","Al Buḩayrah","","79000","1818951142"
"Pèrèrè","Perere","9.7994","2.9928","Benin","BJ","BEN","Borgou","","78988","1204059359"
"Delmenhorst","Delmenhorst","53.0506","8.6317","Germany","DE","DEU","Lower Saxony","minor","78979","1276098664"
"Türkoğlu","Turkoglu","37.3914","36.8522","Turkey","TR","TUR","Kahramanmaraş","minor","78976","1792828944"
"Alfenas","Alfenas","-21.4289","-45.9469","Brazil","BR","BRA","Minas Gerais","minor","78970","1076300425"
"Sougueur","Sougueur","35.1833","1.5000","Algeria","DZ","DZA","Tiaret","","78956","1012177947"
"Terre Haute","Terre Haute","39.4660","-87.3751","United States","US","USA","Indiana","","78940","1840009671"
"Upland","Upland","34.1178","-117.6604","United States","US","USA","California","","78940","1840021730"
"Nakatsugawa","Nakatsugawa","35.4876","137.5006","Japan","JP","JPN","Gifu","","78930","1392764709"
"Caraguatatuba","Caraguatatuba","-23.6200","-45.4128","Brazil","BR","BRA","São Paulo","minor","78921","1076107372"
"New Westminster","New Westminster","49.2069","-122.9111","Canada","CA","CAN","British Columbia","","78916","1124196524"
"Tiko","Tiko","4.0750","9.3600","Cameroon","CM","CMR","South-West","","78885","1120287576"
"Sesto San Giovanni","Sesto San Giovanni","45.5333","9.2333","Italy","IT","ITA","Lombardy","","78884","1380068715"
"Bistriţa","Bistrita","47.1333","24.5000","Romania","RO","ROU","Bistriţa-Năsăud","admin","78877","1642633889"
"Kouvola","Kouvola","60.8681","26.7042","Finland","FI","FIN","Kymenlaakso","admin","78824","1246167296"
"Georgetown","Georgetown","30.6660","-97.6966","United States","US","USA","Texas","","78803","1840020875"
"Subulussalam","Subulussalam","2.6422","98.0042","Indonesia","ID","IDN","Aceh","","78801","1360306114"
"Tambacounda","Tambacounda","13.7689","-13.6672","Senegal","SN","SEN","Tambacounda","admin","78800","1686195160"
"Dome","Dome","5.6500","-0.2361","Ghana","GH","GHA","Greater Accra","","78785","1288419315"
"Tierralta","Tierralta","7.9167","-76.1667","Colombia","CO","COL","Córdoba","minor","78770","1170909785"
"Zarzis","Zarzis","33.5000","11.1167","Tunisia","TN","TUN","Médenine","","78766","1788933524"
"Maizuru","Maizuru","35.4667","135.3833","Japan","JP","JPN","Kyōto","","78730","1392353780"
"Bury","Bury","53.5930","-2.2980","United Kingdom","GB","GBR","Bury","","78729","1826242195"
"Eastleigh","Eastleigh","50.9667","-1.3500","United Kingdom","GB","GBR","Hampshire","","78716","1826595228"
"Elbasan","Elbasan","41.1111","20.0806","Albania","AL","ALB","Elbasan","admin","78703","1008409270"
"Pagbilao","Pagbilao","13.9720","121.6870","Philippines","PH","PHL","Quezon","","78700","1608158304"
"Villa Celina","Villa Celina","-34.7167","-58.4833","Argentina","AR","ARG","Buenos Aires, Ciudad Autónoma de","","78699","1032320584"
"Ra’s al Khafjī","Ra's al Khafji","28.4237","48.5091","Saudi Arabia","SA","SAU","Ash Sharqīyah","","78691","1682230104"
"Alīgūdarz","Aligudarz","33.4025","49.6903","Iran","IR","IRN","Lorestān","minor","78690","1364252948"
"Zaandam","Zaandam","52.4333","4.8333","Netherlands","NL","NLD","Noord-Holland","minor","78682","1528041299"
"Mooka","Mooka","36.4404","140.0134","Japan","JP","JPN","Tochigi","","78665","1392952105"
"Formosa","Formosa","-15.5369","-47.3339","Brazil","BR","BRA","Goiás","minor","78651","1076601172"
"Arlit","Arlit","18.7333","7.3833","Niger","NE","NER","Agadez","minor","78651","1562695011"
"Skarżysko-Kamienna","Skarzysko-Kamienna","51.1167","20.9167","Poland","PL","POL","Świętokrzyskie","minor","78636","1616858398"
"Dabakala","Dabakala","8.3667","-4.4333","Côte d’Ivoire","CI","CIV","Vallée du Bandama","minor","78634","1384615263"
"Moju","Moju","-1.8839","-48.7689","Brazil","BR","BRA","Pará","minor","78629","1076020210"
"Pau","Pau","43.3000","-0.3700","France","FR","FRA","Nouvelle-Aquitaine","minor","78620","1250041150"
"Curepipe","Curepipe","-20.3188","57.5263","Mauritius","MU","MUS","Plaines Wilhems","","78618","1480343099"
"Dongchuan","Dongchuan","25.4765","101.2847","China","CN","CHN","Yunnan","minor","78611","1156868763"
"Hengbei","Hengbei","23.8787","115.7309","China","CN","CHN","Guangdong","","78575","1156338217"
"Kuvango","Kuvango","-14.4667","16.3000","Angola","AO","AGO","Huíla","","78543","1024458480"
"Texarkana","Texarkana","33.4500","-94.0847","United States","US","USA","Texas","","78541","1840021987"
"Brixton","Brixton","51.4575","-0.1175","United Kingdom","GB","GBR","Lambeth","","78536","1826058068"
"Kendall","Kendall","25.6697","-80.3556","United States","US","USA","Florida","","78527","1840014244"
"Taher","Taher","36.7719","5.8983","Algeria","DZ","DZA","Jijel","","78500","1012984908"
"Gyōda","Gyoda","36.1389","139.4556","Japan","JP","JPN","Saitama","","78488","1392815268"
"Sahuayo de Morelos","Sahuayo de Morelos","20.0500","-102.7333","Mexico","MX","MEX","Michoacán","minor","78477","1484554120"
"Ijuí","Ijui","-28.3878","-53.9150","Brazil","BR","BRA","Rio Grande do Sul","minor","78461","1076683915"
"Aveiro","Aveiro","40.6389","-8.6553","Portugal","PT","PRT","Aveiro","admin","78450","1620555869"
"Bauang","Bauang","16.5300","120.3300","Philippines","PH","PHL","La Union","","78449","1608237333"
"Pasco","Pasco","46.2506","-119.1305","United States","US","USA","Washington","","78446","1840019888"
"Dinga","Dinga","32.6410","73.7243","Pakistan","PK","PAK","Punjab","","78422","1586527774"
"Estepona","Estepona","36.4264","-5.1472","Spain","ES","ESP","Andalusia","","78413","1724460361"
"Iperu","Iperu","6.9143","3.6632","Nigeria","NG","NGA","Ogun","","78412","1566848833"
"Varese","Varese","45.8167","8.8333","Italy","IT","ITA","Lombardy","minor","78409","1380137214"
"Arkonam","Arkonam","13.0778","79.6667","India","IN","IND","Tamil Nādu","","78395","1356031273"
"Kuznetsk","Kuznetsk","53.1167","46.6000","Russia","RU","RUS","Penzenskaya Oblast’","","78390","1643787798"
"Champigny-sur-Marne","Champigny-sur-Marne","48.8172","2.5156","France","FR","FRA","Île-de-France","","78367","1250631569"
"Samadiāla","Samadiala","21.3370","71.3100","India","IN","IND","Gujarāt","","78354","1356166137"
"Bandar-e Emām Khomeynī","Bandar-e Emam Khomeyni","30.5491","49.0586","Iran","IR","IRN","Khūzestān","","78353","1364420942"
"Bandar Emām","Bandar Emam","30.5058","49.0742","Iran","IR","IRN","Khūzestān","","78353","1364872870"
"Três Rios","Tres Rios","-22.1169","-43.2089","Brazil","BR","BRA","Rio de Janeiro","minor","78346","1076943829"
"Kashiba","Kashiba","34.5414","135.6992","Japan","JP","JPN","Nara","","78346","1392003075"
"Barreiro","Barreiro","38.6631","-9.0725","Portugal","PT","PRT","Setúbal","minor","78345","1620760195"
"Denov","Denov","38.2667","67.9000","Uzbekistan","UZ","UZB","Surxondaryo","","78300","1860150082"
"Pototan","Pototan","10.9500","122.6300","Philippines","PH","PHL","Iloilo","","78298","1608792754"
"Qorveh","Qorveh","35.1678","47.8008","Iran","IR","IRN","Kordestān","minor","78276","1364464987"
"Queluz","Queluz","38.7566","-9.2545","Portugal","PT","PRT","Lisboa","","78273","1620896457"
"Limay","Limay","14.5619","120.5983","Philippines","PH","PHL","Bataan","","78272","1608113327"
"Bamban","Bamban","15.2742","120.5669","Philippines","PH","PHL","Tarlac","","78260","1608808534"
"Manbij","Manbij","36.5266","37.9563","Syria","SY","SYR","Ḩalab","minor","78255","1760355581"
"Yuanshan","Yuanshan","24.3733","114.4856","China","CN","CHN","Guangdong","minor","78254","1156015605"
"Pingyi","Pingyi","35.5104","117.6200","China","CN","CHN","Shandong","","78254","1156542248"
"Southall","Southall","51.5111","-0.3756","United Kingdom","GB","GBR","Ealing","","78253","1826336436"
"Huolu","Huolu","38.0874","114.3159","China","CN","CHN","Hebei","minor","78250","1156486055"
"San Pedro Pinula","San Pedro Pinula","14.6667","-89.8500","Guatemala","GT","GTM","Jalapa","minor","78244","1320622602"
"Rheine","Rheine","52.2833","7.4333","Germany","DE","DEU","North Rhine-Westphalia","","78220","1276882978"
"Péhonko","Pehonko","10.2283","2.0019","Benin","BJ","BEN","Atacora","","78217","1204295188"
"Milpitas","Milpitas","37.4336","-121.8921","United States","US","USA","California","","78216","1840020329"
"Sankt Gallen","Sankt Gallen","47.4233","9.3772","Switzerland","CH","CHE","Sankt Gallen","admin","78213","1756343098"
"Marburg","Marburg","50.8100","8.7708","Germany","DE","DEU","Hesse","minor","78203","1276012023"
"Argao","Argao","9.8800","123.6000","Philippines","PH","PHL","Cebu","minor","78187","1608797040"
"Al Khānkah","Al Khankah","30.2104","31.3681","Egypt","EG","EGY","Al Qalyūbīyah","","78185","1818549245"
"Joensuu","Joensuu","62.6000","29.7500","Finland","FI","FIN","Pohjois-Karjala","admin","78175","1246489056"
"Tanashichō","Tanashicho","35.7275","139.5489","Japan","JP","JPN","Tōkyō","","78165","1392605057"
"Chitembo","Chitembo","-13.5138","16.7541","Angola","AO","AGO","Bié","","78156","1024103269"
"Chitemo","Chitemo","-13.5167","16.7667","Angola","AO","AGO","Bié","","78156","1024290778"
"Macabebe","Macabebe","14.9081","120.7156","Philippines","PH","PHL","Pampanga","","78151","1608096291"
"Kuacjok","Kuacjok","8.3028","27.9800","South Sudan","SS","SSD","Warrap","admin","78111","1728713745"
"Faranah","Faranah","10.0333","-10.7333","Guinea","GN","GIN","Faranah","admin","78108","1324603099"
"Carmichael","Carmichael","38.6318","-121.3263","United States","US","USA","California","","78070","1840017579"
"Baracoa","Baracoa","20.3444","-74.4956","Cuba","CU","CUB","Guantánamo","minor","78056","1192326052"
"Kizugawa","Kizugawa","34.7372","135.8200","Japan","JP","JPN","Kyōto","","78035","1392003534"
"Chino Hills","Chino Hills","33.9508","-117.7254","United States","US","USA","California","","78024","1840019115"
"Godāwari̇̄","Godawari","28.9100","80.5900","Nepal","NP","NPL","Sudūrpashchim","admin","78018","1524020578"
"Vsevolozhsk","Vsevolozhsk","60.0333","30.6667","Russia","RU","RUS","Leningradskaya Oblast’","minor","78011","1643253701"
"Balqash","Balqash","46.8481","74.9950","Kazakhstan","KZ","KAZ","Qaraghandy","minor","78002","1398134106"
"Colón","Colon","9.3650","-79.8750","Panama","PA","PAN","Colón","admin","78000","1591599922"
"Tanuku","Tanuku","16.7566","81.6770","India","IN","IND","Andhra Pradesh","","77962","1356546052"
"Narra","Narra","9.2800","118.4200","Philippines","PH","PHL","Palawan","","77948","1608000798"
"Koch Bihār","Koch Bihar","26.3242","89.4510","India","IN","IND","West Bengal","","77935","1356121274"
"Maumere","Maumere","-8.6222","122.2122","Indonesia","ID","IDN","Nusa Tenggara Timur","minor","77909","1360776014"
"Chengbin","Chengbin","19.9969","110.3375","China","CN","CHN","Hainan","","77904","1156484050"
"Honjō","Honjo","36.2436","139.1904","Japan","JP","JPN","Saitama","","77900","1392850139"
"Pakxé","Pakxe","15.1167","105.7833","Laos","LA","LAO","Champasak","admin","77900","1418863956"
"Toyomamachi-teraike","Toyomamachi-teraike","38.6918","141.1877","Japan","JP","JPN","Miyagi","","77897","1392470544"
"Fray Bartolomé de Las Casas","Fray Bartolome de Las Casas","15.8456","-89.8658","Guatemala","GT","GTM","Alta Verapaz","minor","77896","1320227536"
"Novouralsk","Novouralsk","57.2500","60.0833","Russia","RU","RUS","Sverdlovskaya Oblast’","minor","77894","1643155652"
"Flower Mound","Flower Mound","33.0343","-97.1146","United States","US","USA","Texas","","77886","1840022010"
"Hoofddorp","Hoofddorp","52.3061","4.6907","Netherlands","NL","NLD","Noord-Holland","minor","77885","1528519634"
"Flagstaff","Flagstaff","35.1872","-111.6194","United States","US","USA","Arizona","","77868","1840020335"
"Villa Victoria","Villa Victoria","19.4333","-100.0000","Mexico","MX","MEX","México","minor","77819","1484528358"
"Daugavpils","Daugavpils","55.8714","26.5161","Latvia","LV","LVA","Augšdaugava","admin","77799","1428924928"
"Linkou","Linkou","45.2819","130.2519","China","CN","CHN","Heilongjiang","minor","77754","1156383623"
"Birkhadem","Birkhadem","36.7167","3.0500","Algeria","DZ","DZA","Alger","","77749","1012246970"
"Kuniyamuttūr","Kuniyamuttur","10.9638","76.9525","India","IN","IND","Tamil Nādu","","77748","1356159324"
"Kortrijk","Kortrijk","50.8275","3.2658","Belgium","BE","BEL","Flanders","minor","77741","1056702614"
"Kambam","Kambam","9.7375","77.2823","India","IN","IND","Tamil Nādu","","77736","1356864573"
"Bir el Ater","Bir el Ater","34.7497","8.0578","Algeria","DZ","DZA","Tébessa","","77727","1012519828"
"Brikama","Brikama","13.2667","-16.6500","Gambia, The","GM","GMB","West Coast","admin","77700","1270953861"
"Kineshma","Kineshma","57.4333","42.1333","Russia","RU","RUS","Ivanovskaya Oblast’","minor","77694","1643014487"
"Beyşehir","Beysehir","37.6764","31.7261","Turkey","TR","TUR","Konya","minor","77690","1792946985"
"Ukunda","Ukunda","-4.2929","39.5640","Kenya","KE","KEN","Kwale","","77686","1404549809"
"Huebampo","Huebampo","26.7228","-109.4856","Mexico","MX","MEX","Sonora","","77682","1484527916"
"Benalmádena","Benalmadena","36.6000","-4.5167","Spain","ES","ESP","Andalusia","","77654","1724108022"
"Hasselt","Hasselt","50.9304","5.3383","Belgium","BE","BEL","Flanders","minor","77651","1056617022"
"Bebedouro","Bebedouro","-20.9494","-48.4792","Brazil","BR","BRA","São Paulo","minor","77627","1076045128"
"Aksu","Aksu","36.9500","30.8500","Turkey","TR","TUR","Antalya","minor","77623","1792000876"
"Nitra","Nitra","48.3147","18.0875","Slovakia","SK","SVK","Nitra","admin","77610","1703890031"
"Lipjan","Lipjan","42.5217","21.1258","Kosovo","XK","XKS","Lipjan","admin","77605","1901682048"
"Alton","Alton","38.9037","-90.1520","United States","US","USA","Illinois","","77583","1840007424"
"Bodhan","Bodhan","18.6700","77.9000","India","IN","IND","Andhra Pradesh","","77573","1356506985"
"Santa Rosa","Santa Rosa","-27.8708","-54.4814","Brazil","BR","BRA","Rio Grande do Sul","minor","77519","1076071027"
"Zhongcheng","Zhongcheng","28.5973","103.9773","China","CN","CHN","Yunnan","minor","77514","1156106189"
"Lüneburg","Luneburg","53.2525","10.4144","Germany","DE","DEU","Lower Saxony","minor","77511","1276001423"
"Santa Catalina","Santa Catalina","9.3331","122.8658","Philippines","PH","PHL","Negros Oriental","","77501","1608085821"
"Pleasanton","Pleasanton","37.6663","-121.8805","United States","US","USA","California","","77500","1840020298"
"Molina de Segura","Molina de Segura","38.0548","-1.2131","Spain","ES","ESP","Murcia","","77493","1724074824"
"Stellenbosch","Stellenbosch","-33.9367","18.8614","South Africa","ZA","ZAF","Western Cape","","77476","1710221701"
"Cedar Park","Cedar Park","30.5105","-97.8197","United States","US","USA","Texas","","77474","1840019572"
"Çatalca","Catalca","41.1417","28.4631","Turkey","TR","TUR","İstanbul","minor","77468","1792373818"
"Hermosa","Hermosa","14.8300","120.5000","Philippines","PH","PHL","Bataan","","77443","1608543263"
"Blagoevgrad","Blagoevgrad","42.0227","23.0975","Bulgaria","BG","BGR","Blagoevgrad","admin","77441","1100214416"
"Perote","Perote","19.5619","-97.2419","Mexico","MX","MEX","Veracruz","minor","77432","1484668149"
"Mengla","Mengla","21.4686","101.5507","China","CN","CHN","Yunnan","minor","77425","1156134447"
"Katano","Katano","34.7833","135.6833","Japan","JP","JPN","Ōsaka","","77401","1392003379"
"Bellflower","Bellflower","33.8880","-118.1271","United States","US","USA","California","","77396","1840019230"
"San Luis","San Luis","16.1989","-89.4403","Guatemala","GT","GTM","Petén","minor","77395","1320642245"
"São João da Boa Vista","Sao Joao da Boa Vista","-21.9689","-46.7978","Brazil","BR","BRA","São Paulo","minor","77387","1076459561"
"Tsubame","Tsubame","37.6731","138.8822","Japan","JP","JPN","Niigata","","77382","1392932108"
"Loveland","Loveland","40.4166","-105.0623","United States","US","USA","Colorado","","77350","1840020152"
"Bor","Bor","56.3500","44.0833","Russia","RU","RUS","Nizhegorodskaya Oblast’","minor","77320","1643006538"
"Tirkākara","Tirkakara","10.0350","76.3290","India","IN","IND","Kerala","","77319","1356972490"
"Quatre Bornes","Quatre Bornes","-20.2654","57.4791","Mauritius","MU","MUS","Plaines Wilhems","","77308","1480144531"
"Jelenia Góra","Jelenia Gora","50.9033","15.7344","Poland","PL","POL","Dolnośląskie","minor","77305","1616105652"
"Puli","Puli","23.9667","120.9667","Taiwan","TW","TWN","Nantou","","77299","1158109634"
"Caxito","Caxito","-8.5800","13.6642","Angola","AO","AGO","Bengo","admin","77276","1024050171"
"Latacunga","Latacunga","-0.9319","-78.6161","Ecuador","EC","ECU","Cotopaxi","admin","77267","1218947988"
"Fnidq","Fnidq","35.8500","-5.3500","Morocco","MA","MAR","Tanger-Tétouan-Al Hoceïma","","77250","1504670555"
"Ban Tha Khlong","Ban Tha Khlong","14.0894","100.6236","Thailand","TH","THA","Pathum Thani","","77243","1764699235"
"Cozumel","Cozumel","20.5104","-86.9493","Mexico","MX","MEX","Quintana Roo","minor","77236","1484935305"
"Paisley","Paisley","55.8456","-4.4239","United Kingdom","GB","GBR","Renfrewshire","","77220","1826549531"
"Pattoki","Pattoki","31.0167","73.8500","Pakistan","PK","PAK","Punjab","","77210","1586235509"
"Harunabad","Harunabad","29.6097","73.1378","Pakistan","PK","PAK","Punjab","","77206","1586810051"
"Aş Şuwayrah","As Suwayrah","32.9256","44.7758","Iraq","IQ","IRQ","Wāsiţ","minor","77200","1368498003"
"Roosendaal","Roosendaal","51.5314","4.4556","Netherlands","NL","NLD","Noord-Brabant","minor","77200","1528671703"
"Bustos","Bustos","14.9500","120.9200","Philippines","PH","PHL","Bulacan","","77199","1608938758"
"Ukhta","Ukhta","63.5667","53.7000","Russia","RU","RUS","Komi","minor","77187","1643005165"
"Kabacan","Kabacan","7.1200","124.8200","Philippines","PH","PHL","Cotabato","","77164","1608578355"
"Fukuchiyama","Fukuchiyama","35.3000","135.1333","Japan","JP","JPN","Kyōto","","77150","1392295524"
"Shūsh","Shush","32.1947","48.2475","Iran","IR","IRN","Khūzestān","minor","77148","1364876336"
"Mansfield","Mansfield","40.7656","-82.5275","United States","US","USA","Ohio","","77137","1840000960"
"Mérignac","Merignac","44.8386","-0.6436","France","FR","FRA","Nouvelle-Aquitaine","","77136","1250010536"
"Chalándri","Chalandri","38.0167","23.8000","Greece","GR","GRC","Attikí","minor","77102","1300443208"
"Hammond","Hammond","41.6168","-87.4909","United States","US","USA","Indiana","","77098","1840007092"
"Umingan","Umingan","15.9289","120.8419","Philippines","PH","PHL","Pangasinan","","77074","1608046328"
"Bethlehem","Bethlehem","40.6266","-75.3679","United States","US","USA","Pennsylvania","","77069","1840000986"
"Tecamachalco","Tecamachalco","18.8667","-97.7167","Mexico","MX","MEX","Puebla","minor","77061","1484013224"
"Guildford","Guildford","51.2365","-0.5703","United Kingdom","GB","GBR","Surrey","","77057","1826863533"
"Nikkō","Nikko","36.7198","139.6982","Japan","JP","JPN","Tochigi","","77027","1392782537"
"Talakag","Talakag","8.2319","124.6025","Philippines","PH","PHL","Bukidnon","","77027","1608541231"
"Nabari","Nabari","34.6276","136.1084","Japan","JP","JPN","Mie","","77022","1392003150"
"Balagtas","Balagtas","14.8145","120.9085","Philippines","PH","PHL","Bulacan","","77018","1608000709"
"Toyooka","Toyooka","35.5500","134.8167","Japan","JP","JPN","Hyōgo","","77005","1392135908"
"Balkh","Balkh","36.7581","66.8981","Afghanistan","AF","AFG","Balkh","minor","77000","1004654094"
"Bongabong","Bongabong","12.7469","121.4881","Philippines","PH","PHL","Oriental Mindoro","","76973","1608784210"
"Çınar","Cinar","37.7242","40.4150","Turkey","TR","TUR","Diyarbakır","minor","76966","1792038099"
"Woodbury","Woodbury","44.9057","-92.9230","United States","US","USA","Minnesota","","76945","1840009998"
"Nagua","Nagua","19.3800","-69.8500","Dominican Republic","DO","DOM","Cibao Nordeste","minor","76933","1214449469"
"Alcalá de Guadaira","Alcala de Guadaira","37.3333","-5.8500","Spain","ES","ESP","Andalusia","","76922","1724537443"
"Berbérati","Berberati","4.2614","15.7894","Central African Republic","CF","CAF","Mambéré-Kadéï","admin","76918","1140239733"
"Santo Ângelo","Santo Angelo","-28.2989","-54.2628","Brazil","BR","BRA","Rio Grande do Sul","minor","76917","1076113692"
"Ébolowa","Ebolowa","2.9167","11.1500","Cameroon","CM","CMR","Sud","admin","76885","1120924207"
"Alameda","Alameda","37.7668","-122.2670","United States","US","USA","California","","76876","1840018913"
"Valença","Valenca","-22.2456","-43.7003","Brazil","BR","BRA","Rio de Janeiro","minor","76869","1076574787"
"Wyoming","Wyoming","42.8908","-85.7066","United States","US","USA","Michigan","","76865","1840000374"
"Mao","Mao","19.5667","-71.0833","Dominican Republic","DO","DOM","Cibao Noroeste","admin","76863","1214217168"
"Zhlobin","Zhlobin","52.9000","30.0333","Belarus","BY","BLR","Homyel’skaya Voblasts’","minor","76844","1112494264"
"Dorsten","Dorsten","51.6600","6.9642","Germany","DE","DEU","North Rhine-Westphalia","","76842","1276397774"
"Baj Baj","Baj Baj","22.4737","88.1739","India","IN","IND","West Bengal","","76837","1356102140"
"Chatham","Chatham","51.3700","0.5200","United Kingdom","GB","GBR","Medway","","76792","1826765672"
"Surt","Surt","31.2050","16.5886","Libya","LY","LBY","Surt","admin","76788","1434563640"
"Schaumburg","Schaumburg","42.0308","-88.0838","United States","US","USA","Illinois","","76780","1840011319"
"El Viejo","El Viejo","12.6667","-87.1667","Nicaragua","NI","NIC","Chinandega","minor","76775","1558770292"
"Usta Muhammad","Usta Muhammad","28.1783","68.0431","Pakistan","PK","PAK","Balochistan","","76753","1586111836"
"Yalta","Yalta","44.4994","34.1700","Ukraine","UA","UKR","Krym, Avtonomna Respublika","","76746","1804569428"
"Pyapon","Pyapon","16.2860","95.6658","Burma","MM","MMR","Ayeyarwady","","76741","1104170402"
"Palencia","Palencia","42.0167","-4.5333","Spain","ES","ESP","Castille-Leon","minor","76738","1724682403"
"Maricá","Marica","-22.9189","-42.8189","Brazil","BR","BRA","Rio de Janeiro","minor","76737","1076927018"
"Atambua","Atambua","-9.1061","124.8925","Indonesia","ID","IDN","Nusa Tenggara Timur","minor","76732","1360853693"
"Ilioúpoli","Ilioupoli","37.9333","23.7500","Greece","GR","GRC","Attikí","minor","76730","1300079206"
"Prince George","Prince George","53.9169","-122.7494","Canada","CA","CAN","British Columbia","","76708","1124733292"
"Mafra","Mafra","38.9333","-9.3333","Portugal","PT","PRT","Lisboa","minor","76685","1620095714"
"Yenakiieve","Yenakiieve","48.2167","38.2000","Ukraine","UA","UKR","Donetska Oblast","","76673","1804228533"
"Nipāni","Nipani","16.3990","74.3829","India","IN","IND","Mahārāshtra","","76666","1356358365"
"Tacámbaro de Codallos","Tacambaro de Codallos","19.2356","-101.4569","Mexico","MX","MEX","Michoacán","minor","76661","1484508699"
"Castle Rock","Castle Rock","39.3763","-104.8535","United States","US","USA","Colorado","","76614","1840022455"
"Antibes","Antibes","43.5808","7.1239","France","FR","FRA","Provence-Alpes-Côte d’Azur","","76612","1250213494"
"Aira","Aira","31.7283","130.6278","Japan","JP","JPN","Kagoshima","","76610","1392003374"
"Caledon","Caledon","43.8667","-79.8667","Canada","CA","CAN","Ontario","","76581","1124070007"
"Cotuí","Cotui","19.0600","-70.1500","Dominican Republic","DO","DOM","Cibao Sur","minor","76554","1214299029"
"Evanston","Evanston","42.0464","-87.6943","United States","US","USA","Illinois","","76552","1840008129"
"Tianguá","Tiangua","-3.7322","-40.9917","Brazil","BR","BRA","Ceará","minor","76537","1076661273"
"Daxincun","Daxincun","38.4428","106.3111","China","CN","CHN","Ningxia","","76536","1156044428"
"Dschang","Dschang","5.4500","10.0667","Cameroon","CM","CMR","Ouest","","76524","1120569504"
"Virac","Virac","13.5800","124.2300","Philippines","PH","PHL","Catanduanes","admin","76520","1608265120"
"Mahdia","Mahdia","35.5000","11.0667","Tunisia","TN","TUN","Mahdia","admin","76513","1788440786"
"Troisdorf","Troisdorf","50.8161","7.1556","Germany","DE","DEU","North Rhine-Westphalia","","76503","1276488227"
"Trinidad","Trinidad","21.8019","-79.9842","Cuba","CU","CUB","Sancti Spíritus","minor","76500","1192442414"
"Fāzilka","Fazilka","30.4030","74.0250","India","IN","IND","Punjab","","76492","1356509839"
"Abéché","Abeche","13.8331","20.8347","Chad","TD","TCD","Ouaddaï","admin","76492","1148461151"
"Doral","Doral","25.8152","-80.3565","United States","US","USA","Florida","","76490","1840015148"
"St. Joseph","St. Joseph","39.7598","-94.8210","United States","US","USA","Missouri","","76484","1840009549"
"Khemis el Khechna","Khemis el Khechna","36.6500","3.3306","Algeria","DZ","DZA","Boumerdes","","76474","1012679229"
"Funing","Funing","39.8879","119.2314","China","CN","CHN","Hebei","minor","76460","1156164001"
"Armant","Armant","25.6167","32.5333","Egypt","EG","EGY","Qinā","","76457","1818701870"
"Al Musayyib","Al Musayyib","32.7786","44.2900","Iraq","IQ","IRQ","Bābil","minor","76454","1368000434"
"Paragominas","Paragominas","-2.9950","-47.3528","Brazil","BR","BRA","Pará","minor","76450","1076557071"
"Shinkai","Shinkai","35.8367","139.5803","Japan","JP","JPN","Saitama","","76445","1392023081"
"Ozërsk","Ozersk","55.7500","60.7167","Russia","RU","RUS","Chelyabinskaya Oblast’","minor","76434","1643881437"
"Ibiúna","Ibiuna","-23.6564","-47.2225","Brazil","BR","BRA","São Paulo","minor","76432","1076173752"
"Kafr az Zayyāt","Kafr az Zayyat","30.8248","30.8180","Egypt","EG","EGY","Al Gharbīyah","","76413","1818335276"
"Paysandú","Paysandu","-32.3214","-58.0756","Uruguay","UY","URY","Paysandú","admin","76412","1858756515"
"Valdosta","Valdosta","30.8502","-83.2788","United States","US","USA","Georgia","","76393","1840015894"
"Crateús","Crateus","-5.1778","-40.6778","Brazil","BR","BRA","Ceará","minor","76390","1076897989"
"Wausau","Wausau","44.9620","-89.6459","United States","US","USA","Wisconsin","","76386","1840002163"
"Pocatello","Pocatello","42.8724","-112.4647","United States","US","USA","Idaho","","76370","1840013376"
"Ninh Hòa","Ninh Hoa","12.4917","109.1258","Vietnam","VN","VNM","Khánh Hòa","minor","76368","1704108515"
"Elizabethtown","Elizabethtown","37.7031","-85.8773","United States","US","USA","Kentucky","","76363","1840013218"
"Siedlce","Siedlce","52.1650","22.2714","Poland","PL","POL","Mazowieckie","minor","76357","1616939180"
"Sasolburg","Sasolburg","-26.8142","27.8286","South Africa","ZA","ZAF","Free State","","76349","1710432260"
"Melton","Melton","-37.6833","144.5833","Australia","AU","AUS","Victoria","","76346","1036007778"
"Pozzuoli","Pozzuoli","40.8231","14.1222","Italy","IT","ITA","Campania","","76331","1380746744"
"Shājāpur","Shajapur","23.4264","76.2778","India","IN","IND","Madhya Pradesh","","76319","1356454991"
"So-Awa","So-Awa","6.4667","2.4167","Benin","BJ","BEN","Atlantique","","76315","1204255912"
"Wilhelmshaven","Wilhelmshaven","53.5286","8.1056","Germany","DE","DEU","Lower Saxony","minor","76247","1276324633"
"Palmerston North","Palmerston North","-40.3549","175.6095","New Zealand","NZ","NZL","Manawatu-Wanganui","admin","76236","1554138183"
"Anniston","Anniston","33.6712","-85.8135","United States","US","USA","Alabama","","76228","1840006563"
"Arlington Heights","Arlington Heights","42.0955","-87.9826","United States","US","USA","Illinois","","76220","1840011243"
"Padre Hurtado","Padre Hurtado","-33.5667","-70.8333","Chile","CL","CHL","Región Metropolitana","","76219","1152529252"
"Palo","Palo","11.1583","124.9917","Philippines","PH","PHL","Leyte","","76213","1608826823"
"Keshod","Keshod","21.3000","70.2500","India","IN","IND","Gujarāt","","76193","1356488794"
"East Ham","East Ham","51.5323","0.0554","United Kingdom","GB","GBR","Newham","","76186","1826587417"
"Infanta","Infanta","14.7425","121.6494","Philippines","PH","PHL","Quezon","","76186","1608594453"
"Daisen","Daisen","39.4531","140.4754","Japan","JP","JPN","Akita","","76164","1392642502"
"Nahāvand","Nahavand","34.1928","48.3731","Iran","IR","IRN","Hamadān","minor","76162","1364090972"
"Bender","Bender","46.8333","29.4833","Moldova","MD","MDA","Bender","admin","76158","1498257678"
"Knysna","Knysna","-34.0356","23.0489","South Africa","ZA","ZAF","Western Cape","","76150","1710311704"
"Weston-super-Mare","Weston-super-Mare","51.3460","-2.9770","United Kingdom","GB","GBR","North Somerset","","76143","1826189795"
"Montepuez","Montepuez","-13.1167","39.0000","Mozambique","MZ","MOZ","Cabo Delgado","","76139","1508552201"
"Esteio","Esteio","-29.8608","-51.1789","Brazil","BR","BRA","Rio Grande do Sul","minor","76137","1076924823"
"Padre Las Casas","Padre Las Casas","-38.7667","-72.6000","Chile","CL","CHL","Araucanía","","76126","1152058226"
"Kahror Pakka","Kahror Pakka","29.6236","71.9167","Pakistan","PK","PAK","Punjab","","76098","1586974931"
"Oleksandriia","Oleksandriia","48.6667","33.1167","Ukraine","UA","UKR","Kirovohradska Oblast","minor","76097","1804836321"
"Lins","Lins","-21.6786","-49.7425","Brazil","BR","BRA","São Paulo","minor","76092","1076798294"
"Fancheng","Fancheng","39.1891","113.2729","China","CN","CHN","Shanxi","minor","76088","1156052290"
"Rochester Hills","Rochester Hills","42.6645","-83.1563","United States","US","USA","Michigan","","76086","1840002429"
"San Ramón de la Nueva Orán","San Ramon de la Nueva Oran","-23.1333","-64.3333","Argentina","AR","ARG","Salta","minor","76070","1032020207"
"Chintāmani","Chintamani","13.4000","78.0660","India","IN","IND","Karnātaka","","76068","1356761079"
"Ryūgasaki","Ryugasaki","35.9116","140.1823","Japan","JP","JPN","Ibaraki","","76055","1392150237"
"Manaoag","Manaoag","16.0439","120.4856","Philippines","PH","PHL","Pangasinan","","76045","1608599715"
"Southfield","Southfield","42.4765","-83.2605","United States","US","USA","Michigan","","76025","1840002431"
"Banská Bystrica","Banska Bystrica","48.7353","19.1453","Slovakia","SK","SVK","Banská Bystrica","admin","76018","1703015198"
"Saint-Maur-des-Fossés","Saint-Maur-des-Fosses","48.7994","2.4997","France","FR","FRA","Île-de-France","","76010","1250687119"
"Shkodër","Shkoder","42.0681","19.5119","Albania","AL","ALB","Shkodër","admin","76000","1008977725"
"Merouana","Merouana","35.6333","5.9167","Algeria","DZ","DZA","Batna","","76000","1012051214"
"Yanam","Yanam","16.7333","82.2167","India","IN","IND","Andhra Pradesh","","76000","1356982123"
"Sakon Nakhon","Sakon Nakhon","17.1564","104.1456","Thailand","TH","THA","Sakon Nakhon","admin","76000","1764476362"
"Tailai","Tailai","46.3909","123.4161","China","CN","CHN","Heilongjiang","minor","75992","1156294977"
"Toba Tek Singh","Toba Tek Singh","30.9711","72.4825","Pakistan","PK","PAK","Punjab","minor","75943","1586875835"
"Villa Elisa","Villa Elisa","-25.3734","-57.5841","Paraguay","PY","PRY","Central","","75933","1600500180"
"Şırnak","Sirnak","37.5200","42.4590","Turkey","TR","TUR","Şırnak","admin","75932","1792867633"
"Daytona Beach","Daytona Beach","29.1995","-81.0982","United States","US","USA","Florida","","75924","1840015068"
"Ciudad Real","Ciudad Real","38.9833","-3.9167","Spain","ES","ESP","Castille-La Mancha","minor","75909","1724671059"
"Rulin","Rulin","26.3585","110.3117","China","CN","CHN","Hunan","minor","75900","1156022675"
"Châteauguay","Chateauguay","45.3800","-73.7500","Canada","CA","CAN","Quebec","","75891","1124437897"
"Catacaos","Catacaos","-5.2653","-80.6750","Peru","PE","PER","Piura","","75870","1604229128"
"Pittsburg","Pittsburg","38.0182","-121.8965","United States","US","USA","California","","75868","1840020282"
"Kengtung","Kengtung","21.2917","99.6083","Burma","MM","MMR","Shan State","","75865","1104395820"
"Oshkosh","Oshkosh","44.0227","-88.5619","United States","US","USA","Wisconsin","","75850","1840002246"
"Espinal","Espinal","4.2000","-74.8333","Colombia","CO","COL","Tolima","minor","75828","1170084447"
"Gladbeck","Gladbeck","51.5667","6.9667","Germany","DE","DEU","North Rhine-Westphalia","","75799","1276216238"
"Pilar","Pilar","12.9244","123.6756","Philippines","PH","PHL","Sorsogon","","75793","1608564166"
"Surendranagar","Surendranagar","22.7000","71.6833","India","IN","IND","Gujarāt","","75755","1356002804"
"Paranavaí","Paranavai","-23.0728","-52.4650","Brazil","BR","BRA","Paraná","minor","75750","1076424384"
"Malappuram","Malappuram","11.0420","76.0815","India","IN","IND","Kerala","","75740","1356088136"
"Kargilik","Kargilik","37.8850","77.4131","China","CN","CHN","Xinjiang","minor","75730","1156790418"
"Keratsíni","Keratsini","37.9667","23.6167","Greece","GR","GRC","Attikí","minor","75721","1300341321"
"Cadereyta Jiménez","Cadereyta Jimenez","25.6000","-100.0000","Mexico","MX","MEX","Nuevo León","minor","75721","1484839099"
"Redmond","Redmond","47.6763","-122.1169","United States","US","USA","Washington","","75721","1840019835"
"Laiyuan","Laiyuan","39.3478","114.6808","China","CN","CHN","Hebei","minor","75701","1156459787"
"Lod","Lod","31.9500","34.9000","Israel","IL","ISR","Central","","75700","1376929543"
"Xaignabouli","Xaignabouli","19.2500","101.7500","Laos","LA","LAO","Xaignabouli","admin","75700","1418760593"
"Maghāghah","Maghaghah","28.6483","30.8422","Egypt","EG","EGY","Al Minyā","","75657","1818762526"
"Santa Rosa","Santa Rosa","15.4239","120.9389","Philippines","PH","PHL","Nueva Ecija","","75649","1608266790"
"Sapiranga","Sapiranga","-29.6378","-51.0069","Brazil","BR","BRA","Rio Grande do Sul","minor","75648","1076553484"
"Hoorn","Hoorn","52.6500","5.0667","Netherlands","NL","NLD","Noord-Holland","minor","75645","1528487371"
"Cherry Hill","Cherry Hill","39.9034","-74.9947","United States","US","USA","New Jersey","","75641","1840081685"
"San Pedro","San Pedro","-33.6792","-59.6669","Argentina","AR","ARG","Buenos Aires","minor","75616","1032604675"
"Arjona","Arjona","10.2586","-75.3461","Colombia","CO","COL","Bolívar","minor","75615","1170602407"
"Saratoga Springs","Saratoga Springs","43.0674","-73.7775","United States","US","USA","New York","","75599","1840000369"
"Jocotán","Jocotan","14.8167","-89.3833","Guatemala","GT","GTM","Chiquimula","minor","75578","1320875548"
"Aïn Temouchent","Ain Temouchent","35.3000","-1.1333","Algeria","DZ","DZA","Aïn Temouchent","admin","75558","1012763655"
"Garhi","Garhi","28.6317","77.3186","India","IN","IND","Uttar Pradesh","","75544","1356249734"
"Cataguases","Cataguases","-21.3892","-42.6967","Brazil","BR","BRA","Minas Gerais","minor","75540","1076169159"
"Jablah","Jablah","35.3621","35.9276","Syria","SY","SYR","Al Lādhiqīyah","minor","75505","1760685267"
"Ramla","Ramla","31.9275","34.8625","Israel","IL","ISR","Central","admin","75500","1376321361"
"Três Corações","Tres Coracoes","-21.6947","-45.2553","Brazil","BR","BRA","Minas Gerais","minor","75485","1076131585"
"Apple Valley","Apple Valley","34.5352","-117.2109","United States","US","USA","California","","75478","1840021733"
"Carlisle","Carlisle","54.8947","-2.9364","United Kingdom","GB","GBR","Cumbria","","75399","1826843688"
"Mansfield","Mansfield","32.5690","-97.1213","United States","US","USA","Texas","","75398","1840020702"
"Srīvilliputtūr","Srivilliputtur","9.5120","77.6330","India","IN","IND","Tamil Nādu","","75396","1356411981"
"Kiyose","Kiyose","35.7857","139.5265","Japan","JP","JPN","Saitama","","75389","1392003108"
"Xinglong","Xinglong","40.4146","117.4930","China","CN","CHN","Hebei","minor","75381","1156107741"
"Bhadarwāh","Bhadarwah","32.9800","75.7137","India","IN","IND","Jammu and Kashmīr","","75376","1356209475"
"Rānāghāt","Ranaghat","23.1800","88.5800","India","IN","IND","West Bengal","","75365","1356577877"
"Avilés","Aviles","43.5561","-5.9083","Spain","ES","ESP","Asturias","","75351","1724815050"
"Cheria","Cheria","35.2667","7.7500","Algeria","DZ","DZA","Tébessa","","75344","1012061422"
"Ajaccio","Ajaccio","41.9267","8.7369","France","FR","FRA","Corsica","admin","75343","1250622666"
"South Shields","South Shields","54.9950","-1.4300","United Kingdom","GB","GBR","South Tyneside","","75337","1826396004"
"Kai","Kai","35.6608","138.5158","Japan","JP","JPN","Yamanashi","","75337","1392003210"
"Bonāb","Bonab","37.3383","46.0539","Iran","IR","IRN","Āz̄arbāyjān-e Sharqī","minor","75332","1364781552"
"Villa Carlos Paz","Villa Carlos Paz","-31.4000","-64.5167","Argentina","AR","ARG","Córdoba","","75315","1032854975"
"Ekpé","Ekpe","6.4000","2.5333","Benin","BJ","BEN","Ouémé","","75313","1204585283"
"Pawtucket","Pawtucket","41.8744","-71.3743","United States","US","USA","Rhode Island","","75280","1840003285"
"Landshut","Landshut","48.5397","12.1508","Germany","DE","DEU","Bavaria","minor","75272","1276485277"
"Ardakān","Ardakan","32.3094","54.0186","Iran","IR","IRN","Yazd","minor","75271","1364447507"
"Acacías","Acacias","3.9878","-73.7597","Colombia","CO","COL","Meta","minor","75252","1170420071"
"Frontera","Frontera","26.9260","-101.4490","Mexico","MX","MEX","Coahuila","minor","75242","1484811972"
"Itapira","Itapira","-22.4361","-46.8217","Brazil","BR","BRA","São Paulo","minor","75234","1076706166"
"Missouri City","Missouri City","29.5630","-95.5365","United States","US","USA","Texas","","75234","1840020950"
"Nek’emtē","Nek'emte","9.0833","36.5500","Ethiopia","ET","ETH","Oromīya","","75219","1231437227"
"Paracatu","Paracatu","-17.2217","-46.8750","Brazil","BR","BRA","Minas Gerais","minor","75216","1076347421"
"Moussoro","Moussoro","13.6431","16.4919","Chad","TD","TCD","Barh-El-Gazel","admin","75210","1148918270"
"Erbaa","Erbaa","40.6744","36.5681","Turkey","TR","TUR","Tokat","minor","75210","1792516897"
"Tissemsilt","Tissemsilt","35.6078","1.8111","Algeria","DZ","DZA","Tissemsilt","admin","75197","1012743339"
"Sehwan","Sehwan","26.4193","67.8594","Pakistan","PK","PAK","Sindh","","75167","1586916835"
"Lagoa Santa","Lagoa Santa","-19.6357","-43.8966","Brazil","BR","BRA","Minas Gerais","minor","75145","1076169949"
"Dongguan","Dongguan","39.0173","111.1267","China","CN","CHN","Shanxi","minor","75135","1156886549"
"Dhrāngadhra","Dhrangadhra","22.9800","71.4700","India","IN","IND","Gujarāt","","75133","1356143071"
"Kunitachi","Kunitachi","35.6839","139.4414","Japan","JP","JPN","Tōkyō","","75133","1392309515"
"Dayr al Balaḩ","Dayr al Balah","31.4178","34.3503","Gaza Strip","XG","XGZ","","","75132","1916770606"
"Pinamungahan","Pinamungahan","10.2700","123.5800","Philippines","PH","PHL","Cebu","","75131","1608414270"
"East Kilbride","East Kilbride","55.7644","-4.1769","United Kingdom","GB","GBR","South Lanarkshire","","75120","1826488452"
"Teyateyaneng","Teyateyaneng","-29.1511","27.7425","Lesotho","LS","LSO","Berea","admin","75115","1426159118"
"Broomfield","Broomfield","39.9542","-105.0526","United States","US","USA","Colorado","","75110","1840018781"
"Zacatecoluca","Zacatecoluca","13.5000","-88.8667","El Salvador","SV","SLV","La Paz","admin","75100","1222647953"
"Kpalimé","Kpalime","6.9000","0.6333","Togo","TG","TGO","Plateaux","","75084","1768253626"
"Newcastle under Lyme","Newcastle under Lyme","53.0109","-2.2278","United Kingdom","GB","GBR","Staffordshire","","75082","1826124765"
"Mawatagama","Mawatagama","7.4322","80.4479","Sri Lanka","LK","LKA","North Western","","75081","1144574156"
"Burton upon Trent","Burton upon Trent","52.8019","-1.6367","United Kingdom","GB","GBR","Staffordshire","","75074","1826585602"
"Libon","Libon","13.3000","123.4333","Philippines","PH","PHL","Albay","","75073","1608618102"
"Belleville","Belleville","44.1667","-77.3833","Canada","CA","CAN","Ontario","","75052","1124786959"
"Telêmaco Borba","Telemaco Borba","-24.3239","-50.6158","Brazil","BR","BRA","Paraná","minor","75042","1076867165"
"Sidi Qacem","Sidi Qacem","34.2167","-5.7000","Morocco","MA","MAR","Rabat-Salé-Kénitra","","75037","1504300626"
"Gangammapeta","Gangammapeta","18.4980","83.9642","India","IN","IND","Andhra Pradesh","","75017","1356582081"
"Puqiancun","Puqiancun","23.5797","114.6200","China","CN","CHN","Guangdong","","75006","1156538844"
"Khejroli","Khejroli","27.3700","75.5700","India","IN","IND","Rājasthān","","75000","1356851484"
"Afak","Afak","32.0889","45.2506","Iraq","IQ","IRQ","Al Qādisīyah","minor","75000","1368549091"
"Wisil","Wisil","5.4281","48.1201","Somalia","SO","SOM","Mudug","","75000","1706820984"
"Feriana","Feriana","34.9500","8.5667","Tunisia","TN","TUN","Kasserine","","75000","1788954884"
"Warabi","Warabi","35.8256","139.6797","Japan","JP","JPN","Saitama","","74996","1392003138"
"Bugallon","Bugallon","15.9200","120.1800","Philippines","PH","PHL","Pangasinan","","74962","1608802354"
"Tocumen","Tocumen","9.0894","-79.3831","Panama","PA","PAN","Panamá","minor","74952","1591862635"
"Chaykovskiy","Chaykovskiy","56.7667","54.1500","Russia","RU","RUS","Permskiy Kray","minor","74913","1643089795"
"Panggezhuang","Panggezhuang","39.6336","116.3178","China","CN","CHN","Beijing","","74912","1156884261"
"Bayreuth","Bayreuth","49.9481","11.5783","Germany","DE","DEU","Bavaria","minor","74907","1276275069"
"Jaorā","Jaora","23.6300","75.1300","India","IN","IND","Madhya Pradesh","","74907","1356111524"
"Kropotkin","Kropotkin","45.4333","40.5667","Russia","RU","RUS","Krasnodarskiy Kray","minor","74893","1643006243"
"Ārba Minch’","Arba Minch'","6.0333","37.5500","Ethiopia","ET","ETH","YeDebub Bihēroch Bihēreseboch na Hizboch","","74879","1231302134"
"Gönen","Gonen","40.1014","27.6514","Turkey","TR","TUR","Balıkesir","minor","74871","1792788394"
"Fouchana","Fouchana","36.7000","10.1667","Tunisia","TN","TUN","Ben Arous","","74868","1788968797"
"Amakusa","Amakusa","32.4586","130.1931","Japan","JP","JPN","Kumamoto","","74861","1392003308"
"Tura","Tura","25.5200","90.2200","India","IN","IND","Meghālaya","","74858","1356555974"
"Ambājogāi","Ambajogai","18.7300","76.3800","India","IN","IND","Mahārāshtra","","74844","1356117450"
"Palencia","Palencia","14.6667","-90.3667","Guatemala","GT","GTM","Guatemala","minor","74839","1320202368"
"Detmold","Detmold","51.9378","8.8833","Germany","DE","DEU","North Rhine-Westphalia","minor","74835","1276802316"
"Upington","Upington","-28.4500","21.2500","South Africa","ZA","ZAF","Northern Cape","","74834","1710210449"
"Sinop","Sinop","-11.8639","-55.5039","Brazil","BR","BRA","Mato Grosso","minor","74831","1076876295"
"Juchitán de Zaragoza","Juchitan de Zaragoza","16.4333","-95.0167","Mexico","MX","MEX","Oaxaca","minor","74825","1484386317"
"Paterna","Paterna","39.5028","-0.4406","Spain","ES","ESP","Valencia","","74822","1724974310"
"Dabra","Dabra","25.8857","78.3322","India","IN","IND","Madhya Pradesh","","74807","1356520849"
"Brick","Brick","40.0600","-74.1099","United States","US","USA","New Jersey","","74807","1840081606"
"Ubud","Ubud","-8.5069","115.2624","Indonesia","ID","IDN","Bali","","74800","1360332409"
"Sasagawa","Sasagawa","37.2865","140.3727","Japan","JP","JPN","Fukushima","","74778","1392742964"
"La Paz","La Paz","-30.7500","-59.6500","Argentina","AR","ARG","Entre Ríos","minor","74762","1032955221"
"Usol’ye-Sibirskoye","Usol'ye-Sibirskoye","52.7500","103.6333","Russia","RU","RUS","Irkutskaya Oblast’","minor","74762","1643895073"
"Darhan","Darhan","49.4867","105.9228","Mongolia","MN","MNG","Darhan-Uul","admin","74738","1496235602"
"Darhan","Darhan","49.6167","106.3500","Mongolia","MN","MNG","Selenge","","74738","1496510995"
"Urla","Urla","38.3222","26.7647","Turkey","TR","TUR","İzmir","minor","74736","1792891509"
"Pozorrubio","Pozorrubio","16.1200","120.5500","Philippines","PH","PHL","Pangasinan","","74729","1608447063"
"Toffo","Toffo","6.8500","2.0833","Benin","BJ","BEN","Atlantique","","74717","1204877588"
"Esperanza","Esperanza","6.7167","124.5167","Philippines","PH","PHL","Sultan Kudarat","","74696","1608191259"
"Tanguiéta","Tanguieta","10.6167","1.2667","Benin","BJ","BEN","Atacora","","74675","1204832080"
"Tosu","Tosu","33.3833","130.5000","Japan","JP","JPN","Saga","","74673","1392003433"
"Benidorm","Benidorm","38.5342","-0.1314","Spain","ES","ESP","Valencia","","74663","1724178356"
"Mirpur Mathelo","Mirpur Mathelo","28.0167","69.5333","Pakistan","PK","PAK","Sindh","","74651","1586000335"
"Cotorro","Cotorro","23.0261","-82.2475","Cuba","CU","CUB","La Habana","","74650","1192456694"
"Janesville","Janesville","42.6854","-89.0135","United States","US","USA","Wisconsin","","74640","1840002467"
"Dalaguete","Dalaguete","9.7612","123.5349","Philippines","PH","PHL","Cebu","minor","74596","1608288277"
"Piraçununga","Piracununga","-21.9961","-47.4258","Brazil","BR","BRA","São Paulo","minor","74587","1076467647"
"Ouro Prêto","Ouro Preto","-20.3853","-43.5036","Brazil","BR","BRA","Minas Gerais","minor","74558","1076240779"
"Stakhanov","Stakhanov","48.5681","38.6586","Ukraine","UA","UKR","Luhanska Oblast","","74546","1804324480"
"Cinisello Balsamo","Cinisello Balsamo","45.5500","9.2167","Italy","IT","ITA","Lombardy","","74528","1380556172"
"Dayong","Dayong","22.4653","113.3004","China","CN","CHN","Guangdong","","74516","1156560925"
"Īṭahari̇̄","Itahari","26.6667","87.2833","Nepal","NP","NPL","","","74501","1524696654"
"Naro-Fominsk","Naro-Fominsk","55.3833","36.7667","Russia","RU","RUS","Moskovskaya Oblast’","minor","74493","1643037888"
"Péda-Houéyogbé","Peda-Houeyogbe","6.4500","1.9333","Benin","BJ","BEN","Mono","","74492","1204188588"
"Katori","Katori","35.6833","140.0333","Japan","JP","JPN","Chiba","","74469","1392702737"
"Kandori","Kandori","35.6796","139.9062","Japan","JP","JPN","Chiba","","74469","1392989690"
"Novotroitsk","Novotroitsk","51.2039","58.3114","Russia","RU","RUS","Orenburgskaya Oblast’","minor","74469","1643186193"
"San Marcos","San Marcos","29.8734","-97.9356","United States","US","USA","Texas","","74469","1840022188"
"Shancheng","Shancheng","34.7904","116.0800","China","CN","CHN","Shandong","","74459","1156514157"
"Bilecik","Bilecik","40.1431","29.9792","Turkey","TR","TUR","Bilecik","admin","74457","1792408667"
"San Antonio de Los Altos","San Antonio de Los Altos","10.3744","-66.9669","Venezuela","VE","VEN","Miranda","minor","74422","1862497585"
"Assab","Assab","13.0078","42.7411","Eritrea","ER","ERI","Debubawi K’eyyĭḥ Baḥri","admin","74405","1232396238"
"Gbawe","Gbawe","5.5769","-0.3104","Ghana","GH","GHA","Greater Accra","","74403","1288613578"
"Skellefteå","Skelleftea","64.6500","20.8500","Sweden","SE","SWE","Västerbotten","minor","74402","1752233025"
"Balingasag","Balingasag","8.7500","124.7800","Philippines","PH","PHL","Misamis Oriental","","74385","1608537192"
"Castrop-Rauxel","Castrop-Rauxel","51.5500","7.3167","Germany","DE","DEU","North Rhine-Westphalia","","74370","1276873073"
"Wandiwāsh","Wandiwash","12.5000","79.6200","India","IN","IND","Tamil Nādu","","74320","1356564734"
"Ouaké","Ouake","9.6617","1.3847","Benin","BJ","BEN","Donga","","74289","1204988582"
"Rāmhormoz","Ramhormoz","31.2753","49.6044","Iran","IR","IRN","Khūzestān","minor","74285","1364637975"
"Bongouanou","Bongouanou","6.6517","-4.2041","Côte d’Ivoire","CI","CIV","Comoé","minor","74281","1384380718"
"San Juan Opico","San Juan Opico","13.8833","-89.3500","El Salvador","SV","SLV","La Libertad","","74280","1222760219"
"Zlín","Zlin","49.2331","17.6669","Czechia","CZ","CZE","Zlínský Kraj","admin","74255","1203582141"
"Miki","Miki","34.7936","134.9931","Japan","JP","JPN","Hyōgo","","74255","1392000367"
"Uspantán","Uspantan","15.3458","-90.8694","Guatemala","GT","GTM","Quiché","minor","74244","1320948711"
"Silao","Silao","20.9478","-101.4281","Mexico","MX","MEX","Guanajuato","minor","74242","1484276023"
"San Marcos","San Marcos","13.5833","-89.2167","El Salvador","SV","SLV","San Salvador","","74221","1222304332"
"Camarillo","Camarillo","34.2230","-119.0321","United States","US","USA","California","","74210","1840019201"
"Arnsberg","Arnsberg","51.3833","8.0833","Germany","DE","DEU","North Rhine-Westphalia","","74206","1276285824"
"Izumiōtsu","Izumiotsu","34.5000","135.4000","Japan","JP","JPN","Ōsaka","","74175","1392003429"
"Canindé","Caninde","-4.3589","-39.3119","Brazil","BR","BRA","Ceará","minor","74174","1076519156"
"Eusébio","Eusebio","-3.8900","-38.4508","Brazil","BR","BRA","Ceará","minor","74170","1076187536"
"Mankono","Mankono","8.0586","-6.1897","Côte d’Ivoire","CI","CIV","Woroba","minor","74165","1384518405"
"Le Kram","Le Kram","36.8333","10.3167","Tunisia","TN","TUN","Tunis","","74132","1788996070"
"Aprilia","Aprilia","41.5833","12.6500","Italy","IT","ITA","Lazio","","74126","1380289716"
"Okegawa","Okegawa","36.0057","139.5427","Japan","JP","JPN","Saitama","","74115","1392003539"
"Meshgīn Shahr","Meshgin Shahr","38.3906","47.6742","Iran","IR","IRN","Ardabīl","minor","74109","1364069293"
"Al Qā’im","Al Qa'im","34.3925","40.9895","Iraq","IQ","IRQ","Al Anbār","minor","74100","1368231138"
"Airdrie","Airdrie","51.2917","-114.0144","Canada","CA","CAN","Alberta","","74100","1124990202"
"Balashov","Balashov","51.5469","43.1733","Russia","RU","RUS","Saratovskaya Oblast’","","74057","1643009402"
"Jackson","Jackson","35.6538","-88.8354","United States","US","USA","Tennessee","","74049","1840014528"
"Cannes","Cannes","43.5513","7.0128","France","FR","FRA","Provence-Alpes-Côte d’Azur","","74040","1250487828"
"Coatepeque","Coatepeque","13.9167","-89.5000","El Salvador","SV","SLV","Santa Ana","","74038","1222820033"
"Pennepalli","Pennepalli","14.1473","79.8477","India","IN","IND","Andhra Pradesh","","74037","1356540185"
"Gūdūr","Gudur","14.1473","79.8477","India","IN","IND","Andhra Pradesh","","74037","1356336545"
"Dubna","Dubna","56.7364","37.1625","Russia","RU","RUS","Moskovskaya Oblast’","minor","74032","1643266302"
"Ayvalık","Ayvalik","39.3167","26.6944","Turkey","TR","TUR","Balıkesir","minor","74030","1792417776"
"Casoria","Casoria","40.9000","14.3000","Italy","IT","ITA","Campania","","74021","1380040521"
"Pedro Brand","Pedro Brand","18.5667","-70.0911","Dominican Republic","DO","DOM","Ozama","","74016","1214244231"
"Dothan","Dothan","31.2336","-85.4070","United States","US","USA","Alabama","","74002","1840001518"
"Gravesend","Gravesend","51.4415","0.3685","United Kingdom","GB","GBR","Kent","","74000","1826609378"
"Ra‘ananna","Ra`ananna","32.1833","34.8667","Israel","IL","ISR","Central","","74000","1376791991"
"Brookes Point","Brookes Point","8.7800","117.8300","Philippines","PH","PHL","Palawan","","73994","1608472411"
"Tatebayashi","Tatebayashi","36.2448","139.5421","Japan","JP","JPN","Gunma","","73991","1392730385"
"Kyōtanabe","Kyotanabe","34.8144","135.7678","Japan","JP","JPN","Kyōto","","73985","1392003459"
"Sherman","Sherman","33.6273","-96.6221","United States","US","USA","Texas","","73984","1840021953"
"Kahan","Kahan","29.2982","68.9023","Pakistan","PK","PAK","Balochistan","","73981","1586040347"
"Sarai Alamgir","Sarai Alamgir","32.9000","73.7500","Pakistan","PK","PAK","Punjab","","73967","1586338206"
"Singaparna","Singaparna","-7.3497","108.1106","Indonesia","ID","IDN","Jawa Barat","minor","73965","1360770818"
"Lauderhill","Lauderhill","26.1605","-80.2241","United States","US","USA","Florida","","73961","1840015146"
"Le Bardo","Le Bardo","36.8092","10.1406","Tunisia","TN","TUN","Tunis","","73953","1788939893"
"Tatsunochō-tominaga","Tatsunocho-tominaga","34.8508","134.5453","Japan","JP","JPN","Hyōgo","","73952","1392582566"
"Majalengka","Majalengka","-6.8353","108.2278","Indonesia","ID","IDN","Jawa Barat","minor","73948","1360611152"
"Sarnia","Sarnia","42.9994","-82.3089","Canada","CA","CAN","Ontario","","73944","1124509835"
"Pazardzhik","Pazardzhik","42.1935","24.3328","Bulgaria","BG","BGR","Pazardzhik","admin","73931","1100273248"
"Harrisonburg","Harrisonburg","38.4362","-78.8735","United States","US","USA","Virginia","","73926","1840003844"
"Tamworth","Tamworth","52.6330","-1.6950","United Kingdom","GB","GBR","Staffordshire","","73924","1826336439"
"Vlaardingen","Vlaardingen","51.9167","4.3500","Netherlands","NL","NLD","Zuid-Holland","minor","73924","1528137355"
"Brandenburg","Brandenburg","52.4167","12.5333","Germany","DE","DEU","Brandenburg","minor","73921","1276372220"
"Samundri","Samundri","31.0625","72.9542","Pakistan","PK","PAK","Punjab","","73911","1586905223"
