"Dumangas","Dumangas","10.8300","122.7200","Philippines","PH","PHL","Iloilo","","73899","1608791064"
"Alicia","Alicia","16.7787","121.6972","Philippines","PH","PHL","Isabela","","73874","1608136235"
"Dĩ An","Di An","10.9039","106.7678","Vietnam","VN","VNM","Bình Dương","minor","73859","1704040724"
"Yurihonjō","Yurihonjo","39.3859","140.0488","Japan","JP","JPN","Akita","","73840","1392820312"
"Aïn Oulmene","Ain Oulmene","35.9167","5.3000","Algeria","DZ","DZA","Sétif","","73831","1012233825"
"Cunhinga","Cunhinga","-12.2333","16.7833","Angola","AO","AGO","Bié","","73826","1024704961"
"Bolingbrook","Bolingbrook","41.6901","-88.1021","United States","US","USA","Illinois","","73813","1840011482"
"Hāveri","Haveri","14.7935","75.4045","India","IN","IND","Karnātaka","","73805","1356283006"
"Yelabuga","Yelabuga","55.7667","52.0833","Russia","RU","RUS","Tatarstan","","73759","1643438030"
"Ellicott City","Ellicott City","39.2774","-76.8345","United States","US","USA","Maryland","","73737","1840005802"
"Verkhnyaya Pyshma","Verkhnyaya Pyshma","56.9761","60.5944","Russia","RU","RUS","Sverdlovskaya Oblast’","minor","73727","1643491878"
"Drohobych","Drohobych","49.3500","23.5000","Ukraine","UA","UKR","Lvivska Oblast","minor","73682","1804782563"
"Gouda","Gouda","52.0181","4.7056","Netherlands","NL","NLD","Zuid-Holland","minor","73681","1528695192"
"Tefé","Tefe","-3.3539","-64.7108","Brazil","BR","BRA","Amazonas","minor","73669","1076049089"
"Tarn Tāran","Tarn Taran","31.4519","74.9278","India","IN","IND","Punjab","","73638","1356155717"
"Nandi Hills","Nandi Hills","0.1037","35.1843","Kenya","KE","KEN","Nandi","","73626","1404700660"
"Birobidzhan","Birobidzhan","48.8000","132.9333","Russia","RU","RUS","Yevreyskaya Avtonomnaya Oblast’","admin","73623","1643548797"
"Mangalagiri","Mangalagiri","16.4300","80.5500","India","IN","IND","Andhra Pradesh","","73613","1356861607"
"João Monlevade","Joao Monlevade","-19.8100","-43.1736","Brazil","BR","BRA","Minas Gerais","minor","73610","1076127295"
"Linares","Linares","-35.8500","-71.6000","Chile","CL","CHL","Maule","minor","73602","1152783281"
"Vriddhāchalam","Vriddhachalam","11.5000","79.3300","India","IN","IND","Tamil Nādu","","73585","1356313384"
"Harrogate","Harrogate","53.9919","-1.5378","United Kingdom","GB","GBR","North Yorkshire","","73576","1826765513"
"Copacabana","Copacabana","6.3333","-75.5000","Colombia","CO","COL","Antioquia","minor","73574","1170002661"
"Cacoal","Cacoal","-11.4386","-61.4472","Brazil","BR","BRA","Rondônia","minor","73568","1076046408"
"Cao Bằng","Cao Bang","22.6667","106.2583","Vietnam","VN","VNM","Cao Bằng","admin","73549","1704552735"
"Târgu Jiu","Targu Jiu","45.0342","23.2747","Romania","RO","ROU","Gorj","admin","73545","1642174891"
"Xindian","Xindian","25.2814","101.5583","China","CN","CHN","Yunnan","","73530","1156746567"
"Kallakkurichchi","Kallakkurichchi","11.7380","78.9620","India","IN","IND","Tamil Nādu","","73528","1356128673"
"Bat Khela","Bat Khela","34.6200","71.9700","Pakistan","PK","PAK","Khyber Pakhtunkhwa","","73525","1586033847"
"Irecê","Irece","-11.3042","-41.8558","Brazil","BR","BRA","Bahia","minor","73524","1076348562"
"Kasama","Kasama","36.3452","140.3043","Japan","JP","JPN","Ibaraki","","73521","1392308767"
"Novoaltaysk","Novoaltaysk","53.3833","83.9333","Russia","RU","RUS","Altayskiy Kray","","73511","1643896344"
"Kumluca","Kumluca","36.3667","30.2833","Turkey","TR","TUR","Antalya","minor","73496","1792332777"
"Bandar-e Genāveh","Bandar-e Genaveh","29.5808","50.5172","Iran","IR","IRN","Būshehr","minor","73472","1364268734"
"Tupi","Tupi","6.3300","124.9500","Philippines","PH","PHL","South Cotabato","","73459","1608022150"
"Alexandria","Alexandria","31.2923","-92.4702","United States","US","USA","Louisiana","","73457","1840013873"
"Battle Creek","Battle Creek","42.2985","-85.2296","United States","US","USA","Michigan","","73448","1840003176"
"Kāsipālaiyam","Kasipalaiyam","11.3156","77.7092","India","IN","IND","Tamil Nādu","","73425","1356169570"
"Lala","Lala","7.9700","123.7500","Philippines","PH","PHL","Lanao del Norte","","73425","1608312825"
"Asti","Asti","44.9000","8.2069","Italy","IT","ITA","Piedmont","minor","73421","1380024585"
"Inuyama","Inuyama","35.3786","136.9445","Japan","JP","JPN","Gifu","","73420","1392393169"
"Pančevo","Pancevo","44.8739","20.6519","Serbia","RS","SRB","Pančevo","admin","73401","1688356974"
"Jose Abad Santos","Jose Abad Santos","5.9200","125.6500","Philippines","PH","PHL","Davao Occidental","","73381","1608681407"
"Ban Plai Bua Phatthana","Ban Plai Bua Phatthana","13.9032","100.3989","Thailand","TH","THA","Pathum Thani","","73369","1764928382"
"Bagan Si Api-api","Bagan Si Api-api","2.1667","100.8167","Indonesia","ID","IDN","Riau","minor","73360","1360940689"
"Majadahonda","Majadahonda","40.4728","-3.8722","Spain","ES","ESP","Madrid","","73355","1724482447"
"Tavşanlı","Tavsanli","39.5333","29.4833","Turkey","TR","TUR","Kütahya","minor","73306","1792642994"
"New Britain","New Britain","41.6759","-72.7862","United States","US","USA","Connecticut","","73301","1840004774"
"Aguilares","Aguilares","13.9500","-89.1833","El Salvador","SV","SLV","San Salvador","","73300","1222041807"
"Reconquista","Reconquista","-29.2333","-59.9333","Argentina","AR","ARG","Santa Fe","minor","73293","1032927391"
"Sheboygan","Sheboygan","43.7403","-87.7316","United States","US","USA","Wisconsin","","73268","1840002628"
"Quillota","Quillota","-32.8667","-71.2500","Chile","CL","CHL","Valparaíso","minor","73261","1152185579"
"Fada Ngourma","Fada Ngourma","12.0500","0.3667","Burkina Faso","BF","BFA","Est","admin","73200","1854057074"
"Ōtawara","Otawara","36.8711","140.0156","Japan","JP","JPN","Tochigi","","73189","1392953593"
"Pacajus","Pacajus","-4.1725","-38.4606","Brazil","BR","BRA","Ceará","minor","73188","1076601122"
"Shakargarh","Shakargarh","32.2628","75.1583","Pakistan","PK","PAK","Punjab","","73160","1586086639"
"Ragusa","Ragusa","36.9250","14.7306","Italy","IT","ITA","Sicilia","minor","73159","1380117871"
"Brunswick","Brunswick","31.1449","-81.4746","United States","US","USA","Georgia","","73159","1840013875"
"Ciudadela","Ciudadela","-34.6333","-58.5333","Argentina","AR","ARG","Buenos Aires","","73155","1032060423"
"Bula","Bula","13.4694","123.2775","Philippines","PH","PHL","Camarines Sur","","73143","1608911288"
"Pattukkottai","Pattukkottai","10.4300","79.3200","India","IN","IND","Tamil Nādu","","73135","1356044693"
"Almelo","Almelo","52.3567","6.6625","Netherlands","NL","NLD","Overijssel","minor","73132","1528084436"
"Gobindgarh","Gobindgarh","30.6709","76.3019","India","IN","IND","Punjab","","73131","1356126630"
"Edéa","Edea","3.8000","10.1333","Cameroon","CM","CMR","Littoral","","73128","1120546542"
"Saint-Nazaire","Saint-Nazaire","47.2736","-2.2139","France","FR","FRA","Pays de la Loire","minor","73111","1250133864"
"Brakpan","Brakpan","-26.2353","28.3700","South Africa","ZA","ZAF","Gauteng","","73080","1710291121"
"Altoona","Altoona","40.5082","-78.4007","United States","US","USA","Pennsylvania","","73070","1840001080"
"Shibukawa","Shibukawa","36.3894","139.0633","Japan","JP","JPN","Gunma","","73064","1392987761"
"Luján de Cuyo","Lujan de Cuyo","-32.9980","-68.8730","Argentina","AR","ARG","Mendoza","minor","73058","1032844765"
"Moa","Moa","20.6556","-74.9417","Cuba","CU","CUB","Holguín","minor","73053","1192288426"
"Berdychiv","Berdychiv","49.9000","28.5667","Ukraine","UA","UKR","Zhytomyrska Oblast","minor","73046","1804788404"
"Chaigoubu","Chaigoubu","37.7868","114.6107","China","CN","CHN","Hebei","minor","73028","1156384517"
"Santa Rosa de Cabal","Santa Rosa de Cabal","4.8667","-75.6167","Colombia","CO","COL","Risaralda","minor","73028","1170419801"
"Santa Isabel do Pará","Santa Isabel do Para","-1.2989","-48.1608","Brazil","BR","BRA","Pará","minor","73019","1076463384"
"Sharm ash Shaykh","Sharm ash Shaykh","27.8519","34.3050","Egypt","EG","EGY","Janūb Sīnā’","","73000","1818039222"
"Lodi","Lodi","38.1218","-121.2932","United States","US","USA","California","","72996","1840020263"
"Redlands","Redlands","34.0512","-117.1712","United States","US","USA","California","","72985","1840020412"
"Naqadeh","Naqadeh","36.9547","45.3881","Iran","IR","IRN","Āz̄arbāyjān-e Gharbī","minor","72975","1364695268"
"Lappeenranta","Lappeenranta","61.0667","28.1833","Finland","FI","FIN","Etelä-Karjala","admin","72959","1246492910"
"San Vicente del Caguán","San Vicente del Caguan","2.1167","-74.7667","Colombia","CO","COL","Caquetá","minor","72949","1170922792"
"Sidi Bibi","Sidi Bibi","30.2333","-9.5333","Morocco","MA","MAR","Souss-Massa","","72929","1504682772"
"Russas","Russas","-4.9400","-37.9758","Brazil","BR","BRA","Ceará","minor","72928","1076843360"
"La Dorada","La Dorada","5.4538","-74.6647","Colombia","CO","COL","Caldas","minor","72925","1170734727"
"Aschaffenburg","Aschaffenburg","49.9667","9.1500","Germany","DE","DEU","Bavaria","minor","72918","1276069907"
"Mackay","Mackay","-21.1411","149.1858","Australia","AU","AUS","Queensland","","72900","1036507374"
"Khomeyn","Khomeyn","33.6422","50.0789","Iran","IR","IRN","Markazī","minor","72882","1364717218"
"Jōyō","Joyo","34.8531","135.7800","Japan","JP","JPN","Kyōto","","72869","1392003353"
"Caguas","Caguas","18.2319","-66.0388","Puerto Rico","PR","PRI","Puerto Rico","","72862","1630023540"
"Néa Smýrni","Nea Smyrni","37.9500","23.7167","Greece","GR","GRC","Attikí","minor","72853","1300609999"
"Tocoa","Tocoa","15.6576","-86.0050","Honduras","HN","HND","Colón","","72847","1340024758"
"Jingzhou","Jingzhou","37.6911","116.2672","China","CN","CHN","Hebei","minor","72806","1156058160"
"Caserta","Caserta","41.0667","14.3333","Italy","IT","ITA","Campania","minor","72805","1380614087"
"Dale City","Dale City","38.6473","-77.3459","United States","US","USA","Virginia","","72793","1840006094"
"Chopda","Chopda","21.2500","75.3000","India","IN","IND","Mahārāshtra","","72783","1356848092"
"Glen Burnie","Glen Burnie","39.1560","-76.6071","United States","US","USA","Maryland","","72772","1840005917"
"Paine","Paine","-33.8167","-70.7500","Chile","CL","CHL","Región Metropolitana","","72759","1152629158"
"Catanauan","Catanauan","13.5917","122.3250","Philippines","PH","PHL","Quezon","","72752","1608072794"
"Spijkenisse","Spijkenisse","51.8333","4.3167","Netherlands","NL","NLD","Zuid-Holland","minor","72740","1528234095"
"Chalchuapa","Chalchuapa","13.9833","-89.6833","El Salvador","SV","SLV","Santa Ana","","72728","1222559007"
"Södertälje","Sodertalje","59.1978","17.6272","Sweden","SE","SWE","Stockholm","minor","72704","1752403970"
"Amparo","Amparo","-22.7031","-46.7650","Brazil","BR","BRA","São Paulo","minor","72677","1076656250"
"Hương Trà","Huong Tra","16.4675","107.5181","Vietnam","VN","VNM","Thừa Thiên-Huế","minor","72677","1704200603"
"Yafran","Yafran","32.0629","12.5267","Libya","LY","LBY","Al Jabal al Gharbī","","72662","1434967497"
"Carles","Carles","11.5700","123.1300","Philippines","PH","PHL","Iloilo","","72637","1608210040"
"Sanwal","Sanwal","27.6300","83.6500","Nepal","NP","NPL","Lumbinī","","72621","1524197976"
"Rio do Sul","Rio do Sul","-27.2139","-49.6428","Brazil","BR","BRA","Santa Catarina","minor","72587","1076530229"
"Sremska Mitrovica","Sremska Mitrovica","44.9661","19.6106","Serbia","RS","SRB","Sremska Mitrovica","admin","72580","1688974283"
"Gaspar","Gaspar","-26.9308","-48.9589","Brazil","BR","BRA","Santa Catarina","minor","72570","1076754588"
"Mysłowice","Myslowice","50.2333","19.1333","Poland","PL","POL","Śląskie","minor","72553","1616757185"
"Zhuolu","Zhuolu","40.3753","115.2150","China","CN","CHN","Hebei","minor","72538","1156059000"
"Lanxi","Lanxi","46.2664","126.2760","China","CN","CHN","Heilongjiang","minor","72528","1156269575"
"Mount Vernon","Mount Vernon","40.9136","-73.8291","United States","US","USA","New York","","72528","1840000781"
"San Dionisio","San Dionisio","14.4839","120.9925","Philippines","PH","PHL","Parañaque","","72522","1608848150"
"Esmeraldas","Esmeraldas","-19.7625","-44.3139","Brazil","BR","BRA","Minas Gerais","minor","72512","1076007995"
"Weligama","Weligama","5.9750","80.4297","Sri Lanka","LK","LKA","Southern","","72511","1144776498"
"Siruguppa","Siruguppa","15.6000","77.0000","India","IN","IND","Karnātaka","","72503","1356620756"
"Nepālgañj","Nepalganj","28.0500","81.6167","Nepal","NP","NPL","","","72503","1524207917"
"Tangalla","Tangalla","6.0240","80.7911","Sri Lanka","LK","LKA","Southern","","72500","1144402312"
"Bacacay","Bacacay","13.2925","123.7917","Philippines","PH","PHL","Albay","","72485","1608847770"
"Hekinan","Hekinan","34.8847","136.9934","Japan","JP","JPN","Aichi","","72480","1392819275"
"Lakeville","Lakeville","44.6774","-93.2520","United States","US","USA","Minnesota","","72480","1840007859"
"Dover","Dover","43.1887","-70.8845","United States","US","USA","New Hampshire","","72476","1840002808"
"Lebanon","Lebanon","40.3412","-76.4228","United States","US","USA","Pennsylvania","","72475","1840001347"
"Ede","Ede","52.0436","5.6667","Netherlands","NL","NLD","Gelderland","minor","72460","1528361626"
"Sipalay","Sipalay","9.7500","122.4000","Philippines","PH","PHL","Negros Occidental","","72448","1608396492"
"Dazaifu","Dazaifu","33.5128","130.5239","Japan","JP","JPN","Fukuoka","","72430","1392003236"
"Samborondón","Samborondon","-2.1833","-79.8833","Ecuador","EC","ECU","Guayas","minor","72425","1218370377"
"Longkoucun","Longkoucun","23.5742","116.7303","China","CN","CHN","Guangdong","","72421","1156223355"
"Alegrete","Alegrete","-29.7839","-55.7911","Brazil","BR","BRA","Rio Grande do Sul","minor","72409","1076174745"
"Bocholt","Bocholt","51.8333","6.6167","Germany","DE","DEU","North Rhine-Westphalia","","72409","1276001655"
"Keshan","Keshan","48.0263","125.8659","China","CN","CHN","Heilongjiang","minor","72403","1156775094"
"Candeias","Candeias","-12.6678","-38.5508","Brazil","BR","BRA","Bahia","minor","72382","1076438209"
"Yukuhashi","Yukuhashi","33.7289","130.9831","Japan","JP","JPN","Fukuoka","","72376","1392003279"
"Sangāreddi","Sangareddi","17.6119","78.0819","India","IN","IND","Andhra Pradesh","","72344","1356177714"
"Rocklin","Rocklin","38.8075","-121.2489","United States","US","USA","California","","72340","1840020232"
"Zogbodomé","Zogbodome","7.0833","2.1000","Benin","BJ","BEN","Zou","","72338","1204008692"
"Wood Buffalo","Wood Buffalo","57.6042","-111.3284","Canada","CA","CAN","Alberta","","72326","1124001123"
"Kotelniki","Kotelniki","55.6617","37.8672","Russia","RU","RUS","Moskovskaya Oblast’","minor","72311","1643514399"
"Dambulla","Dambulla","7.8600","80.6517","Sri Lanka","LK","LKA","Central","","72306","1144340825"
"Goya","Goya","-29.1333","-59.2500","Argentina","AR","ARG","Corrientes","minor","72304","1032251925"
"Oroquieta","Oroquieta","8.4800","123.8000","Philippines","PH","PHL","Misamis Occidental","admin","72301","1608239509"
"Virudunagar","Virudunagar","9.5680","77.9624","India","IN","IND","Tamil Nādu","","72296","1356157444"
"Abancay","Abancay","-13.6333","-72.8833","Peru","PE","PER","Apurímac","admin","72277","1604782074"
"Penafiel","Penafiel","41.2000","-8.2833","Portugal","PT","PRT","Porto","minor","72265","1620996272"
"San Fernando","San Fernando","10.1700","123.7000","Philippines","PH","PHL","Cebu","","72224","1608073409"
"Radès","Rades","36.7667","10.2833","Tunisia","TN","TUN","Ben Arous","","72209","1788930929"
"Palín","Palin","14.4039","-90.6986","Guatemala","GT","GTM","Escuintla","minor","72203","1320669279"
"Tlemcen","Tlemcen","34.8828","-1.3167","Algeria","DZ","DZA","Tlemcen","admin","72200","1012978325"
"Turbaná","Turbana","10.2833","-75.4500","Colombia","CO","COL","Bolívar","minor","72168","1170487782"
"Yoshikawa","Yoshikawa","35.8939","139.8414","Japan","JP","JPN","Saitama","","72139","1392319161"
"El Banco","El Banco","8.9983","-73.9747","Colombia","CO","COL","Magdalena","minor","72131","1170111607"
"Warora","Warora","20.2300","79.0008","India","IN","IND","Mahārāshtra","","72126","1356657499"
"Tibati","Tibati","6.4667","12.6333","Cameroon","CM","CMR","Adamaoua","","72081","1120299131"
"Sault Ste. Marie","Sault Ste. Marie","46.5333","-84.3500","Canada","CA","CAN","Ontario","","72051","1124810690"
"Camalig","Camalig","13.1300","123.6700","Philippines","PH","PHL","Albay","","72042","1608361656"
"Sakrand","Sakrand","26.1381","68.2731","Pakistan","PK","PAK","Sindh","","72040","1586485600"
"Najrān","Najran","17.4917","44.1322","Saudi Arabia","SA","SAU","Najrān","admin","72038","1682069716"
"Framingham","Framingham","42.3085","-71.4368","United States","US","USA","Massachusetts","","72013","1840003131"
"Bella Vista","Bella Vista","-34.5333","-58.6667","Argentina","AR","ARG","Buenos Aires","","72000","1032720412"
"Bailongqiaocun","Bailongqiaocun","29.0767","119.5517","China","CN","CHN","Zhejiang","","72000","1156410377"
"Colón","Colon","22.7225","-80.9067","Cuba","CU","CUB","Matanzas","minor","72000","1192866771"
"Chaklāsi","Chaklasi","22.6500","72.9300","India","IN","IND","Gujarāt","","72000","1356043788"
"Nilanga","Nilanga","18.1161","76.7525","India","IN","IND","Mahārāshtra","","72000","1356358329"
"Belo Tsiribihina","Belo Tsiribihina","-19.7016","44.5465","Madagascar","MG","MDG","Toliara","","72000","1450104370"
"Myaydo","Myaydo","19.3667","95.2167","Burma","MM","MMR","Magway","","72000","1104898210"
"Haka","Haka","22.6455","93.6050","Burma","MM","MMR","Sagaing","","72000","1104921389"
"Al Līth","Al Lith","20.1480","40.2722","Saudi Arabia","SA","SAU","Makkah al Mukarramah","","72000","1682243537"
"Sonsonate","Sonsonate","13.7167","-89.7167","El Salvador","SV","SLV","Sonsonate","admin","71980","1222380208"
"Shostka","Shostka","51.8667","33.4833","Ukraine","UA","UKR","Sumska Oblast","minor","71966","1804764606"
"Wesley Chapel","Wesley Chapel","28.2106","-82.3238","United States","US","USA","Florida","","71965","1840014118"
"Long Mỹ","Long My","9.6814","105.5708","Vietnam","VN","VNM","Hậu Giang","minor","71963","1704531917"
"Borongan","Borongan","11.6094","125.4361","Philippines","PH","PHL","Eastern Samar","admin","71961","1608990192"
"San Andrés","San Andres","12.5847","-81.7006","Colombia","CO","COL","San Andrés y Providencia","admin","71946","1170563968"
"Wenping","Wenping","27.1931","103.5273","China","CN","CHN","Yunnan","minor","71943","1156139149"
"Gumaca","Gumaca","13.9210","122.1002","Philippines","PH","PHL","Quezon","","71942","1608989555"
"Noblesville","Noblesville","40.0355","-86.0042","United States","US","USA","Indiana","","71940","1840013891"
"Stara Pazova","Stara Pazova","44.9833","20.1667","Serbia","RS","SRB","Stara Pazova","admin","71931","1688866909"
"Araranguá","Ararangua","-28.9350","-49.4858","Brazil","BR","BRA","Santa Catarina","minor","71922","1076532332"
"Esbjerg","Esbjerg","55.4670","8.4500","Denmark","DK","DNK","Syddanmark","minor","71921","1208757169"
"Goianira","Goianira","-16.4958","-49.4258","Brazil","BR","BRA","Goiás","minor","71916","1076457587"
"La Lima","La Lima","15.4402","-87.9278","Honduras","HN","HND","Cortés","","71910","1340766612"
"Chiryū","Chiryu","35.0014","137.0506","Japan","JP","JPN","Aichi","","71907","1392192403"
"Tamarac","Tamarac","26.2056","-80.2539","United States","US","USA","Florida","","71887","1840016001"
"Centreville","Centreville","38.8390","-77.4389","United States","US","USA","Virginia","","71885","1840006015"
"Čačak","Cacak","43.8914","20.3497","Serbia","RS","SRB","Čačak","admin","71883","1688216463"
"Quilāndi","Quilandi","11.4390","75.6950","India","IN","IND","Kerala","","71873","1356719358"
"Carpi","Carpi","44.7833","10.8850","Italy","IT","ITA","Emilia-Romagna","","71869","1380990747"
"São Tomé","Sao Tome","0.3361","6.7306","Sao Tome and Principe","ST","STP","Água Grande","primary","71868","1678301324"
"Mun’gyŏng","Mun'gyong","36.5939","128.2014","Korea, South","KR","KOR","Gyeongbuk","","71863","1410822576"
"Ishioka","Ishioka","36.1908","140.2872","Japan","JP","JPN","Ibaraki","","71851","1392188897"
"Maroúsi","Marousi","38.0500","23.8000","Greece","GR","GRC","Attikí","minor","71830","1300017523"
"Jabuticabal","Jabuticabal","-21.2550","-48.3219","Brazil","BR","BRA","São Paulo","minor","71821","1076368201"
"Castro","Castro","-24.7893","-50.0123","Brazil","BR","BRA","Paraná","minor","71809","1076233349"
"Calauag","Calauag","13.9575","122.2875","Philippines","PH","PHL","Quezon","","71809","1608371509"
"Bozüyük","Bozuyuk","39.9078","30.0367","Turkey","TR","TUR","Bilecik","minor","71806","1792194878"
"Cajamar","Cajamar","-23.3561","-46.8769","Brazil","BR","BRA","São Paulo","minor","71805","1076369653"
"São Sebastião do Paraíso","Sao Sebastiao do Paraiso","-20.9169","-46.9908","Brazil","BR","BRA","Minas Gerais","minor","71796","1076022954"
"Kresek","Kresek","-6.1314","106.3800","Indonesia","ID","IDN","Jawa Barat","","71795","1360535530"
"Patzún","Patzun","14.6833","-91.0167","Guatemala","GT","GTM","Chimaltenango","minor","71790","1320400081"
"Kabarore","Kabarore","-1.6306","30.3787","Rwanda","RW","RWA","Eastern Province","","71769","1646082974"
"Sambrial","Sambrial","32.1600","74.4000","Pakistan","PK","PAK","Punjab","","71766","1586539893"
"Piła","Pila","53.1500","16.7333","Poland","PL","POL","Wielkopolskie","minor","71735","1616414354"
"Dondo","Dondo","-9.6942","14.4228","Angola","AO","AGO","Cuanza-Norte","","71715","1024323066"
"Shrewsbury","Shrewsbury","52.7080","-2.7540","United Kingdom","GB","GBR","Shropshire","","71715","1826283137"
"Mazabuka","Mazabuka","-15.8467","27.7475","Zambia","ZM","ZMB","Southern","","71700","1894390715"
"Mānikganj","Manikganj","23.8614","90.0003","Bangladesh","BD","BGD","Dhaka","","71698","1050452657"
"Florida","Florida","21.5294","-78.2228","Cuba","CU","CUB","Camagüey","minor","71676","1192766774"
"Poinciana","Poinciana","28.1217","-81.4821","United States","US","USA","Florida","","71665","1840014132"
"Ágios Dimítrios","Agios Dimitrios","37.9333","23.7333","Greece","GR","GRC","Attikí","minor","71664","1300159419"
"Noisy-le-Grand","Noisy-le-Grand","48.8478","2.5528","France","FR","FRA","Île-de-France","","71632","1250182208"
"Kayes","Kayes","-4.1683","13.2933","Congo (Brazzaville)","CG","COG","Bouenza","","71620","1178012015"
"Sertolovo","Sertolovo","60.1500","30.2167","Russia","RU","RUS","Leningradskaya Oblast’","","71614","1643009710"
"Calarcá","Calarca","4.5333","-75.6500","Colombia","CO","COL","Quindío","minor","71605","1170442353"
"Tarīn Kōṯ","Tarin Kot","32.6267","65.8733","Afghanistan","AF","AFG","Uruzgān","admin","71604","1004893931"
"Bakıxanov","Bakixanov","40.4217","49.9644","Azerbaijan","AZ","AZE","Bakı","","71600","1031114052"
"Kawm Umbū","Kawm Umbu","24.4667","32.9500","Egypt","EG","EGY","Aswān","","71596","1818527731"
"Mandlā","Mandla","22.5978","80.3714","India","IN","IND","Madhya Pradesh","","71579","1356069599"
"Palmeira dos Índios","Palmeira dos Indios","-9.4069","-36.6278","Brazil","BR","BRA","Alagoas","minor","71574","1076723276"
"Ostend","Ostend","51.2258","2.9194","Belgium","BE","BEL","Flanders","minor","71557","1056454956"
"Saymayl","Saymayl","36.8582","42.8482","Iraq","IQ","IRQ","Dahūk","minor","71557","1368902174"
"Fairbanks","Fairbanks","64.8353","-147.6533","United States","US","USA","Alaska","","71555","1840023463"
"Indaial","Indaial","-26.8978","-49.2319","Brazil","BR","BRA","Santa Catarina","minor","71549","1076950422"
"Anzhero-Sudzhensk","Anzhero-Sudzhensk","56.0833","86.0333","Russia","RU","RUS","Kemerovskaya Oblast’","","71547","1643779858"
"La Estrella","La Estrella","6.1667","-75.6667","Colombia","CO","COL","Antioquia","minor","71545","1170386533"
"Pililla","Pililla","14.4800","121.3000","Philippines","PH","PHL","Rizal","","71535","1608814633"
"Santo Tirso","Santo Tirso","41.3425","-8.4775","Portugal","PT","PRT","Porto","minor","71530","1620557735"
"Gosport","Gosport","50.7900","-1.1200","United Kingdom","GB","GBR","Hampshire","","71529","1826330438"
"Lake Elsinore","Lake Elsinore","33.6847","-117.3344","United States","US","USA","California","","71516","1840020560"
"Kirovo-Chepetsk","Kirovo-Chepetsk","58.5500","50.0000","Russia","RU","RUS","Kirovskaya Oblast’","minor","71498","1643630912"
"Parang","Parang","5.9200","120.9200","Philippines","PH","PHL","Sulu","","71495","1608491577"
"Dias d’Ávila","Dias d'Avila","-12.6128","-38.2969","Brazil","BR","BRA","Bahia","minor","71485","1076290338"
"Lomas del Mirador","Lomas del Mirador","-34.6667","-58.5297","Argentina","AR","ARG","Buenos Aires","","71479","1032639381"
"Nanfengcun","Nanfengcun","23.7460","111.7966","China","CN","CHN","Guangdong","","71479","1156559294"
"Salamá","Salama","15.1000","-90.2667","Guatemala","GT","GTM","Baja Verapaz","admin","71478","1320223205"
"Camden","Camden","39.9361","-75.1073","United States","US","USA","New Jersey","","71471","1840001507"
"Biankouma","Biankouma","7.7333","-7.6167","Côte d’Ivoire","CI","CIV","Montagnes","minor","71470","1384938071"
"Korgas","Korgas","44.2125","80.4097","China","CN","CHN","Xinjiang","minor","71466","1156221385"
"Lisburn","Lisburn","54.5120","-6.0310","United Kingdom","GB","GBR","Lisburn and Castlereagh","","71465","1826667481"
"Lüdenscheid","Ludenscheid","51.2167","7.6333","Germany","DE","DEU","North Rhine-Westphalia","minor","71463","1276839426"
"Rāyadrug","Rayadrug","14.6997","76.8524","India","IN","IND","Andhra Pradesh","","71445","1356086451"
"Mamoudzou","Mamoudzou","-12.7806","45.2278","Mayotte","YT","MYT","","primary","71437","1175099654"
"Halmstad","Halmstad","56.6718","12.8556","Sweden","SE","SWE","Halland","admin","71422","1752392511"
"Rogers","Rogers","36.3170","-94.1531","United States","US","USA","Arkansas","","71411","1840014444"
"Binalbagan","Binalbagan","10.2000","122.8700","Philippines","PH","PHL","Negros Occidental","","71407","1608949607"
"Shahrixon","Shahrixon","40.7167","72.0500","Uzbekistan","UZ","UZB","Andijon","minor","71400","1860958957"
"Bilāra","Bilara","26.1792","73.7056","India","IN","IND","Rājasthān","","71396","1356567691"
"Villa Tunari","Villa Tunari","-16.9747","-65.4203","Bolivia","BO","BOL","Cochabamba","","71386","1068987267"
"Huanchaco","Huanchaco","-7.7000","-79.4333","Peru","PE","PER","La Libertad","","71379","1604242904"
"Campo Formoso","Campo Formoso","-10.5089","-40.3208","Brazil","BR","BRA","Bahia","minor","71377","1076847580"
"Sagunto","Sagunto","39.6800","-0.2783","Spain","ES","ESP","Valencia","","71377","1724302941"
"Goa","Goa","13.6983","123.4889","Philippines","PH","PHL","Camarines Sur","","71368","1608724845"
"Érd","Erd","47.3833","18.9167","Hungary","HU","HUN","Pest","minor","71338","1348575496"
"Drancy","Drancy","48.9300","2.4500","France","FR","FRA","Île-de-France","","71312","1250144343"
"Vyborg","Vyborg","60.7167","28.7667","Russia","RU","RUS","Leningradskaya Oblast’","minor","71279","1643778472"
"Talibon","Talibon","10.1200","124.2800","Philippines","PH","PHL","Bohol","","71272","1608420317"
"Las Piedras","Las Piedras","-34.7167","-56.2167","Uruguay","UY","URY","Canelones","","71268","1858563314"
"Ganthier","Ganthier","18.5316","-72.0633","Haiti","HT","HTI","Ouest","","71261","1332549888"
"Blaine","Blaine","45.1696","-93.2077","United States","US","USA","Minnesota","","71261","1840006719"
"Jinsha","Jinsha","23.5286","116.6150","China","CN","CHN","Guangdong","","71240","1156108304"
"Parappanangādi","Parappanangadi","11.0497","75.8575","India","IN","IND","Kerala","","71239","1356812567"
"Konongo","Konongo","6.6167","-1.2167","Ghana","GH","GHA","Ashanti","","71238","1288795145"
"Waingapu","Waingapu","-9.6500","120.2667","Indonesia","ID","IDN","Nusa Tenggara Timur","minor","71218","1360882365"
"Gela","Gela","37.0667","14.2500","Italy","IT","ITA","Sicilia","","71217","1380218145"
"Placetas","Placetas","22.3158","-79.6556","Cuba","CU","CUB","Villa Clara","minor","71208","1192546991"
"Rāyagada","Rayagada","19.1700","83.4200","India","IN","IND","Odisha","","71208","1356978742"
"Melong","Melong","5.1211","9.9528","Cameroon","CM","CMR","Littoral","","71189","1120198694"
"Fernandópolis","Fernandopolis","-20.2839","-50.2458","Brazil","BR","BRA","São Paulo","minor","71186","1076205721"
"Musashimurayama","Musashimurayama","35.7548","139.3874","Japan","JP","JPN","Tōkyō","","71183","1392092262"
"Morong","Morong","14.5127","121.2385","Philippines","PH","PHL","Rizal","","71151","1608636821"
"San Francisco del Rincón","San Francisco del Rincon","21.0228","-101.8600","Mexico","MX","MEX","Guanajuato","minor","71139","1484674455"
"Gibara","Gibara","21.1072","-76.1367","Cuba","CU","CUB","Holguín","minor","71126","1192391794"
"Ratangarh","Ratangarh","28.0787","74.6219","India","IN","IND","Rājasthān","","71124","1356344775"
"Wilmington","Wilmington","39.7415","-75.5416","United States","US","USA","Delaware","","71124","1840005579"
"Tāndūr","Tandur","17.2576","77.5875","India","IN","IND","Andhra Pradesh","","71108","1356472437"
"Hala","Hala","25.8100","68.4300","Pakistan","PK","PAK","Sindh","","71094","1586002765"
"Bakhmut","Bakhmut","48.5947","38.0008","Ukraine","UA","UKR","Donetska Oblast","minor","71094","1804007616"
"Mārkāpur","Markapur","15.7300","79.2600","India","IN","IND","Andhra Pradesh","","71092","1356101278"
"Terme","Terme","41.2092","36.9739","Turkey","TR","TUR","Samsun","minor","71092","1792046832"
"Bunbury","Bunbury","-33.3272","115.6369","Australia","AU","AUS","Western Australia","","71090","1036561011"
"Sihanoukville","Sihanoukville","10.6333","103.5000","Cambodia","KH","KHM","Preah Sihanouk","admin","71082","1116098692"
"Mauban","Mauban","14.1911","121.7308","Philippines","PH","PHL","Quezon","","71081","1608083644"
"Tejupilco","Tejupilco","18.9058","-100.1528","Mexico","MX","MEX","México","minor","71077","1484506998"
"Goianésia","Goianesia","-15.3175","-49.1175","Brazil","BR","BRA","Goiás","minor","71075","1076636505"
"Alabang","Alabang","14.4184","121.0385","Philippines","PH","PHL","Muntinlupa","","71075","1608950948"
"Montecristi","Montecristi","-1.0500","-80.6667","Ecuador","EC","ECU","Manabí","","71066","1218883853"
"Nadi","Nadi","-17.8000","177.4167","Fiji","FJ","FJI","Ba","","71048","1242357822"
"St. Charles","St. Charles","38.7954","-90.5157","United States","US","USA","Missouri","","71048","1840009719"
"Blacksburg","Blacksburg","37.2300","-80.4279","United States","US","USA","Virginia","","71014","1840006446"
"An Nu‘mānīyah","An Nu`maniyah","32.5562","45.4129","Iraq","IQ","IRQ","Wāsiţ","minor","71000","1368555186"
"Abū Tīj","Abu Tij","27.0442","31.3189","Egypt","EG","EGY","Asyūţ","","70969","1818372797"
"Juayúa","Juayua","13.8333","-89.7333","El Salvador","SV","SLV","Sonsonate","","70959","1222293042"
"Malaut","Malaut","30.1900","74.4990","India","IN","IND","Punjab","","70958","1356603442"
"Samraong","Samraong","14.2500","103.5833","Cambodia","KH","KHM","Oddar Meanchey","admin","70944","1116989175"
"Kopargo","Kopargo","9.8375","1.5481","Benin","BJ","BEN","Donga","","70938","1204451155"
"Torremolinos","Torremolinos","36.6218","-4.5003","Spain","ES","ESP","Andalusia","","70933","1724424815"
"Kodungallūr","Kodungallur","10.2338","76.1946","India","IN","IND","Kerala","","70868","1356492886"
"Corozal","Corozal","9.3333","-75.2500","Colombia","CO","COL","Sucre","minor","70853","1170958484"
"Gwadar","Gwadar","25.1264","62.3225","Pakistan","PK","PAK","Balochistan","minor","70852","1586857142"
"Neyyāttinkara","Neyyattinkara","8.4000","77.0800","India","IN","IND","Kerala","","70850","1356391337"
"Kumanovo","Kumanovo","42.1322","21.7144","North Macedonia","MK","MKD","Kumanovo","admin","70842","1807301219"
"Dondo","Dondo","-19.6167","34.7500","Mozambique","MZ","MOZ","Sofala","","70817","1508741848"
"Ejura","Ejura","7.3856","-1.3562","Ghana","GH","GHA","Ashanti","","70807","1288797018"
"Sesvete","Sesvete","45.8311","16.1164","Croatia","HR","HRV","Zagreb, Grad","","70800","1191537414"
"Zadar","Zadar","44.1170","15.2355","Croatia","HR","HRV","Zadarska Županija","admin","70779","1191160875"
"Waukesha","Waukesha","43.0087","-88.2464","United States","US","USA","Wisconsin","","70779","1840003008"
"Bāpatla","Bapatla","15.9044","80.4675","India","IN","IND","Andhra Pradesh","","70777","1356828422"
"Fatehābād","Fatehabad","29.5200","75.4500","India","IN","IND","Haryāna","","70777","1356065839"
"Kalamasseri","Kalamasseri","10.0520","76.3158","India","IN","IND","Kerala","","70776","1356614388"
"Casas Adobes","Casas Adobes","32.3423","-111.0113","United States","US","USA","Arizona","","70770","1840018108"
"Tumauini","Tumauini","17.2700","121.8000","Philippines","PH","PHL","Isabela","","70743","1608685501"
"Ostrów Wielkopolski","Ostrow Wielkopolski","51.6494","17.8164","Poland","PL","POL","Wielkopolskie","minor","70725","1616691422"
"Baldwin Park","Baldwin Park","34.0829","-117.9722","United States","US","USA","California","","70720","1840019227"
"Şirvan","Sirvan","39.9323","48.9203","Azerbaijan","AZ","AZE","Şirvan","","70684","1031478213"
"Al Qurayyā","Al Qurayya","34.9563","40.5414","Syria","SY","SYR","Dayr az Zawr","","70680","1760541645"
"Gardēz","Gardez","33.6000","69.2169","Afghanistan","AF","AFG","Paktiyā","admin","70641","1004468894"
"Cremona","Cremona","45.1333","10.0247","Italy","IT","ITA","Lombardy","minor","70637","1380496758"
"Pavia","Pavia","45.1853","9.1550","Italy","IT","ITA","Lombardy","minor","70636","1380571928"
"Paphos","Paphos","34.7667","32.4167","Cyprus","CY","CYP","Páfos","admin","70635","1196607408"
"Rugby","Rugby","52.3700","-1.2600","United Kingdom","GB","GBR","Warwickshire","","70627","1826969205"
"Badvel","Badvel","14.7500","79.0500","India","IN","IND","Andhra Pradesh","","70626","1356145368"
"Loulé","Loule","37.1440","-8.0235","Portugal","PT","PRT","Faro","minor","70622","1620028270"
"Yinying","Yinying","37.9410","113.5602","China","CN","CHN","Shanxi","minor","70614","1156916738"
"Longzhou","Longzhou","38.4348","114.5465","China","CN","CHN","Hebei","minor","70614","1156167479"
"Karasu","Karasu","41.1036","30.6936","Turkey","TR","TUR","Sakarya","minor","70600","1792318472"
"Poblacion","Poblacion","10.2500","123.9500","Philippines","PH","PHL","Cebu","","70595","1608772527"
"Shujaabad","Shujaabad","29.8792","71.3028","Pakistan","PK","PAK","Punjab","","70595","1586679997"
"Stafford","Stafford","52.8070","-2.1170","United Kingdom","GB","GBR","Staffordshire","","70592","1826088347"
"Vālpārai","Valparai","10.3276","76.9553","India","IN","IND","Tamil Nādu","","70589","1356065507"
"Chingford","Chingford","51.6230","0.0090","United Kingdom","GB","GBR","Waltham Forest","","70583","1826861021"
"Cabudare","Cabudare","10.0331","-69.2633","Venezuela","VE","VEN","Lara","minor","70578","1862114226"
"Cleveland","Cleveland","35.1817","-84.8707","United States","US","USA","Tennessee","","70578","1840014603"
"Sankaranayinār Kovil","Sankaranayinar Kovil","9.1600","77.5500","India","IN","IND","Tamil Nādu","","70574","1356966080"
"Xangongo","Xangongo","-16.7467","14.9747","Angola","AO","AGO","Cunene","","70568","1024323582"
"Uxbridge","Uxbridge","51.5404","-0.4778","United Kingdom","GB","GBR","Hillingdon","","70560","1826505308"
"Zenica","Zenica","44.2017","17.9039","Bosnia and Herzegovina","BA","BIH","Bosnia and Herzegovina, Federation of","minor","70553","1070047832"
"Tenkāsi","Tenkasi","8.9564","77.3152","India","IN","IND","Tamil Nādu","","70545","1356465590"
"Dublin","Dublin","37.7161","-121.8963","United States","US","USA","California","","70542","1840018916"
"Ankeny","Ankeny","41.7288","-93.6031","United States","US","USA","Iowa","","70542","1840007066"
"Bundaberg","Bundaberg","-24.8661","152.3494","Australia","AU","AUS","Queensland","","70540","1036377333"
"Maple Grove","Maple Grove","45.1089","-93.4626","United States","US","USA","Minnesota","","70539","1840008923"
"Sūratgarh","Suratgarh","29.3177","73.8989","India","IN","IND","Rājasthān","","70536","1356840891"
"Quíbor","Quibor","9.9311","-69.6247","Venezuela","VE","VEN","Lara","minor","70536","1862178539"
"Kaukhāli","Kaukhali","22.6333","90.0667","Bangladesh","BD","BGD","Barishal","","70515","1050299194"
"Sig","Sig","35.5278","-0.1861","Algeria","DZ","DZA","Mascara","","70499","1012835736"
"Baiquan","Baiquan","47.6018","126.0819","China","CN","CHN","Heilongjiang","minor","70472","1156009118"
"Mindelo","Mindelo","16.8860","-24.9880","Cabo Verde","CV","CPV","São Vicente","admin","70468","1132180389"
"Bayonne","Bayonne","40.6668","-74.1158","United States","US","USA","New Jersey","","70468","1840003595"
"Palni","Palni","10.4500","77.5161","India","IN","IND","Tamil Nādu","","70467","1356384365"
"Mubārakpur","Mubarakpur","26.0900","83.2900","India","IN","IND","Uttar Pradesh","","70463","1356034417"
"Togoch’alē","Togoch'ale","9.6014","43.3361","Ethiopia","ET","ETH","Sumalē","","70450","1231990748"
"Būr Fu’ād","Bur Fu'ad","31.2314","32.3253","Egypt","EG","EGY","Būr Sa‘īd","","70417","1818849497"
"Capanema","Capanema","-1.1958","-47.1808","Brazil","BR","BRA","Pará","minor","70394","1076799309"
"Nelamangala","Nelamangala","13.1020","77.3740","India","IN","IND","Karnātaka","","70393","1356943451"
"Pavia","Pavia","10.7750","122.5417","Philippines","PH","PHL","Iloilo","","70388","1608401350"
"Bayramaly","Bayramaly","37.6167","62.1500","Turkmenistan","TM","TKM","Mary","","70376","1795017692"
"Yawata-shimizui","Yawata-shimizui","34.8756","135.7075","Japan","JP","JPN","Kyōto","","70373","1392797096"
"Linares","Linares","24.8597","-99.5647","Mexico","MX","MEX","Nuevo León","minor","70368","1484504671"
"Fulda","Fulda","50.5508","9.6753","Germany","DE","DEU","Hesse","minor","70366","1276669051"
"Aliaga","Aliaga","15.5036","120.8450","Philippines","PH","PHL","Nueva Ecija","","70363","1608044866"
"Dandeli","Dandeli","15.2667","74.6167","India","IN","IND","Karnātaka","","70342","1356782464"
"Orani","Orani","14.8000","120.5300","Philippines","PH","PHL","Bataan","","70342","1608338403"
"North Richland Hills","North Richland Hills","32.8604","-97.2180","United States","US","USA","Texas","","70338","1840020703"
"Santa María La Pila","Santa Maria La Pila","15.6056","-89.8125","Guatemala","GT","GTM","Alta Verapaz","","70321","1320008740"
"Minxiong","Minxiong","23.5504","120.4457","Taiwan","TW","TWN","Chiayi","","70316","1158122397"
"Huwei","Huwei","23.7200","120.4354","Taiwan","TW","TWN","Yunlin","","70300","1158896051"
"Celle","Celle","52.6256","10.0825","Germany","DE","DEU","Lower Saxony","minor","70293","1276282135"
"Bopa","Bopa","6.5833","1.9833","Benin","BJ","BEN","Mono","","70268","1204457759"
"Brumado","Brumado","-14.2036","-41.6653","Brazil","BR","BRA","Bahia","minor","70268","1076669684"
"Chapayevsk","Chapayevsk","52.9833","49.7167","Russia","RU","RUS","Samarskaya Oblast’","","70228","1643027172"
"Tataouine","Tataouine","32.9306","10.4500","Tunisia","TN","TUN","Tataouine","admin","70224","1788300169"
"Hujra Shah Muqim","Hujra Shah Muqim","30.7333","73.8167","Pakistan","PK","PAK","Punjab","","70204","1586402344"
"Nāndūra Buzurg","Nandura Buzurg","20.8333","76.4597","India","IN","IND","Mahārāshtra","","70200","1356987352"
"Dimbokro","Dimbokro","6.6505","-4.7100","Côte d’Ivoire","CI","CIV","Lacs","admin","70198","1384235566"
"Rizal","Rizal","15.7100","121.1047","Philippines","PH","PHL","Nueva Ecija","","70196","1608031788"
"Eastvale","Eastvale","33.9617","-117.5803","United States","US","USA","California","","70179","1840028421"
"Tinambac","Tinambac","13.8183","123.3244","Philippines","PH","PHL","Camarines Sur","","70176","1608308136"
"Pazarcık","Pazarcik","37.4894","37.2967","Turkey","TR","TUR","Kahramanmaraş","minor","70173","1792266473"
"San Antonio","San Antonio","14.4656","121.0311","Philippines","PH","PHL","Parañaque","","70134","1608229793"
"Kabirwala","Kabirwala","30.2000","70.4300","Pakistan","PK","PAK","Punjab","","70123","1586254267"
"Thaba Nchu","Thaba Nchu","-29.2000","26.8333","South Africa","ZA","ZAF","Free State","","70118","1710265010"
"Eniwa","Eniwa","42.8833","141.5833","Japan","JP","JPN","Hokkaidō","","70102","1392003482"
"Guzhou","Guzhou","25.9278","108.5186","China","CN","CHN","Guizhou","","70098","1156435005"
"Guaynabo","Guaynabo","18.3832","-66.1134","Puerto Rico","PR","PRI","Puerto Rico","","70087","1630023575"
"Gaura","Gaura","25.4961","85.9709","India","IN","IND","Bihār","","70081","1356861053"
"Pan’an","Pan'an","34.7575","105.1135","China","CN","CHN","Gansu","","70072","1156007648"
"Tsurugashima","Tsurugashima","35.9345","139.3931","Japan","JP","JPN","Saitama","","70067","1392196288"
"Grajaú","Grajau","-5.8194","-46.1386","Brazil","BR","BRA","Maranhão","minor","70065","1076344134"
"Cahama","Cahama","-16.2833","14.3167","Angola","AO","AGO","Cunene","","70061","1024638606"
"Ko Samui","Ko Samui","9.5000","100.0000","Thailand","TH","THA","Surat Thani","minor","70059","1764771934"
"Kempten","Kempten","47.7333","10.3167","Germany","DE","DEU","Bavaria","minor","70056","1276008842"
"Lubin","Lubin","51.3972","16.2056","Poland","PL","POL","Dolnośląskie","minor","70016","1616748050"
"Glens Falls","Glens Falls","43.3109","-73.6458","United States","US","USA","New York","","70005","1840000345"
"Longview","Longview","46.1461","-122.9630","United States","US","USA","Washington","","70004","1840019904"
"Luodong","Luodong","24.6753","121.7711","Taiwan","TW","TWN","Yilan","","70002","1158251407"
"Zhanggu","Zhanggu","30.9504","101.9167","China","CN","CHN","Sichuan","minor","70000","1156031323"
"Longtangwan","Longtangwan","27.7772","111.7514","China","CN","CHN","Hunan","","70000","1156352896"
"‘Izbat al Burj","`Izbat al Burj","31.5084","31.8411","Egypt","EG","EGY","Ad Daqahlīyah","","70000","1818379501"
"Satyamangalam","Satyamangalam","11.5167","77.2500","India","IN","IND","Tamil Nādu","","70000","1356304050"
"Madhipura","Madhipura","25.9200","86.7920","India","IN","IND","Bihār","","70000","1356220190"
"Bhattu Kolān","Bhattu Kolan","29.3872","75.3422","India","IN","IND","Haryāna","","70000","1356976973"
"Kodoli","Kodoli","16.8800","74.2000","India","IN","IND","Mahārāshtra","","70000","1356952242"
"Az Zubaydīyah","Az Zubaydiyah","32.7588","45.1773","Iraq","IQ","IRQ","Wāsiţ","","70000","1368931413"
"Thakhèk","Thakhek","17.4000","104.8000","Laos","LA","LAO","Khammouan","admin","70000","1418367677"
"Castries","Castries","14.0108","-60.9894","Saint Lucia","LC","LCA","Castries","primary","70000","1662922505"
"Al ‘Āmirāt","Al `Amirat","23.5224","58.4987","Oman","OM","OMN","Masqaţ","","70000","1512675854"
"Talamba","Talamba","30.5255","72.2398","Pakistan","PK","PAK","Punjab","","70000","1586391761"
"Badhan","Badhan","10.7142","48.3359","Somalia","SO","SOM","Sanaag","","70000","1706819798"
"Phú Quốc","Phu Quoc","10.2289","103.9669","Vietnam","VN","VNM","Kiến Giang","minor","70000","1704992616"
"Hosa’ina","Hosa'ina","7.5500","37.8500","Ethiopia","ET","ETH","YeDebub Bihēroch Bihēreseboch na Hizboch","admin","69995","1231400775"
"Mansfield","Mansfield","53.1444","-1.1964","United Kingdom","GB","GBR","Nottinghamshire","","69987","1826359576"
"Tulare","Tulare","36.1995","-119.3400","United States","US","USA","California","","69984","1840021638"
"Troitsk","Troitsk","54.0833","61.5667","Russia","RU","RUS","Chelyabinskaya Oblast’","minor","69983","1643374193"
"Raha Tiga","Raha Tiga","-4.8311","122.7239","Indonesia","ID","IDN","Sulawesi Tenggara","","69980","1360037142"
"Raha","Raha","-4.8311","122.7239","Indonesia","ID","IDN","Sulawesi Tenggara","minor","69980","1360221477"
"San Antonio","San Antonio","-25.4138","-57.5659","Paraguay","PY","PRY","Central","","69976","1600088413"
"Nikki","Nikki","9.9333","3.2083","Benin","BJ","BEN","Borgou","","69970","1204598313"
"Avaniyāpuram","Avaniyapuram","9.8818","78.1125","India","IN","IND","Tamil Nādu","","69967","1356236929"
"Entebbe","Entebbe","0.0500","32.4600","Uganda","UG","UGA","Wakiso","","69958","1800535915"
"Imerintsiatosika","Imerintsiatosika","-18.9804","47.3285","Madagascar","MG","MDG","Antananarivo","","69953","1450857841"
"Eskilstuna","Eskilstuna","59.3674","16.5160","Sweden","SE","SWE","Södermanland","minor","69948","1752784934"
"Izmail","Izmail","45.3517","28.8364","Ukraine","UA","UKR","Odeska Oblast","minor","69932","1804652754"
"Rohri","Rohri","27.6831","68.9000","Pakistan","PK","PAK","Sindh","","69920","1586107565"
"Conway","Conway","35.0753","-92.4692","United States","US","USA","Arkansas","","69918","1840014598"
"Sagaing","Sagaing","21.8822","95.9786","Burma","MM","MMR","Sagaing","","69917","1104151403"
"Qingquan","Qingquan","38.7931","101.0887","China","CN","CHN","Gansu","minor","69902","1156215844"
"Saint John","Saint John","45.2806","-66.0761","Canada","CA","CAN","New Brunswick","","69895","1124631364"
"West Des Moines","West Des Moines","41.5521","-93.7806","United States","US","USA","Iowa","","69893","1840010185"
"Chiang Rai","Chiang Rai","19.9094","99.8275","Thailand","TH","THA","Chiang Rai","admin","69888","1764748484"
"Moquegua","Moquegua","-17.2000","-70.9333","Peru","PE","PER","Moquegua","admin","69882","1604230427"
"Yueshanwan","Yueshanwan","27.8614","112.2911","China","CN","CHN","Hunan","","69880","1156071566"
"Altamura","Altamura","40.8167","16.5500","Italy","IT","ITA","Puglia","","69880","1380125300"
"Sanlúcar de Barrameda","Sanlucar de Barrameda","36.7667","-6.3500","Spain","ES","ESP","Andalusia","","69876","1724096650"
"Zográfos","Zografos","37.9783","23.7717","Greece","GR","GRC","Attikí","minor","69874","1300851737"
"Vushtrri","Vushtrri","42.8231","20.9675","Kosovo","XK","XKS","Vushtrri","admin","69870","1901107642"
"Encarnación","Encarnacion","-27.3472","-55.8739","Paraguay","PY","PRY","Itapúa","admin","69868","1600377819"
"Konin","Konin","52.2167","18.2667","Poland","PL","POL","Wielkopolskie","minor","69858","1616883533"
"Novomoskovsk","Novomoskovsk","48.6333","35.2167","Ukraine","UA","UKR","Dnipropetrovska Oblast","minor","69855","1804952905"
"Kwamhlanga","Kwamhlanga","-25.4320","28.7080","South Africa","ZA","ZAF","Gauteng","","69853","1710251411"
"Ratnanagar","Ratnanagar","27.5833","84.5000","Nepal","NP","NPL","","","69851","1524017473"
"Garzón","Garzon","2.1819","-75.6578","Colombia","CO","COL","Huila","minor","69823","1170149755"
"Redondo Beach","Redondo Beach","33.8577","-118.3765","United States","US","USA","California","","69814","1840020509"
"San Miguel de Allende","San Miguel de Allende","20.9142","-100.7436","Mexico","MX","MEX","Guanajuato","minor","69811","1484007926"
"Walnut Creek","Walnut Creek","37.9024","-122.0399","United States","US","USA","California","","69790","1840021531"
"San Juan de los Lagos","San Juan de los Lagos","21.2458","-102.3308","Mexico","MX","MEX","Jalisco","minor","69725","1484319370"
"Los Reyes de Salgado","Los Reyes de Salgado","19.5833","-102.4667","Mexico","MX","MEX","Michoacán","","69723","1484279186"
"Basavakalyān","Basavakalyan","17.8728","76.9497","India","IN","IND","Karnātaka","","69717","1356923425"
"Escada","Escada","-8.3592","-35.2236","Brazil","BR","BRA","Pernambuco","minor","69701","1076990073"
"Farīdpur","Faridpur","28.2086","79.5381","India","IN","IND","Uttar Pradesh","","69700","1356565391"
"Havířov","Havirov","49.7831","18.4228","Czechia","CZ","CZE","Moravskoslezský Kraj","","69694","1203173875"
"Kiyosu","Kiyosu","35.1998","136.8529","Japan","JP","JPN","Aichi","","69687","1392439011"
"Quixadá","Quixada","-4.9708","-39.0150","Brazil","BR","BRA","Ceará","minor","69654","1076173437"
"Passaic","Passaic","40.8574","-74.1282","United States","US","USA","New Jersey","","69651","1840000837"
"Ziguinchor","Ziguinchor","12.5861","-16.2707","Senegal","SN","SEN","Ziguinchor","admin","69646","1686273643"
"Minami-Alps","Minami-Alps","35.6083","138.4650","Japan","JP","JPN","Yamanashi","","69642","1392003403"
"Uwajima","Uwajima","33.2167","132.5667","Japan","JP","JPN","Ehime","","69639","1392682766"
"Roxas","Roxas","10.3197","119.3408","Philippines","PH","PHL","Palawan","","69624","1608957509"
"Porterville","Porterville","36.0643","-119.0338","United States","US","USA","California","","69616","1840020368"
"Rioverde","Rioverde","21.9300","-99.9800","Mexico","MX","MEX","San Luis Potosí","minor","69613","1484341437"
"Rittō","Ritto","35.0167","136.0000","Japan","JP","JPN","Shiga","","69598","1392932001"
"Saint-Louis du Nord","Saint-Louis du Nord","19.9340","-72.7214","Haiti","HT","HTI","Nord-Ouest","","69592","1332427646"
"Cergy","Cergy","49.0361","2.0631","France","FR","FRA","Île-de-France","minor","69578","1250553439"
"Inowrocław","Inowroclaw","52.7931","18.2611","Poland","PL","POL","Kujawsko-Pomorskie","minor","69576","1616606592"
"Somasso","Somasso","12.8728","-5.6033","Mali","ML","MLI","Ségou","","69561","1466104103"
"L’Aquila","L'Aquila","42.3540","13.3920","Italy","IT","ITA","Abruzzo","admin","69558","1380218474"
"Tivaouane","Tivaouane","14.9543","-16.8132","Senegal","SN","SEN","Thiès","","69556","1686949822"
"Tournai","Tournai","50.6056","3.3881","Belgium","BE","BEL","Wallonia","minor","69554","1056138540"
"Buynaksk","Buynaksk","42.8167","47.1167","Russia","RU","RUS","Dagestan","minor","69554","1643980922"
"Maricopa","Maricopa","33.0408","-112.0011","United States","US","USA","Arizona","","69554","1840020629"
"Samch’ŏk","Samch'ok","37.4500","129.1650","Korea, South","KR","KOR","Gangwon","","69509","1410438648"
"Rhondda","Rhondda","51.6159","-3.4175","United Kingdom","GB","GBR","Rhondda Cynon Taff","","69506","1826659053"
"Apatity","Apatity","67.5667","33.4000","Russia","RU","RUS","Murmanskaya Oblast’","minor","69500","1643183303"
"Biguaçu","Biguacu","-27.4942","-48.6556","Brazil","BR","BRA","Santa Catarina","minor","69486","1076869861"
"Thohoyandou","Thohoyandou","-22.9500","30.4833","South Africa","ZA","ZAF","Limpopo","","69453","1710219075"
"Castelldefels","Castelldefels","41.2860","1.9820","Spain","ES","ESP","Catalonia","","69450","1724000280"
"Poptún","Poptun","16.3222","-89.4222","Guatemala","GT","GTM","Petén","minor","69437","1320738240"
"Sōja","Soja","34.6728","133.7464","Japan","JP","JPN","Okayama","","69428","1392665556"
"Izúcar de Matamoros","Izucar de Matamoros","18.6000","-98.4667","Mexico","MX","MEX","Puebla","minor","69413","1484858520"
"Tripunittura","Tripunittura","9.9439","76.3494","India","IN","IND","Kerala","","69390","1356068495"
"Toyoake","Toyoake","35.0509","137.0128","Japan","JP","JPN","Aichi","","69389","1392203165"
"Al Qūşīyah","Al Qusiyah","27.4444","30.8167","Egypt","EG","EGY","Asyūţ","","69388","1818093562"
"Fajardo","Fajardo","18.3331","-65.6589","Puerto Rico","PR","PRI","Puerto Rico","","69381","1630035668"
"Alenquer","Alenquer","-1.9419","-54.7378","Brazil","BR","BRA","Pará","minor","69377","1076529970"
"Victoria","Victoria","15.5781","120.6819","Philippines","PH","PHL","Tarlac","","69370","1608954565"
"Aqsū","Aqsu","52.0333","76.9167","Kazakhstan","KZ","KAZ","Pavlodar","minor","69354","1398272761"
"Chisec","Chisec","15.8125","-90.3217","Guatemala","GT","GTM","Alta Verapaz","minor","69325","1320378643"
"Kirdāsah","Kirdasah","30.0310","31.1111","Egypt","EG","EGY","Al Jīzah","","69317","1818864361"
"Nowrangapur","Nowrangapur","19.2300","82.5500","India","IN","IND","Odisha","","69307","1356752279"
"Welland","Welland","42.9833","-79.2333","Canada","CA","CAN","Ontario","","69302","1124745616"
"Spring Hill","Spring Hill","35.7437","-86.9116","United States","US","USA","Tennessee","","69298","1840015386"
"Bitola","Bitola","41.0319","21.3347","North Macedonia","MK","MKD","Bitola","admin","69287","1807488567"
"Planeta Rica","Planeta Rica","8.4089","-75.5819","Colombia","CO","COL","Córdoba","minor","69285","1170924519"
"Don Carlos","Don Carlos","7.6808","124.9953","Philippines","PH","PHL","Bukidnon","","69273","1608683274"
"Bafia","Bafia","4.7500","11.2167","Cameroon","CM","CMR","Centre","","69270","1120310806"
"Cawayan","Cawayan","11.9303","123.7689","Philippines","PH","PHL","Masbate","","69265","1608114662"
"Anan","Anan","33.9167","134.6667","Japan","JP","JPN","Tokushima","","69259","1392003091"
"Limonade","Limonade","19.6701","-72.1243","Haiti","HT","HTI","Nord","","69256","1332450528"
"Limbé","Limbe","19.7060","-72.4034","Haiti","HT","HTI","Nord","","69256","1332168406"
"Shangchuankou","Shangchuankou","36.3283","102.8015","China","CN","CHN","Qinghai","","69252","1156075077"
"Gaithersburg","Gaithersburg","39.1346","-77.2131","United States","US","USA","Maryland","","69225","1840005848"
"El Paso de Robles","El Paso de Robles","35.6394","-120.6560","United States","US","USA","California","","69218","1840074847"
