"Mukacheve","Mukacheve","48.4500","22.7500","Ukraine","UA","UKR","Zakarpatska Oblast","minor","85569","1804401780"
"Fusui","Fusui","22.6325","107.9047","China","CN","CHN","Guangxi","minor","85512","1156773880"
"Karād","Karad","17.2850","74.1840","India","IN","IND","Mahārāshtra","","85500","1356656959"
"Xuddur","Xuddur","4.1200","43.8878","Somalia","SO","SOM","Bakool","admin","85500","1706568226"
"Kırklareli","Kirklareli","41.7347","27.2253","Turkey","TR","TUR","Kırklareli","admin","85493","1792182918"
"Pariaman","Pariaman","-0.6264","100.1178","Indonesia","ID","IDN","Sumatera Barat","minor","85485","1360811086"
"Auburn","Auburn","47.3039","-122.2108","United States","US","USA","Washington","","85455","1840018416"
"Chinnachauku","Chinnachauku","14.4732","78.8451","India","IN","IND","Andhra Pradesh","","85442","1356975526"
"Batarasa","Batarasa","8.6700","117.6200","Philippines","PH","PHL","Palawan","","85439","1608320130"
"Colonie","Colonie","42.7396","-73.7874","United States","US","USA","New York","","85426","1840004495"
"Lugang","Lugang","24.0500","120.4333","Taiwan","TW","TWN","Changhua","","85423","1158025426"
"Junín","Junin","-34.5833","-60.9500","Argentina","AR","ARG","Buenos Aires","minor","85420","1032976047"
"Caldas","Caldas","6.0900","-75.6380","Colombia","CO","COL","Antioquia","minor","85385","1170279867"
"Kombolcha","Kombolcha","11.0867","39.7367","Ethiopia","ET","ETH","Āmara","","85367","1231476399"
"Novo Hamburgo","Novo Hamburgo","-29.6778","-51.1308","Brazil","BR","BRA","Rio Grande do Sul","minor","85364","1076221386"
"Mitrovicë","Mitrovice","42.8833","20.8667","Kosovo","XK","XKS","","admin","85360","1901138430"
"Jinhe","Jinhe","22.7667","103.2500","China","CN","CHN","Yunnan","minor","85350","1156854757"
"Garulia","Garulia","22.8200","88.3700","India","IN","IND","West Bengal","","85336","1356885496"
"Tagaytay","Tagaytay","14.1000","120.9300","Philippines","PH","PHL","Cavite","","85330","1608593949"
"Apaseo el Grande","Apaseo el Grande","20.5531","-100.6347","Mexico","MX","MEX","Guanajuato","minor","85319","1484338735"
"Chanwari","Chanwari","23.1917","82.3542","India","IN","IND","Madhya Pradesh","","85317","1356321736"
"General Rodríguez","General Rodriguez","-34.6167","-58.9500","Argentina","AR","ARG","Buenos Aires","minor","85315","1032661171"
"Chiquinquirá","Chiquinquira","5.6333","-73.7500","Colombia","CO","COL","Boyacá","minor","85274","1170668478"
"Krishnagiri","Krishnagiri","12.5317","78.2174","India","IN","IND","Tamil Nādu","","85254","1356128688"
"Dapitan","Dapitan","8.6549","123.4243","Philippines","PH","PHL","Zamboanga del Norte","","85202","1608014287"
"Takayama","Takayama","36.1460","137.2522","Japan","JP","JPN","Gifu","","85199","1392003285"
"Upper Darby","Upper Darby","39.9490","-75.2891","United States","US","USA","Pennsylvania","","85190","1840035234"
"Grand Bourg","Grand Bourg","-34.4833","-58.7167","Argentina","AR","ARG","Buenos Aires","","85189","1032455832"
"Harda Khās","Harda Khas","22.3441","77.0954","India","IN","IND","Madhya Pradesh","","85136","1356762440"
"Maga","Maga","10.8500","14.9333","Cameroon","CM","CMR","Extrême-Nord","","85100","1120666970"
"Zarafshon Shahri","Zarafshon Shahri","41.6081","64.2264","Uzbekistan","UZ","UZB","Navoiy","","85100","1860278868"
"Araripina","Araripina","-7.5500","-40.5667","Brazil","BR","BRA","Pernambuco","minor","85088","1076945288"
"Monte Chingolo","Monte Chingolo","-34.7333","-58.3500","Argentina","AR","ARG","Buenos Aires","","85060","1032641177"
"Port Huron","Port Huron","42.9821","-82.4388","United States","US","USA","Michigan","","85051","1840003953"
"Puerto Maldonado","Puerto Maldonado","-12.6000","-69.1833","Peru","PE","PER","Madre de Dios","admin","85024","1604871130"
"Mhow","Mhow","22.5500","75.7600","India","IN","IND","Madhya Pradesh","","85023","1356097509"
"Derry","Derry","54.9975","-7.3200","United Kingdom","GB","GBR","Derry and Strabane","","85016","1826603241"
"Santa Inês","Santa Ines","-3.6669","-45.3800","Brazil","BR","BRA","Maranhão","minor","85014","1076053036"
"Ealing","Ealing","51.5175","-0.2988","United Kingdom","GB","GBR","Ealing","","85014","1826730060"
"Marl","Marl","51.6667","7.1167","Germany","DE","DEU","North Rhine-Westphalia","","85001","1276451667"
"Hövsan","Hovsan","40.3753","50.0839","Azerbaijan","AZ","AZE","Bakı","","85000","1031396152"
"Luvungi","Luvungi","-2.8600","29.0300","Congo (Kinshasa)","CD","COD","Sud-Kivu","","85000","1180967802"
"Bahlā’","Bahla'","22.9789","57.3047","Oman","OM","OMN","Ad Dākhilīyah","","85000","1512321924"
"Atakpamé","Atakpame","7.5269","1.1267","Togo","TG","TGO","Plateaux","admin","84979","1768070717"
"Woolwich","Woolwich","51.4880","0.0630","United Kingdom","GB","GBR","Greenwich","","84959","1826479020"
"Longchuan","Longchuan","25.1615","101.2942","China","CN","CHN","Yunnan","minor","84955","1156428919"
"Karacabey","Karacabey","40.2167","28.3500","Turkey","TR","TUR","Bursa","minor","84907","1792019845"
"Baabda","Baabda","33.8333","35.5333","Lebanon","LB","LBN","Mont-Liban","admin","84900","1422639397"
"Hinthada","Hinthada","17.6461","95.4603","Burma","MM","MMR","Ayeyarwady","","84880","1104524588"
"San Baudilio de Llobregat","San Baudilio de Llobregat","41.3360","2.0430","Spain","ES","ESP","Catalonia","","84831","1724214083"
"Prešov","Presov","49.0000","21.2333","Slovakia","SK","SVK","Prešov","admin","84824","1703231427"
"Sayhāt","Sayhat","26.4834","50.0485","Saudi Arabia","SA","SAU","Ash Sharqīyah","","84818","1682602908"
"Yüksekova","Yuksekova","37.5690","44.2830","Turkey","TR","TUR","Hakkâri","minor","84800","1792812119"
"Peterborough","Peterborough","44.3000","-78.3167","Canada","CA","CAN","Ontario","","84793","1124440356"
"Ciudad Mante","Ciudad Mante","22.7333","-98.9500","Mexico","MX","MEX","Tamaulipas","minor","84787","1484536173"
"Pandacan","Pandacan","14.5940","121.0070","Philippines","PH","PHL","Manila","","84769","1608115179"
"Túxpam de Rodríguez Cano","Tuxpam de Rodriguez Cano","20.9500","-97.4000","Mexico","MX","MEX","Veracruz","minor","84750","1484316468"
"Chirundu","Chirundu","-16.0500","28.8333","Zambia","ZM","ZMB","Southern","","84750","1894856417"
"Mohammadia","Mohammadia","35.5833","0.0667","Algeria","DZ","DZA","Mascara","","84700","1012169657"
"Điện Biên Phủ","Dien Bien Phu","21.3833","103.0167","Vietnam","VN","VNM","Điện Biên","admin","84672","1704081536"
"Catanzaro","Catanzaro","38.9100","16.5875","Italy","IT","ITA","Calabria","admin","84670","1380650072"
"Sumenep","Sumenep","-7.0049","113.8496","Indonesia","ID","IDN","Jawa Timur","minor","84656","1360439354"
"Tshilenge","Tshilenge","-6.2500","23.7667","Congo (Kinshasa)","CD","COD","Kasaï Oriental","","84651","1180504718"
"Sentani","Sentani","-2.5636","140.5146","Indonesia","ID","IDN","Papua","minor","84648","1360670830"
"Decatur","Decatur","39.8557","-88.9342","United States","US","USA","Illinois","","84629","1840007269"
"Treviso","Treviso","45.6722","12.2422","Italy","IT","ITA","Veneto","minor","84607","1380900516"
"Mādabā","Madaba","31.7167","35.8000","Jordan","JO","JOR","Mādabā","admin","84600","1400962992"
"Khemis Miliana","Khemis Miliana","36.2667","2.2167","Algeria","DZ","DZA","Aïn Defla","","84574","1012116292"
"Yokotemachi","Yokotemachi","39.3113","140.5533","Japan","JP","JPN","Akita","","84556","1392195240"
"Dhorāji","Dhoraji","21.7337","70.4499","India","IN","IND","Gujarāt","","84545","1356595606"
"Baytown","Baytown","29.7587","-94.9671","United States","US","USA","Texas","","84538","1840019616"
"Rafḩā","Rafha","29.6202","43.4948","Saudi Arabia","SA","SAU","Al Ḩudūd ash Shamālīyah","","84536","1682612877"
"Honiara","Honiara","-9.4333","159.9500","Solomon Islands","SB","SLB","Honiara","primary","84520","1090737486"
"Ushiku","Ushiku","35.9794","140.1496","Japan","JP","JPN","Ibaraki","","84505","1392965168"
"Houmt Souk","Houmt Souk","33.8667","10.8500","Tunisia","TN","TUN","Médenine","","84494","1788550812"
"Vīrappanchathiram","Virappanchathiram","11.3553","77.6678","India","IN","IND","Tamil Nādu","","84453","1356169564"
"Komae","Komae","35.6348","139.5787","Japan","JP","JPN","Tōkyō","","84437","1392000109"
"Santana do Livramento","Santana do Livramento","-30.8908","-55.5328","Brazil","BR","BRA","Rio Grande do Sul","minor","84421","1076271841"
"Sabanalarga","Sabanalarga","10.6300","-74.9236","Colombia","CO","COL","Atlántico","minor","84410","1170724527"
"New Kru Town","New Kru Town","6.3733","-10.7928","Liberia","LR","LBR","Montserrado","","84399","1430152542"
"Carpina","Carpina","-7.8508","-35.2547","Brazil","BR","BRA","Pernambuco","minor","84395","1076005200"
"Standerton","Standerton","-26.9500","29.2500","South Africa","ZA","ZAF","Mpumalanga","","84383","1710222465"
"Kaizuka","Kaizuka","34.4333","135.3667","Japan","JP","JPN","Ōsaka","","84356","1392003060"
"Brooklyn Park","Brooklyn Park","45.1112","-93.3505","United States","US","USA","Minnesota","","84349","1840004023"
"Nabunturan","Nabunturan","7.6008","125.9656","Philippines","PH","PHL","Davao de Oro","admin","84340","1608879246"
"Bais","Bais","9.5907","123.1213","Philippines","PH","PHL","Negros Oriental","","84317","1608298426"
"Villa Altagracia","Villa Altagracia","18.6700","-70.1700","Dominican Republic","DO","DOM","Valdesia","","84312","1214414901"
"Springfield","Springfield","39.9300","-83.7959","United States","US","USA","Ohio","","84309","1840003765"
"Science City of Muñoz","Science City of Munoz","15.7153","120.9039","Philippines","PH","PHL","Nueva Ecija","","84308","1608795106"
"Newport Beach","Newport Beach","33.6151","-117.8668","United States","US","USA","California","","84304","1840020581"
"Nabeul","Nabeul","36.4542","10.7347","Tunisia","TN","TUN","Nabeul","admin","84291","1788902612"
"Athurugiriya","Athurugiriya","6.8687","79.9998","Sri Lanka","LK","LKA","Western","","84278","1144399714"
"Higashiyamato","Higashiyamato","35.7500","139.4264","Japan","JP","JPN","Saitama","","84260","1392233405"
"Ayase","Ayase","35.4333","139.4333","Japan","JP","JPN","Kanagawa","","84257","1392003387"
"Bangil","Bangil","-7.5978","112.7846","Indonesia","ID","IDN","Jawa Timur","minor","84240","1360140527"
"Chigorodó","Chigorodo","7.6675","-76.6808","Colombia","CO","COL","Antioquia","minor","84183","1170787746"
"Westland","Westland","42.3192","-83.3805","United States","US","USA","Michigan","","84155","1840001847"
"Concepción Tutuapa","Concepcion Tutuapa","15.2833","-91.7833","Guatemala","GT","GTM","San Marcos","minor","84138","1320051048"
"Port of Spain","Port of Spain","10.6667","-61.5167","Trinidad and Tobago","TT","TTO","Port of Spain","primary","84126","1780670676"
"Euriápolis","Euriapolis","-16.3778","-39.5800","Brazil","BR","BRA","Bahia","minor","84120","1076770753"
"Wakō","Wako","35.7812","139.6057","Japan","JP","JPN","Saitama","","84120","1392003192"
"Al Hindīyah","Al Hindiyah","32.5467","44.2277","Iraq","IQ","IRQ","Karbalā’","minor","84100","1368398173"
"Luancheng","Luancheng","37.9003","114.6483","China","CN","CHN","Hebei","minor","84068","1156272160"
"Dārayyā","Darayya","33.4583","36.2326","Syria","SY","SYR","Rīf Dimashq","minor","84044","1760409750"
"Sambava","Sambava","-14.2662","50.1666","Madagascar","MG","MDG","Antsiranana","minor","84039","1450004590"
"Pori","Pori","61.4833","21.8000","Finland","FI","FIN","Satakunta","admin","84026","1246259412"
"Kitakōriyamachō","Kitakoriyamacho","34.6494","135.7828","Japan","JP","JPN","Nara","","84007","1392178653"
"Ílion","Ilion","38.0333","23.7000","Greece","GR","GRC","Attikí","minor","84004","1300000001"
"Lāharpur","Laharpur","27.7200","80.9000","India","IN","IND","Uttar Pradesh","","84000","1356525825"
"Heṭauḍā","Hetauda","27.4167","85.0333","Nepal","NP","NPL","Bāgmatī","admin","84000","1524551914"
"Ath Thawrah","Ath Thawrah","35.8367","38.5481","Syria","SY","SYR","Ar Raqqah","minor","84000","1760605225"
"Bolinao","Bolinao","16.3881","119.8947","Philippines","PH","PHL","Pangasinan","","83979","1608471973"
"San Carlos","San Carlos","9.6500","-68.5833","Venezuela","VE","VEN","Cojedes","admin","83957","1862109303"
"Arujá","Aruja","-23.3967","-46.3211","Brazil","BR","BRA","São Paulo","minor","83939","1076436872"
"El Milia","El Milia","36.7500","6.2667","Algeria","DZ","DZA","Jijel","","83931","1012706826"
"Channapatna","Channapatna","12.6514","77.2067","India","IN","IND","Karnātaka","","83921","1356894522"
"Versailles","Versailles","48.8050","2.1350","France","FR","FRA","Île-de-France","minor","83918","1250143827"
"Newark","Newark","40.0706","-82.4250","United States","US","USA","Ohio","","83890","1840001419"
"Chita","Chita","35.0000","136.8667","Japan","JP","JPN","Aichi","","83881","1392292278"
"Keşan","Kesan","40.8500","26.6333","Turkey","TR","TUR","Edirne","minor","83874","1792527854"
"Ermelo","Ermelo","-26.5333","29.9833","South Africa","ZA","ZAF","Mpumalanga","","83865","1710683808"
"Yambol","Yambol","42.4833","26.5000","Bulgaria","BG","BGR","Yambol","admin","83861","1100748067"
"Xishancun","Xishancun","23.2618","116.2321","China","CN","CHN","Guangdong","","83822","1156026460"
"Acayucan","Acayucan","17.9422","-94.9103","Mexico","MX","MEX","Veracruz","minor","83817","1484349924"
"Lucas do Rio Verde","Lucas do Rio Verde","-13.0500","-55.9108","Brazil","BR","BRA","Mato Grosso","minor","83798","1076459192"
"Dolisie","Dolisie","-4.2006","12.6792","Congo (Brazzaville)","CG","COG","Niari","admin","83798","1178045241"
"Gubkin","Gubkin","51.2828","37.5353","Russia","RU","RUS","Belgorodskaya Oblast’","minor","83766","1643378602"
"Pilkhua","Pilkhua","28.7120","77.6545","India","IN","IND","Uttar Pradesh","","83736","1356121422"
"Ho","Ho","6.6004","0.4700","Ghana","GH","GHA","Volta","admin","83715","1288938914"
"Matão","Matao","-21.6033","-48.3658","Brazil","BR","BRA","São Paulo","minor","83626","1076497431"
"Barahona","Barahona","18.2079","-71.0996","Dominican Republic","DO","DOM","Enriquillo","admin","83619","1214900129"
"Tiruppattūr","Tiruppattur","12.4915","78.5684","India","IN","IND","Tamil Nādu","","83612","1356818110"
"Hamma Bouziane","Hamma Bouziane","36.5333","6.7167","Algeria","DZ","DZA","Constantine","","83603","1012233499"
"Moriyama","Moriyama","35.0586","135.9942","Japan","JP","JPN","Shiga","","83567","1392937175"
"Nizwá","Nizwa","22.9333","57.5333","Oman","OM","OMN","Ad Dākhilīyah","admin","83544","1512180300"
"Konotop","Konotop","51.2167","33.2000","Ukraine","UA","UKR","Sumska Oblast","minor","83543","1804110853"
"Foumban","Foumban","5.7167","10.9167","Cameroon","CM","CMR","Ouest","","83522","1120088650"
"Valdemoro","Valdemoro","40.1908","-3.6742","Spain","ES","ESP","Madrid","","83507","1724347455"
"Baghlān","Baghlan","36.1328","68.7000","Afghanistan","AF","AFG","Baghlān","minor","83490","1004943705"
"Talavera de la Reina","Talavera de la Reina","39.9583","-4.8328","Spain","ES","ESP","Castille-La Mancha","","83477","1724716966"
"Muncie","Muncie","40.1989","-85.3950","United States","US","USA","Indiana","","83477","1840008365"
"Lafey","Lafey","3.1508","41.1864","Kenya","KE","KEN","Mandera","","83457","1404326023"
"Galway","Galway","53.2729","-9.0418","Ireland","IE","IRL","Galway","admin","83456","1372499968"
"Aylesbury","Aylesbury","51.8168","-0.8124","United Kingdom","GB","GBR","Buckinghamshire","","83407","1826391298"
"Nazareth","Nazareth","32.7019","35.3033","Israel","IL","ISR","Northern","admin","83400","1376505625"
"Taytay","Taytay","10.8200","119.5200","Philippines","PH","PHL","Palawan","","83357","1608175661"
"Phúc Yên","Phuc Yen","21.2333","105.7000","Vietnam","VN","VNM","Vĩnh Phúc","minor","83352","1704818055"
"Reşiţa","Resita","45.3008","21.8892","Romania","RO","ROU","Caraş-Severin","admin","83324","1642047399"
"La Piedad","La Piedad","20.3333","-102.0167","Mexico","MX","MEX","Michoacán","minor","83323","1484779296"
"Farmington Hills","Farmington Hills","42.4860","-83.3771","United States","US","USA","Michigan","","83316","1840002442"
"Gokulgarh","Gokulgarh","28.2468","76.6176","India","IN","IND","Haryāna","","83310","1356118349"
"Kamensk-Shakhtinskiy","Kamensk-Shakhtinskiy","48.3206","40.2611","Russia","RU","RUS","Rostovskaya Oblast’","minor","83286","1643408575"
"Serrinha","Serrinha","-11.6642","-39.0075","Brazil","BR","BRA","Bahia","minor","83275","1076832200"
"Venado Tuerto","Venado Tuerto","-33.7500","-61.9667","Argentina","AR","ARG","Santa Fe","","83263","1032284763"
"Maco","Maco","7.3619","125.8553","Philippines","PH","PHL","Davao de Oro","","83237","1608519654"
"Ciudad de Ceuta","Ciudad de Ceuta","35.8883","-5.3156","Spain","ES","ESP","Ceuta","","83229","1724324416"
"Cicero","Cicero","41.8445","-87.7593","United States","US","USA","Illinois","","83223","1840009186"
"Ashford","Ashford","51.1465","0.8676","United Kingdom","GB","GBR","Kent","","83213","1826045748"
"Sirsilla","Sirsilla","18.3800","78.8300","India","IN","IND","Andhra Pradesh","","83186","1356360144"
"Como","Como","45.8103","9.0861","Italy","IT","ITA","Lombardy","minor","83184","1380994905"
"Boukoumbé","Boukoumbe","10.1833","1.1000","Benin","BJ","BEN","Atacora","","83147","1204827134"
"Habiganj","Habiganj","24.3804","91.4130","Bangladesh","BD","BGD","Sylhet","","83114","1050880972"
"Lakshmīpur","Lakshmipur","22.9443","90.8301","Bangladesh","BD","BGD","Chattogram","","83112","1050632014"
"La Trinidad","La Trinidad","15.9833","-91.8667","Mexico","MX","MEX","Chiapas","","83111","1484023235"
"Minden","Minden","52.2883","8.9167","Germany","DE","DEU","North Rhine-Westphalia","minor","83100","1276191164"
"Picos","Picos","-7.0769","-41.4669","Brazil","BR","BRA","Piauí","minor","83090","1076752928"
"Siaton","Siaton","9.0700","123.0300","Philippines","PH","PHL","Negros Oriental","","83082","1608000106"
"Pontevedra","Pontevedra","42.4333","-8.6333","Spain","ES","ESP","Galicia","minor","83077","1724789643"
"Kampong Trach","Kampong Trach","10.5585","104.4675","Cambodia","KH","KHM","Kampot","minor","83061","1116580812"
"San Antonio","San Antonio","15.3078","120.8533","Philippines","PH","PHL","Nueva Ecija","","83060","1608254250"
"Buena Park","Buena Park","33.8572","-118.0046","United States","US","USA","California","","83052","1840019324"
"Lelystad","Lelystad","52.5167","5.4833","Netherlands","NL","NLD","Flevoland","admin","83033","1528990721"
"San Fernando","San Fernando","10.2833","-61.4667","Trinidad and Tobago","TT","TTO","San Fernando","admin","82997","1780361077"
"Wutiancun","Wutiancun","23.1852","116.4757","China","CN","CHN","Guangdong","","82986","1156219199"
"Mingxing","Mingxing","37.4264","112.5442","China","CN","CHN","Shanxi","minor","82981","1156050784"
"Valinhos","Valinhos","-22.9708","-46.9958","Brazil","BR","BRA","São Paulo","minor","82973","1076809155"
"Mazatenango","Mazatenango","14.5333","-91.5000","Guatemala","GT","GTM","Suchitepéquez","admin","82969","1320123250"
"Mānsa","Mansa","29.9906","75.3996","India","IN","IND","Punjab","","82956","1356518024"
"Tual","Tual","-5.6368","132.7508","Indonesia","ID","IDN","Maluku","","82955","1360221504"
"Mabinay","Mabinay","9.7300","122.9200","Philippines","PH","PHL","Negros Oriental","","82953","1608313367"
"Busto Arsizio","Busto Arsizio","45.6120","8.8518","Italy","IT","ITA","Lombardy","","82951","1380033378"
"Nantingcun","Nantingcun","20.8422","110.0586","China","CN","CHN","Guangdong","","82944","1156475739"
"David","David","8.4333","-82.4333","Panama","PA","PAN","Chiriquí","admin","82907","1591487342"
"Al Ḩayy","Al Hayy","32.1742","46.0433","Iraq","IQ","IRQ","Wāsiţ","minor","82900","1368988553"
"Louga","Louga","15.6167","-16.2167","Senegal","SN","SEN","Louga","admin","82884","1686269931"
"Warwick","Warwick","41.7062","-71.4334","United States","US","USA","Rhode Island","","82871","1840003344"
"Ufeyn","Ufeyn","10.6524","49.7537","Somalia","SO","SOM","Bari","","82850","1706398122"
"Ji’an","Ji'an","23.9500","121.5722","Taiwan","TW","TWN","Hualien","","82840","1158376537"
"Wadala Sandhuan","Wadala Sandhuan","32.1833","74.4000","Pakistan","PK","PAK","Punjab","","82835","1586959020"
"Araruama","Araruama","-22.8728","-42.3428","Brazil","BR","BRA","Rio de Janeiro","minor","82803","1076900900"
"Jastrzębie-Zdrój","Jastrzebie-Zdroj","49.9500","18.5833","Poland","PL","POL","Śląskie","minor","82788","1616365516"
"Bayeux","Bayeux","-7.1333","-34.9333","Brazil","BR","BRA","Paraíba","minor","82742","1076607187"
"Hattiesburg","Hattiesburg","31.3074","-89.3170","United States","US","USA","Mississippi","","82730","1840013878"
"Stockton-on-Tees","Stockton-on-Tees","54.5700","-1.3200","United Kingdom","GB","GBR","Stockton-on-Tees","","82729","1826259802"
"Zheleznogorsk","Zheleznogorsk","56.2500","93.5333","Russia","RU","RUS","Krasnoyarskiy Kray","minor","82723","1643824002"
"Norderstedt","Norderstedt","53.7064","10.0103","Germany","DE","DEU","Schleswig-Holstein","","82719","1276872953"
"Muğla","Mugla","37.2167","28.3667","Turkey","TR","TUR","Muğla","admin","82717","1792992104"
"Nakatsu","Nakatsu","33.5983","131.1883","Japan","JP","JPN","Fukuoka","","82714","1392944075"
"Brindisi","Brindisi","40.6383","17.9458","Italy","IT","ITA","Puglia","minor","82694","1380201254"
"Shīrvān","Shirvan","37.4019","57.9281","Iran","IR","IRN","Khorāsān-e Shomālī","minor","82689","1364402242"
"Villa Vicente Guerrero","Villa Vicente Guerrero","19.1190","-98.1700","Mexico","MX","MEX","Tlaxcala","minor","82688","1484274098"
"Žilina","Zilina","49.2167","18.7333","Slovakia","SK","SVK","Žilina","admin","82656","1703289183"
"Tanjay","Tanjay","9.5200","123.1600","Philippines","PH","PHL","Negros Oriental","","82642","1608955515"
"Cranston","Cranston","41.7658","-71.4858","United States","US","USA","Rhode Island","","82632","1840003287"
"Ushuaia","Ushuaia","-54.8019","-68.3031","Argentina","AR","ARG","Tierra del Fuego, Antártida e Islas del Atlántico Sur","admin","82615","1032847885"
"Albany","Albany","31.5776","-84.1762","United States","US","USA","Georgia","","82612","1840013864"
"Chingleput","Chingleput","12.6918","79.9766","India","IN","IND","Tamil Nādu","","82608","1356261740"
"Jacobina","Jacobina","-11.1808","-40.5178","Brazil","BR","BRA","Bahia","minor","82590","1076049373"
"Mian Channun","Mian Channun","30.4500","72.3667","Pakistan","PK","PAK","Punjab","","82586","1586864091"
"Manfalūţ","Manfalut","27.3128","30.9703","Egypt","EG","EGY","Asyūţ","","82585","1818076217"
"Rivadavia","Rivadavia","-31.5303","-68.5947","Argentina","AR","ARG","San Juan","minor","82582","1032402116"
"Rivadavia","Rivadavia","-33.1833","-68.4667","Argentina","AR","ARG","Mendoza","minor","82582","1032956544"
"Bagamoyo","Bagamoyo","-6.4444","38.9028","Tanzania","TZ","TZA","Coast","","82578","1834546518"
"Cruzeiro","Cruzeiro","-22.5772","-44.9583","Brazil","BR","BRA","São Paulo","minor","82571","1076421054"
"Chelghoum el Aïd","Chelghoum el Aid","36.1667","6.1667","Algeria","DZ","DZA","Mila","","82560","1012048079"
"Bhalwal","Bhalwal","32.2656","72.8994","Pakistan","PK","PAK","Punjab","","82556","1586233064"
"Mussende","Mussende","-10.5103","16.0107","Angola","AO","AGO","Cuanza-Sul","","82544","1024902618"
"Calatrava","Calatrava","10.6000","123.4800","Philippines","PH","PHL","Negros Occidental","","82540","1608680606"
"Wuyi","Wuyi","37.7965","115.8920","China","CN","CHN","Hebei","minor","82526","1156726142"
"Chulucanas","Chulucanas","-5.0961","-80.1647","Peru","PE","PER","Piura","","82521","1604692561"
"Layton","Layton","41.0770","-111.9620","United States","US","USA","Utah","","82512","1840020145"
"Madera","Madera","36.9630","-120.0778","United States","US","USA","California","","82510","1840020300"
"Largo","Largo","27.9088","-82.7712","United States","US","USA","Florida","","82506","1840015114"
"El Estor","El Estor","15.5333","-89.3500","Guatemala","GT","GTM","Izabal","minor","82491","1320745698"
"Velbert","Velbert","51.3333","7.0500","Germany","DE","DEU","North Rhine-Westphalia","","82462","1276896645"
"Cukai","Cukai","4.2332","103.4479","Malaysia","MY","MYS","Terengganu","","82425","1458033606"
"Redwood City","Redwood City","37.5025","-122.2253","United States","US","USA","California","","82423","1840020304"
"Sabaneta","Sabaneta","6.1500","-75.6000","Colombia","CO","COL","Antioquia","minor","82375","1170000611"
"Mountain View","Mountain View","37.4001","-122.0796","United States","US","USA","California","","82363","1840020332"
"Owariasahi","Owariasahi","35.2165","137.0354","Japan","JP","JPN","Aichi","","82336","1392703321"
"Izalco","Izalco","13.7333","-89.6667","El Salvador","SV","SLV","Sonsonate","","82332","1222502574"
"Shikokuchūō","Shikokuchuo","33.9833","133.5500","Japan","JP","JPN","Ehime","","82320","1392003084"
"Nakhon Sawan","Nakhon Sawan","15.7133","100.1353","Thailand","TH","THA","Nakhon Sawan","admin","82305","1764821078"
"Deurne","Deurne","51.2247","4.4625","Belgium","BE","BEL","Flanders","","82270","1056636125"
"Pine Hills","Pine Hills","28.5818","-81.4692","United States","US","USA","Florida","","82264","1840014098"
"Cajicá","Cajica","4.9167","-74.0333","Colombia","CO","COL","Cundinamarca","minor","82244","1170852541"
"Ōmihachiman","Omihachiman","35.1283","136.0981","Japan","JP","JPN","Shiga","","82233","1392288149"
"Puerto Iguazú","Puerto Iguazu","-25.6000","-54.5667","Argentina","AR","ARG","Misiones","","82227","1032320107"
"Nueva Concepción","Nueva Concepcion","14.1997","-91.2997","Guatemala","GT","GTM","Escuintla","minor","82216","1320214238"
"Comonfort","Comonfort","20.7167","-100.7667","Mexico","MX","MEX","Guanajuato","minor","82216","1484359235"
"Quixeramobim","Quixeramobim","-5.1989","-39.2928","Brazil","BR","BRA","Ceará","minor","82177","1076495439"
"Yeysk","Yeysk","46.7111","38.2733","Russia","RU","RUS","Krasnodarskiy Kray","minor","82172","1643587963"
"Saint Albans","Saint Albans","51.7550","-0.3360","United Kingdom","GB","GBR","Hertfordshire","","82146","1826053841"
"Folsom","Folsom","38.6668","-121.1422","United States","US","USA","California","","82140","1840020246"
"Silver Spring","Silver Spring","39.0028","-77.0207","United States","US","USA","Maryland","","82129","1840005845"
"Johns Creek","Johns Creek","34.0333","-84.2027","United States","US","USA","Georgia","","82115","1840014742"
"The Villages","The Villages","28.9034","-81.9887","United States","US","USA","Florida","","82108","1840014065"
"Tacaná","Tacana","15.2414","-92.0683","Guatemala","GT","GTM","San Marcos","minor","82079","1320608933"
"Harlow","Harlow","51.7790","0.1280","United Kingdom","GB","GBR","Essex","","82059","1826737132"
"Carmen","Carmen","7.3606","125.7064","Philippines","PH","PHL","Davao del Norte","","82018","1608601211"
"Burnley","Burnley","53.7890","-2.2480","United Kingdom","GB","GBR","Lancashire","","82002","1826565522"
"Courbevoic","Courbevoic","48.8978","2.2531","France","FR","FRA","Île-de-France","","81945","1250060303"
"Ratodero","Ratodero","27.8000","68.2833","Pakistan","PK","PAK","Sindh","","81935","1586891728"
"Jepara","Jepara","-6.5333","110.6667","Indonesia","ID","IDN","Jawa Tengah","minor","81920","1360703818"
"Redditch","Redditch","52.3000","-1.9333","United Kingdom","GB","GBR","Worcestershire","","81919","1826205148"
"Saunda","Saunda","23.6600","85.3500","India","IN","IND","Jhārkhand","","81915","1356188296"
"Kongjiazhuangcun","Kongjiazhuangcun","40.7536","114.7237","China","CN","CHN","Hebei","","81909","1156579045"
"Ashoknagar","Ashoknagar","24.5800","77.7300","India","IN","IND","Madhya Pradesh","","81828","1356679678"
"Ubay","Ubay","10.0560","124.4729","Philippines","PH","PHL","Bohol","","81799","1608803591"
"Bhaktapur","Bhaktapur","27.6722","85.4278","Nepal","NP","NPL","","","81748","1524449093"
"Banco Filipino International Village","Banco Filipino International Village","14.4499","120.9996","Philippines","PH","PHL","Las Piñas","","81739","1608857586"
"Owensboro","Owensboro","37.7575","-87.1172","United States","US","USA","Kentucky","","81734","1840014340"
"Yıldız","Yildiz","41.6344","32.3375","Turkey","TR","TUR","Bartın","","81692","1792550105"
"Gürgenpınarı","Gurgenpinari","41.6344","32.3375","Turkey","TR","TUR","Bartın","","81692","1792577199"
"Uzungöz","Uzungoz","41.6344","32.3375","Turkey","TR","TUR","Bartın","","81692","1792001114"
"Bartın","Bartin","41.6344","32.3375","Turkey","TR","TUR","Bartın","admin","81692","1792863603"
"Lucerne","Lucerne","47.0523","8.3059","Switzerland","CH","CHE","Luzern","admin","81691","1756544536"
"Siasi","Siasi","5.5462","120.8145","Philippines","PH","PHL","Sulu","","81689","1608781969"
"Concórdia","Concordia","-27.2339","-52.0278","Brazil","BR","BRA","Santa Catarina","minor","81646","1076922195"
"Napa","Napa","38.2975","-122.3010","United States","US","USA","California","","81643","1840020241"
"Watampone","Watampone","-4.5386","120.3297","Indonesia","ID","IDN","Sulawesi Selatan","minor","81629","1360956480"
"Kātoya","Katoya","23.6500","88.1300","India","IN","IND","West Bengal","","81615","1356487359"
"An Khê","An Khe","13.9531","108.6569","Vietnam","VN","VNM","Gia Lai","","81600","1704968278"
"New Rochelle","New Rochelle","40.9304","-73.7836","United States","US","USA","New York","","81591","1840000782"
"Jaén","Jaen","-5.7083","-78.8083","Peru","PE","PER","Cajamarca","minor","81587","1604707495"
"Muroran","Muroran","42.3167","140.9667","Japan","JP","JPN","Hokkaidō","","81580","1392259868"
"Timóteo","Timoteo","-19.5828","-42.6439","Brazil","BR","BRA","Minas Gerais","minor","81579","1076541844"
"Apizaco","Apizaco","19.4167","-98.1333","Mexico","MX","MEX","Tlaxcala","minor","81565","1484021647"
"Hukou","Hukou","24.9000","121.0500","Taiwan","TW","TWN","Hsinchu","","81550","1158167962"
"Rubí","Rubi","41.4933","2.0325","Spain","ES","ESP","Catalonia","","81532","1724552367"
"Uman","Uman","48.7500","30.2167","Ukraine","UA","UKR","Cherkaska Oblast","minor","81525","1804670442"
"Purmerend","Purmerend","52.5000","4.9500","Netherlands","NL","NLD","Noord-Holland","minor","81515","1528918720"
"Dar el Beïda","Dar el Beida","36.7142","3.2125","Algeria","DZ","DZA","Alger","","81509","1012987727"
"Imam Qasim","Imam Qasim","32.2980","44.6828","Iraq","IQ","IRQ","Bābil","","81500","1368437331"
"Kentaū","Kentau","43.5167","68.5167","Kazakhstan","KZ","KAZ","Türkistan","minor","81484","1398997742"
"Alhambra","Alhambra","34.0840","-118.1355","United States","US","USA","California","","81483","1840019222"
"Mogi Mirim","Mogi Mirim","-22.4319","-46.9578","Brazil","BR","BRA","São Paulo","minor","81467","1076719683"
"Remedios de Escalada","Remedios de Escalada","-34.7167","-58.4000","Argentina","AR","ARG","Buenos Aires","","81465","1032150292"
"Xicotepec de Juárez","Xicotepec de Juarez","20.3000","-97.9667","Mexico","MX","MEX","Puebla","","81455","1484427246"
"Fiumicino","Fiumicino","41.7667","12.2333","Italy","IT","ITA","Lazio","","81426","1380717773"
"Shuibian","Shuibian","24.1263","112.7668","China","CN","CHN","Guangdong","","81413","1156260365"
"Mandiraja Kulon","Mandiraja Kulon","-7.4722","109.5133","Indonesia","ID","IDN","Jawa Tengah","","81411","1360018564"
"Kadi","Kadi","23.3009","72.3322","India","IN","IND","Gujarāt","","81404","1356474902"
"Chapadinha","Chapadinha","-3.7419","-43.3600","Brazil","BR","BRA","Maranhão","minor","81386","1076901443"
"Xiedian","Xiedian","35.4190","110.8281","China","CN","CHN","Shanxi","minor","81386","1156413530"
"Cheyenne","Cheyenne","41.1350","-104.7902","United States","US","USA","Wyoming","admin","81378","1840018713"
"Kimje","Kimje","35.8017","126.8889","Korea, South","KR","KOR","Jeonbuk","","81357","1410051393"
"Kimitsu","Kimitsu","35.3304","139.9027","Japan","JP","JPN","Chiba","","81355","1392801760"
"Matalam","Matalam","7.0800","124.9000","Philippines","PH","PHL","Cotabato","","81355","1608220278"
"Grosseto","Grosseto","42.7722","11.1089","Italy","IT","ITA","Tuscany","minor","81321","1380285116"
"Miami Beach","Miami Beach","25.8171","-80.1396","United States","US","USA","Florida","","81319","1840015150"
"Buhi","Buhi","13.4347","123.5167","Philippines","PH","PHL","Camarines Sur","","81306","1608188485"
"Athi River","Athi River","-1.4500","36.9833","Kenya","KE","KEN","Machakos","","81302","1404232217"
"Nowy Sącz","Nowy Sacz","49.6239","20.6972","Poland","PL","POL","Małopolskie","minor","81281","1616869871"
"San José de las Lajas","San Jose de las Lajas","22.9614","-82.1511","Cuba","CU","CUB","Mayabeque","admin","81261","1192731332"
"Lambunao","Lambunao","11.0500","122.4800","Philippines","PH","PHL","Iloilo","","81236","1608674437"
"Bulacan","Bulacan","14.7928","120.8789","Philippines","PH","PHL","Bulacan","","81232","1608149284"
"Shumen","Shumen","43.2746","26.9349","Bulgaria","BG","BGR","Shumen","admin","81207","1100000004"
"Mannārgudi","Mannargudi","10.6653","79.4521","India","IN","IND","Tamil Nādu","","81150","1356628918"
"Pilar","Pilar","-34.4500","-58.9167","Argentina","AR","ARG","Buenos Aires","minor","81120","1032712196"
"Orhangazi","Orhangazi","40.4889","29.3083","Turkey","TR","TUR","Bursa","minor","81110","1792174607"
"Wenatchee","Wenatchee","47.4360","-120.3295","United States","US","USA","Washington","","81106","1840021074"
"Hengkou","Hengkou","32.7378","108.7695","China","CN","CHN","Shaanxi","","81086","1156441630"
"Itá","Ita","-25.5096","-57.3600","Paraguay","PY","PRY","Central","","81084","1600969782"
"Kapalong","Kapalong","7.5854","125.7052","Philippines","PH","PHL","Davao del Norte","","81068","1608204911"
"Panzos","Panzos","15.4000","-89.6667","Guatemala","GT","GTM","Alta Verapaz","minor","81063","1320362247"
"Salina Cruz","Salina Cruz","16.1833","-95.2083","Mexico","MX","MEX","Oaxaca","","81063","1484364230"
"Tecate","Tecate","32.5722","-116.6403","Mexico","MX","MEX","Baja California","minor","81059","1484547809"
"Jackson","Jackson","42.2431","-84.4038","United States","US","USA","Michigan","","81058","1840003173"
"Balrāmpur","Balrampur","27.4300","82.1800","India","IN","IND","Uttar Pradesh","","81054","1356150506"
"Baalbek","Baalbek","34.0063","36.2073","Lebanon","LB","LBN","Baalbek-Hermel","admin","81052","1422694451"
"Hengelo","Hengelo","52.2656","6.7931","Netherlands","NL","NLD","Overijssel","minor","81049","1528989102"
"Lehi","Lehi","40.4136","-111.8725","United States","US","USA","Utah","","81039","1840020168"
"Kashiwazaki","Kashiwazaki","37.3719","138.5590","Japan","JP","JPN","Niigata","","81027","1392003358"
"Tallaght","Tallaght","53.2878","-6.3411","Ireland","IE","IRL","South Dublin","admin","81022","1372547040"
"Khamānon Kalān","Khamanon Kalan","30.8200","76.3500","India","IN","IND","Punjab","","80991","1356562278"
"La Louvière","La Louviere","50.4667","4.1833","Belgium","BE","BEL","Wallonia","","80986","1056383929"
"Launceston","Launceston","-41.4419","147.1450","Australia","AU","AUS","Tasmania","","80943","1036170383"
"Dera Allahyar","Dera Allahyar","28.4167","68.1667","Pakistan","PK","PAK","Balochistan","minor","80908","1586853179"
"Gonder","Gonder","12.6075","37.4592","Ethiopia","ET","ETH","Āmara","","80886","1231234833"
"Campo Limpo","Campo Limpo","-23.2064","-46.7844","Brazil","BR","BRA","São Paulo","minor","80847","1076459810"
"Rueil-Malmaison","Rueil-Malmaison","48.8760","2.1810","France","FR","FRA","Île-de-France","","80842","1250924511"
"Gaoliying Ercun","Gaoliying Ercun","40.1578","116.4933","China","CN","CHN","Beijing","","80840","1156131702"
"Rafaḩ","Rafah","31.2820","34.2387","Egypt","EG","EGY","Shamāl Sīnā’","minor","80823","1818109072"
"Anderson","Anderson","40.0891","-85.6892","United States","US","USA","Indiana","","80820","1840007242"
"Béziers","Beziers","43.3476","3.2190","France","FR","FRA","Occitanie","minor","80815","1250666824"
"Ahenkro","Ahenkro","7.1146","0.3211","Ghana","GH","GHA","Oti","","80813","1288684117"
"Kharan","Kharan","28.5833","65.4167","Pakistan","PK","PAK","Balochistan","minor","80806","1586588631"
"Yonezawa","Yonezawa","37.9222","140.1168","Japan","JP","JPN","Yamagata","","80795","1392003528"
"Orihuela","Orihuela","38.0856","-0.9469","Spain","ES","ESP","Valencia","","80784","1724864615"
"Shiji","Shiji","23.5045","112.9345","China","CN","CHN","Guangdong","","80773","1156272620"
"Gobernador Gálvez","Gobernador Galvez","-33.0256","-60.6336","Argentina","AR","ARG","Santa Fe","","80769","1032739359"
"San Francisco","San Francisco","8.5100","125.9800","Philippines","PH","PHL","Agusan del Sur","","80760","1608328732"
"Leme","Leme","-22.1858","-47.3900","Brazil","BR","BRA","São Paulo","minor","80757","1076542731"
"Malapatan","Malapatan","5.9700","125.2800","Philippines","PH","PHL","Sarangani","","80741","1608544416"
"Homestead","Homestead","25.4665","-80.4472","United States","US","USA","Florida","","80725","1840015159"
"Balçova","Balcova","38.3856","27.0581","Turkey","TR","TUR","İzmir","","80721","1792413694"
"Florence","Florence","34.8303","-87.6655","United States","US","USA","Alabama","","80720","1840002083"
"Barili","Barili","10.1200","123.5300","Philippines","PH","PHL","Cebu","","80715","1608468753"
"Wujindian","Wujindian","31.9839","112.7703","China","CN","CHN","Hubei","","80714","1156277692"
"Meybod","Meybod","32.2456","54.0153","Iran","IR","IRN","Yazd","minor","80712","1364977923"
"Gelendzhik","Gelendzhik","44.5750","38.0725","Russia","RU","RUS","Krasnodarskiy Kray","minor","80706","1643756962"
"Guercif","Guercif","34.2333","-3.3667","Morocco","MA","MAR","Oriental","","80703","1504842310"
"Yanggao","Yanggao","21.3298","109.9177","China","CN","CHN","Guangdong","","80681","1156228848"
"Rancho Cordova","Rancho Cordova","38.5737","-121.2527","United States","US","USA","California","","80656","1840020248"
"Morgantown","Morgantown","39.6383","-79.9464","United States","US","USA","West Virginia","","80626","1840005647"
"Bargarh","Bargarh","21.3333","83.6167","India","IN","IND","Odisha","","80625","1356834678"
"Curvelo","Curvelo","-18.7564","-44.4308","Brazil","BR","BRA","Minas Gerais","minor","80616","1076253887"
"San Cristóbal Verapaz","San Cristobal Verapaz","15.3650","-90.4792","Guatemala","GT","GTM","Alta Verapaz","minor","80613","1320384406"
"Comitancillo","Comitancillo","15.0833","-91.7167","Guatemala","GT","GTM","San Marcos","minor","80612","1320980243"
"Boynton Beach","Boynton Beach","26.5281","-80.0811","United States","US","USA","Florida","","80601","1840014208"
"Seropédica","Seropedica","-22.7439","-43.7078","Brazil","BR","BRA","Rio de Janeiro","minor","80596","1076073491"
"Bamberg","Bamberg","49.8914","10.8869","Germany","DE","DEU","Bavaria","minor","80580","1276824274"
"San Ramón","San Ramon","10.2182","-84.5992","Costa Rica","CR","CRI","Alajuela","","80566","1188012869"
"Somerville","Somerville","42.3908","-71.1014","United States","US","USA","Massachusetts","","80549","1840003123"
"Edmonton","Edmonton","51.6154","-0.0708","United Kingdom","GB","GBR","Enfield","","80546","1826905865"
"Samā’il","Sama'il","23.2984","57.9531","Oman","OM","OMN","Ad Dākhilīyah","","80538","1512936108"
"Dahegām","Dahegam","23.1700","72.8200","India","IN","IND","Gujarāt","","80532","1356022392"
"North Port","North Port","27.0576","-82.1977","United States","US","USA","Florida","","80512","1840015120"
"Lakewood","Lakewood","33.8471","-118.1222","United States","US","USA","California","","80510","1840020515"
"Torre del Greco","Torre del Greco","40.7853","14.3953","Italy","IT","ITA","Campania","","80508","1380905401"
"Randfontein","Randfontein","-26.1797","27.7042","South Africa","ZA","ZAF","Gauteng","","80492","1710137724"
"Batley","Batley","53.7167","-1.6356","United Kingdom","GB","GBR","Kirklees","","80485","1826037459"
"Ādīgala","Adigala","10.4236","42.2333","Ethiopia","ET","ETH","Sumalē","","80440","1231021572"
"Santana","Santana","-0.0350","-51.1750","Brazil","BR","BRA","Amapá","minor","80439","1076974952"
"Nagaoka","Nagaoka","34.9269","135.6958","Japan","JP","JPN","Kyōto","","80423","1392219533"
"Rājula","Rajula","21.0500","71.4300","India","IN","IND","Gujarāt","","80393","1356495012"
"Azov","Azov","47.1083","39.4181","Russia","RU","RUS","Rostovskaya Oblast’","minor","80381","1643548776"
"Butterworth","Butterworth","5.4171","100.4000","Malaysia","MY","MYS","Pulau Pinang","","80378","1458469233"
"Tala","Tala","20.6667","-103.7000","Mexico","MX","MEX","Jalisco","minor","80365","1484003075"
"Antehiroka","Antehiroka","-18.8492","47.4828","Madagascar","MG","MDG","Antananarivo","","80360","1450838187"
"Oum el Bouaghi","Oum el Bouaghi","35.8775","7.1136","Algeria","DZ","DZA","Oum el Bouaghi","admin","80359","1012958880"
"Cabadbaran","Cabadbaran","9.1200","125.5300","Philippines","PH","PHL","Agusan del Norte","admin","80354","1608889253"
"Salisbury","Salisbury","38.3756","-75.5865","United States","US","USA","Maryland","","80352","1840006219"
"South Jordan","South Jordan","40.5570","-111.9784","United States","US","USA","Utah","","80331","1840021385"
"Tagoloan","Tagoloan","8.5300","124.7500","Philippines","PH","PHL","Misamis Oriental","","80319","1608502082"
"Kāmāreddipet","Kamareddipet","18.3205","78.3370","India","IN","IND","Andhra Pradesh","","80315","1356010343"
"Zuwārah","Zuwarah","32.9333","12.0833","Libya","LY","LBY","An Nuqāţ al Khams","admin","80310","1434206265"
"Bafut","Bafut","6.0833","10.1000","Cameroon","CM","CMR","North-West","","80305","1120828506"
"Tākestān","Takestan","36.0672","49.6958","Iran","IR","IRN","Qazvīn","minor","80299","1364488107"
"Arni","Arni","12.6677","79.2853","India","IN","IND","Tamil Nādu","","80275","1356433730"
"Echizen","Echizen","35.9035","136.1687","Japan","JP","JPN","Fukui","","80264","1392003537"
"Maravatío de Ocampo","Maravatio de Ocampo","19.8976","-100.4500","Mexico","MX","MEX","Michoacán","minor","80258","1484174386"
"Lívingston","Livingston","15.8300","-88.7500","Guatemala","GT","GTM","Izabal","minor","80249","1320970605"
"Kumbo","Kumbo","6.2050","10.6850","Cameroon","CM","CMR","North-West","","80212","1120679288"
"Bolpur","Bolpur","23.6700","87.7200","India","IN","IND","West Bengal","","80210","1356123985"
"Manresa","Manresa","41.7294","1.8272","Spain","ES","ESP","Catalonia","","80201","1724989137"
"Peruvancha","Peruvancha","17.1719","80.5839","India","IN","IND","Andhra Pradesh","","80199","1356294882"
"Neumünster","Neumunster","54.0714","9.9900","Germany","DE","DEU","Schleswig-Holstein","minor","80185","1276757733"
"Sint-Niklaas","Sint-Niklaas","51.1667","4.1333","Belgium","BE","BEL","Flanders","minor","80167","1056028982"
"Namsan","Namsan","42.2275","129.2541","Korea, North","KP","PRK","Hambuk","minor","80146","1408000884"
"Parma","Parma","41.3843","-81.7286","United States","US","USA","Ohio","","80131","1840003406"
"Gumlā","Gumla","23.0444","84.5417","India","IN","IND","Jhārkhand","","80129","1356058585"
"Simdega","Simdega","22.6200","84.5200","India","IN","IND","Jhārkhand","","80129","1356073158"
"San Andrés Cholula","San Andres Cholula","19.0500","-98.3000","Mexico","MX","MEX","Puebla","","80118","1484648176"
"Hannō","Hanno","35.8557","139.3277","Japan","JP","JPN","Saitama","","80099","1392681016"
"Gandía","Gandia","38.9667","-0.1833","Spain","ES","ESP","Valencia","","80095","1724131747"
"Cachoeira do Sul","Cachoeira do Sul","-30.0394","-52.8953","Brazil","BR","BRA","Rio Grande do Sul","minor","80070","1076336795"
"Gamagōri","Gamagori","34.8431","137.2196","Japan","JP","JPN","Aichi","","80063","1392024893"
"Doğubayazıt","Dogubayazit","39.5472","44.0833","Turkey","TR","TUR","Ağrı","minor","80061","1792572929"
"Manmād","Manmad","20.2510","74.4390","India","IN","IND","Mahārāshtra","","80058","1356593226"
"Goiana","Goiana","-7.5606","-35.0025","Brazil","BR","BRA","Pernambuco","minor","80055","1076692421"
"Afşin","Afsin","38.2464","36.9186","Turkey","TR","TUR","Kahramanmaraş","minor","80044","1792739931"
"Koktokay","Koktokay","47.0004","89.4666","China","CN","CHN","Xinjiang","minor","80000","1156023872"
"Piro","Piro","25.3300","84.4200","India","IN","IND","Bihār","","80000","1356786496"
"Sīra","Sira","13.7450","76.9090","India","IN","IND","Karnātaka","","80000","1356563968"
"Arsikere","Arsikere","13.3139","76.2369","India","IN","IND","Karnātaka","","80000","1356006431"
"Tall ‘Afar","Tall `Afar","36.3792","42.4497","Iraq","IQ","IRQ","Nīnawá","minor","80000","1368564375"
"Taldyqorghan","Taldyqorghan","45.0167","78.3667","Kazakhstan","KZ","KAZ","Zhetisū","admin","80000","1398112507"
"Nabatîyé","Nabatiye","33.3833","35.4500","Lebanon","LB","LBN","Nabatîyé","admin","80000","1422269278"
"Masallātah","Masallatah","32.5822","14.0400","Libya","LY","LBY","Al Marqab","","80000","1434116845"
"Andahuaylas","Andahuaylas","-13.6575","-73.3833","Peru","PE","PER","Apurímac","","80000","1604615351"
"Kathri","Kathri","26.4583","68.3192","Pakistan","PK","PAK","Sindh","","80000","1586828294"
"Jamshoro","Jamshoro","25.4244","68.2811","Pakistan","PK","PAK","Sindh","minor","80000","1586889028"
"Khewra","Khewra","32.6500","73.0167","Pakistan","PK","PAK","Punjab","","80000","1586632141"
"Puerto Ayacucho","Puerto Ayacucho","5.6631","-67.6264","Venezuela","VE","VEN","Amazonas","admin","80000","1862027409"
"Scunthorpe","Scunthorpe","53.5809","-0.6502","United Kingdom","GB","GBR","North Lincolnshire","","79977","1826817883"
"La Rochelle","La Rochelle","46.1600","-1.1500","France","FR","FRA","Nouvelle-Aquitaine","minor","79961","1250623782"
"Mīt Salsīl","Mit Salsil","31.1676","31.8012","Egypt","EG","EGY","Ad Daqahlīyah","","79957","1818883733"
"Jagannāthaprasād","Jagannathaprasad","19.9700","84.7700","India","IN","IND","Odisha","","79901","1356252696"
"San Jose","San Jose","13.8772","121.1050","Philippines","PH","PHL","Batangas","","79868","1608353630"
"Drobeta-Turnu Severin","Drobeta-Turnu Severin","44.6333","22.6500","Romania","RO","ROU","Mehedinţi","admin","79865","1642729144"
"Sokcho","Sokcho","38.2069","128.5919","Korea, South","KR","KOR","Gangwon","minor","79846","1410921315"
"Paco","Paco","14.5830","120.9830","Philippines","PH","PHL","Manila","","79839","1608451394"
"Kottagūdem","Kottagudem","17.5500","80.6300","India","IN","IND","Andhra Pradesh","","79819","1356124457"
"Idah","Idah","7.0978","6.7433","Nigeria","NG","NGA","Kogi","minor","79815","1566566689"
"Marsala","Marsala","37.7981","12.4342","Italy","IT","ITA","Sicilia","","79809","1380770056"
"Pharr","Pharr","26.1685","-98.1904","United States","US","USA","Texas","","79809","1840021030"
"State College","State College","40.7909","-77.8567","United States","US","USA","Pennsylvania","","79803","1840000830"
"Ban Map Ta Phut","Ban Map Ta Phut","12.7258","101.1722","Thailand","TH","THA","Rayong","","79773","1764852224"
"Poblacion","Poblacion","6.8000","124.6300","Philippines","PH","PHL","Sultan Kudarat","minor","79739","1608318645"
"Dessau-Rosslau","","51.8333","12.2333","Germany","DE","DEU","Saxony-Anhalt","minor","79686","1276983641"
"Piatra Neamţ","Piatra Neamt","46.9275","26.3708","Romania","RO","ROU","Neamţ","admin","79679","1642444635"
"Ciudad Lerdo","Ciudad Lerdo","25.5500","-103.5167","Mexico","MX","MEX","Durango","minor","79669","1484980436"
"Tissamaharama","Tissamaharama","6.2765","81.2865","Sri Lanka","LK","LKA","Southern","","79618","1144672530"
"Akiruno","Akiruno","35.7289","139.2941","Japan","JP","JPN","Tōkyō","","79600","1392270849"
"Polatsk","Polatsk","55.4833","28.8000","Belarus","BY","BLR","Vitsyebskaya Voblasts’","minor","79579","1112068992"
"Ust’-Ilimsk","Ust'-Ilimsk","58.0000","102.6667","Russia","RU","RUS","Irkutskaya Oblast’","minor","79570","1643673948"
"Patikul","Patikul","6.0700","121.1000","Philippines","PH","PHL","Sulu","","79564","1608678238"
"Ezpeleta","Ezpeleta","-34.7517","-58.2344","Argentina","AR","ARG","Buenos Aires","","79557","1032462589"
"Banī Mazār","Bani Mazar","28.5036","30.8003","Egypt","EG","EGY","Al Minyā","","79553","1818729843"
"Bugulma","Bugulma","54.5364","52.7975","Russia","RU","RUS","Tatarstan","","79545","1643987882"
"Vila do Conde","Vila do Conde","41.3500","-8.7500","Portugal","PT","PRT","Porto","minor","79533","1620584469"
"Krasnyi Luch","Krasnyi Luch","48.1333","38.9333","Ukraine","UA","UKR","Luhanska Oblast","","79533","1804477928"
"Khrustalnyi","Khrustalnyi","48.1333","38.9333","Ukraine","UA","UKR","Luhanska Oblast","","79533","1804368412"
"Cianorte","Cianorte","-23.6628","-52.6050","Brazil","BR","BRA","Paraná","minor","79527","1076944079"
"Plymouth","Plymouth","45.0225","-93.4617","United States","US","USA","Minnesota","","79526","1840008929"
"Belo Jardim","Belo Jardim","-8.3358","-36.4239","Brazil","BR","BRA","Pernambuco","minor","79507","1076631616"
"Viana","Viana","-20.3893","-40.4948","Brazil","BR","BRA","Espírito Santo","minor","79500","1076304289"
"Eséka","Eseka","3.6500","10.7667","Cameroon","CM","CMR","Centre","","79500","1120064220"
"Xai","Xai","20.6914","101.9861","Laos","LA","LAO","Oudômxai","admin","79500","1418805827"
"Döşemealtı","Dosemealti","37.0236","30.6011","Turkey","TR","TUR","Antalya","minor","79495","1792168215"
"Robles","Robles","10.3500","123.0700","Philippines","PH","PHL","Negros Occidental","","79492","1608534023"
"São Roque","Sao Roque","-23.5289","-47.1350","Brazil","BR","BRA","São Paulo","minor","79484","1076621665"
"San Martín","San Martin","-33.0806","-68.4706","Argentina","AR","ARG","Mendoza","minor","79476","1032297325"
"Torres Vedras","Torres Vedras","39.0833","-9.2667","Portugal","PT","PRT","Lisboa","minor","79465","1620003589"
"Chibemba","Chibemba","15.0000","46.0000","Angola","AO","AGO","Huíla","","79462","1024009942"
"Langarūd","Langarud","37.1911","50.1556","Iran","IR","IRN","Gīlān","minor","79445","1364215543"
"Senhor do Bonfim","Senhor do Bonfim","-10.4614","-40.1894","Brazil","BR","BRA","Bahia","minor","79424","1076513309"
"Medenine","Medenine","33.3547","10.5053","Tunisia","TN","TUN","Médenine","admin","79406","1788240639"
"Afgooye","Afgooye","2.1381","45.1212","Somalia","SO","SOM","Shabeellaha Hoose","minor","79400","1706930457"
"Turlock","Turlock","37.5053","-120.8588","United States","US","USA","California","","79394","1840021533"
"Viçosa","Vicosa","-20.7539","-42.8819","Brazil","BR","BRA","Minas Gerais","minor","79388","1076988060"
"Dudley","Dudley","52.5080","-2.0890","United Kingdom","GB","GBR","Dudley","","79379","1826052828"
"San Isidro","San Isidro","14.4685","121.0118","Philippines","PH","PHL","Parañaque","","79372","1608329833"
"Iwamizawa","Iwamizawa","43.2000","141.7833","Japan","JP","JPN","Hokkaidō","","79361","1392277310"
"Davis","Davis","38.5553","-121.7370","United States","US","USA","California","","79355","1840018833"
"Perris","Perris","33.7898","-117.2233","United States","US","USA","California","","79349","1840020557"
"Mangatarem","Mangatarem","15.7874","120.2921","Philippines","PH","PHL","Pangasinan","","79323","1608841442"
"Ban Talat Rangsit","Ban Talat Rangsit","13.9833","100.6167","Thailand","TH","THA","Pathum Thani","","79319","1764039814"
"Caçador","Cacador","-26.7753","-51.0150","Brazil","BR","BRA","Santa Catarina","minor","79313","1076703793"
"Phuket","Phuket","7.8881","98.3975","Thailand","TH","THA","Phuket","admin","79308","1764327831"
"Owendo","Owendo","0.2912","9.5047","Gabon","GA","GAB","Estuaire","","79300","1266006431"
"Schiedam","Schiedam","51.9167","4.4000","Netherlands","NL","NLD","Zuid-Holland","minor","79279","1528910170"
"Ban Nong Prue","Ban Nong Prue","12.9228","100.9375","Thailand","TH","THA","Chon Buri","","79258","1764743967"
"Drummondville","Drummondville","45.8833","-72.4833","Canada","CA","CAN","Quebec","","79258","1124624283"
"Viersen","Viersen","51.2561","6.3972","Germany","DE","DEU","North Rhine-Westphalia","minor","79250","1276629059"
"Natori-shi","Natori-shi","38.1715","140.8918","Japan","JP","JPN","Miyagi","","79250","1392168361"
"Kawartha Lakes","Kawartha Lakes","44.3500","-78.7500","Canada","CA","CAN","Ontario","","79247","1124000852"
"Lisala","Lisala","2.1486","21.5136","Congo (Kinshasa)","CD","COD","Mongala","admin","79235","1180477995"
"Évosmos","Evosmos","40.6689","22.9083","Greece","GR","GRC","Kentrikí Makedonía","minor","79221","1300891029"
"Warzat","Warzat","30.9167","-6.9167","Morocco","MA","MAR","Drâa-Tafilalet","","79218","1504381507"
"Tatvan","Tatvan","38.5022","42.2814","Turkey","TR","TUR","Bitlis","minor","79214","1792530559"
"Ciudad Lázaro Cárdenas","Ciudad Lazaro Cardenas","17.9561","-102.1922","Mexico","MX","MEX","Michoacán","","79200","1484804575"
"Jaen","Jaen","15.3392","120.9069","Philippines","PH","PHL","Nueva Ecija","","79189","1608058419"
"Jonesboro","Jonesboro","35.8212","-90.6791","United States","US","USA","Arkansas","","79187","1840014507"
"Dobni Para","Dobni Para","22.8347","74.2556","India","IN","IND","Madhya Pradesh","","79185","1356550673"
"Carmen","Carmen","7.2000","124.7800","Philippines","PH","PHL","Cotabato","","79140","1608666262"
"Ceará-Mirim","Ceara-Mirim","-5.6339","-35.4258","Brazil","BR","BRA","Rio Grande do Norte","minor","79115","1076913277"
"Tīkamgarh","Tikamgarh","24.7472","78.8500","India","IN","IND","Madhya Pradesh","","79106","1356652037"
