"Owasso","Owasso","36.2878","-95.8311","United States","US","USA","Oklahoma","","39013","1840020385"
"Amla","Amla","21.9248","78.1279","India","IN","IND","Madhya Pradesh","","39009","1356126635"
"Toumodi","Toumodi","6.5520","-5.0190","Côte d’Ivoire","CI","CIV","Lacs","minor","39005","1384416676"
"Dún Dealgan","Dun Dealgan","54.0044","-6.4003","Ireland","IE","IRL","Louth","admin","39004","1372735852"
"Tharād","Tharad","24.3926","71.6248","India","IN","IND","Gujarāt","","39000","1356055796"
"Ambatomainty","Ambatomainty","-17.6768","48.2166","Madagascar","MG","MDG","Toamasina","","39000","1450199483"
"Al Mālikīyah","Al Malikiyah","37.1770","42.1401","Syria","SY","SYR","Al Ḩasakah","minor","39000","1760784945"
"Trofa","Trofa","41.3374","-8.5596","Portugal","PT","PRT","Porto","minor","38999","1620889916"
"Ramallah","Ramallah","31.9026","35.1955","West Bank","XW","XWB","","","38998","1934604374"
"Cleethorpes","Cleethorpes","53.5533","-0.0215","United Kingdom","GB","GBR","North East Lincolnshire","","38996","1826584652"
"Nuevitas","Nuevitas","21.5403","-77.2644","Cuba","CU","CUB","Camagüey","","38995","1192448182"
"Betamcherla","Betamcherla","15.4667","78.1667","India","IN","IND","Andhra Pradesh","","38994","1356573340"
"Ciudad Melchor Múzquiz","Ciudad Melchor Muzquiz","27.8667","-101.5000","Mexico","MX","MEX","Coahuila","minor","38992","1484736113"
"Ancud","Ancud","-41.8667","-73.8333","Chile","CL","CHL","Los Lagos","","38991","1152760614"
"Navarre","Navarre","30.4174","-86.8907","United States","US","USA","Florida","","38988","1840027017"
"Sidi Khaled","Sidi Khaled","34.3833","4.9833","Algeria","DZ","DZA","Biskra","","38987","1012596640"
"Gornji Milanovac","Gornji Milanovac","44.0212","20.4560","Serbia","RS","SRB","Gornji Milanovac","admin","38985","1688363978"
"Várzea Alegre","Varzea Alegre","-6.7889","-39.2958","Brazil","BR","BRA","Ceará","minor","38984","1076418638"
"Nongzhangjie","Nongzhangjie","24.5833","97.8667","China","CN","CHN","Yunnan","","38981","1156153887"
"San Fernando de Henares","San Fernando de Henares","40.4256","-3.5353","Spain","ES","ESP","Madrid","","38980","1724056913"
"Tromsø","Tromso","69.6517","18.9556","Norway","NO","NOR","Troms og Finnmark","admin","38980","1578188822"
"Peachtree City","Peachtree City","33.3942","-84.5710","United States","US","USA","Georgia","","38977","1840014822"
"Sciacca","Sciacca","37.5092","13.0889","Italy","IT","ITA","Sicilia","","38967","1380760474"
"La Chaux-de-Fonds","La Chaux-de-Fonds","47.1028","6.8300","Switzerland","CH","CHE","Neuchâtel","minor","38965","1756289727"
"Menomonee Falls","Menomonee Falls","43.1487","-88.1227","United States","US","USA","Wisconsin","","38963","1840003020"
"La Mata","La Mata","19.1000","-70.1681","Dominican Republic","DO","DOM","Cibao Sur","","38962","1214121582"
"Qorday","Qorday","43.0369","74.7114","Kazakhstan","KZ","KAZ","Zhambyl","minor","38958","1398717423"
"Gabaldon","Gabaldon","15.4506","121.3378","Philippines","PH","PHL","Nueva Ecija","","38958","1608599479"
"Nabarūh","Nabaruh","31.0975","31.3031","Egypt","EG","EGY","Ad Daqahlīyah","","38953","1818811777"
"Goes","Goes","51.5000","3.8833","Netherlands","NL","NLD","Zeeland","minor","38950","1528134132"
"Niutuo Wucun","Niutuo Wucun","39.2618","116.3421","China","CN","CHN","Hebei","","38947","1156445927"
"Stendal","Stendal","52.6000","11.8500","Germany","DE","DEU","Saxony-Anhalt","minor","38946","1276016814"
"La Vergne","La Vergne","36.0200","-86.5586","United States","US","USA","Tennessee","","38944","1840014496"
"Mafamude","Mafamude","41.1152","-8.6036","Portugal","PT","PRT","Porto","","38940","1620550022"
"Alexandroúpoli","Alexandroupoli","40.8500","25.8667","Greece","GR","GRC","Anatolikí Makedonía kai Thráki","minor","38939","1300949419"
"Arucas","Arucas","28.1188","-15.5231","Spain","ES","ESP","Canary Islands","","38936","1724017455"
"São Raimundo Nonato","Sao Raimundo Nonato","-9.0150","-42.6989","Brazil","BR","BRA","Piauí","minor","38934","1076608833"
"Dibaya-Lubwe","Dibaya-Lubwe","-4.1500","19.8667","Congo (Kinshasa)","CD","COD","Kwilu","","38933","1180208280"
"Nallūr","Nallur","11.1003","77.3914","India","IN","IND","Tamil Nādu","","38933","1356163914"
"Galeana","Galeana","24.8333","-100.0667","Mexico","MX","MEX","Nuevo León","minor","38930","1484336701"
"Yangfang","Yangfang","40.5552","115.0722","China","CN","CHN","Hebei","","38922","1156841476"
"Haverstraw","Haverstraw","41.2055","-74.0384","United States","US","USA","New York","","38922","1840004975"
"Brumadinho","Brumadinho","-20.1428","-44.2000","Brazil","BR","BRA","Minas Gerais","minor","38915","1076272564"
"Staoueli","Staoueli","36.7500","2.8833","Algeria","DZ","DZA","Tipaza","","38915","1012512809"
"Caluya","Caluya","11.9320","121.5480","Philippines","PH","PHL","Antique","","38908","1608445589"
"Wālājāpet","Walajapet","12.9255","79.3652","India","IN","IND","Tamil Nādu","","38907","1356584798"
"Huangyoutang","Huangyoutang","23.5968","115.5153","China","CN","CHN","Guangdong","","38904","1156613196"
"Huadong","Huadong","23.6173","115.4856","China","CN","CHN","Guangdong","","38904","1156009718"
"Garalo","Garalo","10.9900","-7.4370","Mali","ML","MLI","Sikasso","","38900","1466137114"
"Changchunpu","Changchunpu","27.2388","105.1850","China","CN","CHN","Guizhou","","38896","1156848766"
"Juan Rodríguez Clara","Juan Rodriguez Clara","18.0000","-95.4000","Mexico","MX","MEX","Veracruz","minor","38895","1484000401"
"San Nicolas","San Nicolas","18.1750","120.5950","Philippines","PH","PHL","Ilocos Norte","","38895","1608708008"
"Sbeitla","Sbeitla","35.2297","9.1294","Tunisia","TN","TUN","Kasserine","","38895","1788964283"
"San Raimundo","San Raimundo","14.7647","-90.5956","Guatemala","GT","GTM","Guatemala","minor","38891","1320612138"
"Tuvāgudi","Tuvagudi","10.7526","78.8298","India","IN","IND","Tamil Nādu","","38887","1356229997"
"Draa el Mizan","Draa el Mizan","36.5333","3.8333","Algeria","DZ","DZA","Bouira","","38886","1012563094"
"Empalme","Empalme","27.9617","-110.8125","Mexico","MX","MEX","Sonora","minor","38886","1484366250"
"Cabugao","Cabugao","17.7947","120.4556","Philippines","PH","PHL","Ilocos Sur","","38884","1608084710"
"Yalutorovsk","Yalutorovsk","56.6500","66.2833","Russia","RU","RUS","Tyumenskaya Oblast’","minor","38882","1643158086"
"Higashimatsushima","Higashimatsushima","38.4263","141.2104","Japan","JP","JPN","Miyagi","","38880","1392705600"
"Xiwanzi","Xiwanzi","40.9717","115.2737","China","CN","CHN","Hebei","minor","38879","1156869748"
"Dwārka","Dwarka","22.2464","68.9667","India","IN","IND","Gujarāt","","38873","1356276872"
"Shenwan","Shenwan","22.3024","113.3638","China","CN","CHN","Guangdong","","38872","1156574295"
"Birmitrapur","Birmitrapur","22.4000","84.7667","India","IN","IND","Odisha","","38870","1356055853"
"Penfield","Penfield","43.1602","-77.4483","United States","US","USA","New York","","38870","1840058391"
"Sāttivayal","Sattivayal","10.6017","78.5464","India","IN","IND","Tamil Nādu","","38866","1356208302"
"Pehowa","Pehowa","29.9800","76.5800","India","IN","IND","Haryāna","","38853","1356877923"
"Inashiki","Inashiki","35.9565","140.3239","Japan","JP","JPN","Ibaraki","","38853","1392230730"
"Prattville","Prattville","32.4597","-86.4573","United States","US","USA","Alabama","","38850","1840004086"
"Saryaghash","Saryaghash","41.4667","69.1667","Kazakhstan","KZ","KAZ","Türkistan","","38848","1398900566"
"Tshela","Tshela","-4.9667","12.9333","Congo (Kinshasa)","CD","COD","Kongo Central","","38845","1180377922"
"Papenburg","Papenburg","53.0667","7.4000","Germany","DE","DEU","Lower Saxony","","38841","1276460693"
"Hitachiomiya","Hitachiomiya","36.5425","140.4109","Japan","JP","JPN","Ibaraki","","38836","1392000308"
"Rauma","Rauma","61.1333","21.5000","Finland","FI","FIN","Satakunta","minor","38832","1246262958"
"São Mateus do Maranhão","Sao Mateus do Maranhao","-4.0400","-44.4700","Brazil","BR","BRA","Maranhão","minor","38829","1076550429"
"Aïn Tedeles","Ain Tedeles","35.9947","0.2956","Algeria","DZ","DZA","Mostaganem","","38823","1012889794"
"Ngororero","Ngororero","-1.8650","29.6250","Rwanda","RW","RWA","Western Province","","38823","1646903610"
"Olot","Olot","42.1833","2.4833","Spain","ES","ESP","Catalonia","","38822","1724694918"
"Valrico","Valrico","27.9193","-82.2293","United States","US","USA","Florida","","38820","1840028790"
"Ohrid","Ohrid","41.1169","20.8019","North Macedonia","MK","MKD","Ohrid","admin","38818","1807586875"
"Skelmersdale","Skelmersdale","53.5500","-2.7760","United Kingdom","GB","GBR","Lancashire","","38813","1826978666"
"Santa Helena de Goiás","Santa Helena de Goias","-17.8136","-50.5969","Brazil","BR","BRA","Goiás","minor","38808","1076150197"
"Nūrpur","Nurpur","29.1500","78.4000","India","IN","IND","Uttar Pradesh","","38806","1356076131"
"Neuilly-sur-Marne","Neuilly-sur-Marne","48.8537","2.5490","France","FR","FRA","Île-de-France","","38799","1250377296"
"Ermezinde","Ermezinde","41.2133","-8.5472","Portugal","PT","PRT","Porto","","38798","1620357803"
"Marikina Heights","Marikina Heights","14.6534","121.1187","Philippines","PH","PHL","Marikina","","38795","1608286421"
"Ōmagari","Omagari","39.4531","140.4754","Japan","JP","JPN","Akita","","38794","1392052360"
"Dubbo","Dubbo","-32.2569","148.6011","Australia","AU","AUS","New South Wales","","38783","1036855042"
"Mehidpur","Mehidpur","23.4888","75.6580","India","IN","IND","Madhya Pradesh","","38780","1356586110"
"Tipton","Tipton","52.5259","-2.0751","United Kingdom","GB","GBR","Dudley","","38777","1826072169"
"Lambaréné","Lambarene","-0.6883","10.2319","Gabon","GA","GAB","Moyen-Ogooué","admin","38775","1266875472"
"Campina Grande do Sul","Campina Grande do Sul","-25.3056","-49.0553","Brazil","BR","BRA","Paraná","minor","38769","1076807751"
"San Gabriel","San Gabriel","34.0949","-118.0990","United States","US","USA","California","","38764","1840021862"
"Braintree","Braintree","42.2039","-71.0022","United States","US","USA","Massachusetts","","38762","1840132398"
"Ban Bang Khu Lat","Ban Bang Khu Lat","13.8770","100.3687","Thailand","TH","THA","Nonthaburi","","38758","1764924013"
"Los Palacios y Villafranca","Los Palacios y Villafranca","37.1625","-5.9242","Spain","ES","ESP","Andalusia","","38757","1724334949"
"Eccles","Eccles","53.4824","-2.3390","United Kingdom","GB","GBR","Salford","","38756","1826711263"
"Clinton","Clinton","38.7499","-76.9063","United States","US","USA","Maryland","","38756","1840005949"
"Würselen","Wurselen","50.8167","6.1333","Germany","DE","DEU","North Rhine-Westphalia","","38750","1276620771"
"Gujō","Gujo","35.7486","136.9643","Japan","JP","JPN","Gifu","","38747","1392159452"
"Fasano","Fasano","40.8333","17.3667","Italy","IT","ITA","Puglia","","38745","1380301604"
"Aborlan","Aborlan","9.4386","118.5481","Philippines","PH","PHL","Palawan","","38736","1608193671"
"Sujawal","Sujawal","24.6031","68.0792","Pakistan","PK","PAK","Sindh","","38736","1586114726"
"São Francisco do Conde","Sao Francisco do Conde","-12.6278","-38.6800","Brazil","BR","BRA","Bahia","minor","38733","1076969118"
"Valencia","Valencia","9.2800","123.2500","Philippines","PH","PHL","Negros Oriental","","38733","1608009046"
"Penalva","Penalva","-3.2942","-45.1736","Brazil","BR","BRA","Maranhão","minor","38731","1076744863"
"Los Palacios","Los Palacios","22.5822","-83.2489","Cuba","CU","CUB","Pinar del Río","minor","38731","1192924706"
"Kamp-Lintfort","Kamp-Lintfort","51.5000","6.5333","Germany","DE","DEU","North Rhine-Westphalia","","38731","1276081102"
"Yoshinogawa","Yoshinogawa","34.0631","134.3614","Japan","JP","JPN","Tokushima","","38726","1392003198"
"Ouro Branco","Ouro Branco","-20.5208","-43.6919","Brazil","BR","BRA","Minas Gerais","minor","38724","1076485763"
"Kehl","Kehl","48.5667","7.8167","Germany","DE","DEU","Baden-Württemberg","","38721","1276615908"
"Tinnanūr","Tinnanur","13.1145","80.0271","India","IN","IND","Tamil Nādu","","38718","1356411606"
"Barbacoas","Barbacoas","1.6717","-78.1397","Colombia","CO","COL","Nariño","minor","38708","1170561863"
"Vestavia Hills","Vestavia Hills","33.4518","-86.7437","United States","US","USA","Alabama","","38704","1840015673"
"Cajibío","Cajibio","2.6333","-76.6333","Colombia","CO","COL","Cauca","minor","38703","1170570874"
"Pinner","Pinner","51.5932","-0.3894","United Kingdom","GB","GBR","Harrow","","38698","1826466478"
"Monreale","Monreale","38.0817","13.2889","Italy","IT","ITA","Sicilia","","38698","1380377076"
"Taibao","Taibao","23.4500","120.3333","Taiwan","TW","TWN","Chiayi","admin","38696","1158657404"
"Yako","Yako","12.9667","-2.2667","Burkina Faso","BF","BFA","Nord","minor","38689","1854815200"
"Tudela","Tudela","42.0653","-1.6067","Spain","ES","ESP","Navarre","","38685","1724338927"
"Novozybkov","Novozybkov","52.5333","31.9333","Russia","RU","RUS","Bryanskaya Oblast’","minor","38680","1643876625"
"Real","Real","14.6700","121.6000","Philippines","PH","PHL","Quezon","","38678","1608401187"
"Sakuragawa","Sakuragawa","36.3273","140.0906","Japan","JP","JPN","Ibaraki","","38677","1392000708"
"Kwai Chung","Kwai Chung","22.3674","114.1273","Hong Kong","HK","HKG","","","38674","1344773013"
"Vetapālem","Vetapalem","15.7800","80.3200","India","IN","IND","Andhra Pradesh","","38671","1356538116"
"Jamindan","Jamindan","11.4094","122.5103","Philippines","PH","PHL","Capiz","","38670","1608186987"
"Bell Gardens","Bell Gardens","33.9663","-118.1550","United States","US","USA","California","","38661","1840019229"
"Margosatubig","Margosatubig","7.5783","123.1659","Philippines","PH","PHL","Zamboanga del Sur","","38660","1608570803"
"Security-Widefield","Security-Widefield","38.7489","-104.7142","United States","US","USA","Colorado","","38659","1840074635"
"Tonbridge","Tonbridge","51.1987","0.2764","United Kingdom","GB","GBR","Kent","","38657","1826806502"
"Zacatelco","Zacatelco","19.2167","-98.2333","Mexico","MX","MEX","Tlaxcala","minor","38654","1484460521"
"Paravūrkambolam","Paravurkambolam","8.8100","76.6702","India","IN","IND","Kerala","","38649","1356164027"
"Pereslavl’-Zalesskiy","Pereslavl'-Zalesskiy","56.7333","38.8500","Russia","RU","RUS","Yaroslavskaya Oblast’","minor","38649","1643256841"
"Stanton","Stanton","33.8003","-117.9935","United States","US","USA","California","","38639","1840021966"
"Shibata","Shibata","38.0566","140.7658","Japan","JP","JPN","Miyagi","","38638","1392003080"
"Voghera","Voghera","44.9925","9.0092","Italy","IT","ITA","Lombardy","","38637","1380568677"
"Armavir","Armavir","40.1500","44.0400","Armenia","AM","ARM","Armavir","admin","38635","1051878002"
"San José de Las Matas","San Jose de Las Matas","19.3300","-70.9300","Dominican Republic","DO","DOM","Cibao Norte","","38628","1214663551"
"Ábrego","Abrego","8.0000","-73.2000","Colombia","CO","COL","Norte de Santander","minor","38627","1170272362"
"San Fernando","San Fernando","13.5661","123.1422","Philippines","PH","PHL","Camarines Sur","","38626","1608187766"
"Dzhankoi","Dzhankoi","45.7086","34.3933","Ukraine","UA","UKR","Krym, Avtonomna Respublika","minor","38622","1804654537"
"Dabola","Dabola","10.7500","-11.1167","Guinea","GN","GIN","Faranah","minor","38617","1324368075"
"Sovetsk","Sovetsk","55.0808","21.8864","Russia","RU","RUS","Kaliningradskaya Oblast’","minor","38614","1643001581"
"Kampung Baharu Nilai","Kampung Baharu Nilai","2.8033","101.7972","Malaysia","MY","MYS","Negeri Sembilan","","38612","1458945059"
"Su-ngai Kolok","Su-ngai Kolok","6.0333","101.9667","Thailand","TH","THA","Narathiwat","minor","38612","1764527716"
"Bahharet Oulad Ayyad","Bahharet Oulad Ayyad","34.7702","-6.3047","Morocco","MA","MAR","Rabat-Salé-Kénitra","","38611","1504139256"
"Nantun","Nantun","38.0619","114.6365","China","CN","CHN","Hebei","","38608","1156014117"
"Vengat","Vengat","11.8828","75.5351","India","IN","IND","Kerala","","38606","1356069880"
"Santa Maria da Vitória","Santa Maria da Vitoria","-13.3978","-44.1978","Brazil","BR","BRA","Bahia","minor","38604","1076607443"
"Çınarcık","Cinarcik","40.6333","29.1167","Turkey","TR","TUR","Yalova","minor","38600","1792016755"
"Ciampino","Ciampino","41.8000","12.6000","Italy","IT","ITA","Lazio","","38595","1380847693"
"Aketi","Aketi","2.7333","23.7500","Congo (Kinshasa)","CD","COD","Bas-Uélé","","38588","1180273302"
"Køge","Koge","55.4600","12.1834","Denmark","DK","DNK","Sjælland","minor","38588","1208980613"
"Schio","Schio","45.7111","11.3556","Italy","IT","ITA","Veneto","","38580","1380627888"
"Leyland","Leyland","53.6903","-2.6992","United Kingdom","GB","GBR","Lancashire","","38578","1826726004"
"Phatthalung","Phatthalung","7.5000","100.0000","Thailand","TH","THA","Phatthalung","admin","38576","1764240863"
"Ibusuki","Ibusuki","31.2528","130.6331","Japan","JP","JPN","Kagoshima","","38571","1392003168"
"Champerico","Champerico","14.2930","-91.9140","Guatemala","GT","GTM","Retalhuleu","minor","38570","1320124316"
"Yuzhnoukrainsk","Yuzhnoukrainsk","47.8217","31.1750","Ukraine","UA","UKR","Mykolaivska Oblast","minor","38560","1804000719"
"Leribe","Leribe","-28.8734","28.0416","Lesotho","LS","LSO","Leribe","admin","38558","1426721246"
"Santa Pola","Santa Pola","38.1897","-0.5556","Spain","ES","ESP","Valencia","","38556","1724077015"
"Ban Na Pa","Ban Na Pa","13.3986","101.0077","Thailand","TH","THA","Chon Buri","","38548","1764865021"
"Westerville","Westerville","40.1241","-82.9210","United States","US","USA","Ohio","","38543","1840003763"
"Sungandiancun","Sungandiancun","36.2221","115.3246","China","CN","CHN","Hebei","","38542","1156441211"
"Vangaindrano","Vangaindrano","-23.3498","47.6047","Madagascar","MG","MDG","Fianarantsoa","","38537","1450641606"
"Komotiní","Komotini","41.1219","25.4042","Greece","GR","GRC","Anatolikí Makedonía kai Thráki","admin","38532","1300373048"
"Strängnäs","Strangnas","59.3833","17.0333","Sweden","SE","SWE","Södermanland","minor","38526","1752111370"
"Achaguas","Achaguas","7.7667","-68.2333","Venezuela","VE","VEN","Apure","minor","38523","1862439541"
"Khalkhāl","Khalkhal","37.6147","48.5314","Iran","IR","IRN","Ardabīl","minor","38521","1364932128"
"Glenrothes","Glenrothes","56.1980","-3.1780","United Kingdom","GB","GBR","Fife","","38510","1826270044"
"Alingsås","Alingsas","57.9333","12.5167","Sweden","SE","SWE","Västra Götaland","minor","38509","1752378437"
"Santa Clara del Cobre","Santa Clara del Cobre","19.4050","-101.6380","Mexico","MX","MEX","Michoacán","minor","38502","1484589302"
"Bərdə","Barda","40.3831","47.1186","Azerbaijan","AZ","AZE","Bərdə","admin","38500","1031495701"
"Belize City","Belize City","17.4986","-88.1886","Belize","BZ","BLZ","Belize","admin","38500","1084150679"
"Klinë","Kline","42.6217","20.5778","Kosovo","XK","XKS","Klinë","admin","38496","1901230162"
"Wheeling","Wheeling","42.1308","-87.9240","United States","US","USA","Illinois","","38495","1840011334"
"Havza","Havza","40.9667","35.6667","Turkey","TR","TUR","Samsun","minor","38492","1792980537"
"San Adrián de Besós","San Adrian de Besos","41.4285","2.2230","Spain","ES","ESP","Catalonia","","38490","1724799974"
"Atlantic City","Atlantic City","39.3797","-74.4527","United States","US","USA","New Jersey","","38486","1840003798"
"San Andres","San Andres","13.5961","124.0992","Philippines","PH","PHL","Catanduanes","","38480","1608257765"
"Caibarién","Caibarien","22.5158","-79.4722","Cuba","CU","CUB","Villa Clara","minor","38479","1192208164"
"Nishiwaki","Nishiwaki","34.9903","134.9722","Japan","JP","JPN","Hyōgo","","38479","1392948535"
"Phenix City","Phenix City","32.4585","-85.0253","United States","US","USA","Alabama","","38477","1840006012"
"Calexico","Calexico","32.6849","-115.4944","United States","US","USA","California","","38476","1840019379"
"Rosário","Rosario","-2.9339","-44.2350","Brazil","BR","BRA","Maranhão","minor","38475","1076804900"
"Sarikishty","Sarikishty","38.4667","68.7000","Tajikistan","TJ","TJK","Nohiyahoi Tobei Jumhurí","","38474","1762415528"
"La Unión","La Union","14.9667","-89.2833","Guatemala","GT","GTM","Zacapa","minor","38473","1320575011"
"Al Ghizlānīyah","Al Ghizlaniyah","33.3967","36.4549","Syria","SY","SYR","Rīf Dimashq","minor","38473","1760034578"
"San Felipe Orizatlán","San Felipe Orizatlan","21.1719","-98.6064","Mexico","MX","MEX","Hidalgo","","38472","1484942420"
"Ingeniero Pablo Nogués","Ingeniero Pablo Nogues","-34.4667","-58.7667","Argentina","AR","ARG","Buenos Aires","","38470","1032949946"
"Emîr Abdelkader","Emir Abdelkader","36.7500","5.8333","Algeria","DZ","DZA","Jijel","","38468","1012035727"
"Maasin","Maasin","10.8800","122.4300","Philippines","PH","PHL","Iloilo","","38461","1608867615"
"Coto Brus","Coto Brus","8.8890","-82.9092","Costa Rica","CR","CRI","Puntarenas","","38453","1188593631"
"Chichaoua","Chichaoua","31.5333","-8.7667","Morocco","MA","MAR","Marrakech-Safi","","38452","1504125569"
"Mahādeopur","Mahadeopur","18.7316","79.9837","India","IN","IND","Andhra Pradesh","","38451","1356631182"
"Winter Springs","Winter Springs","28.6889","-81.2703","United States","US","USA","Florida","","38448","1840015959"
"Urbana","Urbana","40.1107","-88.1973","United States","US","USA","Illinois","","38447","1840010451"
"Szczecinek","Szczecinek","53.7167","16.6833","Poland","PL","POL","Zachodniopomorskie","minor","38446","1616218175"
"Minas","Minas","-34.3667","-55.2333","Uruguay","UY","URY","Lavalleja","admin","38446","1858724823"
"Saronno","Saronno","45.6255","9.0370","Italy","IT","ITA","Lombardy","","38442","1380012817"
"Tulun","Tulun","54.5667","100.5667","Russia","RU","RUS","Irkutskaya Oblast’","minor","38440","1643545822"
"Shrewsbury","Shrewsbury","42.2842","-71.7154","United States","US","USA","Massachusetts","","38440","1840053699"
"Olutanga","Olutanga","7.3106","122.8464","Philippines","PH","PHL","Zamboanga Sibugay","","38438","1608000162"
"Mechanicsville","Mechanicsville","37.6263","-77.3561","United States","US","USA","Virginia","","38437","1840006340"
"Joué-lés-Tours","Joue-les-Tours","47.3514","0.6625","France","FR","FRA","Centre-Val de Loire","","38432","1250289965"
"Lanyi","Lanyi","38.7048","111.5601","China","CN","CHN","Shanxi","minor","38431","1156840616"
"Sanjiang","Sanjiang","26.6764","109.1918","China","CN","CHN","Guizhou","minor","38425","1156011655"
"Buug","Buug","7.7286","123.0608","Philippines","PH","PHL","Zamboanga Sibugay","","38425","1608366123"
"Chorley","Chorley","53.6530","-2.6320","United Kingdom","GB","GBR","Lancashire","","38420","1826477913"
"Chacabuco","Chacabuco","-34.6333","-60.4667","Argentina","AR","ARG","Buenos Aires","minor","38418","1032210547"
"Sibaté","Sibate","4.4908","-74.2594","Colombia","CO","COL","Cundinamarca","minor","38412","1170223176"
"Melmadai","Melmadai","9.9264","78.1503","India","IN","IND","Tamil Nādu","","38409","1356234550"
"Buchireddipālem","Buchireddipalem","14.5380","79.8750","India","IN","IND","Andhra Pradesh","","38405","1356799521"
"Shijiazhuangnan","Shijiazhuangnan","37.9383","114.4453","China","CN","CHN","Hebei","","38403","1156203505"
"Qiaotouyi","Qiaotouyi","28.4114","112.9270","China","CN","CHN","Hunan","","38400","1156280851"
"Darāw","Daraw","24.4003","32.9306","Egypt","EG","EGY","Aswān","","38400","1818705709"
"Herne Bay","Herne Bay","51.3700","1.1300","United Kingdom","GB","GBR","Kent","","38385","1826454069"
"Vredenburg","Vredenburg","-32.9064","17.9958","South Africa","ZA","ZAF","Western Cape","","38382","1710121734"
"Kaka","Kaka","37.3500","59.6000","Turkmenistan","TM","TKM","Ahal","","38381","1795223342"
"Shevgaon","Shevgaon","19.3500","75.2333","India","IN","IND","Mahārāshtra","","38375","1356067414"
"Fribourg","Fribourg","46.8000","7.1500","Switzerland","CH","CHE","Fribourg","admin","38365","1756145667"
"Miyoshidai","Miyoshidai","35.8284","139.5265","Japan","JP","JPN","Saitama","","38361","1392859111"
"Wesseling","Wesseling","50.8167","6.9667","Germany","DE","DEU","North Rhine-Westphalia","","38355","1276392642"
"Nindirí","Nindiri","12.0047","-86.1194","Nicaragua","NI","NIC","Masaya","minor","38355","1558216045"
"Bougara","Bougara","36.5333","3.0833","Algeria","DZ","DZA","Blida","","38352","1012764987"
"Misawa","Misawa","40.6831","141.3691","Japan","JP","JPN","Aomori","","38351","1392268760"
"Waregem","Waregem","50.8833","3.4167","Belgium","BE","BEL","Flanders","","38347","1056938686"
"Xiaguanying","Xiaguanying","35.9427","104.1717","China","CN","CHN","Gansu","","38342","1156137191"
"Marcianise","Marcianise","41.0333","14.3000","Italy","IT","ITA","Campania","","38335","1380095709"
"Kizilyurt","Kizilyurt","43.2167","46.8667","Russia","RU","RUS","Dagestan","minor","38335","1643796605"
"Oleiros","Oleiros","43.3333","-8.3166","Spain","ES","ESP","Galicia","","38333","1724989777"
"Patnongon","Patnongon","10.9142","121.9947","Philippines","PH","PHL","Antique","","38329","1608542383"
"Itaitinga","Itaitinga","-3.9694","-38.5281","Brazil","BR","BRA","Ceará","minor","38325","1076730632"
"Novo Horizonte","Novo Horizonte","-21.4678","-49.2208","Brazil","BR","BRA","São Paulo","minor","38324","1076842025"
"Greven","Greven","52.0917","7.6083","Germany","DE","DEU","North Rhine-Westphalia","","38321","1276669554"
"Wilrijk","Wilrijk","51.1667","4.3833","Belgium","BE","BEL","Flanders","","38319","1056856588"
"Nigel","Nigel","-26.4203","28.4683","South Africa","ZA","ZAF","Gauteng","","38318","1710146906"
"Bayan","Bayan","36.1064","102.2547","China","CN","CHN","Qinghai","","38315","1156819321"
"Bridgwater","Bridgwater","51.1280","-2.9930","United Kingdom","GB","GBR","Somerset","","38310","1826346861"
"Chikodi","Chikodi","16.4255","74.5870","India","IN","IND","Karnātaka","","38307","1356759185"
"Samal","Samal","14.7678","120.5431","Philippines","PH","PHL","Bataan","","38302","1608128409"
"Chuangjian","Chuangjian","29.1558","112.2456","China","CN","CHN","Hunan","","38300","1156259671"
"La Quinta","La Quinta","33.6536","-116.2785","United States","US","USA","California","","38299","1840020559"
"Khairtal","Khairtal","27.8346","76.6388","India","IN","IND","Rājasthān","","38298","1356005235"
"Mmabatho","Mmabatho","-25.8500","25.6333","South Africa","ZA","ZAF","North West","","38297","1710524815"
"Iturama","Iturama","-19.7278","-50.1958","Brazil","BR","BRA","Minas Gerais","minor","38295","1076049375"
"Wokingham","Wokingham","51.4102","-0.8432","United Kingdom","GB","GBR","Wokingham","","38286","1826878333"
"Azzano","Azzano","42.8167","12.4833","Italy","IT","ITA","Umbria","","38283","1380471650"
"Sama","Sama","43.3000","-5.6833","Spain","ES","ESP","Asturias","","38282","1724748229"
"Funes","Funes","-32.9167","-60.8167","Argentina","AR","ARG","Santa Fe","","38274","1032992183"
"Maule","Maule","-35.5333","-71.7000","Chile","CL","CHL","Maule","","38270","1152958152"
"Tāki","Taki","22.5900","88.9200","India","IN","IND","West Bengal","","38263","1356065941"
"Laur","Laur","15.5797","121.1864","Philippines","PH","PHL","Nueva Ecija","","38263","1608394734"
"Siyang","Siyang","27.2116","108.7463","China","CN","CHN","Guizhou","minor","38261","1156030306"
"Am-Timan","Am-Timan","11.0333","20.2833","Chad","TD","TCD","Salamat","admin","38261","1148823427"
"Maibara","Maibara","35.3167","136.2833","Japan","JP","JPN","Shiga","","38259","1392812033"
"Antsohihy","Antsohihy","-14.8661","47.9834","Madagascar","MG","MDG","Mahajanga","minor","38253","1450240411"
"Ciudad del Plata","Ciudad del Plata","-34.7667","-56.3806","Uruguay","UY","URY","San José","","38249","1858720449"
"Xiushui","Xiushui","24.0356","120.5037","Taiwan","TW","TWN","Changhua","","38248","1158521382"
"Yugorsk","Yugorsk","61.3167","63.3333","Russia","RU","RUS","Khanty-Mansiyskiy Avtonomnyy Okrug-Yugra","","38238","1643279109"
"Ibara","Ibara","34.6000","133.4667","Japan","JP","JPN","Okayama","","38236","1392000586"
"East Point","East Point","33.6696","-84.4701","United States","US","USA","Georgia","","38233","1840013661"
"Brasschaat","Brasschaat","51.2914","4.4950","Belgium","BE","BEL","Flanders","","38223","1056299309"
"Città di Castello","Citta di Castello","43.4574","12.2403","Italy","IT","ITA","Umbria","","38222","1380983952"
"Pitangueiras","Pitangueiras","-21.0094","-48.2217","Brazil","BR","BRA","São Paulo","minor","38211","1076000181"
"Kerava","Kerava","60.4000","25.1000","Finland","FI","FIN","Uusimaa","minor","38211","1246221274"
"Georgetown","Georgetown","38.2247","-84.5487","United States","US","USA","Kentucky","","38206","1840013197"
"Américo Brasiliense","Americo Brasiliense","-21.7361","-48.1114","Brazil","BR","BRA","São Paulo","minor","38202","1076027153"
"Bishops Stortford","Bishops Stortford","51.8720","0.1725","United Kingdom","GB","GBR","Hertfordshire","","38202","1826440705"
"Xico","Xico","19.4170","-97.0000","Mexico","MX","MEX","Veracruz","minor","38198","1484011085"
"Mechelen-aan-de-Maas","Mechelen-aan-de-Maas","50.9967","5.7025","Belgium","BE","BEL","Flanders","","38193","1056407060"
"Fürstenfeldbruck","Furstenfeldbruck","48.1778","11.2556","Germany","DE","DEU","Bavaria","minor","38187","1276347995"
"Borbon","Borbon","10.8300","124.0000","Philippines","PH","PHL","Cebu","","38187","1608861452"
"Backnang","Backnang","48.9464","9.4306","Germany","DE","DEU","Baden-Württemberg","","38184","1276031423"
"Naushahro Firoz","Naushahro Firoz","26.8500","68.1333","Pakistan","PK","PAK","Sindh","minor","38181","1586454087"
"Porur","Porur","13.0356","80.1582","India","IN","IND","Tamil Nādu","","38179","1356112242"
"Izobil’nyy","Izobil'nyy","45.3667","41.7167","Russia","RU","RUS","Stavropol’skiy Kray","minor","38177","1643012152"
"Pallipram","Pallipram","11.1500","75.9000","India","IN","IND","Kerala","","38166","1356149733"
"Oeiras","Oeiras","-7.0250","-42.1308","Brazil","BR","BRA","Piauí","minor","38161","1076220246"
"Tayasan","Tayasan","9.9200","123.1500","Philippines","PH","PHL","Negros Oriental","","38159","1608000640"
"Zacualtipán","Zacualtipan","20.6500","-98.6500","Mexico","MX","MEX","Hidalgo","","38155","1484806928"
"Fereydūn Kenār","Fereydun Kenar","36.6850","52.5208","Iran","IR","IRN","Māzandarān","minor","38154","1364024073"
"Karuvambram","Karuvambram","11.0158","76.1131","India","IN","IND","Kerala","","38153","1356447666"
"Clovis","Clovis","34.4376","-103.1923","United States","US","USA","New Mexico","","38153","1840019195"
"Matozinhos","Matozinhos","-19.5578","-44.0814","Brazil","BR","BRA","Minas Gerais","minor","38151","1076626899"
"Selçuk","Selcuk","37.9500","27.3667","Turkey","TR","TUR","İzmir","minor","38151","1792359915"
"Choybalsan","Choybalsan","48.0706","114.5228","Mongolia","MN","MNG","Dornod","admin","38150","1496921469"
"Bradford","Bradford","44.1167","-79.5667","Canada","CA","CAN","Ontario","","38128","1124378317"
"Cananea","Cananea","30.9819","-110.3006","Mexico","MX","MEX","Sonora","minor","38113","1484752107"
"Brejo da Madre de Deus","Brejo da Madre de Deus","-8.1458","-36.3708","Brazil","BR","BRA","Pernambuco","minor","38109","1076440699"
"Campbell River","Campbell River","50.0244","-125.2475","Canada","CA","CAN","British Columbia","","38108","1124851971"
"Navgilem","Navgilem","40.1333","70.6500","Tajikistan","TJ","TJK","Sughd","","38104","1762623109"
"Vavuniya","Vavuniya","8.7514","80.4971","Sri Lanka","LK","LKA","North Central","","38101","1144186197"
"Quba","Quba","41.3611","48.5134","Azerbaijan","AZ","AZE","Quba","admin","38100","1031078072"
"Entre Rios","Entre Rios","-11.9419","-38.0839","Brazil","BR","BRA","Bahia","minor","38098","1076914935"
"Orange","Orange","-33.2833","149.1000","Australia","AU","AUS","New South Wales","","38097","1036760396"
"San Germán","San German","20.6011","-76.1325","Cuba","CU","CUB","Holguín","minor","38097","1192000020"
"Shankarpur Khawās","Shankarpur Khawas","25.2016","87.1496","India","IN","IND","Bihār","","38092","1356813629"
"Shengang","Shengang","24.1648","120.4886","Taiwan","TW","TWN","Changhua","","38088","1158213803"
"Sabang","Sabang","5.8942","95.3192","Indonesia","ID","IDN","Aceh","","38077","1360742506"
"Veghel","Veghel","51.6169","5.5481","Netherlands","NL","NLD","Noord-Brabant","minor","38077","1528658070"
"Savelugu","Savelugu","9.6244","-0.8253","Ghana","GH","GHA","Northern","","38074","1288849459"
"Thakraha","Thakraha","26.7419","84.2562","India","IN","IND","Bihār","","38063","1356337463"
"San Mateo","San Mateo","10.2133","-67.4225","Venezuela","VE","VEN","Aragua","minor","38062","1862519727"
"Mapandan","Mapandan","16.0260","120.4540","Philippines","PH","PHL","Pangasinan","","38058","1608000894"
"Prokuplje","Prokuplje","43.2339","21.5861","Serbia","RS","SRB","Prokuplje","admin","38054","1688111468"
"Guajará-Mirim","Guajara-Mirim","-10.7828","-65.3394","Brazil","BR","BRA","Rondônia","minor","38045","1076692558"
"Portel","Portel","-1.9358","-50.8208","Brazil","BR","BRA","Pará","minor","38043","1076977846"
"Dubrājpur","Dubrajpur","23.8000","87.3800","India","IN","IND","West Bengal","","38041","1356740995"
"Bangar","Bangar","16.9000","120.4200","Philippines","PH","PHL","La Union","","38041","1608636378"
"Bautzen","Bautzen","51.1814","14.4242","Germany","DE","DEU","Saxony","minor","38039","1276088190"
"Steyr","Steyr","48.0333","14.4167","Austria","AT","AUT","Oberösterreich","minor","38034","1040132113"
"Riviera Beach","Riviera Beach","26.7813","-80.0741","United States","US","USA","Florida","","38032","1840015126"
"Cheltenham","Cheltenham","40.0781","-75.1382","United States","US","USA","Pennsylvania","","38029","1840143117"
"Livramento de Nossa Senhora","Livramento de Nossa Senhora","-13.6428","-41.8408","Brazil","BR","BRA","Bahia","minor","38025","1076781145"
"Franconville","Franconville","48.9889","2.2314","France","FR","FRA","Île-de-France","","38024","1250716454"
"Mantingan","Mantingan","-7.3682","111.1644","Indonesia","ID","IDN","Jawa Timur","","38023","1360342191"
"Hot Springs","Hot Springs","34.4892","-93.0501","United States","US","USA","Arkansas","","38023","1840014670"
"Saint-Martin-d’Hères","Saint-Martin-d'Heres","45.1672","5.7653","France","FR","FRA","Auvergne-Rhône-Alpes","","38022","1250862617"
"Shambhunāth","Shambhunath","26.6316","86.6951","Nepal","NP","NPL","Madhesh","","38018","1524032035"
"Sun City","Sun City","33.6165","-112.2819","United States","US","USA","Arizona","","38018","1840019311"
"Adelanto","Adelanto","34.5814","-117.4397","United States","US","USA","California","","38010","1840019117"
"Gūdārah","Gudarah","34.8169","69.0878","Afghanistan","AF","AFG","Kābul","","38000","1004814762"
"Aristóbulo del Valle","Aristobulo del Valle","-27.1167","-54.9167","Argentina","AR","ARG","Misiones","","38000","1032611762"
"Zhongdong Shequ","Zhongdong Shequ","22.8317","107.8331","China","CN","CHN","Guangxi","","38000","1156435411"
"Malgobek","Malgobek","43.5000","44.7500","Russia","RU","RUS","Ingushetiya","minor","37999","1643015431"
"Rūdsar","Rudsar","37.1444","50.2936","Iran","IR","IRN","Gīlān","minor","37998","1364240467"
"Abū Qīr","Abu Qir","31.3167","30.0667","Egypt","EG","EGY","Al Iskandarīyah","","37997","1818093442"
"Clifton Park","Clifton Park","42.8587","-73.8242","United States","US","USA","New York","","37996","1840057994"
"Gurais","Gurais","34.6333","74.8333","India","IN","IND","Jammu and Kashmīr","","37992","1356628089"
"Chartres","Chartres","48.4560","1.4840","France","FR","FRA","Centre-Val de Loire","minor","37990","1250325561"
"San Pédro Jocopilas","San Pedro Jocopilas","15.0953","-91.1508","Guatemala","GT","GTM","Quiché","minor","37990","1320372881"
"Bagabag","Bagabag","16.6044","121.2521","Philippines","PH","PHL","Nueva Vizcaya","","37985","1608331162"
"Dengtangcun","Dengtangcun","23.6821","116.5259","China","CN","CHN","Guangdong","","37983","1156077238"
"Tlapa de Comonfort","Tlapa de Comonfort","17.5461","-98.5764","Mexico","MX","MEX","Guerrero","minor","37975","1484110723"
"Yamen","Yamen","22.2999","113.0585","China","CN","CHN","Guangdong","","37963","1156210045"
"Northglenn","Northglenn","39.9108","-104.9783","United States","US","USA","Colorado","","37953","1840020192"
"Portage","Portage","41.5856","-87.1797","United States","US","USA","Indiana","","37951","1840009264"
"Holyoke","Holyoke","42.2125","-72.6411","United States","US","USA","Massachusetts","","37949","1840000465"
"San Juan Cancuc","San Juan Cancuc","16.9333","-92.3833","Mexico","MX","MEX","Chiapas","minor","37948","1484128452"
"Qaratog","Qaratog","38.5500","68.2833","Tajikistan","TJ","TJK","Nohiyahoi Tobei Jumhurí","","37948","1762906542"
"Goribidnūr","Goribidnur","13.6111","77.5167","India","IN","IND","Karnātaka","","37947","1356312142"
"Kéniéran","Kenieran","11.1167","-8.9333","Guinea","GN","GIN","Kankan","","37944","1324706488"
"Ali Sabieh","Ali Sabieh","11.1500","42.7167","Djibouti","DJ","DJI","Ali Sabieh","admin","37939","1262104228"
"Hajīn","Hajin","34.6951","40.8314","Syria","SY","SYR","Dayr az Zawr","minor","37935","1760926776"
"Ureña","Urena","7.9183","-72.4467","Venezuela","VE","VEN","Táchira","minor","37932","1862549187"
"Sampués","Sampues","9.1833","-75.3833","Colombia","CO","COL","Sucre","minor","37925","1170198440"
"Srīnagar","Srinagar","30.2200","78.7800","India","IN","IND","Uttarākhand","","37911","1356107519"
"Raalte","Raalte","52.3828","6.2828","Netherlands","NL","NLD","Overijssel","minor","37911","1528789271"
"Puri","Puri","-7.6833","15.6000","Angola","AO","AGO","Uíge","","37910","1024000079"
"Volodymyrivka","Volodymyrivka","50.8481","24.3222","Ukraine","UA","UKR","Volynska Oblast","","37910","1804034095"
"Rusape","Rusape","-18.5367","32.1247","Zimbabwe","ZW","ZWE","Manicaland","","37906","1716672253"
"Itabirito","Itabirito","-20.2528","-43.8008","Brazil","BR","BRA","Minas Gerais","minor","37901","1076709831"
"Shakhtīnsk","Shakhtinsk","49.7100","72.5872","Kazakhstan","KZ","KAZ","Qaraghandy","minor","37899","1398239589"
"Pedro II","Pedro II","-4.4338","-41.4534","Brazil","BR","BRA","Piauí","minor","37894","1076812228"
"Bitterfeld","Bitterfeld","51.6167","12.3167","Germany","DE","DEU","Saxony-Anhalt","","37894","1276169908"
"Dhanera","Dhanera","24.5200","72.0200","India","IN","IND","Gujarāt","","37893","1356117721"
"Guayacanes","Guayacanes","18.4186","-69.4582","Dominican Republic","DO","DOM","Higuamo","","37889","1214783973"
"Obala","Obala","4.1667","11.5333","Cameroon","CM","CMR","Centre","","37888","1120045790"
"Myrhorod","Myrhorod","49.9667","33.6000","Ukraine","UA","UKR","Poltavska Oblast","minor","37886","1804138671"
"Lewiston","Lewiston","44.0915","-70.1681","United States","US","USA","Maine","","37886","1840000320"
"Świdnik","Swidnik","51.2167","22.7000","Poland","PL","POL","Lubelskie","minor","37884","1616873846"
"Giyon","Giyon","8.5333","37.9667","Ethiopia","ET","ETH","Oromīya","","37878","1231961383"
"Luuk","Luuk","5.9676","121.3133","Philippines","PH","PHL","Sulu","","37873","1608357369"
"Celje","Celje","46.2358","15.2675","Slovenia","SI","SVN","Celje","admin","37872","1705563326"
"Gampola","Gampola","7.1643","80.5696","Sri Lanka","LK","LKA","Central","","37871","1144422771"
"Ameca","Ameca","20.5486","-104.0431","Mexico","MX","MEX","Jalisco","minor","37871","1484716155"
"Namlea","Namlea","-3.2500","127.0833","Indonesia","ID","IDN","Maluku","minor","37869","1360926873"
"Tlalixcoyan","Tlalixcoyan","18.8031","-96.0611","Mexico","MX","MEX","Veracruz","minor","37857","1484527678"
"Cerveteri","Cerveteri","42.0075","12.1050","Italy","IT","ITA","Lazio","","37855","1380612581"
"Dibulla","Dibulla","11.2667","-73.3000","Colombia","CO","COL","La Guajira","minor","37854","1170252076"
"Gaspar Hernández","Gaspar Hernandez","19.6200","-70.2800","Dominican Republic","DO","DOM","Cibao Norte","","37852","1214413891"
"Pen","Pen","18.7500","73.0800","India","IN","IND","Mahārāshtra","","37852","1356056191"
"Tumba","Tumba","59.2000","17.8167","Sweden","SE","SWE","Stockholm","minor","37852","1752693397"
"Rtishchevo","Rtishchevo","52.2667","43.7667","Russia","RU","RUS","Saratovskaya Oblast’","","37850","1643692612"
"Warendorf","Warendorf","51.9539","7.9933","Germany","DE","DEU","North Rhine-Westphalia","minor","37847","1276005733"
"Bangkinang","Bangkinang","0.3500","101.0333","Indonesia","ID","IDN","Riau","minor","37847","1360571456"
"Yacha","Yacha","19.2253","109.4512","China","CN","CHN","Hainan","minor","37846","1156616988"
"Mateus Leme","Mateus Leme","-19.9858","-44.4278","Brazil","BR","BRA","Minas Gerais","minor","37841","1076446394"
"Güira de Melena","Guira de Melena","22.8019","-82.5047","Cuba","CU","CUB","Artemisa","minor","37838","1192663168"
"Santaluz","Santaluz","-11.2558","-39.3750","Brazil","BR","BRA","Bahia","minor","37834","1076830828"
"Koboko","Koboko","3.4100","30.9600","Uganda","UG","UGA","Koboko","admin","37825","1800307801"
"Tupelo","Tupelo","34.2692","-88.7318","United States","US","USA","Mississippi","","37825","1840015561"
"Al Bayḑā’","Al Bayda'","13.9790","45.5740","Yemen","YE","YEM","Al Bayḑā’","admin","37821","1887788283"
"Al Qaryatayn","Al Qaryatayn","34.2296","37.2407","Syria","SY","SYR","Ḩimş","minor","37820","1760172806"
"Pentecoste","Pentecoste","-3.7928","-39.2700","Brazil","BR","BRA","Ceará","minor","37813","1076355140"
"Montclair","Montclair","34.0715","-117.6981","United States","US","USA","California","","37809","1840020408"
"Hilton Head Island","Hilton Head Island","32.1896","-80.7499","United States","US","USA","South Carolina","","37805","1840016974"
"Cheyyār","Cheyyar","12.6620","79.5435","India","IN","IND","Tamil Nādu","","37802","1356916080"
"Pathanāmthitta","Pathanamthitta","9.2648","76.7870","India","IN","IND","Kerala","","37802","1356059485"
"Mahanoro","Mahanoro","-19.8990","48.8113","Madagascar","MG","MDG","Toamasina","","37800","1450211146"
"Kaštel Stari","Kastel Stari","43.5500","16.3500","Croatia","HR","HRV","Splitsko-Dalmatinska Županija","","37794","1191355987"
"Teijlingen","Teijlingen","52.2167","4.4833","Netherlands","NL","NLD","Zuid-Holland","","37791","1528639045"
"Nové Zámky","Nove Zamky","47.9831","18.1728","Slovakia","SK","SVK","Nitra","minor","37791","1703734556"
"Tuttlingen","Tuttlingen","47.9850","8.8233","Germany","DE","DEU","Baden-Württemberg","minor","37784","1276649477"
"Ohangaron","Ohangaron","40.9061","69.6444","Uzbekistan","UZ","UZB","Toshkent","","37784","1860082477"
"Patía","Patia","2.1667","-77.0833","Colombia","CO","COL","Cauca","","37781","1170437187"
"Kalamáta","Kalamata","37.0378","22.1111","Greece","GR","GRC","Pelopónnisos","minor","37781","1300638148"
"Galloway","Galloway","39.4914","-74.4803","United States","US","USA","New Jersey","","37780","1840081583"
"Sillanwali","Sillanwali","31.8250","72.5389","Pakistan","PK","PAK","Punjab","","37776","1586313628"
"San Antonio de Padua","San Antonio de Padua","-34.6667","-58.7000","Argentina","AR","ARG","Buenos Aires","","37775","1032305331"
"Savigny-sur-Orge","Savigny-sur-Orge","48.6797","2.3457","France","FR","FRA","Île-de-France","","37775","1250549576"
"Charaut","Charaut","26.5322","85.7942","India","IN","IND","Bihār","","37775","1356303082"
"Winchester","Winchester","36.1365","-115.1370","United States","US","USA","Nevada","","37774","1840033770"
"Arnold","Arnold","53.0050","-1.1270","United Kingdom","GB","GBR","Nottinghamshire","","37768","1826647385"
"Kwidzyn","Kwidzyn","53.7358","18.9308","Poland","PL","POL","Pomorskie","minor","37768","1616851475"
"Afuá","Afua","-0.1569","-50.3869","Brazil","BR","BRA","Pará","minor","37765","1076124321"
"Santo Domingo","Santo Domingo","13.2350","123.7769","Philippines","PH","PHL","Albay","","37765","1608392602"
"Romny","Romny","50.7500","33.4667","Ukraine","UA","UKR","Sumska Oblast","minor","37765","1804386942"
"Rāni","Rani","25.5564","85.9021","India","IN","IND","Bihār","","37763","1356670123"
"Marantao","Marantao","7.9500","124.2330","Philippines","PH","PHL","Lanao del Sur","","37763","1608129790"
"Beigang","Beigang","23.5667","120.3000","Taiwan","TW","TWN","Yunlin","","37763","1158593332"
"Villagarcía de Arosa","Villagarcia de Arosa","42.5977","-8.7632","Spain","ES","ESP","Galicia","","37761","1724392038"
"Long Eaton","Long Eaton","52.8980","-1.2710","United Kingdom","GB","GBR","Derbyshire","","37760","1826989609"
"Belleville","Belleville","40.7950","-74.1617","United States","US","USA","New Jersey","","37756","1840131591"
"Prince Albert","Prince Albert","53.2000","-105.7500","Canada","CA","CAN","Saskatchewan","","37756","1124158154"
"Rome","Rome","34.2662","-85.1863","United States","US","USA","Georgia","","37754","1840014681"
"Güzelbahçe","Guzelbahce","38.3356","26.8911","Turkey","TR","TUR","İzmir","","37753","1792765866"
"Central Islip","Central Islip","40.7836","-73.1945","United States","US","USA","New York","","37751","1840005028"
"Jalapa","Jalapa","17.7000","-92.8000","Mexico","MX","MEX","Tabasco","minor","37749","1484336788"
"Fuquay-Varina","Fuquay-Varina","35.5953","-78.7778","United States","US","USA","North Carolina","","37749","1840016197"
"Manali","Manali","13.1667","80.2667","India","IN","IND","Tamil Nādu","","37748","1356866268"
"Karuhatan","Karuhatan","14.6883","120.9761","Philippines","PH","PHL","Valenzuela","","37748","1608392998"
"Mixquiahuala de Juarez","Mixquiahuala de Juarez","20.2311","-99.2131","Mexico","MX","MEX","Hidalgo","","37747","1484223912"
"Mamun","Mamun","32.2824","75.6983","India","IN","IND","Punjab","","37746","1356488565"
"Haedo","Haedo","-34.6500","-58.6000","Argentina","AR","ARG","Buenos Aires","","37745","1032803323"
"Kolchugino","Kolchugino","56.3167","39.3667","Russia","RU","RUS","Vladimirskaya Oblast’","minor","37741","1643216490"
"Coondapoor","Coondapoor","13.6313","74.6902","India","IN","IND","Karnātaka","","37740","1356009987"
"Hanumānnagar","Hanumannagar","26.5394","86.7483","Nepal","NP","NPL","","","37738","1524363655"
"Mombaça","Mombaca","-5.7428","-39.6278","Brazil","BR","BRA","Ceará","minor","37735","1076957950"
"Gomoh","Gomoh","23.8735","86.1516","India","IN","IND","Jhārkhand","","37734","1356304811"
"Don Benito","Don Benito","38.9545","-5.8617","Spain","ES","ESP","Extremadura","","37728","1724257021"
"Susurluk","Susurluk","39.9139","28.1603","Turkey","TR","TUR","Balıkesir","minor","37724","1792726063"
"Matina","Matina","10.0099","-83.3096","Costa Rica","CR","CRI","Limón","","37721","1188640480"
"San Marcelino","San Marcelino","14.9742","120.1573","Philippines","PH","PHL","Zambales","","37719","1608276470"
"Evans","Evans","33.5619","-82.1351","United States","US","USA","Georgia","","37718","1840013095"
"Aklera","Aklera","24.4200","76.5700","India","IN","IND","Rājasthān","","37714","1356575696"
"Umi","Umi","33.5675","130.5111","Japan","JP","JPN","Fukuoka","","37713","1392401859"
"Jacundá","Jacunda","-4.4508","-49.1158","Brazil","BR","BRA","Pará","minor","37707","1076998765"
"Rio Negrinho","Rio Negrinho","-26.2539","-49.5178","Brazil","BR","BRA","Santa Catarina","minor","37707","1076110694"
"Melchor Ocampo","Melchor Ocampo","19.7083","-99.1444","Mexico","MX","MEX","México","minor","37706","1484243108"
"Považská Bystrica","Povazska Bystrica","49.1167","18.4500","Slovakia","SK","SVK","Nitra","minor","37706","1703729563"
"Mizunami","Mizunami","35.3618","137.2545","Japan","JP","JPN","Gifu","","37705","1392283682"
"Yolöten","Yoloten","37.3000","62.3500","Turkmenistan","TM","TKM","Mary","","37705","1795448254"
"Falāvarjān","Falavarjan","32.5558","51.5106","Iran","IR","IRN","Eşfahān","minor","37704","1364269609"
"Satānā","Satana","20.5797","74.2160","India","IN","IND","Mahārāshtra","","37701","1356628559"
"Tōkai","Tokai","36.4730","140.5661","Japan","JP","JPN","Ibaraki","","37700","1392003127"
"Tonzang","Tonzang","23.6000","93.7000","Burma","MM","MMR","Chin State","","37700","1104120201"
"Custódia","Custodia","-8.0875","-37.6431","Brazil","BR","BRA","Pernambuco","minor","37699","1076621453"
"Basavana Bāgevādi","Basavana Bagevadi","16.5728","75.9725","India","IN","IND","Karnātaka","","37699","1356236898"
"Massapê","Massape","-3.5228","-40.3428","Brazil","BR","BRA","Ceará","minor","37697","1076000173"
"Doğanşehir","Dogansehir","38.0958","37.8792","Turkey","TR","TUR","Malatya","minor","37697","1792000270"
"Thonon-les-Bains","Thonon-les-Bains","46.3627","6.4750","France","FR","FRA","Auvergne-Rhône-Alpes","minor","37689","1250907646"
"Drean","Drean","36.6833","7.7500","Algeria","DZ","DZA","Annaba","","37686","1012914140"
"Machado","Machado","-21.6750","-45.9200","Brazil","BR","BRA","Minas Gerais","minor","37684","1076495117"
"Ksour Essaf","Ksour Essaf","35.4300","10.9800","Tunisia","TN","TUN","Mahdia","","37683","1788935774"
"Basista","Basista","15.8524","120.3976","Philippines","PH","PHL","Pangasinan","","37679","1608619317"
"Sanchahe","Sanchahe","36.3780","106.0869","China","CN","CHN","Ningxia","","37675","1156923383"
"Les Abricots","Les Abricots","18.6490","-74.3079","Haiti","HT","HTI","Grand’Anse","","37675","1332706374"
"Tietê","Tiete","-23.1019","-47.7150","Brazil","BR","BRA","São Paulo","minor","37663","1076154000"
"Venlo","Venlo","51.3700","6.1681","Netherlands","NL","NLD","Limburg","minor","37663","1528690544"
"Huzūrābād","Huzurabad","18.2000","79.4200","India","IN","IND","Andhra Pradesh","","37656","1356139547"
"Yanqi","Yanqi","42.0586","86.5683","China","CN","CHN","Xinjiang","minor","37649","1156635550"
"Benjamin Constant","Benjamin Constant","-4.3755","-70.0318","Brazil","BR","BRA","Amazonas","minor","37648","1076933556"
"Attingal","Attingal","8.6800","76.8300","India","IN","IND","Kerala","","37648","1356261188"
"Kolongo-Bozo","Kolongo-Bozo","13.8806","-5.6861","Mali","ML","MLI","Ségou","","37648","1466533239"
"Kırkağaç","Kirkagac","39.1056","27.6733","Turkey","TR","TUR","Manisa","minor","37645","1792580975"
"Hatta","Hatta","24.1341","79.6012","India","IN","IND","Madhya Pradesh","","37638","1356546540"
"Malbork","Malbork","54.0333","19.0333","Poland","PL","POL","Pomorskie","minor","37635","1616964352"
"Bom Jardim","Bom Jardim","-7.7958","-35.5869","Brazil","BR","BRA","Pernambuco","minor","37629","1076905890"
"Jeremoabo","Jeremoabo","-10.0669","-38.3500","Brazil","BR","BRA","Bahia","minor","37626","1076509996"
"Monte Plata","Monte Plata","18.8100","-69.7900","Dominican Republic","DO","DOM","Higuamo","minor","37614","1214856228"
"Stirling","Stirling","56.1166","-3.9369","United Kingdom","GB","GBR","Stirling","","37610","1826517007"
"Shenghu","Shenghu","24.5961","121.8511","Taiwan","TW","TWN","Yilan","","37602","1158962773"
"Su’ao","Su'ao","24.5961","121.8511","Taiwan","TW","TWN","Yilan","","37602","1158318130"
"Rio Brilhante","Rio Brilhante","-21.8019","-54.5458","Brazil","BR","BRA","Mato Grosso do Sul","minor","37601","1076414627"
"Malavalli","Malavalli","12.3800","77.0800","India","IN","IND","Karnātaka","","37601","1356817840"
"Salto del Guairá","Salto del Guaira","-24.0625","-54.3069","Paraguay","PY","PRY","Canindeyú","admin","37600","1600283545"
"Lampa","Lampa","-33.2833","-70.9000","Chile","CL","CHL","Región Metropolitana","","37599","1152360918"
"La Ciotat","La Ciotat","43.1769","5.6086","France","FR","FRA","Provence-Alpes-Côte d’Azur","","37599","1250000896"
"Barra de São Francisco","Barra de Sao Francisco","-18.7550","-40.8908","Brazil","BR","BRA","Espírito Santo","minor","37597","1076442914"
"Sirinhaém","Sirinhaem","-8.5908","-35.1158","Brazil","BR","BRA","Pernambuco","minor","37596","1076674219"
"Annemasse","Annemasse","46.1958","6.2364","France","FR","FRA","Auvergne-Rhône-Alpes","","37595","1250122238"
"New Albany","New Albany","38.3090","-85.8234","United States","US","USA","Indiana","","37589","1840008662"
"Bolesławiec","Boleslawiec","51.2667","15.5667","Poland","PL","POL","Dolnośląskie","minor","37559","1616593724"
"Bartlesville","Bartlesville","36.7365","-95.9456","United States","US","USA","Oklahoma","","37559","1840018977"
"Rio Branco do Sul","Rio Branco do Sul","-25.1900","-49.3139","Brazil","BR","BRA","Paraná","minor","37558","1076759925"
"Barrancas","Barrancas","11.0000","-72.7500","Colombia","CO","COL","La Guajira","minor","37554","1170612474"
"Kranj","Kranj","46.2333","14.3667","Slovenia","SI","SVN","Kranj","admin","37553","1705842003"
"Monrovia","Monrovia","34.1650","-117.9921","United States","US","USA","California","","37553","1840020498"
"Bamendjou","Bamendjou","5.4000","10.3167","Cameroon","CM","CMR","Ouest","","37547","1120189135"
"Villaflores","Villaflores","16.2355","-93.2677","Mexico","MX","MEX","Chiapas","minor","37546","1484602239"
"Pleasant Grove","Pleasant Grove","40.3716","-111.7412","United States","US","USA","Utah","","37544","1840020173"
"Carpentersville","Carpentersville","42.1227","-88.2896","United States","US","USA","Illinois","","37544","1840010149"
"Mira","Mira","45.4375","12.1329","Italy","IT","ITA","Veneto","","37542","1380620162"
"Volkhov","Volkhov","59.9167","32.3000","Russia","RU","RUS","Leningradskaya Oblast’","minor","37539","1643547178"
"Kisii","Kisii","-0.6698","34.7675","Kenya","KE","KEN","Kisii","admin","37531","1404617601"
"Kahrīzak","Kahrizak","35.5169","51.3603","Iran","IR","IRN","Tehrān","","37527","1364597116"
"Pacifica","Pacifica","37.6113","-122.4782","United States","US","USA","California","","37527","1840020307"
"South Miami Heights","South Miami Heights","25.5886","-80.3862","United States","US","USA","Florida","","37525","1840014240"
