"Konan","Konan","35.0000","136.0833","Japan","JP","JPN","Shiga","","54392","1392003316"
"Karak","Karak","-0.5298","101.5721","Indonesia","ID","IDN","Riau","","54381","1360126272"
"Chelles","Chelles","48.8833","2.6000","France","FR","FRA","Île-de-France","","54372","1250001485"
"San Isidro","San Isidro","15.3097","120.9069","Philippines","PH","PHL","Nueva Ecija","","54372","1608420595"
"Dikwella South","Dikwella South","5.9667","80.6833","Sri Lanka","LK","LKA","Southern","","54370","1144562731"
"Medianeira","Medianeira","-25.2950","-54.0939","Brazil","BR","BRA","Paraná","minor","54369","1076066608"
"Polevskoy","Polevskoy","56.4500","60.1833","Russia","RU","RUS","Sverdlovskaya Oblast’","minor","54364","1643717197"
"Javānrūd","Javanrud","34.8078","46.4939","Iran","IR","IRN","Kermānshāh","minor","54354","1364422541"
"Yucaipa","Yucaipa","34.0336","-117.0429","United States","US","USA","California","","54348","1840021732"
"Shidong","Shidong","23.6873","111.9296","China","CN","CHN","Guangdong","","54347","1156939710"
"Shidongcun","Shidongcun","23.6193","112.0701","China","CN","CHN","Guangdong","","54347","1156564640"
"Sakurai","Sakurai","34.5186","135.8433","Japan","JP","JPN","Nara","","54346","1392404351"
"Islāmpur","Islampur","26.2700","88.2000","India","IN","IND","West Bengal","","54340","1356028148"
"Umm Qurūn","Umm Qurun","25.2500","51.3732","Qatar","QA","QAT","Ar Rayyān","","54339","1634017384"
"Ruma","Ruma","45.0031","19.8289","Serbia","RS","SRB","Ruma","admin","54339","1688037789"
"Bełchatów","Belchatow","51.3667","19.3667","Poland","PL","POL","Łódzkie","minor","54338","1616973390"
"Morsott","Morsott","35.6667","8.0167","Algeria","DZ","DZA","Tébessa","","54332","1012039493"
"Sidhi","Sidhi","24.4200","81.8800","India","IN","IND","Madhya Pradesh","","54331","1356440000"
"Rāhuri","Rahuri","19.3800","74.6500","India","IN","IND","Mahārāshtra","","54325","1356541503"
"Sado","Sado","38.0183","138.3683","Japan","JP","JPN","Niigata","","54304","1392003124"
"Zelenogorsk","Zelenogorsk","56.1000","94.5833","Russia","RU","RUS","Krasnoyarskiy Kray","minor","54279","1643010181"
"San Manuel","San Manuel","16.0656","120.6667","Philippines","PH","PHL","Pangasinan","","54271","1608368777"
"Kızılpınar","Kizilpinar","41.2667","27.9667","Turkey","TR","TUR","Tekirdağ","","54268","1792011924"
"Paraćin","Paracin","43.8667","21.4167","Serbia","RS","SRB","Paraćin","admin","54267","1688523885"
"Cornillon","Cornillon","18.6755","-71.9527","Haiti","HT","HTI","Ouest","","54254","1332866584"
"Kapchagay","Kapchagay","43.8833","77.0833","Kazakhstan","KZ","KAZ","Almaty","","54245","1398649394"
"Valle del Guamuez","Valle del Guamuez","0.4253","-76.9053","Colombia","CO","COL","Putumayo","","54237","1170672638"
"Ankadinondry-Sakay","Ankadinondry-Sakay","-18.9667","46.4500","Madagascar","MG","MDG","Antananarivo","","54217","1450977196"
"Rotorua","Rotorua","-38.1378","176.2514","New Zealand","NZ","NZL","Bay of Plenty","","54204","1554000379"
"San Benito","San Benito","16.9167","-89.9000","Guatemala","GT","GTM","Petén","minor","54189","1320506543"
"Don Bosco","Don Bosco","14.4817","121.0258","Philippines","PH","PHL","Parañaque","","54188","1608303018"
"Peabody","Peabody","42.5335","-70.9725","United States","US","USA","Massachusetts","","54180","1840000414"
"Hashtpar","Hashtpar","37.7975","48.9042","Iran","IR","IRN","Gīlān","minor","54178","1364496739"
"Rocky Mount","Rocky Mount","35.9685","-77.8040","United States","US","USA","North Carolina","","54175","1840014490"
"Kāsaragod","Kasaragod","12.5000","75.0000","India","IN","IND","Kerala","","54172","1356423448"
"Sefrou","Sefrou","33.0000","49.0000","Morocco","MA","MAR","Fès-Meknès","","54163","1504820285"
"Frenda","Frenda","35.0667","1.0500","Algeria","DZ","DZA","Tiaret","","54162","1012914604"
"Texas City","Texas City","29.4154","-94.9682","United States","US","USA","Texas","","54159","1840022234"
"Bristol","Bristol","40.1216","-74.8667","United States","US","USA","Pennsylvania","","54153","1840001318"
"Liski","Liski","50.9667","39.5167","Russia","RU","RUS","Voronezhskaya Oblast’","","54147","1643945171"
"Bir Ali Ben Khalifa","Bir Ali Ben Khalifa","34.7339","10.1000","Tunisia","TN","TUN","Sfax","","54143","1788587849"
"Balykchy","Balykchy","42.4603","76.1872","Kyrgyzstan","KG","KGZ","Ysyk-Köl","","54132","1417967917"
"Ixhuatlán de Madero","Ixhuatlan de Madero","20.6833","-98.0167","Mexico","MX","MEX","Veracruz","minor","54132","1484817314"
"San Bartolomé","San Bartolome","27.9256","-15.5725","Spain","ES","ESP","Canary Islands","","54116","1724008128"
"Kentwood","Kentwood","42.8852","-85.5926","United States","US","USA","Michigan","","54114","1840002930"
"Louang Namtha","Louang Namtha","20.9500","101.4000","Laos","LA","LAO","Louangnamtha","admin","54100","1418920136"
"Lower Paxton","Lower Paxton","40.3183","-76.7983","United States","US","USA","Pennsylvania","","54088","1840149541"
"Mariano Acosta","Mariano Acosta","-34.7167","-58.7833","Argentina","AR","ARG","Buenos Aires","","54081","1032455258"
"Jalor","Jalor","25.3500","72.6200","India","IN","IND","Rājasthān","","54081","1356488284"
"Tarma","Tarma","-11.4186","-75.6908","Peru","PE","PER","Junín","","54078","1604810508"
"Cholet","Cholet","47.0600","-0.8783","France","FR","FRA","Pays de la Loire","minor","54074","1250540016"
"Samāna","Samana","30.1500","76.1900","India","IN","IND","Punjab","","54072","1356972840"
"Chèddra","Cheddra","13.4428","16.0508","Chad","TD","TCD","Barh-El-Gazel","","54072","1148029349"
"Kunnamkulam","Kunnamkulam","10.6500","76.0800","India","IN","IND","Kerala","","54071","1356769956"
"Palmaner","Palmaner","13.2000","78.7500","India","IN","IND","Andhra Pradesh","","54035","1356813856"
"Xihu","Xihu","23.9594","120.4800","Taiwan","TW","TWN","Changhua","","54033","1158658057"
"Jālākāti","Jalakati","22.6409","90.1988","Bangladesh","BD","BGD","Khulna","","54029","1050710024"
"Deolāli","Deolali","19.9510","73.8340","India","IN","IND","Mahārāshtra","","54027","1356029407"
"Ribeira do Pombal","Ribeira do Pombal","-10.8339","-38.5358","Brazil","BR","BRA","Bahia","minor","54010","1076251379"
"Juanjuí","Juanjui","-7.1802","-76.7265","Peru","PE","PER","San Martín","","54006","1604229756"
"Tagkawayan","Tagkawayan","13.9700","122.5300","Philippines","PH","PHL","Quezon","","54003","1608280860"
"Ghōriyān","Ghoriyan","34.3400","61.4700","Afghanistan","AF","AFG","Herāt","minor","54000","1004208542"
"Jihong","Jihong","32.6972","111.7928","China","CN","CHN","Hubei","","54000","1156003737"
"Kennedy Town","Kennedy Town","22.2800","114.1250","Hong Kong","HK","HKG","","","54000","1344000050"
"Titay","Titay","7.8703","122.5594","Philippines","PH","PHL","Zamboanga Sibugay","","53994","1608727863"
"Puerto Libertador","Puerto Libertador","7.9067","-75.6733","Colombia","CO","COL","Córdoba","minor","53990","1170000625"
"Jihlava","Jihlava","49.4003","15.5906","Czechia","CZ","CZE","Vysočina","admin","53986","1203810604"
"Minalabac","Minalabac","13.5700","123.1844","Philippines","PH","PHL","Camarines Sur","","53981","1608455061"
"Druzhkivka","Druzhkivka","48.6214","37.5278","Ukraine","UA","UKR","Donetska Oblast","","53977","1804169216"
"Umred","Umred","20.8500","79.3300","India","IN","IND","Mahārāshtra","","53971","1356332003"
"Şabbāshahr","Sabbashahr","35.5817","51.1119","Iran","IR","IRN","Tehrān","","53971","1364361684"
"Bandar-e Torkaman","Bandar-e Torkaman","36.9014","54.0736","Iran","IR","IRN","Golestān","minor","53970","1364842482"
"Hamura","Hamura","35.7672","139.3109","Japan","JP","JPN","Saitama","","53970","1392153436"
"Chenab Nagar","Chenab Nagar","31.7528","72.9222","Pakistan","PK","PAK","Punjab","","53965","1586549514"
"Sohna","Sohna","28.2500","77.0700","India","IN","IND","Haryāna","","53962","1356866942"
"Cheremkhovo","Cheremkhovo","53.1500","103.0833","Russia","RU","RUS","Irkutskaya Oblast’","minor","53958","1643007385"
"Chilibre","Chilibre","9.1540","-79.6202","Panama","PA","PAN","Panamá","minor","53955","1591081204"
"Manhattan","Manhattan","39.1886","-96.6048","United States","US","USA","Kansas","","53951","1840001589"
"Frýdek-Místek","Frydek-Mistek","49.6856","18.3506","Czechia","CZ","CZE","Moravskoslezský Kraj","","53938","1203111584"
"Vigan","Vigan","17.5747","120.3869","Philippines","PH","PHL","Ilocos Sur","admin","53935","1608368724"
"Tikhvin","Tikhvin","59.6500","33.5333","Russia","RU","RUS","Leningradskaya Oblast’","minor","53932","1643955290"
"Neustadt","Neustadt","49.3500","8.1500","Germany","DE","DEU","Rhineland-Palatinate","minor","53920","1276053769"
"Manicoré","Manicore","-5.8089","-61.3000","Brazil","BR","BRA","Amazonas","minor","53914","1076657983"
"Chaniá","Chania","35.5167","24.0167","Greece","GR","GRC","Kríti","minor","53910","1300233408"
"An Nimāş","An Nimas","19.1455","42.1201","Saudi Arabia","SA","SAU","‘Asīr","","53908","1682459035"
"Manfredonia","Manfredonia","41.6333","15.9167","Italy","IT","ITA","Puglia","","53902","1380398261"
"Cabagan","Cabagan","17.4300","121.7700","Philippines","PH","PHL","Isabela","","53897","1608000078"
"Bacaadweyn","Bacaadweyn","7.1919","47.5261","Somalia","SO","SOM","Mudug","","53890","1706478159"
"Ḩajjah","Hajjah","15.6950","43.5975","Yemen","YE","YEM","Ḩajjah","admin","53887","1887522445"
"Chenārān","Chenaran","36.6406","59.1186","Iran","IR","IRN","Khorāsān-e Raẕavī","minor","53879","1364764236"
"Bījār","Bijar","35.8729","47.5993","Iran","IR","IRN","Kordestān","minor","53871","1364131066"
"Iganga","Iganga","0.6150","33.4850","Uganda","UG","UGA","Iganga","admin","53870","1800987671"
"Impasugong","Impasugong","8.3028","125.0014","Philippines","PH","PHL","Bukidnon","","53863","1608213204"
"Pārvatipuram","Parvatipuram","18.7800","83.4250","India","IN","IND","Andhra Pradesh","","53844","1356791674"
"Ban Om Noi","Ban Om Noi","13.7001","100.3241","Thailand","TH","THA","Samut Sakhon","","53821","1764298817"
"Elda","Elda","38.4789","-0.7967","Spain","ES","ESP","Valencia","","53818","1724626332"
"Ullāl","Ullal","12.8149","74.8429","India","IN","IND","Karnātaka","","53808","1356227509"
"Magpet","Magpet","7.1200","125.1200","Philippines","PH","PHL","Cotabato","","53800","1608152372"
"Juigalpa","Juigalpa","12.1000","-85.3667","Nicaragua","NI","NIC","Chontales","admin","53798","1558986603"
"Colton","Colton","34.0538","-117.3255","United States","US","USA","California","","53798","1840019120"
"Kitaotao","Kitaotao","7.6406","125.0086","Philippines","PH","PHL","Bukidnon","","53796","1608491957"
"Dholka","Dholka","22.7200","72.4700","India","IN","IND","Gujarāt","","53792","1356709185"
"Louangphabang","Louangphabang","19.8900","102.1347","Laos","LA","LAO","Louangphabang","admin","53792","1418530759"
"Ottappālam","Ottappalam","10.7700","76.3800","India","IN","IND","Kerala","","53790","1356181054"
"Registro","Registro","-24.4878","-47.8439","Brazil","BR","BRA","São Paulo","minor","53752","1076533111"
"Aspen Hill","Aspen Hill","39.0927","-77.0826","United States","US","USA","Maryland","","53752","1840005825"
"Diamond Bar","Diamond Bar","33.9992","-117.8161","United States","US","USA","California","","53750","1840019244"
"São Francisco do Sul","Sao Francisco do Sul","-26.2433","-48.6381","Brazil","BR","BRA","Santa Catarina","minor","53746","1076452788"
"Zongo","Zongo","4.3433","18.5928","Congo (Kinshasa)","CD","COD","Sud-Ubangi","","53743","1180165321"
"Wayne","Wayne","40.9481","-74.2453","United States","US","USA","New Jersey","","53729","1840081808"
"Cangola","Cangola","-7.9667","15.8667","Angola","AO","AGO","Uíge","","53720","1024204807"
"A Yun Pa","A Yun Pa","13.3939","108.4408","Vietnam","VN","VNM","Gia Lai","minor","53720","1704945771"
"Ibiza","Ibiza","38.9089","1.4328","Spain","ES","ESP","Balearic Islands","","53717","1724123244"
"Funato","Funato","34.2500","135.3167","Japan","JP","JPN","Wakayama","","53714","1392061989"
"Corbeil-Essonnes","Corbeil-Essonnes","48.6139","2.4820","France","FR","FRA","Île-de-France","","53712","1250742467"
"Gazipaşa","Gazipasa","36.2728","32.3131","Turkey","TR","TUR","Antalya","minor","53702","1792134474"
"San Francisco Menéndez","San Francisco Menendez","13.8425","-90.0167","El Salvador","SV","SLV","Ahuachapán","","53692","1222612864"
"Upata","Upata","8.0204","-62.4100","Venezuela","VE","VEN","Bolívar","minor","53685","1862794619"
"Hadali","Hadali","32.2922","72.1922","Pakistan","PK","PAK","Punjab","","53669","1586468441"
"Mora","Mora","11.0500","14.1500","Cameroon","CM","CMR","Extrême-Nord","","53667","1120392077"
"Howell","Howell","40.1819","-74.1976","United States","US","USA","New Jersey","","53661","1840081644"
"Huntington Park","Huntington Park","33.9800","-118.2167","United States","US","USA","California","","53658","1840019235"
"Manjeri","Manjeri","11.1202","76.1200","India","IN","IND","Kerala","","53650","1356408570"
"Alcobaça","Alcobaca","39.5522","-8.9775","Portugal","PT","PRT","Leiria","minor","53649","1620702700"
"Kongoussi","Kongoussi","13.3333","-1.5333","Burkina Faso","BF","BFA","Centre-Nord","minor","53641","1854493633"
"Évry","Evry","48.6238","2.4296","France","FR","FRA","Île-de-France","minor","53641","1250675373"
"Millcreek","Millcreek","42.0859","-80.1194","United States","US","USA","Pennsylvania","","53634","1840143176"
"Al Majāridah","Al Majaridah","19.1236","41.9111","Saudi Arabia","SA","SAU","‘Asīr","","53629","1682638402"
"Ashta","Ashta","23.0175","76.7221","India","IN","IND","Madhya Pradesh","","53628","1356002731"
"Narva","Narva","59.3758","28.1961","Estonia","EE","EST","Narva","minor","53626","1233751159"
"Gisenyi","Gisenyi","-1.7000","29.2500","Rwanda","RW","RWA","Western Province","","53603","1646226936"
"Évora","Evora","38.5667","-7.9000","Portugal","PT","PRT","Évora","admin","53591","1620456226"
"San Juan","San Juan","10.6500","-61.4500","Trinidad and Tobago","TT","TTO","San Juan/Laventille","","53588","1780554728"
"Épinay-sur-Seine","Epinay-sur-Seine","48.9553","2.3092","France","FR","FRA","Île-de-France","","53564","1250904959"
"Dimitrovgrad","Dimitrovgrad","42.0500","25.6000","Bulgaria","BG","BGR","Haskovo","","53557","1100570821"
"Ilindu Kothi","Ilindu Kothi","32.1461","76.2784","India","IN","IND","Himāchal Pradesh","","53543","1356856952"
"Bisceglie","Bisceglie","41.2409","16.5021","Italy","IT","ITA","Puglia","","53534","1380547143"
"Kāliyāganj","Kaliyaganj","25.6300","88.3200","India","IN","IND","West Bengal","","53530","1356116477"
"Jaggayyapeta","Jaggayyapeta","16.8920","80.0976","India","IN","IND","Andhra Pradesh","","53530","1356537421"
"Neryungri","Neryungri","56.6833","124.6667","Russia","RU","RUS","Sakha (Yakutiya)","minor","53526","1643755298"
"Brits","Brits","-25.6344","27.7811","South Africa","ZA","ZAF","North West","","53511","1710468143"
"Morondava","Morondava","-20.2833","44.2833","Madagascar","MG","MDG","Toliara","minor","53510","1450721607"
"Modica","Modica","36.8672","14.7614","Italy","IT","ITA","Sicilia","","53503","1380522093"
"Marechal Cândido Rondon","Marechal Candido Rondon","-24.5561","-54.0567","Brazil","BR","BRA","Paraná","minor","53495","1076891164"
"Ilgın","Ilgin","38.2792","31.9139","Turkey","TR","TUR","Konya","minor","53489","1792118486"
"Travnik","Travnik","44.2264","17.6597","Bosnia and Herzegovina","BA","BIH","Bosnia and Herzegovina, Federation of","minor","53482","1070285988"
"Extrema","Extrema","-22.8550","-46.3178","Brazil","BR","BRA","Minas Gerais","minor","53482","1076000569"
"Hongshandian","Hongshandian","27.5736","112.0158","China","CN","CHN","Hunan","","53475","1156589011"
"Ajuy","Ajuy","11.1725","123.0196","Philippines","PH","PHL","Iloilo","","53462","1608027727"
"Chystiakove","Chystiakove","48.0219","38.6264","Ukraine","UA","UKR","Donetska Oblast","","53462","1804591771"
"Pasacao","Pasacao","13.5103","123.0419","Philippines","PH","PHL","Camarines Sur","","53461","1608469033"
"Kleve","Kleve","51.7900","6.1400","Germany","DE","DEU","North Rhine-Westphalia","minor","53458","1276674243"
"Wheaton","Wheaton","41.8561","-88.1085","United States","US","USA","Illinois","","53453","1840010166"
"Marco de Canavezes","Marco de Canavezes","41.1833","-8.1500","Portugal","PT","PRT","Porto","minor","53450","1620534118"
"Popeşti-Leordeni","Popesti-Leordeni","44.3800","26.1700","Romania","RO","ROU","Ilfov","","53434","1642953954"
"Goālpāra","Goalpara","26.1700","90.6200","India","IN","IND","Assam","","53430","1356089059"
"Cuenca","Cuenca","40.0667","-2.1500","Spain","ES","ESP","Castille-La Mancha","minor","53429","1724316040"
"Sibonga","Sibonga","10.0300","123.5700","Philippines","PH","PHL","Cebu","","53424","1608015475"
"Pinellas Park","Pinellas Park","27.8589","-82.7078","United States","US","USA","Florida","","53423","1840015112"
"Dilovası","Dilovasi","40.7797","29.5350","Turkey","TR","TUR","Kocaeli","","53416","1792437556"
"Santa Lucía","Santa Lucia","21.0281","-75.9964","Cuba","CU","CUB","Holguín","minor","53408","1192060859"
"Chortoq","Chortoq","41.0689","71.8153","Uzbekistan","UZ","UZB","Namangan","minor","53400","1860436436"
"Mutsu","Mutsu","41.2928","141.1836","Japan","JP","JPN","Aomori","","53393","1392177200"
"Liberia","Liberia","10.6333","-85.4333","Costa Rica","CR","CRI","Guanacaste","admin","53382","1188743090"
"Yaguajay","Yaguajay","22.3303","-79.2369","Cuba","CU","CUB","Sancti Spíritus","minor","53375","1192971840"
"Shāhpur","Shahpur","16.7000","76.8300","India","IN","IND","Karnātaka","","53366","1356480887"
"Aloha","Aloha","45.4920","-122.8725","United States","US","USA","Oregon","","53362","1840017414"
"Guiuan","Guiuan","11.0300","125.7300","Philippines","PH","PHL","Eastern Samar","","53361","1608781474"
"Tutóia","Tutoia","-2.7619","-42.2739","Brazil","BR","BRA","Maranhão","minor","53356","1076696049"
"Granja","Granja","-3.1200","-40.8258","Brazil","BR","BRA","Ceará","minor","53344","1076052166"
"Bhongīr","Bhongir","17.5100","78.8900","India","IN","IND","Andhra Pradesh","","53339","1356326602"
"Chaozhou","Chaozhou","22.5500","120.5333","Taiwan","TW","TWN","Pingtung","","53338","1158670506"
"Tōkamachi","Tokamachi","37.1333","138.7500","Japan","JP","JPN","Niigata","","53333","1392044124"
"Keighley","Keighley","53.8670","-1.9110","United Kingdom","GB","GBR","Bradford","","53331","1826638204"
"Oak Park","Oak Park","41.8872","-87.7899","United States","US","USA","Illinois","","53315","1840011307"
"Bayonne","Bayonne","43.4900","-1.4800","France","FR","FRA","Nouvelle-Aquitaine","minor","53312","1250223048"
"Gorkhā","Gorkha","28.0000","84.6333","Nepal","NP","NPL","Karṇālī","","53285","1524733316"
"Ahlen","Ahlen","51.7633","7.8911","Germany","DE","DEU","North Rhine-Westphalia","","53278","1276843072"
"Montesilvano","Montesilvano","42.5119","14.1373","Italy","IT","ITA","Abruzzo","","53275","1380908377"
"Tame","Tame","6.4667","-71.7333","Colombia","CO","COL","Arauca","minor","53266","1170459811"
"Inhumas","Inhumas","-16.3578","-49.4961","Brazil","BR","BRA","Goiás","minor","53259","1076130930"
"Minnetonka","Minnetonka","44.9322","-93.4598","United States","US","USA","Minnesota","","53256","1840007831"
"Dongshan","Dongshan","24.6319","121.7539","Taiwan","TW","TWN","Yilan","","53235","1158216051"
"Amalāpuram","Amalapuram","16.5787","82.0061","India","IN","IND","Andhra Pradesh","","53231","1356997622"
"Tokmok","Tokmok","42.8390","75.2910","Kyrgyzstan","KG","KGZ","Chüy","","53231","1417875875"
"Yangmei","Yangmei","22.8728","112.7802","China","CN","CHN","Guangdong","","53224","1156273985"
"Kunnamangalam","Kunnamangalam","11.3064","75.8789","India","IN","IND","Kerala","","53223","1356074925"
"Bakhtiyārpur","Bakhtiyarpur","25.4590","85.5390","India","IN","IND","Bihār","","53223","1356003710"
"Twin Falls","Twin Falls","42.5645","-114.4613","United States","US","USA","Idaho","","53219","1840021301"
"Legionowo","Legionowo","52.4000","20.8833","Poland","PL","POL","Mazowieckie","minor","53216","1616994284"
"San Vicente","San Vicente","13.6453","-88.7842","El Salvador","SV","SLV","San Vicente","admin","53213","1222913273"
"La Gomera","La Gomera","14.0833","-91.0500","Guatemala","GT","GTM","Escuintla","minor","53211","1320383323"
"Qingan","Qingan","46.8719","127.5118","China","CN","CHN","Heilongjiang","minor","53206","1156233891"
"Estancia","Estancia","11.4500","123.1500","Philippines","PH","PHL","Iloilo","","53200","1608481642"
"Kabale","Kabale","-1.2500","29.9900","Uganda","UG","UGA","Kabale","admin","53200","1800408751"
"Hamilton","Hamilton","55.7770","-4.0390","United Kingdom","GB","GBR","South Lanarkshire","","53188","1826692620"
"Dongsheng","Dongsheng","29.7139","112.5300","China","CN","CHN","Hubei","","53184","1156078781"
"Bitonto","Bitonto","41.1083","16.6917","Italy","IT","ITA","Puglia","","53168","1380312292"
"Barbosa","Barbosa","6.4390","-75.3330","Colombia","CO","COL","Antioquia","minor","53167","1170859178"
"Patancheruvu","Patancheruvu","17.5333","78.2645","India","IN","IND","Andhra Pradesh","","53160","1356686498"
"Capivari","Capivari","-22.9950","-47.5078","Brazil","BR","BRA","São Paulo","minor","53152","1076000098"
"Lubuk Sikaping","Lubuk Sikaping","0.1500","100.1667","Indonesia","ID","IDN","Sumatera Barat","minor","53150","1360776561"
"Pinotepa","Pinotepa","16.3401","-98.0530","Mexico","MX","MEX","Oaxaca","minor","53148","1484150923"
"Barobo","Barobo","8.5292","126.1217","Philippines","PH","PHL","Surigao del Sur","minor","53146","1608503227"
"Rondon do Pará","Rondon do Para","-4.7758","-48.0669","Brazil","BR","BRA","Pará","minor","53143","1076892918"
"Vikārābād","Vikarabad","17.3300","77.9000","India","IN","IND","Andhra Pradesh","","53143","1356904767"
"Asunción Mita","Asuncion Mita","14.3333","-89.7167","Guatemala","GT","GTM","Jutiapa","minor","53141","1320346897"
"Molave","Molave","8.0933","123.4850","Philippines","PH","PHL","Zamboanga del Sur","","53140","1608000808"
"Frechen","Frechen","50.9167","6.8167","Germany","DE","DEU","North Rhine-Westphalia","","53128","1276255319"
"Bāruipur","Baruipur","22.3607","88.4323","India","IN","IND","West Bengal","","53128","1356275520"
"Lozova","Lozova","48.8833","36.3833","Ukraine","UA","UKR","Kharkivska Oblast","minor","53126","1804128755"
"Edina","Edina","44.8914","-93.3602","United States","US","USA","Minnesota","","53125","1840007822"
"Beberibe","Beberibe","-4.1800","-38.1308","Brazil","BR","BRA","Ceará","minor","53114","1076290701"
"Deva","Deva","45.8781","22.9144","Romania","RO","ROU","Hunedoara","","53113","1642728479"
"Hereford","Hereford","52.0560","-2.7160","United Kingdom","GB","GBR","Herefordshire","","53112","1826996583"
"Dandarah","Dandarah","26.1422","32.6697","Egypt","EG","EGY","Qinā","","53109","1818692271"
"Dunfermline","Dunfermline","56.0719","-3.4393","United Kingdom","GB","GBR","Fife","","53100","1826424354"
"Lucban","Lucban","14.1133","121.5569","Philippines","PH","PHL","Quezon","","53091","1608544826"
"Zaragoza","Zaragoza","15.4492","120.7933","Philippines","PH","PHL","Nueva Ecija","","53090","1608154006"
"San Manuel","San Manuel","15.3318","-87.9194","Honduras","HN","HND","Cortés","","53083","1340778630"
"Westchester","Westchester","25.7471","-80.3523","United States","US","USA","Florida","","53082","1840014241"
"Sagua la Grande","Sagua la Grande","22.8086","-80.0711","Cuba","CU","CUB","Villa Clara","minor","53077","1192446410"
"Itapagé","Itapage","-3.6867","-39.5861","Brazil","BR","BRA","Ceará","minor","53067","1076504181"
"Puttūr","Puttur","12.7648","75.1842","India","IN","IND","Karnātaka","","53061","1356466163"
"Puttūr","Puttur","13.4500","79.5500","India","IN","IND","Andhra Pradesh","","53061","1356396930"
"Lysva","Lysva","58.1003","57.8042","Russia","RU","RUS","Permskiy Kray","minor","53057","1643566094"
"Cruz das Almas","Cruz das Almas","-12.6700","-39.1019","Brazil","BR","BRA","Bahia","minor","53049","1076285577"
"Methuen Town","Methuen Town","42.7340","-71.1889","United States","US","USA","Massachusetts","","53043","1840031195"
"Saint-Ouen","Saint-Ouen","48.9123","2.3342","France","FR","FRA","Île-de-France","","53041","1250000037"
"Naka","Naka","36.4574","140.4868","Japan","JP","JPN","Ibaraki","","53035","1392003137"
"Wolfenbüttel","Wolfenbuttel","52.1622","10.5369","Germany","DE","DEU","Lower Saxony","minor","53034","1276388010"
"Mahmutlar","Mahmutlar","36.4928","32.0992","Turkey","TR","TUR","Antalya","","53034","1792563245"
"Mahmutlar","Mahmutlar","36.4928","32.0992","Turkey","TR","TUR","Kırıkkale","","53034","1792717273"
"Bitlis","Bitlis","38.4000","42.1083","Turkey","TR","TUR","Bitlis","admin","53023","1792490436"
"Safranbolu","Safranbolu","41.2494","32.6833","Turkey","TR","TUR","Karabük","minor","52999","1792577916"
"Saint-Quentin","Saint-Quentin","49.8486","3.2864","France","FR","FRA","Hauts-de-France","minor","52995","1250806002"
"Aurora","Aurora","7.9484","123.5819","Philippines","PH","PHL","Zamboanga del Sur","","52995","1608800482"
"Bad Kreuznach","Bad Kreuznach","49.8500","7.8667","Germany","DE","DEU","Rhineland-Palatinate","minor","52989","1276733459"
"At Tawāhī","At Tawahi","12.7833","44.9833","Yemen","YE","YEM","‘Adan","minor","52984","1887058366"
"San Estanislao","San Estanislao","-24.6657","-56.4467","Paraguay","PY","PRY","San Pedro","","52983","1600701903"
"Bloomfield","Bloomfield","40.8098","-74.1869","United States","US","USA","New Jersey","","52974","1840131592"
"Manglaur","Manglaur","29.8000","77.8700","India","IN","IND","Uttarākhand","","52971","1356014281"
"Beloeil","Beloeil","45.5667","-73.2000","Canada","CA","CAN","Quebec","","52959","1124469084"
"Simojovel de Allende","Simojovel de Allende","17.1500","-92.7167","Mexico","MX","MEX","Chiapas","minor","52935","1484425686"
"Kadiolo","Kadiolo","10.5500","-5.7667","Mali","ML","MLI","Sikasso","minor","52932","1466526601"
"Bagheria","Bagheria","38.0833","13.5000","Italy","IT","ITA","Sicilia","","52928","1380694374"
"Hyosha","Hyosha","0.6975","29.5197","Congo (Kinshasa)","CD","COD","Nord-Kivu","","52921","1180671131"
"Tilhar","Tilhar","27.9628","79.7383","India","IN","IND","Uttar Pradesh","","52909","1356864780"
"Normal","Normal","40.5217","-88.9884","United States","US","USA","Illinois","","52908","1840009401"
"Xincheng","Xincheng","39.9883","112.4673","China","CN","CHN","Shanxi","minor","52903","1156311913"
"Buenavista","Buenavista","10.7000","122.6300","Philippines","PH","PHL","Iloilo","","52899","1608364604"
"Xinguara","Xinguara","-7.0950","-49.9458","Brazil","BR","BRA","Pará","minor","52893","1076290442"
"Sultānganj","Sultanganj","25.2460","86.7380","India","IN","IND","Bihār","","52892","1356568049"
"Congonhas","Congonhas","-20.5000","-43.8578","Brazil","BR","BRA","Minas Gerais","minor","52890","1076164621"
"Megion","Megion","61.0331","76.1097","Russia","RU","RUS","Khanty-Mansiyskiy Avtonomnyy Okrug-Yugra","minor","52887","1643111689"
"Tiruvalla","Tiruvalla","9.3856","76.5756","India","IN","IND","Kerala","","52883","1356161410"
"Kandıra","Kandira","41.0722","30.1611","Turkey","TR","TUR","Kocaeli","minor","52874","1792156686"
"Cagnes-sur-Mer","Cagnes-sur-Mer","43.6644","7.1489","France","FR","FRA","Provence-Alpes-Côte d’Azur","","52852","1250261503"
"‘Alīābād-e Katūl","`Aliabad-e Katul","36.9075","54.8667","Iran","IR","IRN","Golestān","minor","52838","1364000152"
"Elyria","Elyria","41.3760","-82.1060","United States","US","USA","Ohio","","52833","1840000643"
"Xingcheng","Xingcheng","40.1431","118.3008","China","CN","CHN","Hebei","minor","52814","1156358528"
"Siena","Siena","43.3183","11.3314","Italy","IT","ITA","Tuscany","minor","52812","1380088439"
"Gallarate","Gallarate","45.6649","8.7914","Italy","IT","ITA","Lombardy","","52811","1380947310"
"Timbaúba","Timbauba","-7.5053","-35.3183","Brazil","BR","BRA","Pernambuco","minor","52802","1076430214"
"San Remo","San Remo","43.8175","7.7750","Italy","IT","ITA","Liguria","","52787","1380767686"
"Lorica","Lorica","9.2419","-75.8160","Colombia","CO","COL","Córdoba","minor","52771","1170094504"
"Usa","Usa","33.5319","131.3494","Japan","JP","JPN","Ōita","","52767","1392003321"
"Harrismith","Harrismith","-28.2833","29.1333","South Africa","ZA","ZAF","Free State","","52765","1710810520"
"São Francisco","Sao Francisco","-15.9489","-44.8639","Brazil","BR","BRA","Minas Gerais","minor","52762","1076643491"
"Grand Island","Grand Island","40.9218","-98.3586","United States","US","USA","Nebraska","","52761","1840000956"
"Ksar Chellala","Ksar Chellala","35.2167","2.3167","Algeria","DZ","DZA","Tiaret","","52753","1012797029"
"Beihu","Beihu","38.1559","114.8090","China","CN","CHN","Hebei","","52752","1156204062"
"Pigcawayan","Pigcawayan","7.2800","124.4300","Philippines","PH","PHL","Cotabato","","52744","1608129711"
"Hanyū","Hanyu","36.1726","139.5485","Japan","JP","JPN","Saitama","","52740","1392690560"
"Ouenza","Ouenza","35.9500","8.1333","Algeria","DZ","DZA","Tébessa","","52737","1012834497"
"Jette","Jette","50.8667","4.3333","Belgium","BE","BEL","Brussels-Capital Region","","52728","1056315355"
"Lagoa da Prata","Lagoa da Prata","-20.0225","-45.5436","Brazil","BR","BRA","Minas Gerais","minor","52711","1076652644"
"Pabbi","Pabbi","34.0100","71.7975","Pakistan","PK","PAK","Khyber Pakhtunkhwa","","52701","1586515787"
"Woerden","Woerden","52.0833","4.8833","Netherlands","NL","NLD","Utrecht","minor","52694","1528805215"
"Novato","Novato","38.0920","-122.5575","United States","US","USA","California","","52689","1840020260"
"Ibbenbüren","Ibbenburen","52.2778","7.7167","Germany","DE","DEU","North Rhine-Westphalia","","52688","1276476330"
"Venkatagiri","Venkatagiri","13.9667","79.5833","India","IN","IND","Andhra Pradesh","","52688","1356644043"
"Hamtic","Hamtic","10.7000","121.9800","Philippines","PH","PHL","Antique","","52685","1608000341"
"Paracambi","Paracambi","-22.6083","-43.7083","Brazil","BR","BRA","Rio de Janeiro","minor","52683","1076624588"
"Bozova","Bozova","37.3628","38.5256","Turkey","TR","TUR","Şanlıurfa","minor","52680","1792842748"
"Sidi Mohamed Lahmar","Sidi Mohamed Lahmar","34.7167","-6.2667","Morocco","MA","MAR","Rabat-Salé-Kénitra","","52679","1504538713"
"Temsia","Temsia","30.3600","-9.4140","Morocco","MA","MAR","Souss-Massa","","52663","1504419242"
"North Bay","North Bay","46.3000","-79.4500","Canada","CA","CAN","Ontario","","52662","1124058496"
"Lancaster","Lancaster","54.0489","-2.8014","United Kingdom","GB","GBR","Lancashire","","52660","1826197341"
"Pôrto Ferreira","Porto Ferreira","-21.8539","-47.4789","Brazil","BR","BRA","São Paulo","minor","52649","1076743280"
"Fontenay-sous-Bois","Fontenay-sous-Bois","48.8517","2.4772","France","FR","FRA","Île-de-France","","52646","1250384578"
"Quezaltepeque","Quezaltepeque","13.8333","-89.2667","El Salvador","SV","SLV","La Libertad","","52643","1222731128"
"San José Villa de Allende","San Jose Villa de Allende","19.3747","-100.1475","Mexico","MX","MEX","México","minor","52641","1484492033"
"Kobryn","Kobryn","52.2167","24.3667","Belarus","BY","BLR","Brestskaya Voblasts’","minor","52635","1112806145"
"Tramandaí","Tramandai","-29.9847","-50.1336","Brazil","BR","BRA","Rio Grande do Sul","minor","52632","1076409044"
"Kahnūj","Kahnuj","27.9406","57.6992","Iran","IR","IRN","Kermān","minor","52624","1364808068"
"Yaozhuangcun","Yaozhuangcun","30.9113","120.9573","China","CN","CHN","Zhejiang","","52619","1156378476"
"Minami-Sōma","Minami-Soma","37.6422","140.9573","Japan","JP","JPN","Fukushima","","52619","1392151264"
"San Joaquin","San Joaquin","10.6000","122.0800","Philippines","PH","PHL","Iloilo","","52617","1608754625"
"Zhangjiazhuang","Zhangjiazhuang","38.2487","114.8675","China","CN","CHN","Hebei","","52604","1156100360"
"Zhangjiazhuangcun","Zhangjiazhuangcun","38.1753","114.7394","China","CN","CHN","Hebei","","52604","1156581028"
"Sihor","Sihor","21.7000","71.9700","India","IN","IND","Gujarāt","","52603","1356675162"
"Bani","Bani","16.1869","119.8592","Philippines","PH","PHL","Pangasinan","","52603","1608695660"
"Pola de Siero","Pola de Siero","43.3833","-5.6500","Spain","ES","ESP","Asturias","","52593","1724178701"
"Tizimín","Tizimin","21.1425","-88.1647","Mexico","MX","MEX","Yucatán","minor","52593","1484254957"
"Brentwood","Brentwood","51.6200","0.3050","United Kingdom","GB","GBR","Essex","","52586","1826743524"
"Roskilde","Roskilde","55.6500","12.0833","Denmark","DK","DNK","Sjælland","minor","52580","1208722269"
"Nerkunram","Nerkunram","13.0619","80.2094","India","IN","IND","Tamil Nādu","","52570","1356858169"
"Paramount","Paramount","33.8977","-118.1651","United States","US","USA","California","","52546","1840020504"
"Lalian","Lalian","31.8253","72.8027","Pakistan","PK","PAK","Punjab","","52542","1586600950"
"Guernica","Guernica","-34.9167","-58.3833","Argentina","AR","ARG","Buenos Aires","minor","52529","1032422310"
"Velletri","Velletri","41.6667","12.7833","Italy","IT","ITA","Lazio","","52528","1380946852"
"President Roxas","President Roxas","7.1544","125.0558","Philippines","PH","PHL","Cotabato","","52512","1608182795"
"Burauen","Burauen","10.9800","124.9000","Philippines","PH","PHL","Leyte","","52511","1608412407"
"Macclesfield","Macclesfield","53.2500","-2.1300","United Kingdom","GB","GBR","Cheshire East","","52508","1826522277"
"Tlacotepec","Tlacotepec","18.6882","-97.6489","Mexico","MX","MEX","Puebla","minor","52508","1484013898"
"Villareal","Villareal","39.9378","-0.1014","Spain","ES","ESP","Valencia","","52505","1724206895"
"Neibu","Neibu","22.6500","120.5875","Taiwan","TW","TWN","Pingtung","","52504","1158113958"
"An Nabk","An Nabk","34.0170","36.7333","Syria","SY","SYR","Rīf Dimashq","minor","52502","1760474665"
"Qabqa","Qabqa","36.2667","100.6167","China","CN","CHN","Qinghai","minor","52500","1156130786"
"Bamei","Bamei","24.3166","105.0380","China","CN","CHN","Yunnan","","52500","1156724753"
"Thongwa","Thongwa","16.7547","96.5193","Burma","MM","MMR","Yangon","","52496","1104339441"
"Pacora","Pacora","9.0800","-79.2800","Panama","PA","PAN","Panamá","minor","52494","1591023850"
"Badūria","Baduria","22.7400","88.7900","India","IN","IND","West Bengal","","52493","1356034082"
"Dauis","Dauis","9.6250","123.8650","Philippines","PH","PHL","Bohol","minor","52492","1608702299"
"El Rama","El Rama","12.3333","-84.6667","Nicaragua","NI","NIC","Costa Caribe Sur","minor","52482","1558512996"
"Claveria","Claveria","8.6100","124.8947","Philippines","PH","PHL","Misamis Oriental","","52478","1608363693"
"Bârlad","Barlad","46.2167","27.6667","Romania","RO","ROU","Vaslui","","52475","1642043593"
"Sironj","Sironj","24.1031","77.6905","India","IN","IND","Madhya Pradesh","","52460","1356323821"
"San Miguel Ixtahuacán","San Miguel Ixtahuacan","15.2500","-91.7500","Guatemala","GT","GTM","San Marcos","minor","52452","1320896592"
"Vaulx-en-Velin","Vaulx-en-Velin","45.7768","4.9186","France","FR","FRA","Auvergne-Rhône-Alpes","","52448","1250814472"
"Kyle","Kyle","29.9932","-97.8852","United States","US","USA","Texas","","52439","1840020907"
"Padangpanjang","Padangpanjang","-0.4500","100.4167","Indonesia","ID","IDN","Sumatera Barat","","52422","1360231049"
"Altrincham","Altrincham","53.3838","-2.3547","United Kingdom","GB","GBR","Trafford","","52419","1826280426"
"Dar Chabanne","Dar Chabanne","36.4700","10.7500","Tunisia","TN","TUN","Nabeul","","52406","1788696431"
"Coronel Oviedo","Coronel Oviedo","-25.4500","-56.4400","Paraguay","PY","PRY","Caaguazú","admin","52400","1600075989"
"Jangaon","Jangaon","17.7227","79.1518","India","IN","IND","Andhra Pradesh","","52394","1356403400"
"Miyakojima","Miyakojima","24.8056","125.2811","Japan","JP","JPN","Okinawa","","52390","1392003221"
"Charlottetown","Charlottetown","46.2403","-63.1347","Canada","CA","CAN","Prince Edward Island","admin","52390","1124897699"
"Placentia","Placentia","33.8807","-117.8553","United States","US","USA","California","","52384","1840020583"
"Marechal Deodoro","Marechal Deodoro","-9.7103","-35.8950","Brazil","BR","BRA","Alagoas","minor","52380","1076794934"
"El Carmen","El Carmen","-0.2736","-79.4597","Ecuador","EC","ECU","Manabí","minor","52366","1218653659"
"Daudnagar","Daudnagar","25.0300","84.4000","India","IN","IND","Bihār","","52364","1356738424"
"Ibajay","Ibajay","11.8211","122.1617","Philippines","PH","PHL","Aklan","","52364","1608871627"
"Paraíso do Tocantins","Paraiso do Tocantins","-10.1758","-48.8669","Brazil","BR","BRA","Tocantins","minor","52360","1076928889"
"Jiyyammavalasa","Jiyyammavalasa","18.8186","83.5797","India","IN","IND","Andhra Pradesh","","52360","1356361410"
"Zalău","Zalau","47.1911","23.0572","Romania","RO","ROU","Sălaj","admin","52359","1642791988"
"Mandamāri","Mandamari","18.9822","79.4811","India","IN","IND","Andhra Pradesh","","52352","1356193430"
"Mae Sot","Mae Sot","16.7131","98.5747","Thailand","TH","THA","Tak","minor","52350","1764198529"
"Sidi Bouzid","Sidi Bouzid","35.0381","9.4858","Tunisia","TN","TUN","Sidi Bouzid","admin","52339","1788196439"
"Lakhminia","Lakhminia","25.4126","86.3253","India","IN","IND","Bihār","","52328","1356101691"
"Aïn Sefra","Ain Sefra","32.7500","-0.5833","Algeria","DZ","DZA","Naama","","52320","1012884513"
"Sison","Sison","16.1700","120.5200","Philippines","PH","PHL","Pangasinan","","52320","1608509271"
"Krasnokamensk","Krasnokamensk","50.1000","118.0333","Russia","RU","RUS","Zabaykal’skiy Kray","","52299","1643383674"
"Ellenabad","Ellenabad","29.4500","74.6500","India","IN","IND","Haryāna","","52285","1356057911"
"Hrazdan","Hrazdan","40.5000","44.7667","Armenia","AM","ARM","Kotayk’","admin","52283","1051566733"
"Mollet","Mollet","41.5390","2.2130","Spain","ES","ESP","Catalonia","","52283","1724443143"
"Akbou","Akbou","36.4667","4.5333","Algeria","DZ","DZA","Bejaïa","","52282","1012950888"
"Campo Belo","Campo Belo","-20.8969","-45.2769","Brazil","BR","BRA","Minas Gerais","minor","52277","1076477943"
"Delmiro Gouveia","Delmiro Gouveia","-9.3886","-37.9992","Brazil","BR","BRA","Alagoas","minor","52262","1076057826"
"Taquaritinga","Taquaritinga","-21.4058","-48.5050","Brazil","BR","BRA","São Paulo","minor","52260","1076141127"
"Enerhodar","Enerhodar","47.4989","34.6558","Ukraine","UA","UKR","Zaporizka Oblast","minor","52237","1804819053"
"Rincón de la Victoria","Rincon de la Victoria","36.7167","-4.2833","Spain","ES","ESP","Andalusia","","52230","1724481445"
"Óbidos","Obidos","-1.9178","-55.5178","Brazil","BR","BRA","Pará","minor","52229","1076197849"
"Lautoka","Lautoka","-17.6242","177.4528","Fiji","FJ","FJI","Ba","","52220","1242457077"
"Pula","Pula","44.8703","13.8456","Croatia","HR","HRV","Istarska Županija","minor","52220","1191143009"
"San Pablo","San Pablo","14.9333","-92.0000","Guatemala","GT","GTM","San Marcos","minor","52217","1320088732"
"Taxco de Alarcón","Taxco de Alarcon","18.5564","-99.6050","Mexico","MX","MEX","Guerrero","minor","52217","1484987082"
"Korāput","Koraput","18.8120","82.7105","India","IN","IND","Odisha","","52203","1356742628"
"Mudhol","Mudhol","16.3500","75.2833","India","IN","IND","Karnātaka","","52199","1356197896"
"Avellino","Avellino","40.9153","14.7897","Italy","IT","ITA","Campania","minor","52198","1380716267"
"Plottier","Plottier","-38.9500","-68.2333","Argentina","AR","ARG","Neuquén","","52190","1032684946"
"Naguilian","Naguilian","16.5300","120.4000","Philippines","PH","PHL","La Union","","52189","1608096678"
"Victoria","Victoria","13.1719","121.2756","Philippines","PH","PHL","Oriental Mindoro","","52175","1608650895"
"Utrera","Utrera","37.1830","-5.7670","Spain","ES","ESP","Andalusia","","52173","1724187644"
"Wheaton","Wheaton","39.0492","-77.0573","United States","US","USA","Maryland","","52172","1840031295"
"Volzhsk","Volzhsk","55.8703","48.3561","Russia","RU","RUS","Mariy-El","minor","52164","1643457067"
"Ålesund","Alesund","62.4723","6.1549","Norway","NO","NOR","Møre og Romsdal","minor","52163","1578050516"
"Uriangato","Uriangato","20.1333","-101.1667","Mexico","MX","MEX","Guanajuato","minor","52156","1484679933"
"Bato","Bato","13.3578","123.3678","Philippines","PH","PHL","Camarines Sur","","52155","1608558575"
"Jūrmala","Jurmala","56.9665","23.7221","Latvia","LV","LVA","Jūrmala","admin","52154","1428952300"
"Antratsyt","Antratsyt","48.1192","39.0900","Ukraine","UA","UKR","Luhanska Oblast","","52150","1804312048"
"El Tumbador","El Tumbador","14.8667","-91.9333","Guatemala","GT","GTM","San Marcos","minor","52144","1320000006"
"Kendale Lakes","Kendale Lakes","25.7081","-80.4078","United States","US","USA","Florida","","52141","1840029045"
"Gaoyi","Gaoyi","37.6069","114.6088","China","CN","CHN","Hebei","minor","52129","1156853823"
"Bhajani","Bhajani","28.4924","80.9753","Nepal","NP","NPL","","","52128","1524835482"
"Acará","Acara","-1.9608","-48.1969","Brazil","BR","BRA","Pará","minor","52126","1076141011"
"Phaltan","Phaltan","17.9800","74.4300","India","IN","IND","Mahārāshtra","","52118","1356097873"
"Shiraoka","Shiraoka","36.0191","139.6769","Japan","JP","JPN","Saitama","","52103","1392337140"
"Buíque","Buique","-8.6233","-37.1564","Brazil","BR","BRA","Pernambuco","minor","52097","1076865556"
"Böblingen","Boblingen","48.6856","9.0153","Germany","DE","DEU","Baden-Württemberg","minor","52093","1276001231"
"Acatzingo","Acatzingo","18.9817","-97.7822","Mexico","MX","MEX","Puebla","minor","52078","1484022961"
"Diu","Diu","20.7158","70.9858","India","IN","IND","Dādra and Nagar Haveli and Damān and Diu","","52074","1356923516"
"Lengquancun","Lengquancun","39.9431","116.0886","China","CN","CHN","Beijing","","52072","1156501680"
"Portici","Portici","40.8197","14.3411","Italy","IT","ITA","Campania","","52054","1380276866"
"Ampanihy","Ampanihy","-24.6888","44.7483","Madagascar","MG","MDG","Toliara","","52053","1450328270"
"Cathedral City","Cathedral City","33.8362","-116.4642","United States","US","USA","California","","52047","1840019293"
"Ālbū Kamāl","Albu Kamal","34.4504","40.9186","Syria","SY","SYR","Dayr az Zawr","minor","52020","1760836213"
"Chajul","Chajul","15.4872","-91.0347","Guatemala","GT","GTM","Quiché","minor","52019","1320789980"
"Pontes e Lacerda","Pontes e Lacerda","-15.2258","-59.3350","Brazil","BR","BRA","Mato Grosso","minor","52018","1076490162"
"Thomazeau","Thomazeau","18.6530","-72.0939","Haiti","HT","HTI","Ouest","","52017","1332648470"
"Tangkak","Tangkak","2.2673","102.5453","Malaysia","MY","MYS","Johor","","52014","1458970376"
"Caetité","Caetite","-14.0689","-42.4750","Brazil","BR","BRA","Bahia","minor","52012","1076209772"
"Yendi","Yendi","9.4337","-0.0167","Ghana","GH","GHA","Northern","","52008","1288631491"
"Dungu","Dungu","3.6167","28.5667","Congo (Kinshasa)","CD","COD","Haut-Uélé","","52000","1180164137"
"Takeo","Takeo","10.9833","104.7833","Cambodia","KH","KHM","Takeo","admin","52000","1116674518"
"Ambohibary","Ambohibary","-19.6176","47.1398","Madagascar","MG","MDG","Antananarivo","","52000","1450162671"
"Slavyansk-na-Kubani","Slavyansk-na-Kubani","45.2500","38.1167","Russia","RU","RUS","Krasnodarskiy Kray","minor","52000","1643757173"
"Ad Dabbah","Ad Dabbah","18.0500","30.9500","Sudan","SD","SDN","Northern","","52000","1729074461"
"Shiogama","Shiogama","38.3144","141.0220","Japan","JP","JPN","Miyagi","","51999","1392003536"
"Huamantla","Huamantla","19.3133","-97.9228","Mexico","MX","MEX","Tlaxcala","minor","51996","1484180362"
"San Onofre","San Onofre","9.7333","-75.5333","Colombia","CO","COL","Sucre","minor","51991","1170481491"
"Khattan","Khattan","33.3773","75.7254","India","IN","IND","Jammu and Kashmīr","","51991","1356522570"
"Leon","Leon","10.7808","122.3894","Philippines","PH","PHL","Iloilo","","51990","1608404496"
"Rāwatbhāta","Rawatbhata","24.9300","75.5800","India","IN","IND","Rājasthān","","51965","1356539481"
"Vaisampākkal","Vaisampakkal","9.4562","76.5241","India","IN","IND","Kerala","","51960","1356160724"
"Kumarankari","Kumarankari","9.4596","76.4986","India","IN","IND","Kerala","","51960","1356160637"
"Ntoum","Ntoum","0.3905","9.7610","Gabon","GA","GAB","Estuaire","","51954","1266045882"
"Tauá","Taua","-6.0028","-40.2928","Brazil","BR","BRA","Ceará","minor","51948","1076613312"
"Piaseczno","Piaseczno","52.0667","21.0167","Poland","PL","POL","Mazowieckie","minor","51945","1616877485"
"Eilat","Eilat","29.5500","34.9500","Israel","IL","ISR","Southern","","51935","1376831370"
"Muban Saeng Bua Thong","Muban Saeng Bua Thong","13.9650","100.3924","Thailand","TH","THA","Nonthaburi","","51932","1764003021"
"Mikkeli","Mikkeli","61.6890","27.2720","Finland","FI","FIN","Etelä-Savo","admin","51919","1246875185"
"Florissant","Florissant","38.7996","-90.3269","United States","US","USA","Missouri","","51915","1840008586"
"Santa Eulalia","Santa Eulalia","15.7333","-91.4586","Guatemala","GT","GTM","Huehuetenango","minor","51910","1320956110"
"Mengmeng","Mengmeng","23.4650","99.8021","China","CN","CHN","Yunnan","minor","51908","1156100887"
"Santo Antônio do Descoberto","Santo Antonio do Descoberto","-15.9400","-48.2550","Brazil","BR","BRA","Goiás","minor","51897","1076123384"
"Vernon","Vernon","50.2670","-119.2720","Canada","CA","CAN","British Columbia","","51896","1124553338"
"San Luis de la Paz","San Luis de la Paz","21.3000","-100.5167","Mexico","MX","MEX","Guanajuato","minor","51894","1484137795"
"Liaquatpur","Liaquatpur","28.9353","70.9508","Pakistan","PK","PAK","Punjab","","51888","1586244483"
"Bloxwich","Bloxwich","52.6140","-2.0040","United Kingdom","GB","GBR","Walsall","","51879","1826492004"
"Rumia","Rumia","54.5667","18.4000","Poland","PL","POL","Pomorskie","","51879","1616655416"
"Piekary Śląskie","Piekary Slaskie","50.3833","18.9500","Poland","PL","POL","Śląskie","minor","51876","1616227996"
"Imarichō-kō","Imaricho-ko","33.2647","129.8808","Japan","JP","JPN","Saga","","51875","1392532933"
"San Gil","San Gil","6.5592","-73.1350","Colombia","CO","COL","Santander","minor","51874","1170310004"
"Şa‘dah","Sa`dah","16.9400","43.7592","Yemen","YE","YEM","Şa‘dah","admin","51870","1887513055"
"Wangjiazhai","Wangjiazhai","26.6895","104.8043","China","CN","CHN","Guizhou","","51869","1156886657"
"El Bagre","El Bagre","7.5942","-74.8119","Colombia","CO","COL","Antioquia","minor","51862","1170419984"
"Tomiya","Tomiya","38.4000","140.8833","Japan","JP","JPN","Miyagi","","51859","1392996342"
"Alytus","Alytus","54.4000","24.0500","Lithuania","LT","LTU","Alytaus Miestas","admin","51856","1440273296"
"Padre Garcia","Padre Garcia","13.8800","121.2200","Philippines","PH","PHL","Batangas","","51853","1608742356"
"Vila Real","Vila Real","41.2953","-7.7461","Portugal","PT","PRT","Vila Real","admin","51850","1620292123"
"Arwal","Arwal","25.2442","84.6631","India","IN","IND","Bihār","","51849","1356697722"
"Gummersbach","Gummersbach","51.0333","7.5667","Germany","DE","DEU","North Rhine-Westphalia","minor","51845","1276576027"
"Choma","Choma","-16.7711","26.9922","Zambia","ZM","ZMB","Southern","admin","51842","1894419971"
"Kardzhali","Kardzhali","41.6500","25.3670","Bulgaria","BG","BGR","Kardzhali","admin","51841","1100473094"
"Melo","Melo","-32.3667","-54.1833","Uruguay","UY","URY","Cerro Largo","admin","51830","1858600801"
"Matta","Matta","35.0931","72.3097","Pakistan","PK","PAK","Khyber Pakhtunkhwa","","51821","1586260777"
"M.Ə. Rəsulzadə","M.A. Rasulzada","40.4344","49.8336","Azerbaijan","AZ","AZE","Bakı","","51800","1031204213"
"Rastatt","Rastatt","48.8500","8.2000","Germany","DE","DEU","Baden-Württemberg","minor","51800","1276684629"
"Zhushan","Zhushan","23.6889","120.7289","Taiwan","TW","TWN","Nantou","","51800","1158343390"
"Palenque","Palenque","17.4333","-91.8000","Mexico","MX","MEX","Chiapas","minor","51797","1484011438"
"Covilhã","Covilha","40.2833","-7.5000","Portugal","PT","PRT","Castelo Branco","minor","51797","1620284248"
"São Gabriel da Cachoeira","Sao Gabriel da Cachoeira","-0.1300","-67.0889","Brazil","BR","BRA","Amazonas","minor","51795","1076863074"
"Crosby","Crosby","53.4870","-3.0340","United Kingdom","GB","GBR","Sefton","","51789","1826899809"
"Ravensburg","Ravensburg","47.7831","9.6114","Germany","DE","DEU","Baden-Württemberg","minor","51788","1276088263"
"Catalina Foothills","Catalina Foothills","32.3046","-110.8838","United States","US","USA","Arizona","","51756","1840018110"
"Palmas","Palmas","-26.4842","-51.9906","Brazil","BR","BRA","Paraná","minor","51755","1076528204"
"Sherpur","Sherpur","24.6765","89.4159","Bangladesh","BD","BGD","Rājshāhi","","51750","1050871216"
"Burla","Burla","21.5098","83.8726","India","IN","IND","Odisha","","51749","1356301513"
"Bom Despacho","Bom Despacho","-19.7358","-45.2519","Brazil","BR","BRA","Minas Gerais","minor","51737","1076080222"
"Gādarwāra","Gadarwara","22.9235","78.7849","India","IN","IND","Madhya Pradesh","","51736","1356199910"
"Caleta Olivia","Caleta Olivia","-46.4333","-67.5333","Argentina","AR","ARG","Santa Cruz","","51733","1032563209"
"Baranoa","Baranoa","10.8000","-74.9167","Colombia","CO","COL","Atlántico","minor","51730","1170983977"
"Caldas da Rainha","Caldas da Rainha","39.4069","-9.1363","Portugal","PT","PRT","Leiria","minor","51729","1620164622"
"Caramoan","Caramoan","13.7707","123.8631","Philippines","PH","PHL","Camarines Sur","","51728","1608379060"
"Pordenone","Pordenone","45.9626","12.6563","Italy","IT","ITA","Friuli Venezia Giulia","minor","51725","1380364177"
"Belle-Anse","Belle-Anse","18.2377","-72.0664","Haiti","HT","HTI","Sud-Est","","51707","1332150277"
"Guapimirim","Guapimirim","-22.5369","-42.9819","Brazil","BR","BRA","Rio de Janeiro","minor","51696","1076569522"
"Pacatuba","Pacatuba","-3.9839","-38.6200","Brazil","BR","BRA","Ceará","minor","51696","1076428186"
"Tamboril","Tamboril","19.4800","-70.6000","Dominican Republic","DO","DOM","Cibao Norte","","51695","1214621539"
"Pardigūda","Pardiguda","17.3974","78.5783","India","IN","IND","Andhra Pradesh","","51689","1356530500"
"Qalqīlyah","Qalqilyah","32.1897","34.9706","West Bank","XW","XWB","","","51683","1934513064"
"West New York","West New York","40.7857","-74.0094","United States","US","USA","New Jersey","","51683","1840001035"
"Kālpi","Kalpi","26.1200","79.7300","India","IN","IND","Uttar Pradesh","","51670","1356999222"
"Aguadulce","Aguadulce","8.2415","-80.5398","Panama","PA","PAN","Coclé","minor","51668","1591589017"
"Torrelavega","Torrelavega","43.3531","-4.0458","Spain","ES","ESP","Cantabria","","51663","1724275022"
"Girardota","Girardota","6.3764","-75.4473","Colombia","CO","COL","Antioquia","minor","51662","1170812272"
"Civitavecchia","Civitavecchia","42.1000","11.8000","Italy","IT","ITA","Lazio","","51653","1380282443"
"Baião","Baiao","-2.7908","-49.6719","Brazil","BR","BRA","Pará","minor","51641","1076566352"
"Sevran","Sevran","48.9333","2.5333","France","FR","FRA","Île-de-France","","51640","1250179512"
"Pryluky","Pryluky","50.5892","32.3856","Ukraine","UA","UKR","Chernihivska Oblast","minor","51637","1804037997"
"Lincoln","Lincoln","38.8774","-121.2937","United States","US","USA","California","","51629","1840020231"
"Santa Ignacia","Santa Ignacia","15.6200","120.4300","Philippines","PH","PHL","Tarlac","","51626","1608541696"
"Alaminos","Alaminos","14.0635","121.2451","Philippines","PH","PHL","Laguna","","51619","1608904750"
"Kulu","Kulu","39.0892","33.0806","Turkey","TR","TUR","Konya","minor","51612","1792739957"
"Xanxerê","Xanxere","-26.8769","-52.4039","Brazil","BR","BRA","Santa Catarina","minor","51607","1076871308"
"Mulongo","Mulongo","-7.8333","27.0000","Congo (Kinshasa)","CD","COD","Haut-Lomami","","51603","1180171787"
"Huazangsi","Huazangsi","36.9836","103.1265","China","CN","CHN","Gansu","minor","51603","1156149225"
"Tijucas","Tijucas","-27.2408","-48.6339","Brazil","BR","BRA","Santa Catarina","minor","51592","1076000713"
"Irinjālakuda","Irinjalakuda","10.3424","76.2112","India","IN","IND","Kerala","","51585","1356196702"
"Menggala","Menggala","-4.4750","105.2414","Indonesia","ID","IDN","Lampung","minor","51574","1360247711"
"Sartrouville","Sartrouville","48.9372","2.1644","France","FR","FRA","Île-de-France","","51570","1250494022"
"Dunwoody","Dunwoody","33.9418","-84.3122","United States","US","USA","Georgia","","51563","1840022929"
"Kokstad","Kokstad","-30.5539","29.4269","South Africa","ZA","ZAF","KwaZulu-Natal","","51561","1710099997"
"Ayutuxtepeque","Ayutuxtepeque","13.0000","44.0000","El Salvador","SV","SLV","San Salvador","","51558","1222570043"
"Levittown","Levittown","40.7241","-73.5125","United States","US","USA","New York","","51557","1840005270"
"Tachilek","Tachilek","20.4528","99.8958","Burma","MM","MMR","Shan State","","51553","1104251503"
"Zeralda","Zeralda","36.7167","2.8500","Algeria","DZ","DZA","Tipaza","","51552","1012208562"
"Gus’-Khrustal’nyy","Gus'-Khrustal'nyy","55.6167","40.6833","Russia","RU","RUS","Vladimirskaya Oblast’","minor","51552","1643398222"
