"Libertador General San Martín","Libertador General San Martin","-23.8000","-64.7833","Argentina","AR","ARG","Jujuy","minor","46642","1032649273"
"El Dorado","El Dorado","24.3231","-107.3631","Mexico","MX","MEX","Sinaloa","","46628","1484719986"
"Puerto Villarroel","Puerto Villarroel","-16.8667","-64.7831","Bolivia","BO","BOL","Cochabamba","","46627","1068957347"
"Donetsk","Donetsk","48.3333","39.9333","Russia","RU","RUS","Rostovskaya Oblast’","minor","46623","1643627132"
"Langford Station","Langford Station","48.4506","-123.5058","Canada","CA","CAN","British Columbia","","46584","1124095065"
"Obra","Obra","24.4200","82.9800","India","IN","IND","Uttar Pradesh","","46574","1356100800"
"Schwerte","Schwerte","51.4458","7.5653","Germany","DE","DEU","North Rhine-Westphalia","","46571","1276720376"
"Faratsiho","Faratsiho","-19.4064","46.9519","Madagascar","MG","MDG","Antananarivo","","46569","1450194641"
"Nakai","Nakai","33.5833","133.6333","Japan","JP","JPN","Kōchi","","46567","1392020842"
"Quinte West","Quinte West","44.1833","-77.5667","Canada","CA","CAN","Ontario","","46560","1124001037"
"Montevista","Montevista","7.7053","125.9903","Philippines","PH","PHL","Davao de Oro","","46558","1608301294"
"Yurga","Yurga","55.7231","84.8861","Russia","RU","RUS","Kemerovskaya Oblast’","","46556","1643047994"
"San Felíu de Llobregat","San Feliu de Llobregat","41.3833","2.0439","Spain","ES","ESP","Catalonia","","46554","1724279247"
"Schagen","Schagen","52.7833","4.8000","Netherlands","NL","NLD","Noord-Holland","minor","46553","1528010358"
"Al Aaroui","Al Aaroui","34.9833","-3.0167","Morocco","MA","MAR","Oriental","","46540","1504779155"
"Olive Branch","Olive Branch","34.9610","-89.8469","United States","US","USA","Mississippi","","46538","1840014641"
"Lucaya","Lucaya","26.5117","-78.6431","Bahamas, The","BS","BHS","City of Freeport","","46525","1044739503"
"Aland","Aland","17.5642","76.5685","India","IN","IND","Karnātaka","","46523","1356608267"
"Dori","Dori","14.0300","-0.0300","Burkina Faso","BF","BFA","Sahel","admin","46521","1854096946"
"Tuy","Tuy","14.0200","120.7300","Philippines","PH","PHL","Batangas","","46519","1608702969"
"Puñal","Punal","19.4000","-70.6167","Dominican Republic","DO","DOM","Cibao Norte","","46516","1214351229"
"Livry-Gargan","Livry-Gargan","48.9192","2.5361","France","FR","FRA","Île-de-France","","46507","1250653520"
"Ḩadīthah","Hadithah","34.1366","42.3773","Iraq","IQ","IRQ","Al Anbār","minor","46500","1368900463"
"Attleboro","Attleboro","41.9311","-71.2950","United States","US","USA","Massachusetts","","46499","1840000496"
"Lower Tungawan","Lower Tungawan","7.6047","122.4228","Philippines","PH","PHL","Zamboanga Sibugay","","46497","1608107982"
"Świętochłowice","Swietochlowice","50.2919","18.9178","Poland","PL","POL","Śląskie","minor","46494","1616910155"
"Järvenpää","Jarvenpaa","60.4750","25.0917","Finland","FI","FIN","Uusimaa","minor","46490","1246825863"
"Vuyyūru","Vuyyuru","16.3667","80.8500","India","IN","IND","Andhra Pradesh","","46490","1356510065"
"Cordon","Cordon","16.6700","121.4500","Philippines","PH","PHL","Isabela","","46477","1608294077"
"Kadinamkulam","Kadinamkulam","8.6000","76.8167","India","IN","IND","Kerala","","46476","1356162518"
"Corroios","Corroios","38.6147","-9.1508","Portugal","PT","PRT","Setúbal","","46475","1620361953"
"Mānvi","Manvi","15.9833","77.0500","India","IN","IND","Karnātaka","","46465","1356314428"
"Jeomchon","Jeomchon","36.6028","127.3042","Korea, South","KR","KOR","Chungbuk","","46452","1410262248"
"Wejherowo","Wejherowo","54.6000","18.2500","Poland","PL","POL","Pomorskie","minor","46446","1616233029"
"Santa Cruz do Rio Pardo","Santa Cruz do Rio Pardo","-22.8989","-49.6328","Brazil","BR","BRA","São Paulo","minor","46442","1076453060"
"Nelson","Nelson","-41.2931","173.2381","New Zealand","NZ","NZL","Nelson","admin","46437","1554017097"
"Skierniewice","Skierniewice","51.9528","20.1417","Poland","PL","POL","Łódzkie","minor","46437","1616077823"
"Kita","Kita","13.0504","-9.4833","Mali","ML","MLI","Kayes","minor","46435","1466078415"
"Salina","Salina","38.8136","-97.6143","United States","US","USA","Kansas","","46432","1840001647"
"Carcassonne","Carcassonne","43.2100","2.3500","France","FR","FRA","Occitanie","minor","46429","1250306687"
"Mladá Boleslav","Mlada Boleslav","50.4125","14.9044","Czechia","CZ","CZE","Středočeský Kraj","","46428","1203616853"
"Río Tercero","Rio Tercero","-32.1833","-64.1000","Argentina","AR","ARG","Córdoba","","46421","1032103221"
"Pakenham","Pakenham","-38.0712","145.4878","Australia","AU","AUS","Victoria","","46421","1036063031"
"Sardasht","Sardasht","36.1553","45.4800","Iran","IR","IRN","Āz̄arbāyjān-e Gharbī","minor","46412","1364996546"
"La Independencia","La Independencia","16.2526","-92.0237","Mexico","MX","MEX","Chiapas","minor","46409","1484210828"
"Quva","Quva","40.5247","72.0700","Uzbekistan","UZ","UZB","Farg‘ona","minor","46400","1860496002"
"Lissone","Lissone","45.6167","9.2500","Italy","IT","ITA","Lombardy","","46394","1380370266"
"Kurganinsk","Kurganinsk","44.8667","40.6167","Russia","RU","RUS","Krasnodarskiy Kray","minor","46393","1643002399"
"Starogard Gdański","Starogard Gdanski","53.9667","18.5333","Poland","PL","POL","Pomorskie","minor","46373","1616735469"
"Nilambūr","Nilambur","11.2769","76.2258","India","IN","IND","Kerala","","46366","1356722613"
"Shahezhai","Shahezhai","40.0892","119.6019","China","CN","CHN","Hebei","","46356","1156242433"
"Kilmarnock","Kilmarnock","55.6111","-4.4957","United Kingdom","GB","GBR","East Ayrshire","","46350","1826595229"
"Marino","Marino","41.7667","12.6667","Italy","IT","ITA","Lazio","","46347","1380000027"
"Farmington","Farmington","36.7555","-108.1823","United States","US","USA","New Mexico","","46339","1840020349"
"Cuihua","Cuihua","27.7377","103.8574","China","CN","CHN","Yunnan","minor","46324","1156070831"
"La Tebaida","La Tebaida","4.4500","-75.8000","Colombia","CO","COL","Quindío","minor","46323","1170920731"
"Bhālki","Bhalki","18.0435","77.2060","India","IN","IND","Karnātaka","","46322","1356429834"
"Gotha","Gotha","50.9492","10.7050","Germany","DE","DEU","Thuringia","minor","46300","1276679639"
"Filderstadt","Filderstadt","48.6803","9.2183","Germany","DE","DEU","Baden-Württemberg","","46295","1276952389"
"Génova","Genova","14.6167","-91.8333","Guatemala","GT","GTM","Quetzaltenango","minor","46294","1320204723"
"Mrirt","Mrirt","33.1667","-5.5667","Morocco","MA","MAR","Béni Mellal-Khénifra","","46285","1504917091"
"Halle-Neustadt","Halle-Neustadt","51.4789","11.9214","Germany","DE","DEU","Saxony-Anhalt","","46280","1276281757"
"Pagalungan","Pagalungan","7.0592","124.6987","Philippines","PH","PHL","Maguindanao","","46277","1608925189"
"Montrouge","Montrouge","48.8172","2.3219","France","FR","FRA","Île-de-France","","46273","1250189603"
"Starachowice","Starachowice","51.0500","21.0667","Poland","PL","POL","Świętokrzyskie","minor","46270","1616418874"
"Vidin","Vidin","43.9931","22.8722","Bulgaria","BG","BGR","Vidin","admin","46269","1100463536"
"Kurayoshi","Kurayoshi","35.4333","133.8167","Japan","JP","JPN","Tottori","","46269","1392359185"
"Farim","Farim","12.4833","-15.2167","Guinea-Bissau","GW","GNB","Oio","admin","46268","1624753622"
"Whitney","Whitney","36.1008","-115.0379","United States","US","USA","Nevada","","46268","1840033834"
"Cobija","Cobija","-11.0333","-68.7333","Bolivia","BO","BOL","Pando","admin","46267","1068395023"
"Zhongzhai","Zhongzhai","25.7783","107.8665","China","CN","CHN","Guizhou","","46267","1156055541"
"Douera","Douera","36.6667","2.9500","Algeria","DZ","DZA","Tipaza","","46266","1012994531"
"Anandpur","Anandpur","21.2141","86.1249","India","IN","IND","Odisha","","46263","1356018392"
"Capannori","Capannori","43.8756","10.5736","Italy","IT","ITA","Tuscany","","46253","1380407023"
"Kouré","Koure","13.3106","2.5760","Niger","NE","NER","Tillabéri","","46249","1562503170"
"Santurce-Antiguo","Santurce-Antiguo","43.3303","-3.0314","Spain","ES","ESP","Basque Country","","46247","1724220415"
"Takashima","Takashima","35.3500","136.0333","Japan","JP","JPN","Shiga","","46246","1392048667"
"Nichelino","Nichelino","44.9955","7.6466","Italy","IT","ITA","Piedmont","","46244","1380201460"
"Pilar","Pilar","14.6700","120.5700","Philippines","PH","PHL","Bataan","","46239","1608351430"
"Talisay","Talisay","14.1000","121.0200","Philippines","PH","PHL","Batangas","","46238","1608635733"
"Narvacan","Narvacan","17.4192","120.4756","Philippines","PH","PHL","Ilocos Sur","","46234","1608024817"
"Potomac","Potomac","39.0141","-77.1943","United States","US","USA","Maryland","","46230","1840005837"
"Jablonec nad Nisou","Jablonec nad Nisou","50.7244","15.1681","Czechia","CZ","CZE","Liberecký Kraj","","46226","1203127047"
"Aranđelovac","Arandelovac","44.3042","20.5561","Serbia","RS","SRB","Aranđelovac","admin","46225","1688854200"
"Santana do Ipanema","Santana do Ipanema","-9.3778","-37.2450","Brazil","BR","BRA","Alagoas","minor","46220","1076732680"
"Izunokuni","Izunokuni","35.0333","138.9333","Japan","JP","JPN","Shizuoka","","46212","1392003298"
"Shimeo","Shimeo","33.5914","130.4797","Japan","JP","JPN","Fukuoka","","46207","1392938801"
"Fellbach","Fellbach","48.8086","9.2758","Germany","DE","DEU","Baden-Württemberg","","46205","1276083210"
"Lawas","Lawas","4.8604","115.4090","Malaysia","MY","MYS","Sarawak","","46200","1458655014"
"Tingo María","Tingo Maria","-9.2953","-75.9975","Peru","PE","PER","Huánuco","","46191","1604736000"
"Nong Khai","Nong Khai","17.8681","102.7444","Thailand","TH","THA","Nong Khai","admin","46180","1764279113"
"Memmingen","Memmingen","47.9878","10.1811","Germany","DE","DEU","Bavaria","minor","46178","1276229376"
"Labutta","Labutta","16.1467","94.7611","Burma","MM","MMR","Ayeyarwady","","46170","1104103403"
"Chefchaouene","Chefchaouene","35.1714","-5.2697","Morocco","MA","MAR","Tanger-Tétouan-Al Hoceïma","","46168","1504471687"
"Puerto Tejada","Puerto Tejada","3.2500","-76.4167","Colombia","CO","COL","Cauca","minor","46166","1170475909"
"Zhob","Zhob","31.3417","69.4486","Pakistan","PK","PAK","Balochistan","minor","46164","1586969046"
"Seabra","Seabra","-12.4189","-41.7700","Brazil","BR","BRA","Bahia","minor","46160","1076253764"
"Uzynaghash","Uzynaghash","43.2297","76.3100","Kazakhstan","KZ","KAZ","Almaty","minor","46159","1398430039"
"Mislata","Mislata","39.4750","-0.4156","Spain","ES","ESP","Valencia","","46153","1724001899"
"Weldiya","Weldiya","11.8306","39.6000","Ethiopia","ET","ETH","Āmara","","46139","1231023092"
"Tlalmanalco","Tlalmanalco","19.2044","-98.8025","Mexico","MX","MEX","México","minor","46130","1484054902"
"Choisy-le-Roi","Choisy-le-Roi","48.7630","2.4090","France","FR","FRA","Île-de-France","","46122","1250504037"
"Limache","Limache","-33.0167","-71.2667","Chile","CL","CHL","Valparaíso","","46121","1152056672"
"União","Uniao","-4.5858","-42.8639","Brazil","BR","BRA","Piauí","minor","46119","1076941290"
"Manono","Manono","-7.2947","27.4545","Congo (Kinshasa)","CD","COD","Tanganyika","","46111","1180968800"
"Casimiro de Abreu","Casimiro de Abreu","-22.4808","-42.2039","Brazil","BR","BRA","Rio de Janeiro","minor","46110","1076781474"
"Myrnohrad","Myrnohrad","48.2911","37.2681","Ukraine","UA","UKR","Donetska Oblast","","46098","1804762140"
"Borča","Borca","44.8697","20.4541","Serbia","RS","SRB","Beograd","","46086","1688819875"
"Sumpango","Sumpango","14.6478","-90.7347","Guatemala","GT","GTM","Sacatepéquez","minor","46082","1320583719"
"Kasaoka","Kasaoka","34.5039","133.5100","Japan","JP","JPN","Okayama","","46080","1392085500"
"Sapanca","Sapanca","40.6906","30.2703","Turkey","TR","TUR","Sakarya","minor","46080","1792932736"
"Jammalamadugu","Jammalamadugu","14.8500","78.3800","India","IN","IND","Andhra Pradesh","","46069","1356030028"
"Beringen","Beringen","51.0507","5.2216","Belgium","BE","BEL","Flanders","","46065","1056300146"
"Acaxochitlán","Acaxochitlan","20.1667","-98.2000","Mexico","MX","MEX","Hidalgo","minor","46065","1484005465"
"Garhwa","Garhwa","24.1600","83.8075","India","IN","IND","Jhārkhand","","46059","1356464330"
"Sikandra Rao","Sikandra Rao","27.7000","78.4000","India","IN","IND","Uttar Pradesh","","46038","1356029003"
"Cavaillon","Cavaillon","18.2999","-73.6546","Haiti","HT","HTI","Sud","","46037","1332637613"
"Aourir","Aourir","30.4833","-9.6333","Morocco","MA","MAR","Souss-Massa","","46032","1504616385"
"Bothaville","Bothaville","-27.3833","26.6167","South Africa","ZA","ZAF","Free State","","46030","1710618746"
"Urbandale","Urbandale","41.6390","-93.7812","United States","US","USA","Iowa","","46026","1840010184"
"Tombôco","Tomboco","-6.8000","13.3000","Angola","AO","AGO","Zaire","","46025","1024009732"
"Nawāshahr","Nawashahr","31.1167","76.1333","India","IN","IND","Punjab","","46023","1356582611"
"Strongsville","Strongsville","41.3128","-81.8313","United States","US","USA","Ohio","","46022","1840003415"
"Trenque Lauquen","Trenque Lauquen","-35.9667","-62.7000","Argentina","AR","ARG","Buenos Aires","minor","46019","1032312344"
"Rānāvāv","Ranavav","21.6800","69.7500","India","IN","IND","Gujarāt","","46018","1356228797"
"Mairinque","Mairinque","-23.5464","-47.1836","Brazil","BR","BRA","São Paulo","minor","46015","1076990000"
"Arlington","Arlington","42.4187","-71.1639","United States","US","USA","Massachusetts","","46015","1840053631"
"Olímpia","Olimpia","-20.7369","-48.9150","Brazil","BR","BRA","São Paulo","minor","46013","1076866347"
"Bihāt","Bihat","25.4253","86.0208","India","IN","IND","Bihār","","46012","1356815038"
"Gahini","Gahini","-1.8244","30.5175","Rwanda","RW","RWA","Eastern Province","","46009","1646407608"
"Mindat","Mindat","21.3667","93.9833","Burma","MM","MMR","Chin State","","46008","1104913521"
"Bājil","Bajil","15.0590","43.2873","Yemen","YE","YEM","Al Ḩudaydah","minor","46005","1887795650"
"Huilongcun","Huilongcun","32.7028","115.4742","China","CN","CHN","Anhui","","46000","1156949032"
"Camp Perrin","Camp Perrin","18.3265","-73.8673","Haiti","HT","HTI","Sud","","46000","1332737224"
"Isiolo","Isiolo","0.3500","37.5833","Kenya","KE","KEN","Isiolo","admin","45989","1404771203"
"Amboasary","Amboasary","-25.0364","46.3843","Madagascar","MG","MDG","Toliara","","45989","1450064335"
"Longtancun","Longtancun","26.4106","104.0051","China","CN","CHN","Yunnan","","45987","1156890711"
"Ḩarastā","Harasta","33.5587","36.3652","Syria","SY","SYR","Rīf Dimashq","minor","45974","1760273732"
"Ban Bang Mae Nang","Ban Bang Mae Nang","13.8521","100.3889","Thailand","TH","THA","Nonthaburi","","45974","1764607798"
"Donggang","Donggang","22.4667","120.4544","Taiwan","TW","TWN","Pingtung","","45972","1158526053"
"Kikuchi","Kikuchi","32.9794","130.8133","Japan","JP","JPN","Kumamoto","","45971","1392999989"
"San Rafael","San Rafael","10.0417","-84.0750","Costa Rica","CR","CRI","Heredia","","45965","1188978329"
"Dingle","Dingle","11.0500","122.6700","Philippines","PH","PHL","Iloilo","","45965","1608576091"
"Jaguaquara","Jaguaquara","-13.5308","-39.9708","Brazil","BR","BRA","Bahia","minor","45964","1076420862"
"Markala","Markala","13.6739","-6.0750","Mali","ML","MLI","Ségou","","45961","1466526342"
"Santiago","Santiago","8.1004","-80.9833","Panama","PA","PAN","Veraguas","admin","45955","1591231138"
"Coonoor","Coonoor","11.3450","76.7950","India","IN","IND","Tamil Nādu","","45954","1356833070"
"Wodzisław Śląski","Wodzislaw Slaski","50.0000","18.4500","Poland","PL","POL","Śląskie","minor","45949","1616578364"
"Rosny-sous-Bois","Rosny-sous-Bois","48.8667","2.4833","France","FR","FRA","Île-de-France","","45947","1250643229"
"Thoubāl","Thoubal","24.6300","94.0200","India","IN","IND","Manipur","","45947","1356830949"
"Tamagawa","Tamagawa","33.6389","130.8061","Japan","JP","JPN","Fukuoka","","45946","1392705807"
"Paraguaçu Paulista","Paraguacu Paulista","-22.4197","-50.5797","Brazil","BR","BRA","São Paulo","minor","45945","1076783045"
"Freeport City","Freeport City","26.5286","-78.6967","Bahamas, The","BS","BHS","City of Freeport","","45945","1044291614"
"Bridgewater","Bridgewater","40.5934","-74.6076","United States","US","USA","New Jersey","","45943","1840081701"
"Ourém","Ourem","39.6500","-8.5833","Portugal","PT","PRT","Santarém","minor","45932","1620510353"
"Lupao","Lupao","15.8794","120.8994","Philippines","PH","PHL","Nueva Ecija","","45917","1608945408"
"Noisy-le-Sec","Noisy-le-Sec","48.8894","2.4503","France","FR","FRA","Île-de-France","","45915","1250727880"
"Hokota","Hokota","36.1587","140.5164","Japan","JP","JPN","Ibaraki","","45910","1392374973"
"Lumba-a-Bayabao","Lumba-a-Bayabao","7.8800","124.3800","Philippines","PH","PHL","Lanao del Sur","","45909","1608241306"
"Joal-Fadiout","Joal-Fadiout","14.1531","-16.8316","Senegal","SN","SEN","Thiès","","45903","1686150364"
"Koupéla","Koupela","12.1794","-0.3517","Burkina Faso","BF","BFA","Centre-Est","minor","45900","1854841246"
"Campo Novo do Parecis","Campo Novo do Parecis","-13.6750","-57.8919","Brazil","BR","BRA","Mato Grosso","minor","45899","1076003526"
"Chepén","Chepen","-7.2271","-79.4298","Peru","PE","PER","La Libertad","","45897","1604657195"
"Bünde","Bunde","52.2000","8.6000","Germany","DE","DEU","North Rhine-Westphalia","","45891","1276719683"
"Stavroúpoli","Stavroupoli","40.6667","22.9333","Greece","GR","GRC","Kentrikí Makedonía","minor","45891","1300659280"
"Arendal","Arendal","58.4617","8.7721","Norway","NO","NOR","Agder","admin","45891","1578533046"
"Dharmaragar","Dharmaragar","24.3785","92.1783","India","IN","IND","Tripura","","45887","1356861084"
"Juína","Juina","-11.3778","-58.7408","Brazil","BR","BRA","Mato Grosso","minor","45869","1076002602"
"Talence","Talence","44.8000","-0.5840","France","FR","FRA","Nouvelle-Aquitaine","","45869","1250490677"
"Parys","Parys","-26.9000","27.4500","South Africa","ZA","ZAF","Free State","","45868","1710211313"
"Bucak","Bucak","37.4592","30.5953","Turkey","TR","TUR","Burdur","minor","45865","1792073114"
"Middletown","Middletown","40.1790","-74.9059","United States","US","USA","Pennsylvania","","45860","1840152880"
"Tallbīsah","Tallbisah","34.8407","36.7309","Syria","SY","SYR","Ḩimş","minor","45853","1760319800"
"Chajarí","Chajari","-30.7667","-57.9833","Argentina","AR","ARG","Entre Ríos","","45848","1032147348"
"Igarapé","Igarape","-20.0700","-44.3019","Brazil","BR","BRA","Minas Gerais","minor","45847","1076387530"
"Pākaur","Pakaur","24.6300","87.8500","India","IN","IND","Jhārkhand","","45840","1356035089"
"Settimo Torinese","Settimo Torinese","45.1333","7.7667","Italy","IT","ITA","Piedmont","","45840","1380123933"
"Shima","Shima","34.3333","136.8333","Japan","JP","JPN","Mie","","45834","1392981052"
"Cheshunt","Cheshunt","51.7020","-0.0350","United Kingdom","GB","GBR","Hertfordshire","","45832","1826870758"
"Vyshniy Volochëk","Vyshniy Volochek","57.5833","34.5667","Russia","RU","RUS","Tverskaya Oblast’","minor","45830","1643616804"
"Shertallai","Shertallai","9.6869","76.3361","India","IN","IND","Kerala","","45827","1356986621"
"Havant","Havant","50.8517","-0.9842","United Kingdom","GB","GBR","Hampshire","","45826","1826912407"
"Tan-Tan","Tan-Tan","28.4333","-11.1000","Morocco","MA","MAR","Guelmim-Oued Noun","","45821","1504164174"
"Aribinda","Aribinda","14.2292","-0.8633","Burkina Faso","BF","BFA","Sahel","minor","45818","1854268234"
"Hexiwu","Hexiwu","39.6225","116.9539","China","CN","CHN","Tianjin","","45814","1156503634"
"Pahrump","Pahrump","36.2235","-115.9974","United States","US","USA","Nevada","","45811","1840018821"
"Phan Rí Cửa","Phan Ri Cua","11.1739","108.5661","Vietnam","VN","VNM","Bình Thuận","","45805","1704182533"
"Velingrad","Velingrad","42.0167","24.0000","Bulgaria","BG","BGR","Pazardzhik","minor","45803","1100145292"
"Kaufbeuren","Kaufbeuren","47.8800","10.6225","Germany","DE","DEU","Bavaria","minor","45792","1276496301"
"Nawai","Nawai","26.3824","75.9240","India","IN","IND","Rājasthān","","45787","1356336915"
"Salvador","Salvador","20.2094","-75.2231","Cuba","CU","CUB","Guantánamo","","45773","1192289644"
"Badrashni","Badrashni","33.9886","72.0250","Pakistan","PK","PAK","Khyber Pakhtunkhwa","","45771","1586934509"
"Ouled Moussa","Ouled Moussa","36.6831","3.3681","Algeria","DZ","DZA","Boumerdes","","45770","1012623458"
"Borgerhout","Borgerhout","51.2167","4.4333","Belgium","BE","BEL","Flanders","","45769","1056235367"
"Gollalagunta","Gollalagunta","17.1672","82.2847","India","IN","IND","Andhra Pradesh","","45768","1356024704"
"Hackensack","Hackensack","40.8891","-74.0462","United States","US","USA","New Jersey","","45768","1840003556"
"Dongsu","Dongsu","38.0153","115.1461","China","CN","CHN","Hebei","","45748","1156324414"
"Kariya","Kariya","34.7517","134.3931","Japan","JP","JPN","Hyōgo","","45747","1392896537"
"Tantangan","Tantangan","6.6200","124.7500","Philippines","PH","PHL","South Cotabato","","45744","1608138127"
"Dialakorodji","Dialakorodji","12.7036","-7.9647","Mali","ML","MLI","Koulikoro","","45740","1466632179"
"Wentzville","Wentzville","38.8153","-90.8669","United States","US","USA","Missouri","","45734","1840010717"
"St. Thomas","St. Thomas","42.7750","-81.1833","Canada","CA","CAN","Ontario","","45732","1124790209"
"Maluso","Maluso","6.5500","121.8800","Philippines","PH","PHL","Basilan","","45730","1608259525"
"Rājgarh","Rajgarh","24.0300","76.8800","India","IN","IND","Madhya Pradesh","","45726","1356819197"
"Muradiye","Muradiye","38.9947","43.7681","Turkey","TR","TUR","Van","minor","45718","1792520780"
"La Goulette","La Goulette","36.8181","10.3050","Tunisia","TN","TUN","Tunis","","45711","1788529784"
"Plainfield","Plainfield","41.6207","-88.2253","United States","US","USA","Illinois","","45705","1840011495"
"Changchong","Changchong","26.3404","107.1866","China","CN","CHN","Guizhou","","45702","1156385738"
"Yambio","Yambio","4.5705","28.4163","South Sudan","SS","SSD","Western Equatoria","admin","45685","1728463035"
"Haltom City","Haltom City","32.8176","-97.2707","United States","US","USA","Texas","","45681","1840020698"
"Santa María Huatulco","Santa Maria Huatulco","15.8500","-96.3333","Mexico","MX","MEX","Oaxaca","minor","45680","1484007409"
"Farrukhnagar","Farrukhnagar","17.0778","78.2011","India","IN","IND","Andhra Pradesh","","45675","1356373389"
"Dendermonde","Dendermonde","51.0333","4.1000","Belgium","BE","BEL","Flanders","minor","45673","1056277590"
"Hokuto","Hokuto","41.8242","140.6528","Japan","JP","JPN","Hokkaidō","","45661","1392000277"
"Puttalam","Puttalam","8.0330","79.8260","Sri Lanka","LK","LKA","North Western","","45661","1144219740"
"Shangpa","Shangpa","26.9195","98.9516","China","CN","CHN","Yunnan","minor","45658","1156190291"
"Altamonte Springs","Altamonte Springs","28.6615","-81.3953","United States","US","USA","Florida","","45657","1840014072"
"Belfort","Belfort","47.6400","6.8500","France","FR","FRA","Bourgogne-Franche-Comté","minor","45646","1250108238"
"Lohja","Lohja","60.2500","24.0667","Finland","FI","FIN","Uusimaa","minor","45645","1246687472"
"Porangatu","Porangatu","-13.4408","-49.1486","Brazil","BR","BRA","Goiás","minor","45633","1076806104"
"Chattamangalam","Chattamangalam","11.2960","75.9150","India","IN","IND","Kerala","","45628","1356230310"
"Jones","Jones","16.5583","121.7000","Philippines","PH","PHL","Isabela","","45628","1608556354"
"Remedios","Remedios","22.4922","-79.5458","Cuba","CU","CUB","Villa Clara","minor","45621","1192770696"
"Tangdukou","Tangdukou","27.0000","111.2001","China","CN","CHN","Hunan","minor","45617","1156473609"
"Tindouf","Tindouf","27.6753","-8.1286","Algeria","DZ","DZA","Tindouf","admin","45610","1012450434"
"El Valle del Espíritu Santo","El Valle del Espiritu Santo","10.9833","-63.8833","Venezuela","VE","VEN","Nueva Esparta","minor","45606","1862517439"
"Qianjiang Shequ","Qianjiang Shequ","23.6157","108.9603","China","CN","CHN","Guangxi","","45602","1156484944"
"La Calera","La Calera","-31.3439","-64.3353","Argentina","AR","ARG","Córdoba","","45600","1032927400"
"Keller","Keller","32.9335","-97.2256","United States","US","USA","Texas","","45598","1840019428"
"Kitakata","Kitakata","37.6511","139.8748","Japan","JP","JPN","Fukushima","","45590","1392003224"
"Odenton","Odenton","39.0661","-76.6938","United States","US","USA","Maryland","","45585","1840005912"
"Caiguantun","Caiguantun","26.3363","105.9841","China","CN","CHN","Guizhou","","45580","1156519374"
"Nueva Gerona","Nueva Gerona","21.8847","-82.8011","Cuba","CU","CUB","Isla de la Juventud","admin","45577","1192344354"
"Baiji","Baiji","26.1041","106.9900","China","CN","CHN","Guizhou","","45576","1156365747"
"Ascoli Piceno","Ascoli Piceno","42.8547","13.5753","Italy","IT","ITA","Marche","minor","45571","1380216238"
"Alfortville","Alfortville","48.8050","2.4239","France","FR","FRA","Île-de-France","","45569","1250857642"
"Kirkby","Kirkby","53.4800","-2.8900","United Kingdom","GB","GBR","Knowsley","","45564","1826773530"
"Mauriti","Mauriti","-7.3889","-38.7739","Brazil","BR","BRA","Ceará","minor","45561","1076467166"
"Ashburn","Ashburn","39.0277","-77.4714","United States","US","USA","Virginia","","45551","1840024495"
"Río Cauto","Rio Cauto","20.5636","-76.9172","Cuba","CU","CUB","Granma","minor","45545","1192490461"
"Guacharachi","Guacharachi","27.1500","-107.3167","Mexico","MX","MEX","Chihuahua","","45544","1484013438"
"Talagutong","Talagutong","6.2700","125.6700","Philippines","PH","PHL","Davao Occidental","","45540","1608694317"
"Kumta","Kumta","14.4264","74.4122","India","IN","IND","Karnātaka","","45538","1356514231"
"Elmhurst","Elmhurst","41.8973","-87.9432","United States","US","USA","Illinois","","45538","1840008142"
"Busaar","Busaar","2.6778","41.3253","Somalia","SO","SOM","Gedo","","45533","1706248273"
"Cuautepec de Hinojosa","Cuautepec de Hinojosa","20.1500","-98.4333","Mexico","MX","MEX","Hidalgo","minor","45527","1484413126"
"Manchester","Manchester","39.9652","-74.3738","United States","US","USA","New Jersey","","45527","1840081608"
"Sangarébougou","Sangarebougou","12.9697","-8.4375","Mali","ML","MLI","Koulikoro","","45518","1466951632"
"Brühl","Bruhl","50.8333","6.9000","Germany","DE","DEU","North Rhine-Westphalia","","45515","1276307796"
"Rovenky","Rovenky","48.0711","39.3428","Ukraine","UA","UKR","Luhanska Oblast","","45514","1804938726"
"Veldhoven","Veldhoven","51.4200","5.4050","Netherlands","NL","NLD","Noord-Brabant","minor","45500","1528462700"
"Canela","Canela","-29.3562","-50.8136","Brazil","BR","BRA","Rio Grande do Sul","minor","45488","1076049094"
"Voi","Voi","-3.3696","38.5700","Kenya","KE","KEN","Taita/Taveta","","45483","1404504656"
"Warud","Warud","21.4167","78.4000","India","IN","IND","Mahārāshtra","","45482","1356146392"
"Pāndhurnā","Pandhurna","21.6000","78.5200","India","IN","IND","Madhya Pradesh","","45479","1356533618"
"Salisbury","Salisbury","51.0697","-1.7950","United Kingdom","GB","GBR","Wiltshire","","45477","1826304328"
"Gaya","Gaya","11.8853","3.4549","Niger","NE","NER","Dosso","minor","45465","1562298335"
"Bāfq","Bafq","31.6050","55.4056","Iran","IR","IRN","Yazd","minor","45453","1364201689"
"Surčin","Surcin","44.7944","20.2781","Serbia","RS","SRB","Beograd","minor","45452","1688106927"
"Lábrea","Labrea","-7.2589","-64.7978","Brazil","BR","BRA","Amazonas","minor","45448","1076619739"
"Kerkrade","Kerkrade","50.8667","6.0667","Netherlands","NL","NLD","Limburg","minor","45442","1528289295"
"Mount Laurel","Mount Laurel","39.9483","-74.9047","United States","US","USA","New Jersey","","45427","1840081624"
"Carnot","Carnot","4.9400","15.8700","Central African Republic","CF","CAF","Mambéré-Kadéï","","45421","1140319605"
"Birāk","Birak","27.5333","14.2834","Libya","LY","LBY","Wādī ash Shāţi’","","45421","1434095842"
"Ganapathivattam","Ganapathivattam","11.6700","76.2800","India","IN","IND","Kerala","","45417","1356875394"
"San Pelayo","San Pelayo","8.9667","-75.8500","Colombia","CO","COL","Córdoba","minor","45396","1170248105"
"Olhão","Olhao","37.0278","-7.8389","Portugal","PT","PRT","Faro","minor","45396","1620090779"
"East Lansing","East Lansing","42.7480","-84.4836","United States","US","USA","Michigan","","45394","1840003101"
"Fuxing","Fuxing","24.0341","120.4235","Taiwan","TW","TWN","Changhua","","45388","1158324066"
"Mbulu","Mbulu","-3.8500","35.5500","Tanzania","TZ","TZA","Manyara","","45384","1834497748"
"Palayan City","Palayan City","15.5422","121.0844","Philippines","PH","PHL","Nueva Ecija","admin","45383","1608192136"
"Jipijapa","Jipijapa","-1.3486","-80.5786","Ecuador","EC","ECU","Manabí","minor","45382","1218962184"
"Weinheim","Weinheim","49.5500","8.6667","Germany","DE","DEU","Baden-Württemberg","","45381","1276001742"
"Gobārdānga","Gobardanga","22.8700","88.7600","India","IN","IND","West Bengal","","45377","1356963190"
"Pýrgos","Pyrgos","37.6667","21.4333","Greece","GR","GRC","Dytikí Elláda","minor","45365","1300188949"
"São Bento do Una","Sao Bento do Una","-8.5228","-36.4439","Brazil","BR","BRA","Pernambuco","minor","45360","1076263399"
"Erith","Erith","51.4800","0.1778","United Kingdom","GB","GBR","Bexley","","45345","1826991631"
"San Antonio Abad","San Antonio Abad","37.6261","-0.9896","Spain","ES","ESP","Murcia","","45335","1724212697"
"Nazarovo","Nazarovo","56.0000","90.3833","Russia","RU","RUS","Krasnoyarskiy Kray","minor","45333","1643743440"
"West Seneca","West Seneca","42.8374","-78.7509","United States","US","USA","New York","","45329","1840058604"
"San Isidro","San Isidro","9.3403","-83.7338","Costa Rica","CR","CRI","San José","","45327","1188493240"
"Neustadt am Rübenberge","Neustadt am Rubenberge","52.5000","9.4667","Germany","DE","DEU","Lower Saxony","","45325","1276887904"
"Ciudad de Huajuapam de León","Ciudad de Huajuapam de Leon","17.8000","-97.7667","Mexico","MX","MEX","Oaxaca","minor","45321","1484375272"
"Karmiel","Karmiel","32.9136","35.2961","Israel","IL","ISR","Northern","","45300","1376615005"
"Vallenar","Vallenar","-28.5708","-70.7581","Chile","CL","CHL","Atacama","minor","45298","1152000009"
"Gaoua","Gaoua","10.3167","-3.1667","Burkina Faso","BF","BFA","Sud-Ouest","admin","45284","1854285570"
"Yatağan","Yatagan","37.3425","28.1394","Turkey","TR","TUR","Muğla","minor","45283","1792053956"
"Rieti","Rieti","42.4044","12.8567","Italy","IT","ITA","Lazio","minor","45276","1380045864"
"Webster","Webster","43.2294","-77.4454","United States","US","USA","New York","","45276","1840004286"
"Saint-Eustache","Saint-Eustache","45.5700","-73.9000","Canada","CA","CAN","Quebec","","45276","1124758162"
"Brentwood","Brentwood","35.9918","-86.7758","United States","US","USA","Tennessee","","45272","1840013381"
"Puławy","Pulawy","51.4167","21.9667","Poland","PL","POL","Lubelskie","minor","45267","1616098904"
"Tayug","Tayug","16.0267","120.7478","Philippines","PH","PHL","Pangasinan","","45241","1608042299"
"Misséni","Misseni","10.3181","-6.0758","Mali","ML","MLI","Sikasso","","45240","1466953386"
"Vyksa","Vyksa","55.3167","42.1667","Russia","RU","RUS","Nizhegorodskaya Oblast’","minor","45240","1643006557"
"Sayreville","Sayreville","40.4656","-74.3237","United States","US","USA","New Jersey","","45237","1840001332"
"Radā‘","Rada`","14.4151","44.8371","Yemen","YE","YEM","Al Bayḑā’","minor","45233","1887090855"
"Nadym","Nadym","65.5333","72.5167","Russia","RU","RUS","Yamalo-Nenetskiy Avtonomnyy Okrug","","45229","1643709121"
"Kelo","Kelo","9.3100","15.8100","Chad","TD","TCD","Tandjilé","","45224","1148149571"
"Jaraguá","Jaragua","-15.7569","-49.3339","Brazil","BR","BRA","Goiás","minor","45223","1076016135"
"Chimteppa","Chimteppa","38.4667","68.7333","Tajikistan","TJ","TJK","Nohiyahoi Tobei Jumhurí","","45221","1762819593"
"Gračanica","Gracanica","44.7031","18.3101","Bosnia and Herzegovina","BA","BIH","Bosnia and Herzegovina, Federation of","minor","45220","1070355903"
"Cornélio Procópio","Cornelio Procopio","-23.1808","-50.6469","Brazil","BR","BRA","Paraná","minor","45206","1076363529"
"Vercelli","Vercelli","45.3256","8.4231","Italy","IT","ITA","Piedmont","minor","45206","1380702536"
"Sierra Vista","Sierra Vista","31.5630","-110.3153","United States","US","USA","Arizona","","45203","1840022103"
"Ashton","Ashton","53.4897","-2.0952","United Kingdom","GB","GBR","Tameside","","45198","1826027715"
"Puertollano","Puertollano","38.6833","-4.1167","Spain","ES","ESP","Castille-La Mancha","","45195","1724051219"
"Gaoua","Gaoua","10.3167","-3.1667","Burkina Faso","BF","BFA","Sud-Ouest","","45189","1854142068"
"Drachten","Drachten","53.1000","6.1000","Netherlands","NL","NLD","Fryslân","minor","45186","1528367114"
"Jukal","Jukal","18.3689","77.6169","India","IN","IND","Andhra Pradesh","","45165","1356050049"
"Medemblik","Medemblik","52.6833","5.0333","Netherlands","NL","NLD","Noord-Holland","","45165","1528256385"
"Paterno","Paterno","37.5667","14.9025","Italy","IT","ITA","Sicilia","","45162","1380563851"
"Inongo","Inongo","-1.9500","18.2667","Congo (Kinshasa)","CD","COD","Mai-Ndombe","admin","45159","1180194164"
"Banī ‘Ubayd","Bani `Ubayd","31.0247","31.6487","Egypt","EG","EGY","Ad Daqahlīyah","","45157","1818589720"
"Presidente Dutra","Presidente Dutra","-5.2900","-44.4900","Brazil","BR","BRA","Maranhão","minor","45155","1076660845"
"Morgan Hill","Morgan Hill","37.1325","-121.6419","United States","US","USA","California","","45152","1840020331"
"Garango","Garango","11.8000","-0.5500","Burkina Faso","BF","BFA","Centre-Est","","45150","1854695901"
"Hassi Messaoud","Hassi Messaoud","31.7000","6.0667","Algeria","DZ","DZA","Ouargla","","45147","1012339655"
"Pau d’Alho","Pau d'Alho","-7.8969","-35.1800","Brazil","BR","BRA","Pernambuco","minor","45138","1076432442"
"Basud","Basud","14.0700","122.9700","Philippines","PH","PHL","Camarines Norte","","45133","1608662670"
"Surbiton","Surbiton","51.3940","-0.3070","United Kingdom","GB","GBR","Kingston upon Thames","","45132","1826418537"
"Numata","Numata","36.6460","139.0442","Japan","JP","JPN","Gunma","","45132","1392003068"
"Seoni Mālwa","Seoni Malwa","22.4508","77.4681","India","IN","IND","Madhya Pradesh","","45125","1356893622"
"Massigui","Massigui","11.8600","-6.7692","Mali","ML","MLI","Koulikoro","","45120","1466598599"
"Montemorelos","Montemorelos","25.1872","-99.8267","Mexico","MX","MEX","Nuevo León","minor","45108","1484813948"
"Castleford","Castleford","53.7160","-1.3560","United Kingdom","GB","GBR","Wakefield","","45106","1826827675"
"Kwaggafontein","Kwaggafontein","-25.3075","28.9469","South Africa","ZA","ZAF","Mpumalanga","","45104","1710177771"
"Chalungalpādam","Chalungalpadam","9.5490","76.3237","India","IN","IND","Kerala","","45102","1356162984"
"Aguilar","Aguilar","15.8899","120.2379","Philippines","PH","PHL","Pangasinan","","45100","1608688044"
"Nanchang","Nanchang","35.6718","111.7521","China","CN","CHN","Shanxi","","45098","1156156611"
"Lehrte","Lehrte","52.3667","9.9667","Germany","DE","DEU","Lower Saxony","","45097","1276716840"
"Bingmei","Bingmei","25.7408","108.9023","China","CN","CHN","Guizhou","","45094","1156262992"
"Bountiful","Bountiful","40.8721","-111.8647","United States","US","USA","Utah","","45093","1840018737"
"Littleton","Littleton","39.5915","-105.0188","United States","US","USA","Colorado","","45092","1840020213"
"Sète","Sete","43.4053","3.6975","France","FR","FRA","Occitanie","","45090","1250599370"
"Pearl City","Pearl City","21.4031","-157.9566","United States","US","USA","Hawaii","","45079","1840023251"
"Concepción","Concepcion","-23.4064","-57.4344","Paraguay","PY","PRY","Concepción","admin","45068","1600557615"
"Krosno","Krosno","49.6833","21.7500","Poland","PL","POL","Podkarpackie","minor","45057","1616223462"
"Arantāngi","Arantangi","10.1686","78.9920","India","IN","IND","Tamil Nādu","","45056","1356529940"
"Nāyudupet","Nayudupet","13.9000","79.9000","India","IN","IND","Andhra Pradesh","","45055","1356576109"
"Soliman","Soliman","36.7000","10.4833","Tunisia","TN","TUN","Nabeul","","45053","1788428570"
"Maracaju","Maracaju","-21.6139","-55.1678","Brazil","BR","BRA","Mato Grosso do Sul","minor","45047","1076548335"
"Caeté","Caete","-19.8800","-43.6697","Brazil","BR","BRA","Minas Gerais","minor","45047","1076979149"
"Haugesund","Haugesund","59.4164","5.2700","Norway","NO","NOR","Rogaland","minor","45040","1578805813"
"Naj‘ Ḩammādī","Naj` Hammadi","26.0500","32.2500","Egypt","EG","EGY","Qinā","","45038","1818262231"
"Sundargarh","Sundargarh","22.1200","84.0300","India","IN","IND","Odisha","","45036","1356122746"
"Bắc Kạn","Bac Kan","22.1333","105.8333","Vietnam","VN","VNM","Bắc Kạn","admin","45036","1704000217"
"Abqaiq","Abqaiq","25.9340","49.6688","Saudi Arabia","SA","SAU","Ash Sharqīyah","","45032","1682412526"
"Lancaster","Lancaster","42.9099","-78.6378","United States","US","USA","New York","","45027","1840004387"
"Alès","Ales","44.1281","4.0817","France","FR","FRA","Occitanie","minor","45025","1250908381"
"Prievidza","Prievidza","48.7714","18.6242","Slovakia","SK","SVK","Nitra","minor","45017","1703497240"
"Biləcəri","Bilacari","40.4444","49.8057","Azerbaijan","AZ","AZE","Bakı","","45008","1031718088"
"Lake Ridge","Lake Ridge","38.6847","-77.3066","United States","US","USA","Virginia","","45007","1840006099"
"Falkensee","Falkensee","52.5583","13.0917","Germany","DE","DEU","Brandenburg","","45005","1276126886"
"Heusden","Heusden","51.7339","5.1383","Netherlands","NL","NLD","Noord-Brabant","","45005","1528318846"
"Shchūchīnsk","Shchuchinsk","52.9333","70.2000","Kazakhstan","KZ","KAZ","Aqmola","minor","45004","1398291807"
"Lapa","Lapa","-25.7700","-49.7158","Brazil","BR","BRA","Paraná","minor","45003","1076904800"
"Shakopee","Shakopee","44.7745","-93.4772","United States","US","USA","Minnesota","","45002","1840008955"
"Pinamar","Pinamar","-37.1000","-56.8500","Argentina","AR","ARG","Buenos Aires","minor","45000","1032950633"
"Baba I","Baba I","6.0622","10.4903","Cameroon","CM","CMR","North-West","","45000","1120222398"
"Rabinal","Rabinal","15.0680","-90.4890","Guatemala","GT","GTM","Baja Verapaz","minor","45000","1320817079"
"Mahālingpur","Mahalingpur","16.3800","75.1200","India","IN","IND","Karnātaka","","45000","1356541199"
"Bhāyala","Bhayala","22.8335","72.3643","India","IN","IND","Gujarāt","","45000","1356126184"
"Nalegaon","Nalegaon","18.4167","76.8167","India","IN","IND","Mahārāshtra","","45000","1356973813"
"Muddebihāl","Muddebihal","16.3300","76.1300","India","IN","IND","Karnātaka","","45000","1356094712"
"Kedgaon","Kedgaon","18.4300","74.3500","India","IN","IND","Mahārāshtra","","45000","1356779261"
"Sachīn","Sachin","21.0800","72.8800","India","IN","IND","Gujarāt","","45000","1356607032"
"Ālamūru","Alamuru","16.7833","81.9000","India","IN","IND","Andhra Pradesh","","45000","1356170039"
"Qarabulaq","Qarabulaq","42.5167","69.8000","Kazakhstan","KZ","KAZ","Türkistan","","45000","1398582036"
"Pakxan","Pakxan","18.3964","103.6558","Laos","LA","LAO","Bolikhamxai","admin","45000","1418088090"
"Batroûn","Batroun","34.2500","35.6500","Lebanon","LB","LBN","Liban-Nord","minor","45000","1422217431"
"Shaḩḩāt","Shahhat","32.8167","21.8500","Libya","LY","LBY","Al Jabal al Akhḑar","","45000","1434402597"
"Kanganpur","Kanganpur","30.9489","73.7433","Pakistan","PK","PAK","Punjab","","45000","1586615198"
"Parma","Parma","65.9230","57.4030","Russia","RU","RUS","Komi","","45000","1643982067"
"Kutum","Kutum","14.2056","24.6500","Sudan","SD","SDN","North Darfur","","45000","1729748758"
"Nimule","Nimule","3.6000","32.0500","South Sudan","SS","SSD","Eastern Equatoria","","45000","1728476966"
"Jedeïda","Jedeida","36.8333","9.9167","Tunisia","TN","TUN","Manouba","","45000","1788986183"
"Dīg","Dig","27.4700","77.3300","India","IN","IND","Rājasthān","","44999","1356670212"
"Hekou","Hekou","22.5385","104.0111","China","CN","CHN","Yunnan","minor","44998","1156669010"
"Palm Springs","Palm Springs","33.8017","-116.5382","United States","US","USA","California","","44998","1840020556"
"Næstved","Naestved","55.2249","11.7842","Denmark","DK","DNK","Sjælland","minor","44996","1208208658"
"Barnagar","Barnagar","23.0489","75.3780","India","IN","IND","Madhya Pradesh","","44996","1356118388"
"Tank","Tank","32.1300","70.2300","Pakistan","PK","PAK","Khyber Pakhtunkhwa","minor","44996","1586200762"
"Clermont","Clermont","28.5325","-81.7208","United States","US","USA","Florida","","44984","1840015080"
"Marhanets","Marhanets","47.6447","34.6042","Ukraine","UA","UKR","Dnipropetrovska Oblast","minor","44980","1804303283"
"Izium","Izium","49.2128","37.2569","Ukraine","UA","UKR","Kharkivska Oblast","minor","44979","1804385952"
"Tres Valles","Tres Valles","18.1667","-96.0167","Mexico","MX","MEX","Veracruz","minor","44978","1484297361"
"Timbó","Timbo","-26.8233","-49.2717","Brazil","BR","BRA","Santa Catarina","minor","44977","1076339334"
"Angadanan","Angadanan","16.7571","121.7479","Philippines","PH","PHL","Isabela","","44977","1608436473"
"Acopiara","Acopiara","-6.0950","-39.4528","Brazil","BR","BRA","Ceará","minor","44962","1076661571"
"Maria Aurora","Maria Aurora","15.7967","121.4737","Philippines","PH","PHL","Aurora","","44958","1608487496"
"Riverton","Riverton","40.5176","-111.9636","United States","US","USA","Utah","","44944","1840020157"
"Āstāneh-ye Ashrafīyeh","Astaneh-ye Ashrafiyeh","37.2658","49.9431","Iran","IR","IRN","Gīlān","minor","44941","1364719159"
"Inuma","Inuma","36.0001","139.6242","Japan","JP","JPN","Saitama","","44928","1392163993"
"Seregno","Seregno","45.6500","9.2000","Italy","IT","ITA","Lombardy","","44917","1380007396"
"The Colony","The Colony","33.0925","-96.8976","United States","US","USA","Texas","","44916","1840022005"
"Pederneiras","Pederneiras","-22.3517","-48.7750","Brazil","BR","BRA","São Paulo","minor","44910","1076724688"
"Catford","Catford","51.4452","-0.0207","United Kingdom","GB","GBR","Lewisham","","44905","1826259011"
"Tarnobrzeg","Tarnobrzeg","50.5833","21.6833","Poland","PL","POL","Podkarpackie","minor","44901","1616631454"
"Port Loko","Port Loko","8.7667","-12.7833","Sierra Leone","SL","SLE","North Western","admin","44900","1694778676"
"Borlänge","Borlange","60.4833","15.4167","Sweden","SE","SWE","Dalarna","minor","44898","1752944924"
"Charkhi Dādri","Charkhi Dadri","28.5900","76.2700","India","IN","IND","Haryāna","","44892","1356411988"
"Āz̄arshahr","Azarshahr","37.7628","45.9758","Iran","IR","IRN","Āz̄arbāyjān-e Sharqī","minor","44887","1364106517"
"Mankato","Mankato","44.1715","-93.9772","United States","US","USA","Minnesota","","44882","1840008975"
"Buguias","Buguias","16.8033","120.8211","Philippines","PH","PHL","Benguet","","44877","1608025236"
"Sagua de Tánamo","Sagua de Tanamo","20.5858","-75.2417","Cuba","CU","CUB","Holguín","minor","44872","1192754736"
"Shangshan","Shangshan","23.4792","115.6918","China","CN","CHN","Guangdong","","44871","1156123050"
"Shazhou","Shazhou","40.1376","94.6638","China","CN","CHN","Gansu","minor","44870","1156020029"
"Dois Vizinhos","Dois Vizinhos","-25.7500","-53.0569","Brazil","BR","BRA","Paraná","minor","44869","1076157751"
"Bolívar","Bolivar","1.9708","-76.9694","Colombia","CO","COL","Cauca","minor","44868","1170620269"
"Guledagudda","Guledagudda","16.0502","75.7900","India","IN","IND","Karnātaka","","44868","1356735858"
"Al ‘Azīzīyah","Al `Aziziyah","32.9094","45.0636","Iraq","IQ","IRQ","Wāsiţ","minor","44868","1368091168"
"Tateyama","Tateyama","34.9966","139.8700","Japan","JP","JPN","Chiba","","44865","1392021641"
"Parigi","Parigi","-7.6914","108.5372","Indonesia","ID","IDN","Jawa Barat","minor","44857","1360904302"
"Rāmeswaram","Rameswaram","9.2880","79.3130","India","IN","IND","Tamil Nādu","","44856","1356465756"
"Santiago Atitlán","Santiago Atitlan","14.6333","-91.2333","Guatemala","GT","GTM","Sololá","minor","44854","1320947677"
"Xinji","Xinji","38.4682","116.8918","China","CN","CHN","Hebei","","44849","1156248914"
"Nurmijärvi","Nurmijarvi","60.4667","24.8083","Finland","FI","FIN","Uusimaa","minor","44833","1246678771"
"Port Macquarie","Port Macquarie","-31.4333","152.9000","Australia","AU","AUS","New South Wales","","44830","1036051032"
"Colotenango","Colotenango","15.4167","-91.7167","Guatemala","GT","GTM","Huehuetenango","minor","44823","1320397198"
"Nasipit","Nasipit","8.9900","125.3400","Philippines","PH","PHL","Agusan del Norte","","44822","1608538280"
"‘Ayn al ‘Arab","`Ayn al `Arab","36.8910","38.3535","Syria","SY","SYR","Ḩalab","minor","44821","1760764004"
"Barru","Barru","-4.3587","119.6399","Indonesia","ID","IDN","Sulawesi Selatan","minor","44817","1360568258"
"Santa Bárbara","Santa Barbara","15.3167","-91.6167","Guatemala","GT","GTM","Huehuetenango","minor","44809","1320493010"
"Merksem","Merksem","51.2428","4.4414","Belgium","BE","BEL","Flanders","","44808","1056201097"
"West Lafayette","West Lafayette","40.4432","-86.9238","United States","US","USA","Indiana","","44802","1840010430"
"Santana do Paraíso","Santana do Paraiso","-19.3639","-42.5689","Brazil","BR","BRA","Minas Gerais","minor","44800","1076433913"
"Manjuyod","Manjuyod","9.6800","123.1500","Philippines","PH","PHL","Negros Oriental","","44799","1608403935"
"São Lourenço","Sao Lourenco","-22.1158","-45.0539","Brazil","BR","BRA","Minas Gerais","minor","44798","1076261938"
"Balcarce","Balcarce","-37.8456","-58.2578","Argentina","AR","ARG","Buenos Aires","minor","44796","1032847478"
"Pemangkat","Pemangkat","1.1768","108.9624","Indonesia","ID","IDN","Kalimantan Barat","","44783","1360279205"
"Pemangkat","Pemangkat","-1.1003","109.8902","Indonesia","ID","IDN","Kalimantan Barat","","44783","1360421520"
"Tiruttani","Tiruttani","13.1746","79.6117","India","IN","IND","Tamil Nādu","","44781","1356102827"
"Chusovoy","Chusovoy","58.3167","57.8167","Russia","RU","RUS","Permskiy Kray","minor","44780","1643341477"
"Sakura","Sakura","36.6853","139.9664","Japan","JP","JPN","Tochigi","","44777","1392003217"
"Zwijndrecht","Zwijndrecht","51.8240","4.6126","Netherlands","NL","NLD","Zuid-Holland","minor","44775","1528524104"
"Chichigalpa","Chichigalpa","12.5667","-87.0333","Nicaragua","NI","NIC","Chinandega","minor","44769","1558921284"
"Portugalete","Portugalete","43.3194","-3.0194","Spain","ES","ESP","Basque Country","","44766","1724017694"
"Liuquancun","Liuquancun","39.3635","116.3154","China","CN","CHN","Hebei","","44765","1156446826"
"Brianka","Brianka","48.5133","38.6431","Ukraine","UA","UKR","Luhanska Oblast","","44760","1804124686"
"Xique-Xique","Xique-Xique","-10.8229","-42.7281","Brazil","BR","BRA","Bahia","minor","44757","1076763009"
"Pinneberg","Pinneberg","53.6333","9.8000","Germany","DE","DEU","Schleswig-Holstein","minor","44756","1276865707"
"Mount Pleasant","Mount Pleasant","41.1119","-73.8121","United States","US","USA","New York","","44753","1840058325"
"Kenge","Kenge","-4.8056","17.0417","Congo (Kinshasa)","CD","COD","Kwango","admin","44743","1180158365"
"Cascina","Cascina","43.6800","10.5003","Italy","IT","ITA","Tuscany","","44735","1380319833"
"Itaberaí","Itaberai","-16.0200","-49.8100","Brazil","BR","BRA","Goiás","minor","44734","1076044452"
"Worksop","Worksop","53.3042","-1.1244","United Kingdom","GB","GBR","Nottinghamshire","","44733","1826731609"
"San Pedro Perulapán","San Pedro Perulapan","13.7667","-89.0333","El Salvador","SV","SLV","Cuscatlán","","44730","1222471656"
"Melūr","Melur","10.0313","78.3381","India","IN","IND","Tamil Nādu","","44722","1356060351"
"Terracina","Terracina","41.2833","13.2500","Italy","IT","ITA","Lazio","","44720","1380975226"
"Dhupgāri","Dhupgari","26.5889","89.0069","India","IN","IND","West Bengal","","44719","1356217672"
"Kafr al Baţţīkh","Kafr al Battikh","31.4040","31.7378","Egypt","EG","EGY","Dumyāţ","","44716","1818792842"
"Lodi","Lodi","45.3167","9.5000","Italy","IT","ITA","Lombardy","minor","44709","1380406529"
"Flores","Flores","16.9297","-89.8917","Guatemala","GT","GTM","Petén","admin","44706","1320651129"
"Moorhead","Moorhead","46.8673","-96.7461","United States","US","USA","Minnesota","","44706","1840007731"
"Yaopu","Yaopu","26.1700","105.8489","China","CN","CHN","Guizhou","","44703","1156177445"
"Cleveland Heights","Cleveland Heights","41.5113","-81.5636","United States","US","USA","Ohio","","44694","1840000597"
"Tangjiacun","Tangjiacun","20.8425","109.8469","China","CN","CHN","Guangdong","","44684","1156505609"
"Chebarkul","Chebarkul","54.9833","60.3667","Russia","RU","RUS","Chelyabinskaya Oblast’","minor","44671","1643618231"
"Katipunan","Katipunan","8.5134","123.2847","Philippines","PH","PHL","Zamboanga del Norte","","44661","1608419137"
"Zamalkā","Zamalka","33.5261","36.3538","Syria","SY","SYR","Rīf Dimashq","","44661","1760999732"
"Bhārella","Bharella","23.5653","91.0889","Bangladesh","BD","BGD","Chattogram","","44656","1050643387"
"North Lauderdale","North Lauderdale","26.2113","-80.2209","United States","US","USA","Florida","","44650","1840015138"
"Pyu","Pyu","18.4819","96.4369","Burma","MM","MMR","Bago","","44642","1104518645"
"Puerto del Rosario","Puerto del Rosario","28.5000","-13.8667","Spain","ES","ESP","Canary Islands","","44638","1724461156"
"Dowlaiswaram","Dowlaiswaram","16.9556","81.7931","India","IN","IND","Andhra Pradesh","","44637","1356803824"
"Concepcion","Concepcion","11.2000","123.1000","Philippines","PH","PHL","Iloilo","","44633","1608504711"
"Dolores","Dolores","12.0378","125.4828","Philippines","PH","PHL","Eastern Samar","","44626","1608089533"
"Conceição do Araguaia","Conceicao do Araguaia","-8.2578","-49.2650","Brazil","BR","BRA","Pará","minor","44617","1076224782"
"Xiluo","Xiluo","23.7827","120.4551","Taiwan","TW","TWN","Yunlin","","44610","1158315546"
"Saint-Brieuc","Saint-Brieuc","48.5136","-2.7653","France","FR","FRA","Bretagne","minor","44607","1250574796"
"Jacaltenango","Jacaltenango","15.6667","-91.7333","Guatemala","GT","GTM","Huehuetenango","minor","44605","1320537447"
"Kitgum","Kitgum","3.2889","32.8778","Uganda","UG","UGA","Kitgum","admin","44604","1800380883"
"Sainthia","Sainthia","23.9451","87.6803","India","IN","IND","West Bengal","","44601","1356561407"
"Gogrial","Gogrial","8.5337","28.1167","South Sudan","SS","SSD","Warrap","","44600","1728342889"
"Mamanguape","Mamanguape","-6.8389","-35.1258","Brazil","BR","BRA","Paraíba","minor","44599","1076012570"
"Fairfield","Fairfield","39.3301","-84.5409","United States","US","USA","Ohio","","44597","1840003802"
"Grabouw","Grabouw","-34.1500","19.0167","South Africa","ZA","ZAF","Western Cape","","44593","1710958841"
"Chalon-sur-Saône","Chalon-sur-Saone","46.7806","4.8528","France","FR","FRA","Bourgogne-Franche-Comté","minor","44592","1250630825"
"Upper Bicutan","Upper Bicutan","14.4873","121.0503","Philippines","PH","PHL","Taguig","","44592","1608556218"
"Augusto Correa","Augusto Correa","-1.0219","-46.6450","Brazil","BR","BRA","Pará","minor","44573","1076227930"
"Erkelenz","Erkelenz","51.0833","6.3167","Germany","DE","DEU","North Rhine-Westphalia","","44572","1276067473"
"Tori-Bossito","Tori-Bossito","6.5031","2.1450","Benin","BJ","BEN","Atlantique","","44569","1204446512"
"Alcamo","Alcamo","37.9667","12.9667","Italy","IT","ITA","Sicilia","","44569","1380182511"
"Guisa","Guisa","20.2608","-76.5381","Cuba","CU","CUB","Granma","minor","44566","1192880798"
"Jangamguda","Jangamguda","17.6238","78.6251","India","IN","IND","Andhra Pradesh","","44562","1356005015"
"Arboletes","Arboletes","8.8517","-76.4283","Colombia","CO","COL","Antioquia","minor","44560","1170052299"
"Cayambe","Cayambe","0.0439","-78.1561","Ecuador","EC","ECU","Pichincha","minor","44559","1218475970"
"Salon-de-Provence","Salon-de-Provence","43.6406","5.0972","France","FR","FRA","Provence-Alpes-Côte d’Azur","","44553","1250380072"
"Mach","Mach","29.8669","67.3264","Pakistan","PK","PAK","Balochistan","","44542","1586827801"
"Mawlaik","Mawlaik","23.2833","94.0833","Burma","MM","MMR","Sagaing","","44540","1104686347"
"Garça","Garca","-22.2153","-49.6511","Brazil","BR","BRA","São Paulo","minor","44532","1076270928"
"San Vicente","San Vicente","-35.0167","-58.4167","Argentina","AR","ARG","Buenos Aires","minor","44529","1032278022"
"Tarbes","Tarbes","43.2300","0.0700","France","FR","FRA","Occitanie","minor","44529","1250001722"
"Gori","Gori","41.9817","44.1124","Georgia","GE","GEO","Shida Kartli","admin","44524","1268442763"
"Otwock","Otwock","52.1167","21.2667","Poland","PL","POL","Mazowieckie","minor","44524","1616596983"
"Tarutung","Tarutung","2.0167","98.9667","Indonesia","ID","IDN","Sumatera Utara","minor","44523","1360333240"
"Nsawam","Nsawam","5.8089","-0.3503","Ghana","GH","GHA","Eastern","","44522","1288888871"
"Cyanika I","Cyanika I","-1.3444","29.7422","Rwanda","RW","RWA","Northern Province","","44510","1646641105"
"Sicklerville","Sicklerville","39.7452","-74.9934","United States","US","USA","New Jersey","","44500","1840033409"
