"Bletchley","Bletchley","51.9940","-0.7320","United Kingdom","GB","GBR","Milton Keynes","","37520","1826878705"
"Tuxpan","Tuxpan","19.5539","-103.3756","Mexico","MX","MEX","Jalisco","minor","37518","1484236445"
"Atalaia","Atalaia","-9.5019","-36.0228","Brazil","BR","BRA","Alagoas","minor","37512","1076630141"
"Phônsavan","Phonsavan","19.4600","103.1800","Laos","LA","LAO","Xiangkhouang","admin","37507","1418378289"
"El Bordo","El Bordo","2.1667","-77.0833","Colombia","CO","COL","Cauca","minor","37504","1170827287"
"Allahabad","Allahabad","28.9333","70.9667","Pakistan","PK","PAK","Punjab","","37500","1586357487"
"Pokrov","Pokrov","47.6533","34.0842","Ukraine","UA","UKR","Dnipropetrovska Oblast","","37493","1804743879"
"Turiaçu","Turiacu","-1.6628","-45.3719","Brazil","BR","BRA","Maranhão","minor","37491","1076381653"
"Ma‘arratmişrīn","Ma`arratmisrin","36.0115","36.6718","Syria","SY","SYR","Idlib","minor","37490","1760812215"
"Itaqui","Itaqui","-29.1253","-56.5531","Brazil","BR","BRA","Rio Grande do Sul","minor","37489","1076882439"
"Česká Lípa","Ceska Lipa","50.6886","14.5386","Czechia","CZ","CZE","Liberecký Kraj","","37483","1203109242"
"Oregon City","Oregon City","45.3418","-122.5924","United States","US","USA","Oregon","","37482","1840019954"
"Tambulig","Tambulig","8.0700","123.5372","Philippines","PH","PHL","Zamboanga del Sur","","37480","1608474492"
"Bonito","Bonito","-8.4700","-35.7289","Brazil","BR","BRA","Pernambuco","minor","37474","1076501019"
"Leighton Buzzard","Leighton Buzzard","51.9165","-0.6617","United Kingdom","GB","GBR","Central Bedfordshire","","37469","1826486102"
"Tabount","Tabount","30.8800","-6.9100","Morocco","MA","MAR","Drâa-Tafilalet","","37465","1504000158"
"Paracho de Verduzco","Paracho de Verduzco","19.6500","-102.0667","Mexico","MX","MEX","Michoacán","","37464","1484536308"
"Souma","Souma","36.5183","2.9053","Algeria","DZ","DZA","Blida","","37461","1012378735"
"San Carlos","San Carlos","11.1333","-84.7833","Nicaragua","NI","NIC","Río San Juan","admin","37461","1558170572"
"La Unión","La Union","13.3369","-87.8439","El Salvador","SV","SLV","La Unión","admin","37460","1222307415"
"San Andres","San Andres","13.3231","122.6761","Philippines","PH","PHL","Quezon","","37454","1608116909"
"Beckum","Beckum","51.7550","8.0403","Germany","DE","DEU","North Rhine-Westphalia","","37452","1276000534"
"Oras","Oras","12.1414","125.4392","Philippines","PH","PHL","Eastern Samar","","37451","1608000184"
"San Antonio","San Antonio","14.9486","120.0864","Philippines","PH","PHL","Zambales","","37450","1608496787"
"Donji Kakanj","Donji Kakanj","44.1311","18.0972","Bosnia and Herzegovina","BA","BIH","Bosnia and Herzegovina, Federation of","","37441","1070449997"
"Cansanção","Cansancao","-10.6708","-39.4978","Brazil","BR","BRA","Bahia","minor","37439","1076743191"
"Porteirinha","Porteirinha","-15.7428","-43.0278","Brazil","BR","BRA","Minas Gerais","minor","37438","1076606467"
"Santa Rosa de Osos","Santa Rosa de Osos","6.6500","-75.4667","Colombia","CO","COL","Antioquia","minor","37435","1170188464"
"Samobor","Samobor","45.8011","15.7110","Croatia","HR","HRV","Zagrebačka Županija","minor","37435","1191807327"
"Sārangpur","Sarangpur","23.5700","76.4700","India","IN","IND","Madhya Pradesh","","37435","1356423978"
"Sandūr","Sandur","15.1000","76.5500","India","IN","IND","Karnātaka","","37431","1356076024"
"Kanigiri","Kanigiri","15.4000","79.5167","India","IN","IND","Andhra Pradesh","","37420","1356020350"
"Kérou","Kerou","10.8250","2.1094","Benin","BJ","BEN","Atacora","","37419","1204765359"
"Águilas","Aguilas","37.4042","-1.5819","Spain","ES","ESP","Murcia","","37417","1724197717"
"Magallanes","Magallanes","12.8283","123.8344","Philippines","PH","PHL","Sorsogon","","37411","1608899039"
"Airdrie","Airdrie","55.8600","-3.9800","United Kingdom","GB","GBR","North Lanarkshire","","37410","1826889162"
"Gorinchem","Gorinchem","51.8306","4.9742","Netherlands","NL","NLD","Zuid-Holland","minor","37410","1528005855"
"Ambatofinandrahana","Ambatofinandrahana","-20.5509","46.8030","Madagascar","MG","MDG","Fianarantsoa","","37409","1450850777"
"Trou du Nord","Trou du Nord","19.6167","-72.0244","Haiti","HT","HTI","Nord-Est","","37405","1332162005"
"La Puente","La Puente","34.0323","-117.9533","United States","US","USA","California","","37404","1840020513"
"Shiji","Shiji","22.2120","112.8632","China","CN","CHN","Guangdong","","37402","1156124152"
"Agudos","Agudos","-22.4739","-48.9836","Brazil","BR","BRA","São Paulo","minor","37401","1076000779"
"Santiago Nonualco","Santiago Nonualco","13.5167","-88.9500","El Salvador","SV","SLV","La Paz","","37399","1222183134"
"Mabuhay","Mabuhay","7.4176","122.8370","Philippines","PH","PHL","Zamboanga Sibugay","","37390","1608353639"
"Jaito","Jaito","30.4509","74.8829","India","IN","IND","Punjab","","37377","1356115096"
"Phulbāni","Phulbani","20.4700","84.2300","India","IN","IND","Odisha","","37371","1356638918"
"Progreso","Progreso","21.2800","-89.6700","Mexico","MX","MEX","Yucatán","minor","37369","1484340626"
"Bayur","Bayur","-0.2610","100.2220","Indonesia","ID","IDN","Sumatera Barat","","37368","1360540790"
"Conchagua","Conchagua","13.3000","-87.8667","El Salvador","SV","SLV","La Unión","","37362","1222328489"
"Greenfield","Greenfield","42.9619","-88.0052","United States","US","USA","Wisconsin","","37361","1840003039"
"Grimbergen","Grimbergen","50.9333","4.3833","Belgium","BE","BEL","Flanders","","37355","1056864579"
"Villa González","Villa Gonzalez","19.5333","-70.7833","Dominican Republic","DO","DOM","Cibao Norte","","37349","1214737930"
"Eboli","Eboli","40.6169","15.0564","Italy","IT","ITA","Campania","","37340","1380398886"
"Mullaittivu","Mullaittivu","9.2833","80.8000","Sri Lanka","LK","LKA","North Central","","37339","1144339427"
"Fengguangcun","Fengguangcun","23.9062","116.6984","China","CN","CHN","Guangdong","","37337","1156453257"
"Morsi","Morsi","21.3180","78.0095","India","IN","IND","Mahārāshtra","","37333","1356045043"
"Foothill Farms","Foothill Farms","38.6867","-121.3475","United States","US","USA","California","","37332","1840017582"
"Besni","Besni","37.6942","37.8614","Turkey","TR","TUR","Adıyaman","minor","37323","1792891287"
"Bucha","Bucha","50.5464","30.2350","Ukraine","UA","UKR","Kyivska Oblast","minor","37321","1804587935"
"Sitangkai","Sitangkai","4.6615","119.3919","Philippines","PH","PHL","Tawi-Tawi","","37319","1608529201"
"Luna","Luna","16.8500","120.3800","Philippines","PH","PHL","La Union","","37318","1608663387"
"Ataq","Ataq","14.5364","46.8331","Yemen","YE","YEM","Shabwah","admin","37315","1887172893"
"Santa Cruz","Santa Cruz","-6.2289","-36.0228","Brazil","BR","BRA","Rio Grande do Norte","minor","37313","1076706078"
"Yuzhnouralsk","Yuzhnouralsk","54.4500","61.2500","Russia","RU","RUS","Chelyabinskaya Oblast’","minor","37313","1643319860"
"Krasnoufimsk","Krasnoufimsk","56.6167","57.7722","Russia","RU","RUS","Sverdlovskaya Oblast’","minor","37307","1643806300"
"Al Hāshimīyah","Al Hashimiyah","32.3744","44.6569","Iraq","IQ","IRQ","Bābil","minor","37300","1368037848"
"Bagua Grande","Bagua Grande","-5.7572","-78.4453","Peru","PE","PER","Amazonas","","37300","1604518174"
"Sanankoroba","Sanankoroba","12.3975","-7.9394","Mali","ML","MLI","Koulikoro","","37294","1466544383"
"Sandino","Sandino","22.0815","-84.2040","Cuba","CU","CUB","Pinar del Río","","37293","1192743176"
"Lahār","Lahar","26.1940","78.9414","India","IN","IND","Madhya Pradesh","","37293","1356298512"
"Falun","Falun","60.6130","15.6470","Sweden","SE","SWE","Dalarna","admin","37291","1752939220"
"Dajiecun","Dajiecun","36.2960","115.2057","China","CN","CHN","Hebei","","37290","1156441385"
"São Manuel","Sao Manuel","-22.7308","-48.5708","Brazil","BR","BRA","São Paulo","minor","37289","1076604538"
"Pilibangan","Pilibangan","29.4888","74.0748","India","IN","IND","Rājasthān","","37288","1356290166"
"Tibú","Tibu","8.6500","-72.7333","Colombia","CO","COL","Norte de Santander","minor","37286","1170518089"
"Mariano Escobedo","Mariano Escobedo","18.9167","-97.1333","Mexico","MX","MEX","Veracruz","minor","37285","1484215926"
"Göygöl","Goygol","40.5858","46.3189","Azerbaijan","AZ","AZE","Göygöl","admin","37280","1031823379"
"Cloppenburg","Cloppenburg","52.8500","8.0500","Germany","DE","DEU","Lower Saxony","minor","37280","1276769960"
"Mission Bend","Mission Bend","29.6948","-95.6658","United States","US","USA","Texas","","37280","1840019643"
"Port Talbot","Port Talbot","51.5906","-3.7986","United Kingdom","GB","GBR","Neath Port Talbot","","37276","1826981147"
"Zvenigorod","Zvenigorod","55.7333","36.8500","Russia","RU","RUS","Moskovskaya Oblast’","","37271","1643823915"
"Tooele","Tooele","40.5393","-112.3082","United States","US","USA","Utah","","37265","1840021356"
"Landgraaf","Landgraaf","50.9083","6.0297","Netherlands","NL","NLD","Limburg","minor","37262","1528095847"
"Coesfeld","Coesfeld","51.9500","7.1667","Germany","DE","DEU","North Rhine-Westphalia","minor","37259","1276053897"
"Gajendragarh","Gajendragarh","15.7363","75.9698","India","IN","IND","Karnātaka","","37258","1356054157"
"Lydenburg","Lydenburg","-25.0960","30.4460","South Africa","ZA","ZAF","Mpumalanga","","37258","1710237640"
"Estero","Estero","26.4276","-81.7951","United States","US","USA","Florida","","37258","1840013129"
"Jāle","Jale","26.3800","85.7200","India","IN","IND","Bihār","","37256","1356021966"
"Midlothian","Midlothian","32.4669","-96.9890","United States","US","USA","Texas","","37256","1840020757"
"Paravūr Tekkumbhāgam","Paravur Tekkumbhagam","8.8110","76.6690","India","IN","IND","Kerala","","37245","1356176530"
"Gangshangcun","Gangshangcun","38.0469","114.6904","China","CN","CHN","Hebei","","37244","1156587166"
"Jelilyüzi","Jelilyuzi","43.9749","81.5328","China","CN","CHN","Xinjiang","","37238","1156123923"
"Mankayan","Mankayan","16.8567","120.7933","Philippines","PH","PHL","Benguet","","37233","1608432367"
"Mölndal","Molndal","57.6542","12.0139","Sweden","SE","SWE","Västra Götaland","minor","37233","1752307790"
"Sidi Ali","Sidi Ali","36.1047","0.4233","Algeria","DZ","DZA","Mostaganem","","37230","1012014168"
"Andilamena","Andilamena","-17.0131","48.5720","Madagascar","MG","MDG","Toamasina","","37229","1450560153"
"Katsuragi","Katsuragi","34.4892","135.7264","Japan","JP","JPN","Nara","","37225","1392516369"
"Melgar","Melgar","4.2039","-74.6428","Colombia","CO","COL","Tolima","minor","37224","1170387585"
"Protvino","Protvino","54.8833","37.2167","Russia","RU","RUS","Moskovskaya Oblast’","","37221","1643021953"
"Vettūr","Vettur","8.7178","76.7444","India","IN","IND","Kerala","","37219","1356875279"
"Comapa","Comapa","14.1167","-89.9167","Guatemala","GT","GTM","Jutiapa","minor","37218","1320504188"
"Arroyomolinos","Arroyomolinos","40.2667","-3.9000","Spain","ES","ESP","Madrid","","37208","1724999273"
"Salvatierra","Salvatierra","20.2156","-100.8961","Mexico","MX","MEX","Guanajuato","minor","37203","1484878589"
"Cedar City","Cedar City","37.6834","-113.0956","United States","US","USA","Utah","","37202","1840018895"
"Rukungiri","Rukungiri","-0.7900","29.9250","Uganda","UG","UGA","Rukungiri","admin","37200","1800982268"
"Mangai","Mangai","-4.0499","19.5333","Congo (Kinshasa)","CD","COD","Kwilu","","37188","1180224936"
"Chunār","Chunar","25.1300","82.9000","India","IN","IND","Uttar Pradesh","","37185","1356052239"
"Moerdijk","Moerdijk","51.7031","4.6314","Netherlands","NL","NLD","Noord-Brabant","","37185","1528060110"
"Wangsicun","Wangsicun","37.9998","116.9224","China","CN","CHN","Hebei","","37184","1156481364"
"Tunzi","Tunzi","35.5753","107.3694","China","CN","CHN","Gansu","","37179","1156038004"
"Leavenworth","Leavenworth","39.3239","-94.9240","United States","US","USA","Kansas","","37176","1840001591"
"Laindon","Laindon","51.5740","0.4181","United Kingdom","GB","GBR","Essex","","37175","1826564891"
"Erding","Erding","48.2833","11.9000","Germany","DE","DEU","Bavaria","minor","37169","1276458355"
"Moncada","Moncada","41.4872","2.1878","Spain","ES","ESP","Catalonia","","37153","1724353233"
"Ratia","Ratia","29.6833","75.5750","India","IN","IND","Haryāna","","37152","1356141622"
"Kadiyam","Kadiyam","16.9167","81.8333","India","IN","IND","Andhra Pradesh","","37149","1356803625"
"Copperas Cove","Copperas Cove","31.1192","-97.9140","United States","US","USA","Texas","","37149","1840019538"
"Ciudad Manuel Doblado","Ciudad Manuel Doblado","20.7303","-101.9533","Mexico","MX","MEX","Guanajuato","minor","37145","1484254805"
"Formia","Formia","41.2564","13.6069","Italy","IT","ITA","Lazio","","37136","1380356928"
"São Caitano","Sao Caitano","-8.3258","-36.1428","Brazil","BR","BRA","Pernambuco","minor","37126","1076560936"
"Silves","Silves","37.1833","-8.4333","Portugal","PT","PRT","Faro","minor","37126","1620801770"
"Bantay","Bantay","17.5839","120.3908","Philippines","PH","PHL","Ilocos Sur","","37118","1608378458"
"Bahādurganj","Bahadurganj","26.2617","87.8244","India","IN","IND","Bihār","","37115","1356729142"
"Imbatug","Imbatug","8.3128","124.6873","Philippines","PH","PHL","Bukidnon","","37111","1608682824"
"Maşyāf","Masyaf","35.0653","36.3406","Syria","SY","SYR","Ḩamāh","minor","37109","1760933504"
"Obburdon","Obburdon","40.4278","69.3047","Tajikistan","TJ","TJK","Sughd","","37104","1762458368"
"Qulsary","Qulsary","46.9833","54.0167","Kazakhstan","KZ","KAZ","Atyraū","minor","37103","1398141603"
"Binəqədi","Binaqadi","40.4758","49.8222","Azerbaijan","AZ","AZE","Bakı","","37100","1031506159"
"Adjumani","Adjumani","3.3772","31.7906","Uganda","UG","UGA","Adjumani","admin","37100","1800855823"
"Qo‘ng‘irot Shahri","Qo`ng`irot Shahri","43.0521","58.8460","Uzbekistan","UZ","UZB","Qoraqalpog‘iston","minor","37100","1860555381"
"Qŭnghirot","Qunghirot","43.0497","58.8542","Uzbekistan","UZ","UZB","Qoraqalpog‘iston","","37100","1860586828"
"Languyan","Languyan","5.2667","120.0833","Philippines","PH","PHL","Tawi-Tawi","","37096","1608286000"
"Pennsauken","Pennsauken","39.9649","-75.0563","United States","US","USA","New Jersey","","37089","1840081687"
"Sittard","Sittard","51.0000","5.8667","Netherlands","NL","NLD","Limburg","minor","37085","1528793014"
"Long Lama","Long Lama","3.7667","114.4000","Malaysia","MY","MYS","Sarawak","","37082","1458314812"
"Kalutara","Kalutara","6.5869","79.9603","Sri Lanka","LK","LKA","Western","","37081","1144948559"
"Redcar","Redcar","54.6180","-1.0690","United Kingdom","GB","GBR","Redcar and Cleveland","","37073","1826929580"
"Jagdīspur","Jagdispur","25.4674","84.4204","India","IN","IND","Bihār","","37072","1356873599"
"Uthal","Uthal","25.8000","66.6167","Pakistan","PK","PAK","Balochistan","minor","37071","1586468494"
"Vasylkiv","Vasylkiv","50.1783","30.3158","Ukraine","UA","UKR","Kyivska Oblast","","37068","1804342314"
"Siribala","Siribala","14.0433","-6.1067","Mali","ML","MLI","Ségou","","37065","1466261448"
"Chorkŭh","Chorkuh","39.9739","70.5822","Tajikistan","TJ","TJK","Sughd","","37065","1762755950"
"Prijepolje","Prijepolje","43.5439","19.6514","Serbia","RS","SRB","Prijepolje","admin","37059","1688287067"
"Kearns","Kearns","40.6519","-112.0095","United States","US","USA","Utah","","37058","1840017500"
"Porsgrunn","Porsgrunn","59.1419","9.6568","Norway","NO","NOR","Vestfold og Telemark","minor","37056","1578150916"
"Safonovo","Safonovo","55.1167","33.2500","Russia","RU","RUS","Smolenskaya Oblast’","minor","37055","1643281098"
"Sitalkuchi","Sitalkuchi","26.1697","89.1914","India","IN","IND","West Bengal","","37052","1356022394"
"Tokār","Tokar","18.4333","37.7333","Sudan","SD","SDN","Red Sea","","37051","1729512860"
"Pedreiras","Pedreiras","-4.5739","-44.5969","Brazil","BR","BRA","Maranhão","","37050","1076527878"
"Pujali","Pujali","22.4601","88.1340","India","IN","IND","West Bengal","","37047","1356010831"
"Kālihāti","Kalihati","24.3833","89.9833","Bangladesh","BD","BGD","Rājshāhi","","37038","1050684659"
"Santana","Santana","-3.1439","-44.3258","Brazil","BR","BRA","Maranhão","minor","37035","1076174477"
"Santo Antônio","Santo Antonio","-29.8178","-50.5200","Brazil","BR","BRA","Rio Grande do Sul","minor","37035","1076978577"
"Kampene","Kampene","-3.5968","26.6658","Congo (Kinshasa)","CD","COD","Maniema","","37034","1180064621"
"Mol","Mol","51.1842","5.1156","Belgium","BE","BEL","Flanders","","37022","1056847907"
"Holstebro","Holstebro","56.3595","8.6208","Denmark","DK","DNK","Midtjylland","minor","37022","1208971642"
"Lagkadás","Lagkadas","40.7500","23.0667","Greece","GR","GRC","Kentrikí Makedonía","minor","37022","1300163444"
"Tucker","Tucker","33.8436","-84.2024","United States","US","USA","Georgia","","37022","1840013701"
"Niksar","Niksar","40.5917","36.9517","Turkey","TR","TUR","Tokat","minor","37017","1792863464"
"Luga","Luga","58.7333","29.8167","Russia","RU","RUS","Leningradskaya Oblast’","minor","37015","1643463120"
"Beeston","Beeston","52.9270","-1.2150","United Kingdom","GB","GBR","Nottinghamshire","","37000","1826483601"
"Rāisinghnagar","Raisinghnagar","29.5342","73.4477","India","IN","IND","Rājasthān","","37000","1356007573"
"Dargot","Dargot","31.2411","76.9358","India","IN","IND","Himāchal Pradesh","","37000","1356799289"
"Bentota","Bentota","6.4254","79.9948","Sri Lanka","LK","LKA","Southern","","37000","1144048882"
"Mandoto","Mandoto","-19.5746","46.2888","Madagascar","MG","MDG","Antananarivo","","37000","1450317527"
"Manazary","Manazary","-19.0482","46.8684","Madagascar","MG","MDG","Antananarivo","","37000","1450957138"
"Granadero Baigorria","Granadero Baigorria","-32.8500","-60.7000","Argentina","AR","ARG","Santa Fe","","36994","1032975920"
"Suhl","Suhl","50.6106","10.6931","Germany","DE","DEU","Thuringia","minor","36986","1276059886"
"Villeta","Villeta","-25.5123","-57.5647","Paraguay","PY","PRY","Central","","36985","1600551877"
"Soriyankuppam","Soriyankuppam","11.7870","79.7310","India","IN","IND","Tamil Nādu","","36983","1356209688"
"Mūrtikuppam","Murtikuppam","11.7902","79.7873","India","IN","IND","Tamil Nādu","","36983","1356244839"
"Manamedu","Manamedu","11.8120","79.6839","India","IN","IND","Tamil Nādu","","36983","1356206765"
"Seliyamedur","Seliyamedur","11.8249","79.7532","India","IN","IND","Puducherry","","36983","1356244827"
"Kuruvinattam","Kuruvinattam","11.7965","79.7328","India","IN","IND","Tamil Nādu","","36983","1356209687"
"Aranganūr","Aranganur","11.8316","79.7492","India","IN","IND","Tamil Nādu","","36983","1356206782"
"Parikkalpattu","Parikkalpattu","11.7928","79.7516","India","IN","IND","Tamil Nādu","","36983","1356245647"
"Karaiyāmputtur","Karaiyamputtur","11.8194","79.6498","India","IN","IND","Tamil Nādu","","36983","1356203858"
"Panaiyadikuppam","Panaiyadikuppam","11.8435","79.6518","India","IN","IND","Tamil Nādu","","36983","1356203852"
"Baishi Airikecun","Baishi Airikecun","40.8748","80.3616","China","CN","CHN","Xinjiang","","36982","1156424093"
"Santiago Sacatepéquez","Santiago Sacatepequez","14.6531","-90.6525","Guatemala","GT","GTM","Sacatepéquez","minor","36982","1320070166"
"Dom Pedrito","Dom Pedrito","-30.9828","-54.6728","Brazil","BR","BRA","Rio Grande do Sul","minor","36981","1076917608"
"Sinsheim","Sinsheim","49.2500","8.8833","Germany","DE","DEU","Baden-Württemberg","","36978","1276820270"
"Benslimane","Benslimane","33.6167","-7.1167","Morocco","MA","MAR","Casablanca-Settat","","36977","1504790296"
"Stara Gora","Stara Gora","43.7538","18.3689","Bosnia and Herzegovina","BA","BIH","Srpska, Republika","","36976","1070280725"
"Nakodar","Nakodar","31.1275","75.4781","India","IN","IND","Punjab","","36973","1356952491"
"Nanshuicun","Nanshuicun","22.0316","113.2358","China","CN","CHN","Guangdong","","36962","1156561157"
"Tabligbo","Tabligbo","6.5833","1.5000","Togo","TG","TGO","Maritime","","36961","1768943625"
"Shaxi","Shaxi","22.3067","113.1469","China","CN","CHN","Guangdong","","36957","1156047728"
"Oświęcim","Oswiecim","50.0381","19.2214","Poland","PL","POL","Małopolskie","minor","36956","1616528804"
"Lūnāvāda","Lunavada","23.1333","73.6167","India","IN","IND","Gujarāt","","36954","1356006899"
"Wildomar","Wildomar","33.6173","-117.2582","United States","US","USA","California","","36953","1840022902"
"Ban Doi Suthep","Ban Doi Suthep","18.7944","98.9142","Thailand","TH","THA","Chiang Mai","","36952","1764508260"
"Kalinkavichy","Kalinkavichy","52.1250","29.3333","Belarus","BY","BLR","Homyel’skaya Voblasts’","minor","36941","1112264242"
"Shengli","Shengli","37.9842","106.1967","China","CN","CHN","Ningxia","minor","36937","1156929184"
"Port-Margot","Port-Margot","19.7518","-72.4301","Haiti","HT","HTI","Nord","","36937","1332999568"
"Monatélé","Monatele","4.2667","11.2000","Cameroon","CM","CMR","Centre","","36933","1120594177"
"Campos Novos","Campos Novos","-27.4019","-51.2250","Brazil","BR","BRA","Santa Catarina","minor","36932","1076882483"
"Dālkola","Dalkola","25.8767","87.8414","India","IN","IND","West Bengal","","36930","1356729017"
"Moalboal","Moalboal","9.9500","123.4000","Philippines","PH","PHL","Cebu","","36930","1608515460"
"Burriana","Burriana","39.8894","-0.0925","Spain","ES","ESP","Valencia","","36927","1724445446"
"Bindki","Bindki","26.0300","80.6000","India","IN","IND","Uttar Pradesh","","36926","1356401700"
"Martinez","Martinez","37.9985","-122.1161","United States","US","USA","California","","36926","1840020278"
"Kānkuria","Kankuria","24.6523","87.9604","India","IN","IND","West Bengal","","36925","1356994427"
"Colón","Colon","8.0378","-72.2519","Venezuela","VE","VEN","Táchira","minor","36925","1862928589"
"Santa Ana","Santa Ana","7.6453","-72.2758","Venezuela","VE","VEN","Táchira","minor","36925","1862776224"
"Swords","Swords","53.4597","-6.2181","Ireland","IE","IRL","Fingal","admin","36924","1372755688"
"Guilderland","Guilderland","42.7080","-73.9631","United States","US","USA","New York","","36922","1840058149"
"Chimboy Shahri","Chimboy Shahri","42.9295","59.7820","Uzbekistan","UZ","UZB","Qoraqalpog‘iston","minor","36917","1860167547"
"San Martín de los Andes","San Martin de los Andes","-40.1667","-71.3500","Argentina","AR","ARG","Neuquén","minor","36913","1032807074"
"Segrate","Segrate","45.4900","9.2953","Italy","IT","ITA","Lombardy","","36911","1380736133"
"Basilisa","Basilisa","10.0654","125.5968","Philippines","PH","PHL","Surigao del Norte","","36911","1608815842"
"San Enrique","San Enrique","11.0697","122.6567","Philippines","PH","PHL","Iloilo","","36911","1608715558"
"Kachkanar","Kachkanar","58.7000","59.4833","Russia","RU","RUS","Sverdlovskaya Oblast’","minor","36910","1643014299"
"Vavur","Vavur","11.2167","75.9083","India","IN","IND","Kerala","","36909","1356128187"
"Dubno","Dubno","50.3931","25.7350","Ukraine","UA","UKR","Rivnenska Oblast","minor","36901","1804759407"
"Small Heath","Small Heath","52.4629","-1.8542","United Kingdom","GB","GBR","Birmingham","","36898","1826945156"
"Grugliasco","Grugliasco","45.0680","7.5776","Italy","IT","ITA","Piedmont","","36896","1380580243"
"Penticton","Penticton","49.4911","-119.5886","Canada","CA","CAN","British Columbia","","36893","1124613898"
"Dagua","Dagua","3.6667","-76.7000","Colombia","CO","COL","Valle del Cauca","minor","36891","1170326563"
"Manucan","Manucan","8.5161","123.0917","Philippines","PH","PHL","Zamboanga del Norte","","36887","1608513294"
"Musiri","Musiri","10.9333","78.4500","India","IN","IND","Tamil Nādu","","36882","1356096058"
"Siyabuswa","Siyabuswa","-25.1167","29.0500","South Africa","ZA","ZAF","Mpumalanga","","36882","1710133459"
"Anosiala","Anosiala","-18.7833","47.4167","Madagascar","MG","MDG","Antananarivo","","36863","1450613112"
"Pāthri","Pathri","19.2500","76.4500","India","IN","IND","Mahārāshtra","","36853","1356093977"
"Fāraskūr","Faraskur","31.3297","31.7147","Egypt","EG","EGY","Dumyāţ","","36850","1818275538"
"Hanover Park","Hanover Park","41.9818","-88.1446","United States","US","USA","Illinois","","36850","1840011251"
"Cambrils","Cambrils","41.0667","1.0583","Spain","ES","ESP","Catalonia","","36849","1724843807"
"San Miguel Chicaj","San Miguel Chicaj","15.1000","-90.4000","Guatemala","GT","GTM","Baja Verapaz","minor","36845","1320830871"
"Sarzedo","Sarzedo","-20.0350","-44.1450","Brazil","BR","BRA","Minas Gerais","minor","36844","1076922080"
"Six-Fours-les-Plages","Six-Fours-les-Plages","43.1009","5.8200","France","FR","FRA","Provence-Alpes-Côte d’Azur","","36843","1250162436"
"Pylaía","Pylaia","40.6000","22.9833","Greece","GR","GRC","Kentrikí Makedonía","","36843","1300241123"
"Nowa Sól","Nowa Sol","51.8000","15.7167","Poland","PL","POL","Lubuskie","minor","36843","1616040847"
"Sagnay","Sagnay","13.6039","123.5233","Philippines","PH","PHL","Camarines Sur","","36841","1608123253"
"Kesavapuram","Kesavapuram","8.4212","76.9996","India","IN","IND","Tamil Nādu","","36836","1356205247"
"Maddaloni","Maddaloni","41.0333","14.3833","Italy","IT","ITA","Campania","","36834","1380749764"
"Mahē","Mahe","11.7011","75.5367","India","IN","IND","Kerala","","36828","1356686273"
"Missão Velha","Missao Velha","-7.2500","-39.1428","Brazil","BR","BRA","Ceará","minor","36822","1076844582"
"Muskogee","Muskogee","35.7432","-95.3567","United States","US","USA","Oklahoma","","36819","1840020401"
"Caimito","Caimito","22.9575","-82.5964","Cuba","CU","CUB","Artemisa","minor","36813","1192437074"
"Marijampolė","Marijampole","54.5567","23.3544","Lithuania","LT","LTU","Marijampolė","admin","36807","1440180524"
"Magsaysay","Magsaysay","9.0200","125.1800","Philippines","PH","PHL","Misamis Oriental","","36803","1608823576"
"Yayladağı","Yayladagi","35.9025","36.0606","Turkey","TR","TUR","Hatay","minor","36803","1792355233"
"Ipueiras","Ipueiras","-4.5419","-40.7189","Brazil","BR","BRA","Ceará","minor","36798","1076672763"
"Agogo","Agogo","6.8000","-1.0833","Ghana","GH","GHA","Ashanti","","36797","1288687736"
"Elixku","Elixku","38.7092","77.3706","China","CN","CHN","Xinjiang","","36793","1156223089"
"Qalādizay","Qaladizay","36.1811","45.1286","Iraq","IQ","IRQ","As Sulaymānīyah","minor","36792","1368327633"
"Uster","Uster","47.3492","8.7192","Switzerland","CH","CHE","Zürich","minor","36791","1756180752"
"São Fidélis","Sao Fidelis","-21.6458","-41.7469","Brazil","BR","BRA","Rio de Janeiro","minor","36789","1076411461"
"Salima","Salima","-13.7829","34.4333","Malawi","MW","MWI","Salima","admin","36789","1454747771"
"Camberley","Camberley","51.3350","-0.7420","United Kingdom","GB","GBR","Surrey","","36783","1826909512"
"Kanie","Kanie","35.1322","136.7868","Japan","JP","JPN","Aichi","","36782","1392146454"
"La Macarena","La Macarena","2.1828","-73.7847","Colombia","CO","COL","Meta","minor","36781","1170049072"
"Sayula","Sayula","19.8667","-103.6167","Mexico","MX","MEX","Jalisco","minor","36778","1484178547"
"Oakton","Oakton","38.8887","-77.3016","United States","US","USA","Virginia","","36776","1840006023"
"Tuensang","Tuensang","26.2716","94.8314","India","IN","IND","Nāgāland","","36774","1356103704"
"Mulavana","Mulavana","8.9936","76.6765","India","IN","IND","Kerala","","36774","1356164033"
"Bellaa","Bellaa","30.0314","-9.5542","Morocco","MA","MAR","Souss-Massa","","36774","1504167169"
"Kona","Kona","14.9467","-3.8933","Mali","ML","MLI","Mopti","","36767","1466755043"
"Zaïo","Zaio","34.9333","-2.7333","Morocco","MA","MAR","Oriental","","36766","1504831853"
"Manoli","Manoli","15.7800","75.1200","India","IN","IND","Karnātaka","","36765","1356767918"
"Zavolzhye","Zavolzhye","56.6500","43.4000","Russia","RU","RUS","Nizhegorodskaya Oblast’","","36763","1643954070"
"Chippenham","Chippenham","51.4590","-2.1160","United Kingdom","GB","GBR","Wiltshire","","36762","1826463257"
"Dargaz","Dargaz","37.4425","59.1072","Iran","IR","IRN","Khorāsān-e Raẕavī","minor","36762","1364647948"
"Rock Island","Rock Island","41.4699","-90.5827","United States","US","USA","Illinois","","36758","1840009233"
"Lakshmeshwar","Lakshmeshwar","15.1300","75.4700","India","IN","IND","Karnātaka","","36754","1356038836"
"Köneürgench","Koneurgench","42.3333","59.1500","Turkmenistan","TM","TKM","Daşoguz","","36754","1795588005"
"Bugojno","Bugojno","44.0500","17.4500","Bosnia and Herzegovina","BA","BIH","Bosnia and Herzegovina, Federation of","minor","36750","1070311249"
"Taxisco","Taxisco","14.0667","-90.4667","Guatemala","GT","GTM","Santa Rosa","minor","36750","1320216194"
"Västervik","Vastervik","57.7500","16.6333","Sweden","SE","SWE","Kalmar","minor","36747","1752051923"
"Houghton le Spring","Houghton le Spring","54.8410","-1.4680","United Kingdom","GB","GBR","Sunderland","","36746","1826945189"
"San José","San Jose","-34.3333","-56.7167","Uruguay","UY","URY","San José","admin","36743","1858927597"
"Zīra","Zira","30.9700","74.9900","India","IN","IND","Punjab","","36732","1356805271"
"Wangtuan","Wangtuan","36.9145","105.8500","China","CN","CHN","Ningxia","","36729","1156162386"
"Tsubata","Tsubata","36.6692","136.7288","Japan","JP","JPN","Ishikawa","","36728","1392195926"
"Richfield","Richfield","44.8763","-93.2829","United States","US","USA","Minnesota","","36725","1840008930"
"Kāramadai","Karamadai","11.2428","76.9617","India","IN","IND","Tamil Nādu","","36718","1356284368"
"Torres Novas","Torres Novas","39.4833","-8.5333","Portugal","PT","PRT","Santarém","minor","36717","1620693421"
"Mandaguari","Mandaguari","-23.5225","-51.6788","Brazil","BR","BRA","Paraná","minor","36716","1076000964"
"Esik","Esik","43.3500","77.4667","Kazakhstan","KZ","KAZ","Almaty","minor","36715","1398166418"
"Shatura","Shatura","55.5667","39.5500","Russia","RU","RUS","Moskovskaya Oblast’","minor","36714","1643976065"
"Teruel","Teruel","40.3436","-1.1072","Spain","ES","ESP","Aragon","minor","36713","1724398880"
"Yasugichō","Yasugicho","35.4314","133.2508","Japan","JP","JPN","Shimane","","36713","1392750514"
"Échirolles","Echirolles","45.1436","5.7183","France","FR","FRA","Auvergne-Rhône-Alpes","","36708","1250068443"
"Or Yehuda","Or Yehuda","32.0333","34.8500","Israel","IL","ISR","Tel Aviv","","36706","1376356429"
"Enrile","Enrile","17.5622","121.7011","Philippines","PH","PHL","Cagayan","","36705","1608990960"
"Michalovce","Michalovce","48.7575","21.9183","Slovakia","SK","SVK","Košice","minor","36704","1703150232"
"Kambove","Kambove","-10.8764","26.5969","Congo (Kinshasa)","CD","COD","Haut-Katanga","","36702","1180986023"
"Yovon","Yovon","38.3167","69.0500","Tajikistan","TJ","TJK","Khatlon","minor","36700","1762920268"
"Xinpo","Xinpo","21.6311","110.9747","China","CN","CHN","Guangdong","","36699","1156116471"
"Robertsganj","Robertsganj","24.7000","83.0700","India","IN","IND","Uttar Pradesh","","36689","1356141088"
"Esquel","Esquel","-42.9000","-71.3167","Argentina","AR","ARG","Chubut","minor","36687","1032489067"
"Ikongo","Ikongo","-21.8789","47.4350","Madagascar","MG","MDG","Fianarantsoa","","36684","1450895695"
"Thāna Bhawan","Thana Bhawan","29.5833","77.4167","India","IN","IND","Uttar Pradesh","","36669","1356100133"
"Uryupinsk","Uryupinsk","50.8000","42.0167","Russia","RU","RUS","Volgogradskaya Oblast’","minor","36669","1643866080"
"La Presa","La Presa","32.7110","-117.0027","United States","US","USA","California","","36669","1840018023"
"Pande","Pande","-8.6840","115.2264","Indonesia","ID","IDN","Bali","","36665","1360521210"
"Risalpur Cantonment","Risalpur Cantonment","34.0811","71.9725","Pakistan","PK","PAK","Khyber Pakhtunkhwa","","36653","1586844436"
"Sītākund","Sitakund","22.6216","91.6594","Bangladesh","BD","BGD","Chattogram","","36650","1050226556"
"Sorel-Tracy","Sorel-Tracy","46.0333","-73.1167","Canada","CA","CAN","Quebec","","36650","1124000182"
"Lierre","Lierre","51.1311","4.5697","Belgium","BE","BEL","Flanders","","36646","1056505135"
"Ulan Hua","Ulan Hua","41.5300","111.7000","China","CN","CHN","Inner Mongolia","minor","36645","1156896677"
"Mühlhausen","Muhlhausen","51.2167","10.4500","Germany","DE","DEU","Thuringia","minor","36641","1276181580"
"Hojāi","Hojai","26.0000","92.8700","India","IN","IND","Assam","","36638","1356286275"
"José Bonifácio","Jose Bonifacio","-21.0528","-49.6878","Brazil","BR","BRA","São Paulo","minor","36633","1076809600"
"Brighton","Brighton","43.1175","-77.5835","United States","US","USA","New York","","36633","1840057402"
"Matan","Matan","30.5731","113.3342","China","CN","CHN","Hubei","","36632","1156986326"
"Saint-Raphaël","Saint-Raphael","43.4252","6.7684","France","FR","FRA","Provence-Alpes-Côte d’Azur","","36632","1250046595"
"Rosário do Sul","Rosario do Sul","-30.2578","-54.9139","Brazil","BR","BRA","Rio Grande do Sul","minor","36630","1076900712"
"Belalcázar","Belalcazar","2.6547","-75.9928","Colombia","CO","COL","Cauca","minor","36628","1170676223"
"Natick","Natick","42.2847","-71.3497","United States","US","USA","Massachusetts","","36627","1840053640"
"Esch-sur-Alzette","Esch-sur-Alzette","49.4969","5.9806","Luxembourg","LU","LUX","Esch-sur-Alzette","admin","36625","1442192663"
"Whitley Bay","Whitley Bay","55.0456","-1.4443","United Kingdom","GB","GBR","North Tyneside","","36623","1826742465"
"Aurora","Aurora","16.9918","121.6357","Philippines","PH","PHL","Isabela","","36621","1608526044"
"Las Navas","Las Navas","12.3400","125.0320","Philippines","PH","PHL","Northern Samar","","36621","1608082772"
"Demirci","Demirci","39.0450","28.6581","Turkey","TR","TUR","Manisa","minor","36620","1792487929"
"Vitrolles","Vitrolles","43.4600","5.2486","France","FR","FRA","Provence-Alpes-Côte d’Azur","","36612","1250199358"
"Kannan","Kannan","35.0889","138.9534","Japan","JP","JPN","Shizuoka","","36607","1392155353"
"Makan","Makan","-25.6050","27.9100","South Africa","ZA","ZAF","North West","","36605","1710187131"
"South Valley","South Valley","35.0093","-106.6819","United States","US","USA","New Mexico","","36605","1840033724"
"Kadungutt","Kadungutt","11.0333","76.1000","India","IN","IND","Kerala","","36602","1356613795"
"Kidangazhi","Kidangazhi","11.0333","76.1000","India","IN","IND","Kerala","","36602","1356776257"
"Rossano","Rossano","39.5667","16.6333","Italy","IT","ITA","Calabria","","36598","1380048894"
"Mek’ī","Mek'i","8.1500","38.8167","Ethiopia","ET","ETH","Oromīya","","36597","1231135266"
"Cantanhede","Cantanhede","40.3464","-8.5942","Portugal","PT","PRT","Coimbra","minor","36595","1620294454"
"Denton","Denton","53.4554","-2.1122","United Kingdom","GB","GBR","Tameside","","36591","1826948278"
"Korkino","Korkino","54.9000","61.4167","Russia","RU","RUS","Chelyabinskaya Oblast’","minor","36591","1643383415"
"Bandhi","Bandhi","26.5833","68.3000","Pakistan","PK","PAK","Sindh","","36588","1586663100"
"Schaffhausen","Schaffhausen","47.6965","8.6339","Switzerland","CH","CHE","Schaffhausen","admin","36587","1756849233"
"Irbit","Irbit","57.6667","63.0667","Russia","RU","RUS","Sverdlovskaya Oblast’","minor","36587","1643949941"
"Jaral del Progreso","Jaral del Progreso","20.3667","-101.0667","Mexico","MX","MEX","Guanajuato","minor","36584","1484182390"
"Tienen","Tienen","50.8075","4.9372","Belgium","BE","BEL","Flanders","","36581","1056670352"
"Alekseyevka","Alekseyevka","50.6333","38.7000","Russia","RU","RUS","Belgorodskaya Oblast’","minor","36578","1643033169"
"São João da Barra","Sao Joao da Barra","-21.6400","-41.0508","Brazil","BR","BRA","Rio de Janeiro","minor","36573","1076887451"
"Zoumi","Zoumi","34.8000","-5.3500","Morocco","MA","MAR","Tanger-Tétouan-Al Hoceïma","","36573","1504309761"
"Kiryas Joel","Kiryas Joel","41.3411","-74.1667","United States","US","USA","New York","","36572","1840004872"
"São Mateus do Sul","Sao Mateus do Sul","-25.8739","-50.3828","Brazil","BR","BRA","Paraná","minor","36569","1076883402"
"Ebebiyín","Ebebiyin","2.1500","11.3167","Equatorial Guinea","GQ","GNQ","Kié-Ntem","admin","36565","1226449195"
"‘Afrīn","`Afrin","36.5119","36.8695","Syria","SY","SYR","Ḩalab","minor","36562","1760410858"
"Aguelmous","Aguelmous","33.1500","-5.8333","Morocco","MA","MAR","Béni Mellal-Khénifra","","36560","1504241696"
"Hilliard","Hilliard","40.0353","-83.1578","United States","US","USA","Ohio","","36560","1840007265"
"Dabutou","Dabutou","36.0667","112.8667","China","CN","CHN","Shanxi","","36556","1156210368"
"Emsdetten","Emsdetten","52.1728","7.5344","Germany","DE","DEU","North Rhine-Westphalia","","36556","1276439566"
"Tunduma","Tunduma","-9.3000","32.7667","Tanzania","TZ","TZA","Mbeya","","36556","1834094894"
"Beloit","Beloit","42.5230","-89.0184","United States","US","USA","Wisconsin","","36554","1840002471"
"Claremont","Claremont","34.1259","-117.7153","United States","US","USA","California","","36553","1840019216"
"Nemmara","Nemmara","10.5934","76.6006","India","IN","IND","Kerala","","36549","1356082649"
"Baishan","Baishan","40.1656","116.3144","China","CN","CHN","Beijing","","36546","1156072606"
"Yefremov","Yefremov","53.1500","38.1167","Russia","RU","RUS","Tul’skaya Oblast’","minor","36545","1643358029"
"Punārakh","Punarakh","25.4930","85.8054","India","IN","IND","Bihār","","36541","1356365373"
"Novaya Usman’","Novaya Usman'","51.6450","39.4142","Russia","RU","RUS","Voronezhskaya Oblast’","","36540","1643539163"
"Barra do Choça","Barra do Choca","-14.8808","-40.5789","Brazil","BR","BRA","Bahia","minor","36539","1076410831"
"Patāmundai","Patamundai","20.5700","86.5700","India","IN","IND","Odisha","","36528","1356395507"
"Bulicun","Bulicun","24.3657","116.2726","China","CN","CHN","Guangdong","","36526","1156493287"
"Benāpol","Benapol","23.0419","88.8956","Bangladesh","BD","BGD","Khulna","","36524","1050467047"
"Tomelloso","Tomelloso","39.1578","-3.0208","Spain","ES","ESP","Castille-La Mancha","","36523","1724367154"
"Songo","Songo","-15.5958","32.7647","Mozambique","MZ","MOZ","Tete","","36523","1508318557"
"Horasan","Horasan","40.0397","42.1711","Turkey","TR","TUR","Erzurum","minor","36519","1792809788"
"Bindé","Binde","11.7500","-1.1000","Burkina Faso","BF","BFA","Centre-Sud","","36518","1854349204"
"Bargny","Bargny","14.6944","-17.2306","Senegal","SN","SEN","Dakar","","36516","1686924256"
"Haomen","Haomen","37.3619","101.5871","China","CN","CHN","Qinghai","minor","36515","1156823792"
"Kajaani","Kajaani","64.2311","27.7194","Finland","FI","FIN","Kainuu","admin","36513","1246377765"
"Neiba","Neiba","18.4900","-71.4200","Dominican Republic","DO","DOM","Enriquillo","minor","36511","1214562502"
"Limburg","Limburg","50.3833","8.0667","Germany","DE","DEU","Hesse","minor","36506","1276188257"
"Kodaikānal","Kodaikanal","10.2300","77.4800","India","IN","IND","Tamil Nādu","","36501","1356350123"
"Mamfe","Mamfe","5.7667","9.2833","Cameroon","CM","CMR","South-West","","36500","1120298819"
"Chelora","Chelora","11.8892","75.4293","India","IN","IND","Kerala","","36500","1356072717"
"Dashtobod","Dashtobod","40.1269","68.4944","Uzbekistan","UZ","UZB","Jizzax","","36500","1860941088"
"Winsen","Winsen","53.3667","10.2167","Germany","DE","DEU","Lower Saxony","minor","36499","1276491512"
"Knurów","Knurow","50.2167","18.6833","Poland","PL","POL","Śląskie","","36498","1616347151"
"Berat","Berat","40.7049","19.9497","Albania","AL","ALB","Berat","admin","36496","1008955153"
"Nueve de Julio","Nueve de Julio","-35.4500","-60.8833","Argentina","AR","ARG","Buenos Aires","minor","36494","1032287957"
"Creil","Creil","49.2583","2.4833","France","FR","FRA","Hauts-de-France","","36494","1250367571"
"Zhetisay","Zhetisay","40.7753","68.3272","Kazakhstan","KZ","KAZ","Türkistan","minor","36494","1398994827"
"Ichchāpuram","Ichchapuram","19.1200","84.7000","India","IN","IND","Andhra Pradesh","","36493","1356662616"
"Netishyn","Netishyn","50.3500","26.6333","Ukraine","UA","UKR","Khmelnytska Oblast","","36492","1804202140"
"West Bridgford","West Bridgford","52.9320","-1.1270","United Kingdom","GB","GBR","Nottinghamshire","","36487","1826779157"
"Kaniama","Kaniama","-7.5696","24.1700","Congo (Kinshasa)","CD","COD","Haut-Lomami","","36481","1180770775"
"Bossangoa","Bossangoa","6.4833","17.4500","Central African Republic","CF","CAF","Ouham","admin","36478","1140523604"
"Oak Creek","Oak Creek","42.8803","-87.9009","United States","US","USA","Wisconsin","","36473","1840003047"
"Guápiles","Guapiles","10.2070","-83.8581","Costa Rica","CR","CRI","Limón","","36469","1188786301"
"Surab","Surab","28.4925","66.2597","Pakistan","PK","PAK","Balochistan","","36468","1586127180"
"Andover","Andover","42.6466","-71.1651","United States","US","USA","Massachusetts","","36465","1840053666"
"Sun Prairie","Sun Prairie","43.1825","-89.2362","United States","US","USA","Wisconsin","","36455","1840002902"
"Athis-Mons","Athis-Mons","48.7074","2.3889","France","FR","FRA","Île-de-France","","36451","1250955386"
"Matale","Matale","7.4667","80.6167","Sri Lanka","LK","LKA","Central","","36451","1144554963"
"Lecherías","Lecherias","10.1917","-64.6921","Venezuela","VE","VEN","Anzoátegui","minor","36450","1862961933"
"Sonsón","Sonson","5.7097","-75.3108","Colombia","CO","COL","Antioquia","minor","36445","1170000118"
"Arawa","Arawa","-6.2280","155.5660","Papua New Guinea","PG","PNG","Bougainville","","36443","1598413091"
"Mazıdağı","Mazidagi","37.4792","40.4864","Turkey","TR","TUR","Mardin","minor","36442","1792121043"
"Zinzana","Zinzana","13.2506","-5.9678","Mali","ML","MLI","Ségou","","36440","1466980740"
"Tocancipá","Tocancipa","4.9657","-73.9136","Colombia","CO","COL","Cundinamarca","minor","36439","1170000496"
"Meyzieu","Meyzieu","45.7667","5.0036","France","FR","FRA","Auvergne-Rhône-Alpes","","36437","1250340917"
"Elmont","Elmont","40.7033","-73.7078","United States","US","USA","New York","","36436","1840005226"
"Rende","Rende","39.3333","16.1833","Italy","IT","ITA","Calabria","","36434","1380899541"
"Pūrna","Purna","19.1800","77.0500","India","IN","IND","Mahārāshtra","","36433","1356140147"
"Onteniente","Onteniente","38.8222","-0.6072","Spain","ES","ESP","Valencia","","36430","1724051475"
"Liwonde","Liwonde","-15.0667","35.2333","Malawi","MW","MWI","Balaka","","36421","1454616988"
"Estahbān","Estahban","29.1269","54.0394","Iran","IR","IRN","Fārs","minor","36410","1364912385"
"Sutton in Ashfield","Sutton in Ashfield","53.1250","-1.2610","United Kingdom","GB","GBR","Nottinghamshire","","36404","1826247882"
"Anse d’Hainault","Anse d'Hainault","18.4853","-74.4514","Haiti","HT","HTI","Grand’Anse","","36401","1332108128"
"Byumba","Byumba","-1.5794","30.0694","Rwanda","RW","RWA","Northern Province","admin","36401","1646868980"
"Cegléd","Cegled","47.1772","19.7981","Hungary","HU","HUN","Pest","minor","36391","1348930347"
"Ingelheim","Ingelheim","49.9747","8.0564","Germany","DE","DEU","Rhineland-Palatinate","minor","36390","1276699130"
"Cumberland","Cumberland","41.9703","-71.4198","United States","US","USA","Rhode Island","","36390","1840066127"
"Kaarina","Kaarina","60.4000","22.3667","Finland","FI","FIN","Varsinais-Suomi","minor","36389","1246381646"
"Simbahan","Simbahan","6.3000","120.5800","Philippines","PH","PHL","Sulu","","36374","1608320501"
"Monaco","Monaco","43.7333","7.4167","Monaco","MC","MCO","","primary","36371","1492854256"
"Namakgale","Namakgale","-23.9380","31.0280","South Africa","ZA","ZAF","Limpopo","","36365","1710935117"
"Kinel","Kinel","53.2222","50.6333","Russia","RU","RUS","Samarskaya Oblast’","","36358","1643467753"
"Maur","Maur","30.0833","75.2500","India","IN","IND","Punjab","","36356","1356076094"
"Commack","Commack","40.8435","-73.2833","United States","US","USA","New York","","36353","1840005030"
"Merrillville","Merrillville","41.4728","-87.3196","United States","US","USA","Indiana","","36343","1840009261"
"San Pablo","San Pablo","7.4825","-73.9250","Colombia","CO","COL","Bolívar","minor","36341","1170480324"
"Fuchūchō","Fuchucho","34.5650","133.2419","Japan","JP","JPN","Hiroshima","","36326","1392822358"
"Zawyat an Nwaçer","Zawyat an Nwacer","33.3611","-7.6114","Morocco","MA","MAR","Casablanca-Settat","","36326","1504451401"
"Borehamwood","Borehamwood","51.6578","-0.2722","United Kingdom","GB","GBR","Hertfordshire","","36322","1826433403"
"Barra Bonita","Barra Bonita","-22.4947","-48.5581","Brazil","BR","BRA","São Paulo","minor","36321","1076780548"
"Upper Arlington","Upper Arlington","40.0272","-83.0704","United States","US","USA","Ohio","","36319","1840003762"
"Bjelovar","Bjelovar","45.8989","16.8422","Croatia","HR","HRV","Bjelovarsko-Bilogorska Županija","admin","36316","1191340640"
"Tomatlán","Tomatlan","19.9369","-105.2500","Mexico","MX","MEX","Jalisco","minor","36316","1484507470"
"Danihe","Danihe","39.8707","119.3300","China","CN","CHN","Hebei","","36313","1156564842"
"Wołomin","Wolomin","52.3500","21.2333","Poland","PL","POL","Mazowieckie","minor","36311","1616965427"
"Conflans-Sainte-Honorine","Conflans-Sainte-Honorine","48.9992","2.0983","France","FR","FRA","Île-de-France","","36306","1250363572"
"Jarosław","Jaroslaw","50.0186","22.6797","Poland","PL","POL","Podkarpackie","minor","36303","1616590558"
"Porta Westfalica","Porta Westfalica","52.2167","8.9333","Germany","DE","DEU","North Rhine-Westphalia","","36300","1276426167"
"San Juan Cotzal","San Juan Cotzal","15.4353","-91.0356","Guatemala","GT","GTM","Quiché","minor","36298","1320691334"
"Ez Zahra","Ez Zahra","36.7439","10.3083","Tunisia","TN","TUN","Ben Arous","","36298","1788800357"
"Mpessoba","Mpessoba","12.6725","-5.7156","Mali","ML","MLI","Sikasso","","36297","1466235935"
"Woodstock","Woodstock","34.1026","-84.5091","United States","US","USA","Georgia","","36297","1840015574"
"Nargund","Nargund","15.7200","75.3800","India","IN","IND","Karnātaka","","36291","1356088988"
"Dinas","Dinas","7.6161","123.3378","Philippines","PH","PHL","Zamboanga del Sur","","36291","1608805302"
"Cabanglasan","Cabanglasan","8.0772","125.2992","Philippines","PH","PHL","Bukidnon","","36286","1608230715"
"Douglasville","Douglasville","33.7384","-84.7054","United States","US","USA","Georgia","","36284","1840014804"
"Voerde","Voerde","51.6000","6.6833","Germany","DE","DEU","North Rhine-Westphalia","","36282","1276242749"
"Kurtalan","Kurtalan","37.9261","41.7003","Turkey","TR","TUR","Siirt","minor","36273","1792384710"
"Spoleto","Spoleto","42.7333","12.7333","Italy","IT","ITA","Umbria","","36271","1380230959"
"Aketao","Aketao","39.1349","75.9337","China","CN","CHN","Xinjiang","minor","36270","1156561563"
"Parappur","Parappur","11.0335","76.0001","India","IN","IND","Kerala","","36270","1356754912"
"Yandian","Yandian","31.3271","113.5800","China","CN","CHN","Hubei","","36269","1156173377"
"Melito di Napoli","Melito di Napoli","40.9167","14.2333","Italy","IT","ITA","Campania","","36269","1380717035"
"Coatepec Harinas","Coatepec Harinas","18.9000","-99.7167","Mexico","MX","MEX","México","minor","36269","1484641903"
"Cisterna di Latina","Cisterna di Latina","41.5889","12.8306","Italy","IT","ITA","Lazio","","36266","1380273577"
"Kotma","Kotma","23.2038","81.9790","India","IN","IND","Madhya Pradesh","","36263","1356862503"
"Prey Veng","Prey Veng","11.4840","105.3240","Cambodia","KH","KHM","Prey Veng","admin","36254","1116378797"
"Farmers Branch","Farmers Branch","32.9272","-96.8804","United States","US","USA","Texas","","36254","1840020706"
"Tuntum","Tuntum","-5.2578","-44.6489","Brazil","BR","BRA","Maranhão","minor","36251","1076818343"
"San Miguel Acatán","San Miguel Acatan","15.7000","-91.6167","Guatemala","GT","GTM","Huehuetenango","minor","36245","1320204061"
"Beiya","Beiya","36.4393","104.3940","China","CN","CHN","Gansu","","36241","1156672706"
"Crailsheim","Crailsheim","49.1347","10.0706","Germany","DE","DEU","Baden-Württemberg","","36239","1276001596"
"Socorro","Socorro","31.6383","-106.2601","United States","US","USA","Texas","","36237","1840022136"
"Siayan","Siayan","8.2517","123.1144","Philippines","PH","PHL","Zamboanga del Norte","","36236","1608937514"
"Cuenca","Cuenca","13.8988","121.0505","Philippines","PH","PHL","Batangas","","36235","1608210905"
"Rezh","Rezh","57.3667","61.3667","Russia","RU","RUS","Sverdlovskaya Oblast’","minor","36226","1643497489"
"Piendamó","Piendamo","2.6408","-76.5284","Colombia","CO","COL","Cauca","minor","36225","1170889555"
"Châtillon","Chatillon","48.8000","2.2900","France","FR","FRA","Île-de-France","","36224","1250813874"
"Villefranche-sur-Saône","Villefranche-sur-Saone","45.9833","4.7167","France","FR","FRA","Auvergne-Rhône-Alpes","minor","36224","1250969422"
"Modugno","Modugno","41.0833","16.7833","Italy","IT","ITA","Puglia","","36224","1380946578"
"Capalonga","Capalonga","14.3314","122.4928","Philippines","PH","PHL","Camarines Norte","","36223","1608015273"
"Chelmsford","Chelmsford","42.6000","-71.3631","United States","US","USA","Massachusetts","","36220","1840070185"
"Isla de Maipo","Isla de Maipo","-33.7500","-70.9000","Chile","CL","CHL","Región Metropolitana","","36219","1152656260"
"Palapye","Palapye","-22.5500","27.1333","Botswana","BW","BWA","Central","","36211","1072264514"
"Canaman","Canaman","13.6481","123.1711","Philippines","PH","PHL","Camarines Sur","","36205","1608395412"
"Bollate","Bollate","45.5500","9.1167","Italy","IT","ITA","Lombardy","","36204","1380424461"
"Vyazniki","Vyazniki","56.2500","42.1667","Russia","RU","RUS","Vladimirskaya Oblast’","minor","36203","1643016775"
"Cuyotenango","Cuyotenango","14.5333","-91.5667","Guatemala","GT","GTM","Suchitepéquez","minor","36201","1320056390"
"Göyçay","Goycay","40.6553","47.7389","Azerbaijan","AZ","AZE","Göyçay","admin","36200","1031227222"
"Yelizovo","Yelizovo","53.1833","158.3833","Russia","RU","RUS","Kamchatskiy Kray","minor","36199","1643784414"
"Gasan","Gasan","13.3200","121.8500","Philippines","PH","PHL","Marinduque","","36197","1608036488"
"Manouba","Manouba","36.8078","10.1011","Tunisia","TN","TUN","Manouba","admin","36194","1788608864"
"Taastrup","Taastrup","55.6475","12.3120","Denmark","DK","DNK","Hovedstaden","minor","36193","1208068405"
"Ouled Beni Messous","Ouled Beni Messous","36.7833","2.9833","Algeria","DZ","DZA","Tipaza","","36191","1012795548"
"La Vallée de Jacmel","La Vallee de Jacmel","18.2694","-72.6670","Haiti","HT","HTI","Sud-Est","","36188","1332561469"
"Aparecida","Aparecida","-22.8469","-45.2297","Brazil","BR","BRA","São Paulo","minor","36185","1076806368"
"Madingou","Madingou","-4.1642","13.5517","Congo (Brazzaville)","CG","COG","Bouenza","admin","36183","1178057279"
"Dagami","Dagami","11.0611","124.9031","Philippines","PH","PHL","Leyte","","36178","1608027608"
"Kalāleh","Kalaleh","37.3789","55.4889","Iran","IR","IRN","Golestān","minor","36176","1364463106"
"Uchaly","Uchaly","54.3167","59.3833","Russia","RU","RUS","Bashkortostan","minor","36175","1643696748"
"San Luis","San Luis","13.8300","120.9300","Philippines","PH","PHL","Batangas","","36172","1608597506"
"Villeneuve-Saint-Georges","Villeneuve-Saint-Georges","48.7325","2.4497","France","FR","FRA","Île-de-France","","36170","1250985976"
"Ratchaburi","Ratchaburi","13.5356","99.8133","Thailand","TH","THA","Ratchaburi","admin","36169","1764773366"
"Zacatepec","Zacatepec","18.6833","-99.1833","Mexico","MX","MEX","Morelos","minor","36159","1484549065"
"Boende","Boende","-0.2810","20.8760","Congo (Kinshasa)","CD","COD","Tshuapa","admin","36158","1180688906"
"Ban Mueang Na Tai","Ban Mueang Na Tai","19.7308","98.9017","Thailand","TH","THA","Chiang Mai","","36156","1764800951"
"Rapu-Rapu","Rapu-Rapu","13.1800","124.1300","Philippines","PH","PHL","Albay","","36151","1608870516"
"Nellāya","Nellaya","10.8729","76.2890","India","IN","IND","Kerala","","36146","1356750745"
"Petit-Trou de Nippes","Petit-Trou de Nippes","18.5269","-73.5088","Haiti","HT","HTI","Nippes","","36143","1332845900"
"Barira","Barira","7.4706","124.3561","Philippines","PH","PHL","Maguindanao","","36143","1608237236"
"Pingshang","Pingshang","23.5315","115.8171","China","CN","CHN","Guangdong","","36140","1156332960"
"Pestel","Pestel","18.5411","-73.7947","Haiti","HT","HTI","Grand’Anse","","36138","1332521684"
"Meppen","Meppen","52.6936","7.2928","Germany","DE","DEU","Lower Saxony","minor","36137","1276180771"
"Sareh Mowndeh","Sareh Mowndeh","13.4036","-16.6833","Gambia, The","GM","GMB","West Coast","","36134","1270781020"
"Bālarāmpuram","Balarampuram","8.3833","77.0833","India","IN","IND","Kerala","","36134","1356644868"
"Amancio","Amancio","20.8197","-77.5844","Cuba","CU","CUB","Las Tunas","minor","36132","1192932562"
"Mieres","Mieres","43.2508","-5.7767","Spain","ES","ESP","Asturias","","36132","1724137111"
"Osório","Osorio","-29.8869","-50.2700","Brazil","BR","BRA","Rio Grande do Sul","minor","36131","1076367566"
"Mingjian","Mingjian","23.8510","120.6775","Taiwan","TW","TWN","Nantou","","36127","1158386968"
"Kishmat Dhanbāri","Kishmat Dhanbari","24.6167","90.0250","Bangladesh","BD","BGD","Dhaka","","36125","1050355548"
"Dīnhāta","Dinhata","26.1300","89.4700","India","IN","IND","West Bengal","","36124","1356871105"
"Dighwāra","Dighwara","25.7443","85.0100","India","IN","IND","Bihār","","36124","1356011381"
"Komatsushimachō","Komatsushimacho","34.0003","134.5844","Japan","JP","JPN","Tokushima","","36123","1392858240"
