"Beverly","Beverly","42.5681","-70.8627","United States","US","USA","Massachusetts","","42408","1840000411"
"Santos Dumont","Santos Dumont","-21.4567","-43.5525","Brazil","BR","BRA","Minas Gerais","minor","42406","1076371672"
"Mableton","Mableton","33.8133","-84.5655","United States","US","USA","Georgia","","42403","1840013690"
"Xidiancun","Xidiancun","29.4787","121.4368","China","CN","CHN","Zhejiang","","42400","1156401714"
"Bassano del Grappa","Bassano del Grappa","45.7667","11.7342","Italy","IT","ITA","Veneto","","42395","1380653190"
"Bang Kruai","Bang Kruai","13.8050","100.4728","Thailand","TH","THA","Nonthaburi","minor","42390","1764357378"
"Dreieich","Dreieich","50.0000","8.7000","Germany","DE","DEU","Hesse","","42389","1276481123"
"Garges-lès-Gonesse","Garges-les-Gonesse","48.9728","2.4008","France","FR","FRA","Île-de-France","","42388","1250181473"
"Bhatpalli","Bhatpalli","18.4293","79.8635","India","IN","IND","Andhra Pradesh","","42387","1356737115"
"Santa Rita","Santa Rita","11.4522","124.9408","Philippines","PH","PHL","Samar","","42384","1608542075"
"Kotabumi","Kotabumi","-4.8333","104.9000","Indonesia","ID","IDN","Lampung","minor","42366","1360396080"
"Thān","Than","22.5667","71.1833","India","IN","IND","Gujarāt","","42351","1356711533"
"Acatlán de Pérez Figueroa","Acatlan de Perez Figueroa","18.5333","-96.6000","Mexico","MX","MEX","Oaxaca","","42347","1484695178"
"Laungowāl","Laungowal","30.2167","75.6833","India","IN","IND","Punjab","","42346","1356675083"
"Akaiwa","Akaiwa","34.7553","134.0189","Japan","JP","JPN","Okayama","","42341","1392003260"
"Shenjiatun","Shenjiatun","40.5910","114.9500","China","CN","CHN","Hebei","","42338","1156143117"
"Yaguate","Yaguate","18.3300","-70.1800","Dominican Republic","DO","DOM","Valdesia","","42325","1214644367"
"Qā’en","Qa'en","33.7333","59.1811","Iran","IR","IRN","Khorāsān-e Jonūbī","minor","42323","1364089791"
"Rupsa","Rupsa","21.6167","87.0167","India","IN","IND","Odisha","","42317","1356252575"
"Krasnodon","Krasnodon","48.3000","39.7333","Ukraine","UA","UKR","Luhanska Oblast","","42315","1804346804"
"Ben Zakkay","Ben Zakkay","31.8833","34.7333","Israel","IL","ISR","Central","","42314","1376946236"
"Rouyn-Noranda","Rouyn-Noranda","48.2333","-79.0167","Canada","CA","CAN","Quebec","","42313","1124267752"
"Tomé","Tome","-36.6167","-72.9500","Chile","CL","CHL","Biobío","","42312","1152166653"
"Iten","Iten","0.6703","35.5081","Kenya","KE","KEN","Elgeyo/Marakwet","admin","42312","1404000102"
"Ansbach","Ansbach","49.3000","10.5833","Germany","DE","DEU","Bavaria","minor","42311","1276572551"
"Pallisa","Pallisa","1.1675","33.7100","Uganda","UG","UGA","Pallisa","admin","42300","1800214906"
"Kasai","Kasai","34.9333","134.8333","Japan","JP","JPN","Hyōgo","","42290","1392003357"
"Anglet","Anglet","43.4850","-1.5183","France","FR","FRA","Nouvelle-Aquitaine","","42288","1250237596"
"Alghero","Alghero","40.5600","8.3150","Italy","IT","ITA","Sardegna","","42281","1380434974"
"Llanera","Llanera","15.6625","121.0197","Philippines","PH","PHL","Nueva Ecija","","42281","1608388009"
"Futtsu","Futtsu","35.3041","139.8570","Japan","JP","JPN","Chiba","","42280","1392321461"
"Coronel Suárez","Coronel Suarez","-37.4667","-61.9333","Argentina","AR","ARG","Buenos Aires","minor","42276","1032444981"
"Goryachiy Klyuch","Goryachiy Klyuch","44.6333","39.1333","Russia","RU","RUS","Krasnodarskiy Kray","minor","42272","1643630815"
"Alerce","Alerce","-41.4000","-72.9333","Chile","CL","CHL","Los Lagos","","42267","1152663651"
"Polanco","Polanco","8.5319","123.3631","Philippines","PH","PHL","Zamboanga del Norte","","42265","1608083261"
"Juventino Rosas","Juventino Rosas","20.6500","-101.0000","Mexico","MX","MEX","Guanajuato","minor","42264","1484008596"
"Maniwa","Maniwa","35.0758","133.7525","Japan","JP","JPN","Okayama","","42259","1392003241"
"Kutno","Kutno","52.2333","19.3667","Poland","PL","POL","Łódzkie","minor","42255","1616586955"
"Hoddesdon","Hoddesdon","51.7590","-0.0150","United Kingdom","GB","GBR","Hertfordshire","","42253","1826405182"
"Myanaung","Myanaung","18.2833","95.3167","Burma","MM","MMR","Ayeyarwady","","42252","1104426829"
"Marki","Marki","52.3333","21.1000","Poland","PL","POL","Mazowieckie","","42252","1616076713"
"Akbarpur","Akbarpur","26.4333","82.5403","India","IN","IND","Uttar Pradesh","","42248","1356710855"
"President Quirino","President Quirino","6.7000","124.7300","Philippines","PH","PHL","Sultan Kudarat","minor","42244","1608129077"
"Danville","Danville","36.5831","-79.4088","United States","US","USA","Virginia","","42239","1840003878"
"Moline","Moline","41.4821","-90.4920","United States","US","USA","Illinois","","42235","1840008181"
"Viborg","Viborg","56.4333","9.4000","Denmark","DK","DNK","Midtjylland","admin","42234","1208606810"
"Palladam","Palladam","10.9900","77.2000","India","IN","IND","Tamil Nādu","","42225","1356233434"
"Uozu","Uozu","36.8273","137.4092","Japan","JP","JPN","Toyama","","42224","1392003458"
"Hilvan","Hilvan","37.5886","38.9556","Turkey","TR","TUR","Şanlıurfa","minor","42218","1792658619"
"Liloy","Liloy","8.1228","122.6736","Philippines","PH","PHL","Zamboanga del Norte","","42213","1608049613"
"Kārmegh","Karmegh","26.5307","86.4263","India","IN","IND","Bihār","","42203","1356646949"
"Blanes","Blanes","41.6760","2.7930","Spain","ES","ESP","Catalonia","","42198","1724143581"
"Aritao","Aritao","16.2973","121.0338","Philippines","PH","PHL","Nueva Vizcaya","","42197","1608014234"
"Bullhead City","Bullhead City","35.1205","-114.5461","United States","US","USA","Arizona","","42193","1840019748"
"Smederevska Palanka","Smederevska Palanka","44.3655","20.9587","Serbia","RS","SRB","Smederevska Palanka","admin","42192","1688107292"
"Machang","Machang","26.5634","106.1103","China","CN","CHN","Guizhou","","42185","1156849293"
"Villenave-d’Ornon","Villenave-d'Ornon","44.7806","-0.5658","France","FR","FRA","Nouvelle-Aquitaine","","42185","1250296432"
"Peachtree Corners","Peachtree Corners","33.9670","-84.2320","United States","US","USA","Georgia","","42184","1840029447"
"Sarakhs","Sarakhs","36.5425","61.1589","Iran","IR","IRN","Khorāsān-e Raẕavī","minor","42179","1364504156"
"Kirchheim unter Teck","Kirchheim unter Teck","48.6483","9.4511","Germany","DE","DEU","Baden-Württemberg","","42178","1276389368"
"Qapshaghay","Qapshaghay","43.8844","77.0687","Kazakhstan","KZ","KAZ","Almaty","admin","42167","1398594098"
"Jocotepec","Jocotepec","20.2863","-103.4304","Mexico","MX","MEX","Jalisco","minor","42164","1484245726"
"Amontada","Amontada","-3.3608","-39.8308","Brazil","BR","BRA","Ceará","minor","42156","1076240159"
"Puerto Real","Puerto Real","36.5292","-6.1919","Spain","ES","ESP","Andalusia","","42151","1724134848"
"Nysa","Nysa","50.4714","17.3339","Poland","PL","POL","Opolskie","minor","42151","1616093801"
"Morarano Chrome","Morarano Chrome","-17.7613","48.1655","Madagascar","MG","MDG","Toamasina","","42147","1450652075"
"Claveria","Claveria","12.9035","123.2457","Philippines","PH","PHL","Masbate","minor","42142","1608229626"
"Liantang","Liantang","22.8791","111.7480","China","CN","CHN","Guangdong","","42141","1156033321"
"Coburg","Coburg","50.2667","10.9667","Germany","DE","DEU","Bavaria","minor","42139","1276428862"
"Anakaputtur","Anakaputtur","12.9823","80.1282","India","IN","IND","Tamil Nādu","","42131","1356301119"
"Ängelholm","Angelholm","56.2500","12.8667","Sweden","SE","SWE","Skåne","minor","42131","1752870016"
"Cáceres","Caceres","7.6667","-75.3333","Colombia","CO","COL","Antioquia","minor","42112","1170859204"
"Jinotepe","Jinotepe","11.8500","-86.2000","Nicaragua","NI","NIC","Carazo","admin","42109","1558246417"
"Pardés H̱anna Karkur","Pardes Hanna Karkur","32.4711","34.9675","Israel","IL","ISR","Haifa","","42100","1376163698"
"Kālol","Kalol","22.6060","73.4630","India","IN","IND","Gujarāt","","42100","1356923566"
"Azemmour","Azemmour","33.2878","-8.3422","Morocco","MA","MAR","Casablanca-Settat","","42098","1504675793"
"Villa Bisonó","Villa Bisono","19.5600","-70.8700","Dominican Republic","DO","DOM","Cibao Norte","","42092","1214712836"
"Bom Conselho","Bom Conselho","-9.1700","-36.6800","Brazil","BR","BRA","Pernambuco","minor","42085","1076382698"
"Esperanza","Esperanza","-31.4427","-60.9257","Argentina","AR","ARG","Santa Fe","minor","42082","1032763447"
"Pratāpgarh","Pratapgarh","24.0300","74.7800","India","IN","IND","Rājasthān","","42079","1356078917"
"Linton Hall","Linton Hall","38.7551","-77.5750","United States","US","USA","Virginia","","42077","1840006100"
"Coyuca de Catalán","Coyuca de Catalan","18.3256","-100.6992","Mexico","MX","MEX","Guerrero","minor","42069","1484460732"
"Bourg-en-Bresse","Bourg-en-Bresse","46.2056","5.2289","France","FR","FRA","Auvergne-Rhône-Alpes","minor","42065","1250397174"
"Paraíba do Sul","Paraiba do Sul","-22.1619","-43.2928","Brazil","BR","BRA","Rio de Janeiro","minor","42063","1076715765"
"Guaratuba","Guaratuba","-25.8828","-48.5750","Brazil","BR","BRA","Paraná","minor","42062","1076880478"
"Satka","Satka","55.0500","59.0333","Russia","RU","RUS","Chelyabinskaya Oblast’","minor","42062","1643644802"
"Quesada","Quesada","10.3441","-84.4199","Costa Rica","CR","CRI","Alajuela","","42060","1188199888"
"Imperia","Imperia","43.8865","8.0297","Italy","IT","ITA","Liguria","minor","42060","1380075952"
"Soran","Soran","49.7833","72.8500","Kazakhstan","KZ","KAZ","Qaraghandy","minor","42058","1398259748"
"Sarāb","Sarab","37.9422","47.5361","Iran","IR","IRN","Āz̄arbāyjān-e Sharqī","minor","42057","1364335741"
"Guaraciaba do Norte","Guaraciaba do Norte","-4.1669","-40.7478","Brazil","BR","BRA","Ceará","minor","42053","1076780410"
"Zhovti Vody","Zhovti Vody","48.3500","33.5000","Ukraine","UA","UKR","Dnipropetrovska Oblast","","42052","1804788479"
"Madridejos","Madridejos","11.2700","123.7300","Philippines","PH","PHL","Cebu","","42039","1608629186"
"Mampong","Mampong","7.0627","-1.4001","Ghana","GH","GHA","Ashanti","","42037","1288185670"
"San José de Bocay","San Jose de Bocay","13.5333","-85.5333","Nicaragua","NI","NIC","Jinotega","minor","42029","1558566609"
"Miercurea-Ciuc","Miercurea-Ciuc","46.3594","25.8017","Romania","RO","ROU","Harghita","admin","42029","1642603145"
"Coppell","Coppell","32.9639","-96.9903","United States","US","USA","Texas","","42029","1840019439"
"Siegburg","Siegburg","50.8014","7.2044","Germany","DE","DEU","North Rhine-Westphalia","minor","42025","1276838674"
"Wangyuanqiao","Wangyuanqiao","38.3849","106.2664","China","CN","CHN","Ningxia","","42022","1156767941"
"Nāthdwāra","Nathdwara","24.9300","73.8200","India","IN","IND","Rājasthān","","42016","1356606458"
"Dronten","Dronten","52.5242","5.7125","Netherlands","NL","NLD","Flevoland","minor","42011","1528712239"
"Pā̃chkhāl","Pachkhal","27.6500","85.6167","Nepal","NP","NPL","","","42011","1524811458"
"Tinpiple","Tinpiple","27.6283","85.6136","Nepal","NP","NPL","","","42011","1524388860"
"Kallār","Kallar","9.8500","77.1333","India","IN","IND","Kerala","","42006","1356679068"
"Santa Rosa del Sur","Santa Rosa del Sur","7.9667","-74.0500","Colombia","CO","COL","Bolívar","minor","42003","1170579856"
"Songhuajiangcun","Songhuajiangcun","44.7158","125.9544","China","CN","CHN","Jilin","","42000","1156175219"
"Lebrija","Lebrija","7.1131","-73.2189","Colombia","CO","COL","Santander","minor","42000","1170090524"
"Qiryat Moẕqin","Qiryat Mozqin","32.8333","35.0833","Israel","IL","ISR","Haifa","","42000","1376435231"
"Štip","Stip","41.7358","22.1914","North Macedonia","MK","MKD","Štip","admin","42000","1807614061"
"Myedu","Myedu","23.1833","95.4000","Burma","MM","MMR","Sagaing","","42000","1104497959"
"Cantaura","Cantaura","9.3111","-64.3594","Venezuela","VE","VEN","Anzoátegui","minor","42000","1862715472"
"Bor","Bor","37.8964","34.5628","Turkey","TR","TUR","Niğde","minor","41999","1792531194"
"Shelekhov","Shelekhov","52.2167","104.1167","Russia","RU","RUS","Irkutskaya Oblast’","minor","41998","1643613779"
"Lingquan","Lingquan","36.9985","110.8417","China","CN","CHN","Shanxi","minor","41996","1156240475"
"Muttayyāpuram","Muttayyapuram","8.7498","78.1311","India","IN","IND","Tamil Nādu","","41993","1356214142"
"Greenock","Greenock","55.9500","-4.7650","United Kingdom","GB","GBR","Inverclyde","","41990","1826864377"
"São Lourenço do Sul","Sao Lourenco do Sul","-31.3650","-51.9778","Brazil","BR","BRA","Rio Grande do Sul","minor","41989","1076758883"
"Matnog","Matnog","12.5856","124.0856","Philippines","PH","PHL","Sorsogon","","41989","1608099282"
"Annandale","Annandale","38.8324","-77.1960","United States","US","USA","Virginia","","41982","1840006011"
"Mercedes","Mercedes","-33.2500","-58.0333","Uruguay","UY","URY","Soriano","admin","41974","1858182538"
"Zhujiacun","Zhujiacun","26.3204","104.3957","China","CN","CHN","Yunnan","minor","41961","1156062221"
"Puerto Galera","Puerto Galera","13.5000","120.9542","Philippines","PH","PHL","Oriental Mindoro","","41961","1608505295"
"Yangcunzai","Yangcunzai","23.4338","114.4664","China","CN","CHN","Guangdong","","41958","1156087224"
"Yagoua","Yagoua","10.3428","15.2406","Cameroon","CM","CMR","Extrême-Nord","","41957","1120388576"
"Nuevo San Carlos","Nuevo San Carlos","14.6000","-91.7000","Guatemala","GT","GTM","Retalhuleu","minor","41956","1320293782"
"Lebanon","Lebanon","36.2040","-86.3481","United States","US","USA","Tennessee","","41951","1840014466"
"Tactic","Tactic","15.3167","-90.3511","Guatemala","GT","GTM","Alta Verapaz","minor","41930","1320105267"
"Marataízes","Marataizes","-21.0428","-40.8239","Brazil","BR","BRA","Espírito Santo","minor","41929","1076042074"
"Hố Nai","Ho Nai","10.9725","106.8789","Vietnam","VN","VNM","Đồng Nai","","41922","1704997098"
"Santa María Atzompa","Santa Maria Atzompa","17.1014","-96.7778","Mexico","MX","MEX","Oaxaca","","41921","1484411990"
"Altadena","Altadena","34.1927","-118.1346","United States","US","USA","California","","41921","1840017918"
"Tiel","Tiel","51.8833","5.4333","Netherlands","NL","NLD","Gelderland","minor","41920","1528386027"
"Ōizumi","Oizumi","36.2478","139.4049","Japan","JP","JPN","Gunma","","41918","1392003190"
"Moroleón","Moroleon","20.1333","-101.2000","Mexico","MX","MEX","Guanajuato","minor","41909","1484802402"
"Tieshansi","Tieshansi","30.2064","114.9003","China","CN","CHN","Hubei","","41907","1156639859"
"Tororo","Tororo","0.6928","34.1811","Uganda","UG","UGA","Tororo","admin","41906","1800214991"
"Minamishimabara","Minamishimabara","32.6597","130.2978","Japan","JP","JPN","Nagasaki","","41903","1392999974"
"Amadeo","Amadeo","14.1728","120.9277","Philippines","PH","PHL","Cavite","","41901","1608636193"
"Qiryat Ono","Qiryat Ono","32.0636","34.8553","Israel","IL","ISR","Tel Aviv","","41900","1376929399"
"Kibawe","Kibawe","7.5678","124.9903","Philippines","PH","PHL","Bukidnon","","41897","1608899134"
"Cortlandt","Cortlandt","41.2552","-73.9018","United States","US","USA","New York","","41886","1840087347"
"San Luis Acatlán","San Luis Acatlan","16.5333","-98.0500","Mexico","MX","MEX","Guerrero","minor","41884","1484556142"
"Ban Wat Lak Hok","Ban Wat Lak Hok","13.5520","99.9898","Thailand","TH","THA","Ratchaburi","","41884","1764000965"
"Barauli","Barauli","26.3815","84.5872","India","IN","IND","Bihār","","41877","1356793711"
"Beverwijk","Beverwijk","52.4833","4.6500","Netherlands","NL","NLD","Noord-Holland","minor","41863","1528896975"
"Macaúbas","Macaubas","-13.0189","-42.6989","Brazil","BR","BRA","Bahia","minor","41859","1076955429"
"Montenegro","Montenegro","4.5671","-75.7504","Colombia","CO","COL","Quindío","minor","41857","1170267706"
"Marialva","Marialva","-23.4850","-51.7919","Brazil","BR","BRA","Paraná","minor","41851","1076544129"
"Quezon","Quezon","15.5542","120.8111","Philippines","PH","PHL","Nueva Ecija","","41845","1608944332"
"Land O' Lakes","Land O' Lakes","28.2075","-82.4476","United States","US","USA","Florida","","41845","1840014120"
"Yinggen","Yinggen","19.0372","109.8283","China","CN","CHN","Hainan","minor","41835","1156066518"
"Tadjenanet","Tadjenanet","36.1167","5.9833","Algeria","DZ","DZA","Mila","","41833","1012498855"
"Grove City","Grove City","39.8654","-83.0690","United States","US","USA","Ohio","","41831","1840007264"
"Lyudinovo","Lyudinovo","53.8667","34.4333","Russia","RU","RUS","Kaluzhskaya Oblast’","minor","41829","1643598604"
"Germering","Germering","48.1333","11.3667","Germany","DE","DEU","Bavaria","","41822","1276002965"
"Coyotepec","Coyotepec","19.7500","-99.1711","Mexico","MX","MEX","México","minor","41810","1484352296"
"San Miguel","San Miguel","8.9322","126.0403","Philippines","PH","PHL","Surigao del Sur","","41809","1608334875"
"Miura","Miura","35.1500","139.6167","Japan","JP","JPN","Kanagawa","","41807","1392001356"
"Palmares","Palmares","10.0466","-84.4373","Costa Rica","CR","CRI","Alajuela","","41805","1188588183"
"Diamond Harbour","Diamond Harbour","22.1927","88.1895","India","IN","IND","West Bengal","","41802","1356247896"
"Jardinópolis","Jardinopolis","-21.0178","-47.7639","Brazil","BR","BRA","São Paulo","minor","41799","1076497660"
"Civitanova Marche","Civitanova Marche","43.3068","13.7286","Italy","IT","ITA","Marche","","41790","1380527467"
"Tādif","Tadif","36.3481","37.5309","Syria","SY","SYR","Ḩalab","minor","41786","1760362095"
"Köniz","Koniz","46.9250","7.4153","Switzerland","CH","CHE","Bern","","41784","1756022220"
"Sūrampatti","Surampatti","11.3411","77.6956","India","IN","IND","Tamil Nādu","","41782","1356169572"
"Uden","Uden","51.6667","5.6167","Netherlands","NL","NLD","Noord-Brabant","minor","41782","1528113509"
"Hódmezővásárhely","Hodmezovasarhely","46.4303","20.3189","Hungary","HU","HUN","Hódmezővásárhely","admin","41781","1348676241"
"Velasco Ibarra","Velasco Ibarra","-1.0439","-79.6383","Ecuador","EC","ECU","Guayas","minor","41778","1218000005"
"Bagnolet","Bagnolet","48.8692","2.4181","France","FR","FRA","Île-de-France","","41776","1250335183"
"Kasibu","Kasibu","16.3181","121.2958","Philippines","PH","PHL","Nueva Vizcaya","","41776","1608558514"
"Paiçandu","Paicandu","-23.4575","-52.0486","Brazil","BR","BRA","Paraná","minor","41773","1076005300"
"Dacun","Dacun","34.7201","109.0549","China","CN","CHN","Shaanxi","","41763","1156415466"
"Bensheim","Bensheim","49.6667","8.6167","Germany","DE","DEU","Hesse","","41758","1276256416"
"Nārāyanpet","Narayanpet","16.7445","77.4960","India","IN","IND","Andhra Pradesh","","41752","1356282239"
"Tôrres","Torres","-29.3350","-49.7269","Brazil","BR","BRA","Rio Grande do Sul","minor","41751","1076421011"
"El Consejo","El Consejo","10.2442","-67.2450","Venezuela","VE","VEN","Aragua","minor","41748","1862343550"
"Naga","Naga","7.7978","122.6944","Philippines","PH","PHL","Zamboanga Sibugay","","41743","1608430919"
"Boucherville","Boucherville","45.6000","-73.4500","Canada","CA","CAN","Quebec","","41743","1124000296"
"Santa Bárbara","Santa Barbara","14.9216","-88.2364","Honduras","HN","HND","Santa Bárbara","admin","41736","1340312026"
"Saidpur Dabra","Saidpur Dabra","25.3207","87.1793","India","IN","IND","Bihār","","41734","1356771686"
"Fenoarivo Atsinanana","Fenoarivo Atsinanana","-17.3819","49.4090","Madagascar","MG","MDG","Toamasina","minor","41734","1450763584"
"Shādegān","Shadegan","30.6492","48.6653","Iran","IR","IRN","Khūzestān","minor","41733","1364528377"
"Urmston","Urmston","53.4487","-2.3747","United Kingdom","GB","GBR","Trafford","","41731","1826636761"
"Teboulba","Teboulba","35.6700","10.9000","Tunisia","TN","TUN","Monastir","","41731","1788404428"
"Dandéresso","Danderesso","11.4867","-5.4819","Mali","ML","MLI","Sikasso","","41723","1466000035"
"Belleville","Belleville","38.5164","-89.9900","United States","US","USA","Illinois","","41722","1840007486"
"Bodø","Bodo","67.2827","14.3751","Norway","NO","NOR","Nordland","admin","41720","1578023501"
"Campechuela","Campechuela","20.2333","-77.2792","Cuba","CU","CUB","Granma","minor","41719","1192313865"
"Otavalo","Otavalo","0.2303","-78.2625","Ecuador","EC","ECU","Imbabura","minor","41718","1218541444"
"Post Falls","Post Falls","47.7213","-116.9384","United States","US","USA","Idaho","","41716","1840019811"
"Tavas","Tavas","37.5728","29.0714","Turkey","TR","TUR","Denizli","minor","41712","1792649925"
"Varash","Varash","51.3444","25.8508","Ukraine","UA","UKR","Rivnenska Oblast","minor","41711","1804357890"
"Oued Fodda","Oued Fodda","36.1833","1.5333","Algeria","DZ","DZA","Chlef","","41710","1012406529"
"Santa Eulalia del Río","Santa Eulalia del Rio","38.0000","59.0000","Spain","ES","ESP","Balearic Islands","","41706","1724568151"
"Tolosa","Tolosa","-34.8942","-57.9647","Argentina","AR","ARG","Buenos Aires","","41705","1032033816"
"Eberswalde","Eberswalde","52.8333","13.8333","Germany","DE","DEU","Brandenburg","minor","41704","1276311453"
"Kampong Chhnang","Kampong Chhnang","12.2500","104.6667","Cambodia","KH","KHM","Kampong Chhnang","admin","41700","1116735270"
"Billerica","Billerica","42.5587","-71.2673","United States","US","USA","Massachusetts","","41700","1840053475"
"Salinas","Salinas","-15.4000","-43.1667","Brazil","BR","BRA","Minas Gerais","","41699","1076570604"
"Marion","Marion","42.0451","-91.5850","United States","US","USA","Iowa","","41690","1840008099"
"Boumerdes","Boumerdes","36.7603","3.4724","Algeria","DZ","DZA","Boumerdes","admin","41685","1012627486"
"Pueblo Nuevo","Pueblo Nuevo","8.5008","-75.5072","Colombia","CO","COL","Córdoba","minor","41684","1170000348"
"Gonzaga","Gonzaga","18.2614","121.9969","Philippines","PH","PHL","Cagayan","","41680","1608287955"
"Hempfield","Hempfield","40.2847","-79.5841","United States","US","USA","Pennsylvania","","41680","1840151151"
"Litian Gezhuang","Litian Gezhuang","39.8151","119.0219","China","CN","CHN","Hebei","","41676","1156516148"
"Wunstorf","Wunstorf","52.4275","9.4294","Germany","DE","DEU","Lower Saxony","","41666","1276079483"
"Halfeti","Halfeti","37.2289","37.9457","Turkey","TR","TUR","Şanlıurfa","minor","41662","1792654742"
"Přerov","Prerov","49.4556","17.4511","Czechia","CZ","CZE","Olomoucký Kraj","","41661","1203137734"
"Bayt al Faqīh","Bayt al Faqih","14.5161","43.3244","Yemen","YE","YEM","Al Ḩudaydah","minor","41652","1887465006"
"Jáltipan de Morelos","Jaltipan de Morelos","17.9703","-94.7144","Mexico","MX","MEX","Veracruz","minor","41644","1484054405"
"Ponneri","Ponneri","13.3200","80.2000","India","IN","IND","Tamil Nādu","","41643","1356521272"
"Königswinter","Konigswinter","50.6736","7.1947","Germany","DE","DEU","North Rhine-Westphalia","","41642","1276951419"
"Larantuka","Larantuka","-8.3133","123.0042","Indonesia","ID","IDN","Nusa Tenggara Timur","minor","41642","1360493926"
"Soe","Soe","-9.8667","124.2833","Indonesia","ID","IDN","Nusa Tenggara Timur","minor","41640","1360125783"
"Fitchburg","Fitchburg","42.5912","-71.8156","United States","US","USA","Massachusetts","","41633","1840000435"
"Völklingen","Volklingen","49.2500","6.8333","Germany","DE","DEU","Saarland","","41632","1276052749"
"Antequera","Antequera","37.0183","-4.5597","Spain","ES","ESP","Andalusia","","41619","1724357550"
"Gay","Gay","51.4678","58.4431","Russia","RU","RUS","Orenburgskaya Oblast’","minor","41619","1643216197"
"Daram","Daram","11.6341","124.7947","Philippines","PH","PHL","Samar","","41608","1608081438"
"Ambohitrimanjaka","Ambohitrimanjaka","-18.8589","47.4422","Madagascar","MG","MDG","Antananarivo","","41604","1450986963"
"Yuzawa","Yuzawa","39.1641","140.4948","Japan","JP","JPN","Akita","","41601","1392884972"
"Shefar‘am","Shefar`am","32.8056","35.1694","Israel","IL","ISR","Northern","","41600","1376191471"
"Oqtosh Shahri","Oqtosh Shahri","39.9269","65.9256","Uzbekistan","UZ","UZB","Samarqand","minor","41600","1860821760"
"Hückelhoven","Huckelhoven","51.0608","6.2197","Germany","DE","DEU","North Rhine-Westphalia","","41594","1276391695"
"Berubāri","Berubari","26.3603","88.7152","India","IN","IND","West Bengal","","41593","1356337976"
"Ayagöz","Ayagoz","47.9667","80.4333","Kazakhstan","KZ","KAZ","Abay","minor","41593","1398040009"
"Brookfield","Brookfield","43.0640","-88.1231","United States","US","USA","Wisconsin","","41592","1840003012"
"Rājgīr","Rajgir","25.0300","85.4200","India","IN","IND","Bihār","","41587","1356823690"
"Socorro","Socorro","13.0583","121.4117","Philippines","PH","PHL","Oriental Mindoro","","41585","1608390330"
"Santa Cruz de Los Taques","Santa Cruz de Los Taques","11.8240","-70.2509","Venezuela","VE","VEN","Falcón","minor","41579","1862415425"
"Sipe Sipe","Sipe Sipe","-17.4500","-66.3833","Bolivia","BO","BOL","Cochabamba","","41571","1068181864"
"Shetou","Shetou","23.9076","120.5992","Taiwan","TW","TWN","Changhua","","41571","1158243856"
"San Pedro Necta","San Pedro Necta","15.5000","-91.7667","Guatemala","GT","GTM","Huehuetenango","minor","41562","1320888118"
"Dubrovnik","Dubrovnik","42.6403","18.1083","Croatia","HR","HRV","Dubrovačko-Neretvanska Županija","admin","41562","1191004286"
"Santa Helena","Santa Helena","-2.2308","-45.3000","Brazil","BR","BRA","Maranhão","minor","41561","1076790462"
"Pimpalgaon Baswant","Pimpalgaon Baswant","20.1667","73.9833","India","IN","IND","Mahārāshtra","","41559","1356320998"
"Erzin","Erzin","36.9533","36.2033","Turkey","TR","TUR","Hatay","minor","41558","1792613172"
"Indi","Indi","17.1773","75.9526","India","IN","IND","Karnātaka","","41556","1356047992"
"Amuntai","Amuntai","-2.4177","115.2494","Indonesia","ID","IDN","Kalimantan Selatan","minor","41554","1360306329"
"Rajaori","Rajaori","33.3767","74.3122","India","IN","IND","Jammu and Kashmīr","","41552","1356109150"
"Slobozia","Slobozia","44.5639","27.3661","Romania","RO","ROU","Ialomiţa","admin","41550","1642971618"
"Águas Belas","Aguas Belas","-9.1167","-37.1167","Brazil","BR","BRA","Pernambuco","minor","41548","1076330876"
"Anda","Anda","16.2896","119.9491","Philippines","PH","PHL","Pangasinan","","41548","1608003034"
"Patulul","Patulul","14.4167","-91.1667","Guatemala","GT","GTM","Suchitepéquez","minor","41543","1320760305"
"Yarumal","Yarumal","7.0000","-75.5000","Colombia","CO","COL","Antioquia","minor","41542","1170371045"
"Copán","Copan","14.8333","-89.1500","Honduras","HN","HND","Copán","","41542","1340766034"
"Tagudin","Tagudin","16.9361","120.4464","Philippines","PH","PHL","Ilocos Sur","","41538","1608233490"
"San Donà di Piave","San Dona di Piave","45.6298","12.5641","Italy","IT","ITA","Veneto","","41535","1380477303"
"Nalhāti","Nalhati","24.2940","87.8390","India","IN","IND","West Bengal","","41534","1356705146"
"Ventanas","Ventanas","-1.4500","-79.4700","Ecuador","EC","ECU","Los Ríos","minor","41531","1218067203"
"Sānand","Sanand","22.9800","72.3800","India","IN","IND","Gujarāt","","41530","1356038288"
"Puntarenas","Puntarenas","9.9667","-84.8333","Costa Rica","CR","CRI","Puntarenas","admin","41528","1188639267"
"Coram","Coram","40.8812","-73.0059","United States","US","USA","New York","","41527","1840005032"
"Redcliff","Redcliff","-19.0333","29.7833","Zimbabwe","ZW","ZWE","Midlands","","41526","1716966753"
"Mission","Mission","49.1337","-122.3112","Canada","CA","CAN","British Columbia","","41519","1124502601"
"Puerto Gaitán","Puerto Gaitan","4.3142","-72.0825","Colombia","CO","COL","Meta","minor","41513","1170781522"
"Barra dos Coqueiros","Barra dos Coqueiros","-10.9089","-37.0389","Brazil","BR","BRA","Sergipe","minor","41511","1076773193"
"Maloyaroslavets","Maloyaroslavets","55.0167","36.4667","Russia","RU","RUS","Kaluzhskaya Oblast’","minor","41511","1643014206"
"Vawkavysk","Vawkavysk","53.1667","24.4667","Belarus","BY","BLR","Hrodzyenskaya Voblasts’","minor","41510","1112164201"
"Marlboro","Marlboro","40.3427","-74.2567","United States","US","USA","New Jersey","","41506","1840081649"
"Villafranca del Panadés","Villafranca del Panades","41.0000","20.0000","Spain","ES","ESP","Catalonia","","41504","1724718493"
"Poti","Poti","42.1500","41.6667","Georgia","GE","GEO","Samegrelo-Zemo Svaneti","minor","41500","1268764439"
"Shimotsuma","Shimotsuma","36.1844","139.9675","Japan","JP","JPN","Ibaraki","","41499","1392100062"
"Teaneck","Teaneck","40.8900","-74.0107","United States","US","USA","New Jersey","","41499","1840081757"
"Zugdidi","Zugdidi","42.5081","41.8725","Georgia","GE","GEO","Samegrelo-Zemo Svaneti","admin","41494","1268300325"
"Kodīnar","Kodinar","20.8600","70.8000","India","IN","IND","Gujarāt","","41492","1356105422"
"Sagauli","Sagauli","26.7639","84.7434","India","IN","IND","Bihār","","41490","1356836241"
"Golāghāt","Golaghat","26.5200","93.9700","India","IN","IND","Assam","","41489","1356013906"
"Pīleru","Pileru","13.6549","78.9471","India","IN","IND","Andhra Pradesh","","41489","1356034538"
"Princeton","Princeton","25.5396","-80.3971","United States","US","USA","Florida","","41476","1840014248"
"Tuusula","Tuusula","60.4333","25.0500","Finland","FI","FIN","Uusimaa","minor","41475","1246218223"
"Igualada","Igualada","41.5833","1.6167","Spain","ES","ESP","Catalonia","","41466","1724444786"
"Sansanné-Mango","Sansanne-Mango","10.3556","0.4756","Togo","TG","TGO","Savanes","","41464","1768815814"
"Llavallol","Llavallol","-34.7667","-58.3833","Argentina","AR","ARG","Buenos Aires","","41463","1032288016"
"Desio","Desio","45.6167","9.2167","Italy","IT","ITA","Lombardy","","41463","1380553893"
"Memāri","Memari","23.2000","88.1200","India","IN","IND","West Bengal","","41451","1356560015"
"Nürtingen","Nurtingen","48.6333","9.3333","Germany","DE","DEU","Baden-Württemberg","","41447","1276408465"
"San Antonio del Monte","San Antonio del Monte","13.7167","-89.7333","El Salvador","SV","SLV","Sonsonate","","41439","1222683305"
"Banī Suhaylā","Bani Suhayla","31.3434","34.3234","Gaza Strip","XG","XGZ","","","41439","1916052157"
"Weslaco","Weslaco","26.1599","-97.9877","United States","US","USA","Texas","","41437","1840022258"
"Tabogon","Tabogon","10.9300","124.0300","Philippines","PH","PHL","Cebu","","41432","1608318557"
"Svay Rieng","Svay Rieng","11.0833","105.8000","Cambodia","KH","KHM","Svay Rieng","admin","41424","1116432743"
"Angoulême","Angouleme","45.6500","0.1600","France","FR","FRA","Nouvelle-Aquitaine","minor","41423","1250150112"
"Lusambo","Lusambo","-4.9729","23.4368","Congo (Kinshasa)","CD","COD","Sankuru","admin","41416","1180127290"
"Mondragon","Mondragon","12.5200","124.7500","Philippines","PH","PHL","Northern Samar","","41415","1608295984"
"Kendrāparha","Kendraparha","20.5000","86.4200","India","IN","IND","Odisha","","41404","1356476101"
"Villa Ángela","Villa Angela","-27.5833","-60.7167","Argentina","AR","ARG","Chaco","minor","41403","1032039944"
"Shelton","Shelton","41.3060","-73.1383","United States","US","USA","Connecticut","","41402","1840004840"
"Nebbi","Nebbi","2.4792","31.0900","Uganda","UG","UGA","Nebbi","admin","41400","1800598019"
"Marlborough","Marlborough","42.3494","-71.5468","United States","US","USA","Massachusetts","","41398","1840000427"
"Dunaújváros","Dunaujvaros","46.9833","18.9167","Hungary","HU","HUN","Dunaújváros","admin","41394","1348928583"
"Tortuguitas","Tortuguitas","-34.4750","-58.7556","Argentina","AR","ARG","Buenos Aires","","41390","1032762026"
"San","San","13.3004","-4.9000","Mali","ML","MLI","Ségou","minor","41386","1466198810"
"Schwabach","Schwabach","49.3292","11.0208","Germany","DE","DEU","Bavaria","minor","41380","1276017987"
"Naini Tal","Naini Tal","29.3919","79.4542","India","IN","IND","Uttarākhand","","41377","1356070793"
"Tozeur","Tozeur","33.9167","8.1333","Tunisia","TN","TUN","Tozeur","admin","41370","1788636202"
"São Miguel do Guamá","Sao Miguel do Guama","-1.6269","-47.4828","Brazil","BR","BRA","Pará","minor","41366","1076315330"
"Santa Cruz","Santa Cruz","17.0853","120.4553","Philippines","PH","PHL","Ilocos Sur","","41366","1608559758"
"Maulavi Bāzār","Maulavi Bazar","24.4889","91.7708","Bangladesh","BD","BGD","Sylhet","","41358","1050743879"
"Bambari","Bambari","5.7653","20.6742","Central African Republic","CF","CAF","Ouaka","admin","41356","1140304277"
"Kitaibaraki","Kitaibaraki","36.8019","140.7510","Japan","JP","JPN","Ibaraki","","41352","1392092741"
"Tuchín","Tuchin","9.1833","-75.5500","Colombia","CO","COL","Córdoba","minor","41345","1170331155"
"Obita","Obita","32.8253","129.8753","Japan","JP","JPN","Nagasaki","","41341","1392972610"
"Tezoyuca","Tezoyuca","19.7500","-99.1833","Mexico","MX","MEX","México","minor","41333","1484920679"
"Rāmganj Mandi","Ramganj Mandi","24.6472","75.9444","India","IN","IND","Rājasthān","","41328","1356742923"
"El Tocuyo","El Tocuyo","9.7822","-69.7931","Venezuela","VE","VEN","Lara","minor","41327","1862715800"
"Santo Antônio de Pádua","Santo Antonio de Padua","-21.5389","-42.1800","Brazil","BR","BRA","Rio de Janeiro","minor","41325","1076879205"
"Nurdağı","Nurdagi","37.1789","36.7397","Turkey","TR","TUR","Gaziantep","minor","41322","1792539353"
"Mahalapye","Mahalapye","-23.1041","26.8142","Botswana","BW","BWA","Central","","41316","1072304817"
"Uray","Uray","60.1333","64.8000","Russia","RU","RUS","Khanty-Mansiyskiy Avtonomnyy Okrug-Yugra","minor","41315","1643009149"
"Meïganga","Meiganga","6.5300","14.3700","Cameroon","CM","CMR","Adamaoua","","41314","1120789508"
"Arauquita","Arauquita","7.0303","-71.4356","Colombia","CO","COL","Arauca","minor","41309","1170159021"
"Milton","Milton","34.1353","-84.3139","United States","US","USA","Georgia","","41305","1840014738"
"San Lorenzo","San Lorenzo","13.4213","-87.4487","Honduras","HN","HND","Valle","","41297","1340596273"
"Alcala","Alcala","17.9031","121.6556","Philippines","PH","PHL","Cagayan","","41295","1608450739"
"Caloundra","Caloundra","-26.8047","153.1338","Australia","AU","AUS","Queensland","","41293","1036266942"
"Alcalde Díaz","Alcalde Diaz","9.1227","-79.5567","Panama","PA","PAN","Panamá","minor","41292","1591462898"
"Buchholz in der Nordheide","Buchholz in der Nordheide","53.3167","9.8667","Germany","DE","DEU","Lower Saxony","","41290","1276859084"
"Leigh","Leigh","53.4975","-2.5150","United Kingdom","GB","GBR","Wigan","","41275","1826341448"
"Jayamkondacholapuram","Jayamkondacholapuram","11.2127","79.3637","India","IN","IND","Tamil Nādu","","41273","1356333547"
"Zarinsk","Zarinsk","53.7089","84.9672","Russia","RU","RUS","Altayskiy Kray","","41272","1643009932"
"Cherupulasshēri","Cherupulassheri","10.8793","76.3148","India","IN","IND","Kerala","","41267","1356632601"
"Guácimo","Guacimo","10.2025","-83.6223","Costa Rica","CR","CRI","Limón","","41266","1188400409"
"Mikołów","Mikolow","50.1667","18.9000","Poland","PL","POL","Śląskie","minor","41266","1616187671"
"Wijchen","Wijchen","51.8067","5.7211","Netherlands","NL","NLD","Gelderland","minor","41261","1528300433"
"Panchimalco","Panchimalco","13.6167","-89.1833","El Salvador","SV","SLV","San Salvador","","41260","1222019251"
"Rancho Palos Verdes","Rancho Palos Verdes","33.7554","-118.3634","United States","US","USA","California","","41259","1840020508"
"Buxtehude","Buxtehude","53.4769","9.7011","Germany","DE","DEU","Lower Saxony","","41256","1276767530"
"Neumarkt","Neumarkt","49.2833","11.4667","Germany","DE","DEU","Bavaria","minor","41255","1276002746"
"Niquero","Niquero","20.0472","-77.5781","Cuba","CU","CUB","Granma","minor","41252","1192749445"
"Fredericia","Fredericia","55.5758","9.7617","Denmark","DK","DNK","Syddanmark","minor","41243","1208515471"
"Chaves","Chaves","41.7399","-7.4707","Portugal","PT","PRT","Vila Real","minor","41243","1620516049"
"Rozzano","Rozzano","45.3833","9.1500","Italy","IT","ITA","Lombardy","","41240","1380496948"
"Nordhausen","Nordhausen","51.5050","10.7911","Germany","DE","DEU","Thuringia","minor","41233","1276946322"
"Maayon","Maayon","11.3903","122.7828","Philippines","PH","PHL","Capiz","","41226","1608644841"
"Schweizer-Reineke","Schweizer-Reineke","-27.1833","25.3333","South Africa","ZA","ZAF","North West","","41226","1710776654"
"Lasam","Lasam","18.0700","121.6000","Philippines","PH","PHL","Cagayan","","41225","1608352483"
"Hallandale Beach","Hallandale Beach","25.9854","-80.1423","United States","US","USA","Florida","","41224","1840014237"
"Hoboken","Hoboken","51.1667","4.3667","Belgium","BE","BEL","Flanders","","41220","1056996414"
"Mangaratiba","Mangaratiba","-22.9600","-44.0408","Brazil","BR","BRA","Rio de Janeiro","minor","41220","1076292553"
"Sensuntepeque","Sensuntepeque","13.8667","-88.6333","El Salvador","SV","SLV","Cabañas","admin","41216","1222098918"
"Saundatti","Saundatti","15.7833","75.1167","India","IN","IND","Karnātaka","","41215","1356668148"
"Constitución","Constitucion","-35.3333","-72.4167","Chile","CL","CHL","Maule","","41207","1152065066"
"Bacong","Bacong","9.2464","123.2948","Philippines","PH","PHL","Negros Oriental","","41207","1608952649"
"Túquerres","Tuquerres","1.0833","-77.6167","Colombia","CO","COL","Nariño","minor","41205","1170724789"
"Woburn","Woburn","42.4869","-71.1543","United States","US","USA","Massachusetts","","41205","1840003124"
"Trikarpūr North","Trikarpur North","12.1439","75.1789","India","IN","IND","Kerala","","41201","1356094546"
"Shutayil","Shutayil","12.1439","75.1789","India","IN","IND","Kerala","","41201","1356626164"
"Brighton","Brighton","39.9716","-104.7963","United States","US","USA","Colorado","","41196","1840018784"
"Agar","Agar","23.7118","76.0157","India","IN","IND","Madhya Pradesh","","41193","1356322371"
"San Jose de Urquico","San Jose de Urquico","15.4781","120.4639","Philippines","PH","PHL","Tarlac","","41182","1608469501"
"Tanxia","Tanxia","23.9475","115.5361","China","CN","CHN","Guangdong","","41181","1156351090"
"Zákynthos","Zakynthos","37.8000","20.7500","Greece","GR","GRC","Ionía Nísia","minor","41180","1300442690"
"Claypole","Claypole","-34.8000","-58.3333","Argentina","AR","ARG","Buenos Aires","","41176","1032211279"
"Peddapalli","Peddapalli","18.6162","79.3832","India","IN","IND","Andhra Pradesh","","41171","1356814846"
"Villa Alsina","Villa Alsina","-34.6667","-58.4167","Argentina","AR","ARG","Buenos Aires","","41155","1032506308"
"Kirkkonummi","Kirkkonummi","60.1167","24.4333","Finland","FI","FIN","Uusimaa","minor","41154","1246425379"
"Sevilla","Sevilla","4.2689","-75.9361","Colombia","CO","COL","Valle del Cauca","minor","41153","1170453618"
"Geel","Geel","51.1661","4.9919","Belgium","BE","BEL","Flanders","","41146","1056650070"
"Indian Trail","Indian Trail","35.0699","-80.6452","United States","US","USA","North Carolina","","41146","1840016453"
"Santo Estêvão","Santo Estevao","-12.4300","-39.2508","Brazil","BR","BRA","Bahia","minor","41145","1076902466"
"Bilāsipāra","Bilasipara","26.2328","90.2341","India","IN","IND","Assam","","41145","1356018787"
"Timmins","Timmins","48.4667","-81.3333","Canada","CA","CAN","Ontario","","41145","1124760634"
"Guaduas","Guaduas","5.0694","-74.5981","Colombia","CO","COL","Cundinamarca","minor","41142","1170513211"
"Toritama","Toritama","-8.0067","-36.0567","Brazil","BR","BRA","Pernambuco","minor","41137","1076597056"
"Matiguás","Matiguas","12.8333","-85.4667","Nicaragua","NI","NIC","Matagalpa","minor","41127","1558837403"
"Paliā Kalān","Palia Kalan","28.4500","80.5833","India","IN","IND","Uttar Pradesh","","41126","1356677252"
"Torzhok","Torzhok","57.0333","34.9667","Russia","RU","RUS","Tverskaya Oblast’","minor","41116","1643710105"
"José Mármol","Jose Marmol","-34.7833","-58.3667","Argentina","AR","ARG","Buenos Aires","","41109","1032126414"
"Hālol","Halol","22.5000","73.4700","India","IN","IND","Gujarāt","","41108","1356085463"
"Washuk","Washuk","27.7231","64.8122","Pakistan","PK","PAK","Balochistan","","41107","1586033429"
"Ganta","Ganta","7.2375","-8.9814","Liberia","LR","LBR","Nimba","","41106","1430766691"
"Mambajao","Mambajao","9.2500","124.7200","Philippines","PH","PHL","Camiguin","admin","41094","1608281273"
"Embu","Embu","-0.5333","37.4500","Kenya","KE","KEN","Embu","admin","41092","1404376456"
"Huizen","Huizen","52.3000","5.2500","Netherlands","NL","NLD","Noord-Holland","minor","41090","1528154484"
"Ambam","Ambam","2.3833","11.2833","Cameroon","CM","CMR","Sud","","41089","1120379198"
"La Libertad","La Libertad","10.0300","123.2200","Philippines","PH","PHL","Negros Oriental","","41089","1608768196"
"Sevilla de Niefang","Sevilla de Niefang","1.8500","10.2500","Equatorial Guinea","GQ","GNQ","Centro Sur","","41084","1226184611"
"Rivas","Rivas","11.4393","-85.8270","Nicaragua","NI","NIC","Rivas","admin","41080","1558146594"
"Ambositra","Ambositra","-20.5294","47.2425","Madagascar","MG","MDG","Fianarantsoa","minor","41078","1450276194"
"Merano","Merano","46.6696","11.1594","Italy","IT","ITA","Trentino-Alto Adige","","41071","1380000095"
"Bujanovac","Bujanovac","42.4667","21.7667","Serbia","RS","SRB","Bujanovac","admin","41068","1688743477"
"Komoro","Komoro","36.3275","138.4258","Japan","JP","JPN","Nagano","","41066","1392003412"
"Ishaka","Ishaka","-0.5450","30.1383","Uganda","UG","UGA","Buhweju","","41063","1800035927"
"Sumoto","Sumoto","34.3500","134.9000","Japan","JP","JPN","Hyōgo","","41056","1392003227"
"Tagbina","Tagbina","8.4578","126.1578","Philippines","PH","PHL","Surigao del Sur","","41051","1608525528"
"Amami","Amami","28.3783","129.4944","Japan","JP","JPN","Okinawa","","41049","1392003169"
"Freiberg","Freiberg","50.9119","13.3428","Germany","DE","DEU","Saxony","minor","41045","1276914988"
"Pozi","Pozi","23.4611","120.2420","Taiwan","TW","TWN","Chiayi","","41043","1158227287"
"Arraiján","Arraijan","8.9398","-79.6404","Panama","PA","PAN","Panamá Oeste","minor","41041","1591458943"
"Boulogne-sur-Mer","Boulogne-sur-Mer","50.7264","1.6147","France","FR","FRA","Hauts-de-France","minor","41039","1250693185"
"Reynoldsburg","Reynoldsburg","39.9588","-82.7943","United States","US","USA","Ohio","","41032","1840009473"
"Unzen","Unzen","32.8353","130.1875","Japan","JP","JPN","Nagasaki","","41018","1392003351"
"Tampakan","Tampakan","6.4500","124.9300","Philippines","PH","PHL","South Cotabato","","41018","1608000995"
"Jerada","Jerada","34.3117","-2.1636","Morocco","MA","MAR","Oriental","","41014","1504230609"
"Ciudad Darío","Ciudad Dario","12.7167","-86.1167","Nicaragua","NI","NIC","Matagalpa","minor","41014","1558651455"
"Bazar-Korgon","Bazar-Korgon","41.0376","72.7459","Kyrgyzstan","KG","KGZ","Jalal-Abad","minor","41011","1417672814"
"Ciudad Vieja","Ciudad Vieja","14.5233","-90.7667","Guatemala","GT","GTM","Sacatepéquez","minor","41010","1320909841"
"Sarandë","Sarande","39.8770","20.0000","Albania","AL","ALB","Vlorë","","41000","1008879697"
"Dongyangshi","Dongyangshi","28.2133","113.3997","China","CN","CHN","Hunan","","41000","1156748835"
"Shengaocun","Shengaocun","32.5844","120.1336","China","CN","CHN","Jiangsu","","41000","1156325435"
"Dongluocun","Dongluocun","22.3994","107.6850","China","CN","CHN","Guangxi","","41000","1156449939"
"Segovia","Segovia","7.0781","-74.7017","Colombia","CO","COL","Antioquia","minor","41000","1170027654"
"Chambas","Chambas","22.1967","-78.9133","Cuba","CU","CUB","Ciego de Ávila","minor","41000","1192803412"
"Welling","Welling","51.4594","0.1097","United Kingdom","GB","GBR","Bexley","","41000","1826992580"
"Upper Hutt","Upper Hutt","-41.1333","175.0500","New Zealand","NZ","NZL","Wellington","","41000","1554000042"
"Gatunda","Gatunda","-1.4350","30.0211","Rwanda","RW","RWA","Eastern Province","","41000","1646499404"
"Romeoville","Romeoville","41.6318","-88.0997","United States","US","USA","Illinois","","40996","1840011489"
"Temryuk","Temryuk","45.2667","37.3667","Russia","RU","RUS","Krasnodarskiy Kray","minor","40994","1643588256"
"Hongfengcun","Hongfengcun","21.9231","111.9329","China","CN","CHN","Guangdong","","40985","1156556630"
"Wujie","Wujie","24.7000","121.7833","Taiwan","TW","TWN","Yilan","","40984","1158382320"
"Maplewood","Maplewood","44.9842","-93.0247","United States","US","USA","Minnesota","","40981","1840008937"
"Monterotondo","Monterotondo","42.0500","12.6167","Italy","IT","ITA","Lazio","","40979","1380326356"
"Patti","Patti","31.2800","74.8600","India","IN","IND","Punjab","","40976","1356157475"
"Esperantina","Esperantina","-3.9019","-42.2339","Brazil","BR","BRA","Piauí","minor","40970","1076676231"
"Paranaíba","Paranaiba","-19.6769","-51.1908","Brazil","BR","BRA","Mato Grosso do Sul","minor","40957","1076355277"
"Drogheda","Drogheda","53.7150","-6.3525","Ireland","IE","IRL","Louth","","40956","1372750233"
"Ilkeston","Ilkeston","52.9711","-1.3092","United Kingdom","GB","GBR","Derbyshire","","40953","1826289943"
"Lynnwood","Lynnwood","47.8284","-122.3033","United States","US","USA","Washington","","40953","1840019788"
"Nanbei","Nanbei","35.3167","139.1000","Japan","JP","JPN","Kanagawa","","40947","1392514585"
"Dowlatābād","Dowlatabad","32.8003","51.6958","Iran","IR","IRN","Eşfahān","minor","40945","1364977743"
"Maddela","Maddela","16.3411","121.6833","Philippines","PH","PHL","Quirino","","40943","1608762330"
"Pirmasens","Pirmasens","49.2000","7.6000","Germany","DE","DEU","Rhineland-Palatinate","minor","40941","1276000134"
"Lijiaxiang","Lijiaxiang","39.5556","116.4292","China","CN","CHN","Beijing","","40930","1156316550"
"Yingzhou Linchang","Yingzhou Linchang","18.4199","109.8553","China","CN","CHN","Hainan","","40925","1156474301"
"Salinópolis","Salinopolis","-0.6136","-47.3561","Brazil","BR","BRA","Pará","minor","40922","1076811443"
"Famagusta","Famagusta","35.1250","33.9417","Cyprus","CY","CYP","Ammóchostos","admin","40920","1196128852"
"Ciudad Piar","Ciudad Piar","7.4522","-63.3200","Venezuela","VE","VEN","Bolívar","minor","40918","1862507661"
"Colomiers","Colomiers","43.6139","1.3367","France","FR","FRA","Occitanie","","40916","1250882748"
"Dhamdāha","Dhamdaha","25.7435","87.1835","India","IN","IND","Bihār","","40916","1356885272"
"Muaná","Muana","-1.5283","-49.2167","Brazil","BR","BRA","Pará","minor","40906","1076581165"
"Delījān","Delijan","33.9903","50.6836","Iran","IR","IRN","Markazī","minor","40902","1364920781"
"Velika Plana","Velika Plana","44.3333","21.0833","Serbia","RS","SRB","Velika Plana","admin","40902","1688536735"
"Lancaster","Lancaster","39.7248","-82.6049","United States","US","USA","Ohio","","40902","1840003781"
"Covington","Covington","39.0334","-84.5166","United States","US","USA","Kentucky","","40902","1840014263"
"Jalalpur Bhattian","Jalalpur Bhattian","32.0644","73.3770","Pakistan","PK","PAK","Punjab","","40897","1586256278"
"Talukkara","Talukkara","10.9500","75.9097","India","IN","IND","Kerala","","40884","1356936127"
"Wattrelos","Wattrelos","50.7000","3.2170","France","FR","FRA","Hauts-de-France","","40881","1250832962"
"Meftah","Meftah","36.6167","3.2333","Algeria","DZ","DZA","Blida","","40878","1012473985"
"Kimry","Kimry","56.8667","37.3500","Russia","RU","RUS","Tverskaya Oblast’","minor","40875","1643056082"
"Apóstoles","Apostoles","-27.9167","-55.7667","Argentina","AR","ARG","Misiones","minor","40858","1032321516"
"Malilipot","Malilipot","13.3200","123.7300","Philippines","PH","PHL","Albay","","40857","1608138791"
"Patzicía","Patzicia","14.6317","-90.9269","Guatemala","GT","GTM","Chimaltenango","minor","40848","1320491635"
"Santo Tomas","Santo Tomas","16.2800","120.3800","Philippines","PH","PHL","La Union","","40846","1608081597"
"Tālcher","Talcher","20.9500","85.2300","India","IN","IND","Odisha","","40841","1356034796"
"Cuito Cuanavale","Cuito Cuanavale","-15.1667","19.1667","Angola","AO","AGO","Cuando Cubango","","40829","1024195525"
"Promissão","Promissao","-21.5369","-49.8583","Brazil","BR","BRA","São Paulo","minor","40828","1076199684"
"Anyuan","Anyuan","34.8808","105.2764","China","CN","CHN","Gansu","","40828","1156792298"
"Mount Juliet","Mount Juliet","36.1990","-86.5115","United States","US","USA","Tennessee","","40828","1840014465"
"Qādiān","Qadian","31.8192","75.3764","India","IN","IND","Punjab","","40827","1356976129"
"Friendswood","Friendswood","29.5110","-95.1981","United States","US","USA","Texas","","40827","1840020969"
"Fourou","Fourou","10.7397","-6.1439","Mali","ML","MLI","Sikasso","","40826","1466622425"
"Mobo","Mobo","12.3372","123.6581","Philippines","PH","PHL","Masbate","","40823","1608308283"
"Pāmban","Pamban","9.2790","79.2109","India","IN","IND","Tamil Nādu","","40822","1356135474"
"Thōtada","Thotada","11.8430","75.4214","India","IN","IND","Kerala","","40818","1356175626"
"Abadan","Abadan","38.0517","58.2100","Turkmenistan","TM","TKM","Ahal","","40813","1795394170"
"Germantown","Germantown","35.0829","-89.7824","United States","US","USA","Tennessee","","40812","1840013473"
"Compiègne","Compiegne","49.4149","2.8231","France","FR","FRA","Hauts-de-France","minor","40808","1250876040"
"Azrou","Azrou","33.4417","-5.2247","Morocco","MA","MAR","Fès-Meknès","","40808","1504585311"
"Saint-Germain-en-Laye","Saint-Germain-en-Laye","48.8989","2.0938","France","FR","FRA","Île-de-France","minor","40806","1250764383"
"Kitob","Kitob","39.1336","66.8819","Uzbekistan","UZ","UZB","Qashqadaryo","","40800","1860210417"
"Poissy","Poissy","48.9294","2.0456","France","FR","FRA","Île-de-France","","40792","1250776265"
"Currais Novos","Currais Novos","-6.2608","-36.5150","Brazil","BR","BRA","Rio Grande do Norte","minor","40791","1076200389"
"Gagny","Gagny","48.8833","2.5333","France","FR","FRA","Île-de-France","","40790","1250000251"
"Draguignan","Draguignan","43.5403","6.4667","France","FR","FRA","Provence-Alpes-Côte d’Azur","minor","40789","1250434593"
"Vallehermoso","Vallehermoso","10.3300","123.3200","Philippines","PH","PHL","Negros Oriental","","40779","1608255760"
"Mariinsk","Mariinsk","56.2000","87.7833","Russia","RU","RUS","Kemerovskaya Oblast’","","40779","1643015007"
"Vavveru","Vavveru","14.5594","79.8725","India","IN","IND","Andhra Pradesh","","40776","1356094343"
"Elmalı","Elmali","36.7333","29.9000","Turkey","TR","TUR","Antalya","minor","40774","1792211463"
"Gonābād","Gonabad","34.3575","58.6783","Iran","IR","IRN","Khorāsān-e Raẕavī","minor","40773","1364339411"
"Lancaster","Lancaster","32.5922","-96.7739","United States","US","USA","Texas","","40753","1840020714"
"Sidi Moussa","Sidi Moussa","36.6056","3.0886","Algeria","DZ","DZA","Blida","","40750","1012303678"
"Soria","Soria","41.7667","-2.4667","Spain","ES","ESP","Castille-Leon","minor","40750","1724106558"
"Baichigan","Baichigan","39.5317","115.9117","China","CN","CHN","Hebei","","40748","1156121364"
"Annapolis","Annapolis","38.9706","-76.5047","United States","US","USA","Maryland","admin","40744","1840005928"
"Meadow Woods","Meadow Woods","28.3698","-81.3467","United States","US","USA","Florida","","40741","1840029057"
"Sassuolo","Sassuolo","44.5517","10.7856","Italy","IT","ITA","Emilia-Romagna","","40736","1380620922"
"Lobo","Lobo","13.6473","121.2104","Philippines","PH","PHL","Batangas","","40736","1608882529"
"Kingswood","Kingswood","51.4600","-2.5050","United Kingdom","GB","GBR","South Gloucestershire","","40734","1826616515"
"Pie de Pató","Pie de Pato","5.5333","-77.0000","Colombia","CO","COL","Chocó","minor","40733","1170030072"
"Buddh Gaya","Buddh Gaya","24.6981","84.9869","India","IN","IND","Bihār","","40731","1356203235"
"Shanhe","Shanhe","35.4950","108.3519","China","CN","CHN","Gansu","minor","40728","1156310376"
"Katō","Kato","34.9167","134.9667","Japan","JP","JPN","Hyōgo","","40728","1392003309"
"Ōzu","Ozu","33.5000","132.5500","Japan","JP","JPN","Ehime","","40723","1392217388"
"Khowrmūj","Khowrmuj","28.6572","51.3811","Iran","IR","IRN","Būshehr","minor","40722","1364920877"
"Arys","Arys","42.4333","68.8000","Kazakhstan","KZ","KAZ","Türkistan","minor","40707","1398483570"
"Ipiaú","Ipiau","-14.1369","-39.7339","Brazil","BR","BRA","Bahia","minor","40706","1076023933"
"Dunstable","Dunstable","51.8860","-0.5210","United Kingdom","GB","GBR","Central Bedfordshire","","40699","1826601477"
"Vasto","Vasto","42.1115","14.7065","Italy","IT","ITA","Abruzzo","","40692","1380806117"
"Mambusao","Mambusao","11.4300","122.5953","Philippines","PH","PHL","Capiz","","40690","1608156919"
"Maragondon","Maragondon","14.2700","120.7300","Philippines","PH","PHL","Cavite","","40687","1608780945"
"Itabaianinha","Itabaianinha","-11.2739","-37.7900","Brazil","BR","BRA","Sergipe","minor","40678","1076633750"
"Qeshm","Qeshm","26.9494","56.2681","Iran","IR","IRN","Hormozgān","minor","40678","1364691339"
"Tomar","Tomar","39.6000","-8.4167","Portugal","PT","PRT","Santarém","minor","40677","1620168091"
"Sukuta","Sukuta","13.4167","-16.7000","Gambia, The","GM","GMB","West Coast","","40675","1270665671"
"Kadūr","Kadur","13.5529","76.0116","India","IN","IND","Karnātaka","","40674","1356837882"
"Westfield","Westfield","42.1382","-72.7561","United States","US","USA","Massachusetts","","40673","1840000463"
"Sint-Truiden","Sint-Truiden","50.8156","5.1868","Belgium","BE","BEL","Flanders","","40672","1056944500"
"Mundakkal","Mundakkal","11.3244","75.9928","India","IN","IND","Kerala","","40670","1356137745"
"Essex","Essex","39.3021","-76.4449","United States","US","USA","Maryland","","40670","1840005675"
