"Palm Desert","Palm Desert","33.7378","-116.3695","United States","US","USA","California","","51551","1840020555"
"Teramo","Teramo","42.6589","13.7039","Italy","IT","ITA","Abruzzo","minor","51548","1380348976"
"Tirupparangunram","Tirupparangunram","9.8815","78.0731","India","IN","IND","Tamil Nādu","","51543","1356018714"
"Cuihuangkou","Cuihuangkou","39.5322","117.1917","China","CN","CHN","Tianjin","","51541","1156044719"
"Tulsīpur","Tulsipur","28.1278","82.2956","Nepal","NP","NPL","Lumbinī","","51537","1524921574"
"Segovia","Segovia","40.9481","-4.1183","Spain","ES","ESP","Castille-Leon","minor","51525","1724953497"
"Peine","Peine","52.3203","10.2336","Germany","DE","DEU","Lower Saxony","minor","51521","1276331439"
"Bandō","Bando","36.0484","139.8887","Japan","JP","JPN","Ibaraki","","51511","1392946585"
"Zangāreddigūdem","Zangareddigudem","17.1229","81.2953","India","IN","IND","Andhra Pradesh","","51507","1356877137"
"Barri","Barri","51.4050","-3.2700","United Kingdom","GB","GBR","Vale of Glamorgan, The","","51502","1826605492"
"Baham","Baham","5.3333","10.4000","Cameroon","CM","CMR","Ouest","","51500","1120072101"
"Abdul Hakim","Abdul Hakim","30.5500","72.1328","Pakistan","PK","PAK","Punjab","","51494","1586991157"
"Râs el Oued","Ras el Oued","35.9497","5.0358","Algeria","DZ","DZA","Bordj Bou Arréridj","","51482","1012473490"
"Sombor","Sombor","45.7833","19.1167","Serbia","RS","SRB","Sombor","admin","51471","1688575779"
"Bantacan","Bantacan","7.5483","126.1381","Philippines","PH","PHL","Davao de Oro","","51466","1608426176"
"Porvoo","Porvoo","60.3944","25.6639","Finland","FI","FIN","Uusimaa","minor","51464","1246277728"
"Izumi","Izumi","32.0906","130.3528","Japan","JP","JPN","Kagoshima","","51450","1392003160"
"Mooresville","Mooresville","35.5847","-80.8266","United States","US","USA","North Carolina","","51447","1840016215"
"Viana","Viana","-3.2200","-45.0039","Brazil","BR","BRA","Maranhão","minor","51442","1076423280"
"Sūsangerd","Susangerd","31.5569","48.1894","Iran","IR","IRN","Khūzestān","minor","51431","1364486333"
"Willenhall","Willenhall","52.5798","-2.0605","United Kingdom","GB","GBR","Walsall","","51429","1826751733"
"Mangochi","Mangochi","-14.4722","35.2639","Malawi","MW","MWI","Mangochi","admin","51429","1454766726"
"Little Elm","Little Elm","33.1858","-96.9295","United States","US","USA","Texas","","51426","1840020640"
"Cerca la Source","Cerca la Source","19.1670","-71.7901","Haiti","HT","HTI","Centre","","51410","1332542335"
"Gabrovo","Gabrovo","42.8742","25.3178","Bulgaria","BG","BGR","Gabrovo","admin","51398","1100696135"
"Timashevsk","Timashevsk","45.6167","38.9333","Russia","RU","RUS","Krasnodarskiy Kray","minor","51398","1643049653"
"Encarnación de Díaz","Encarnacion de Diaz","21.5167","-102.2333","Mexico","MX","MEX","Jalisco","minor","51396","1484206173"
"Bootle","Bootle","53.4457","-2.9891","United Kingdom","GB","GBR","Sefton","","51394","1826320670"
"Stratford","Stratford","51.5423","-0.0026","United Kingdom","GB","GBR","Newham","","51387","1826465421"
"Morrinhos","Morrinhos","-17.7319","-49.1008","Brazil","BR","BRA","Goiás","minor","51351","1076391164"
"Glendora","Glendora","34.1449","-117.8467","United States","US","USA","California","","51350","1840020484"
"Nentón","Nenton","15.8000","-91.7500","Guatemala","GT","GTM","Huehuetenango","minor","51349","1320745927"
"Koumantou","Koumantou","11.4072","-6.8467","Mali","ML","MLI","Sikasso","","51348","1466346695"
"Gopālganj","Gopalganj","23.0000","89.8167","Bangladesh","BD","BGD","Dhaka","","51346","1050452906"
"Boukadir","Boukadir","36.0667","1.1333","Algeria","DZ","DZA","Chlef","","51340","1012118948"
"Burien","Burien","47.4762","-122.3394","United States","US","USA","Washington","","51331","1840018420"
"’Aïn Merane","'Ain Merane","36.1628","0.9706","Algeria","DZ","DZA","Relizane","","51326","1012000026"
"Tadmur","Tadmur","34.5504","38.2833","Syria","SY","SYR","Ḩimş","minor","51323","1760484707"
"Aliso Viejo","Aliso Viejo","33.5792","-117.7289","United States","US","USA","California","","51320","1840019321"
"Brandon","Brandon","49.8483","-99.9500","Canada","CA","CAN","Manitoba","","51313","1124239939"
"Kalawana","Kalawana","6.5391","80.4039","Sri Lanka","LK","LKA","Sabaragamuwa","","51307","1144289812"
"Sapé","Sape","-7.0950","-35.2328","Brazil","BR","BRA","Paraíba","minor","51306","1076665410"
"Lənkəran","Lankaran","38.7536","48.8511","Azerbaijan","AZ","AZE","Lənkəran","admin","51300","1031218031"
"Kyzyl-Kyya","Kyzyl-Kyya","40.2667","72.0500","Kyrgyzstan","KG","KGZ","Batken","","51300","1417902733"
"Puerto Francisco de Orellana","Puerto Francisco de Orellana","-0.4625","-76.9842","Ecuador","EC","ECU","Orellana","admin","51281","1218387446"
"Cutervo","Cutervo","-6.3778","-78.8167","Peru","PE","PER","Cajamarca","minor","51272","1604253488"
"Peranāmpattu","Peranampattu","12.9387","78.7028","India","IN","IND","Tamil Nādu","","51271","1356208271"
"Guarne","Guarne","6.2800","-75.4427","Colombia","CO","COL","Antioquia","minor","51265","1170977229"
"Tamalous","Tamalous","36.8361","6.6417","Algeria","DZ","DZA","Skikda","","51262","1012674952"
"Summerville","Summerville","33.0016","-80.1799","United States","US","USA","South Carolina","","51262","1840016886"
"Racibórz","Raciborz","50.0833","18.2333","Poland","PL","POL","Śląskie","minor","51257","1616829452"
"Rongat","Rongat","12.4667","92.9333","India","IN","IND","Andaman and Nicobar Islands","","51247","1356004057"
"Wāliṅ","Walin","27.9889","83.7675","Nepal","NP","NPL","","","51243","1524405522"
"Dartford","Dartford","51.4444","0.2172","United Kingdom","GB","GBR","Kent","","51240","1826535110"
"Dabhoi","Dabhoi","22.1376","73.4162","India","IN","IND","Gujarāt","","51240","1356266503"
"Turmero","Turmero","10.2283","-67.4725","Venezuela","VE","VEN","Aragua","minor","51235","1862335549"
"Montijo","Montijo","38.7049","-8.9757","Portugal","PT","PRT","Setúbal","minor","51222","1620226078"
"Collierville","Collierville","35.0470","-89.6987","United States","US","USA","Tennessee","","51212","1840016403"
"Speyer","Speyer","49.3194","8.4311","Germany","DE","DEU","Rhineland-Palatinate","minor","51203","1276684984"
"Tamiami","Tamiami","25.7556","-80.4016","United States","US","USA","Florida","","51201","1840029085"
"Wake Forest","Wake Forest","35.9632","-78.5140","United States","US","USA","North Carolina","","51199","1840016199"
"Tirumangalam","Tirumangalam","9.8216","77.9891","India","IN","IND","Tamil Nādu","","51194","1356214298"
"Herning","Herning","56.1333","8.9833","Denmark","DK","DNK","Midtjylland","minor","51193","1208998892"
"Salekhard","Salekhard","66.5333","66.6000","Russia","RU","RUS","Yamalo-Nenetskiy Avtonomnyy Okrug","admin","51188","1643083395"
"Bhavāni","Bhavani","11.4455","77.6821","India","IN","IND","Tamil Nādu","","51186","1356666227"
"Hoffman Estates","Hoffman Estates","42.0640","-88.1468","United States","US","USA","Illinois","","51186","1840011263"
"Puthuppariyāram","Puthuppariyaram","10.8036","76.6221","India","IN","IND","Kerala","","51185","1356160476"
"Mascouche","Mascouche","45.7500","-73.6000","Canada","CA","CAN","Quebec","","51183","1124001580"
"Sidlaghatta","Sidlaghatta","13.3900","77.8600","India","IN","IND","Karnātaka","","51159","1356672381"
"Arles","Arles","43.6767","4.6278","France","FR","FRA","Provence-Alpes-Côte d’Azur","minor","51156","1250682294"
"Korçë","Korce","40.6167","20.7667","Albania","AL","ALB","Korçë","admin","51152","1008361921"
"Leopoldina","Leopoldina","-21.5319","-42.6428","Brazil","BR","BRA","Minas Gerais","minor","51145","1076352077"
"Martin","Martin","49.0636","18.9214","Slovakia","SK","SVK","Žilina","minor","51139","1703554366"
"Tsukubamirai","Tsukubamirai","35.9631","140.0370","Japan","JP","JPN","Ibaraki","","51134","1392787574"
"Westfield","Westfield","40.0341","-86.1529","United States","US","USA","Indiana","","51109","1840010500"
"Columbus","Columbus","39.2093","-85.9183","United States","US","USA","Indiana","","51104","1840013714"
"Fuchū","Fuchu","34.3925","132.5044","Japan","JP","JPN","Hiroshima","","51096","1392003519"
"Barra","Barra","-11.0889","-43.1419","Brazil","BR","BRA","Bahia","minor","51092","1076053089"
"Brejo Santo","Brejo Santo","-7.4928","-38.9850","Brazil","BR","BRA","Ceará","minor","51090","1076816163"
"Marpalli","Marpalli","17.5389","77.7708","India","IN","IND","Andhra Pradesh","","51090","1356470150"
"Bowringpet","Bowringpet","12.9912","78.1780","India","IN","IND","Karnātaka","","51087","1356617296"
"Sar-e Pul","Sar-e Pul","36.2214","65.9278","Afghanistan","AF","AFG","Sar-e Pul","admin","51075","1004047427"
"Ocampo","Ocampo","13.5594","123.3761","Philippines","PH","PHL","Camarines Sur","","51073","1608626195"
"Bondy","Bondy","48.9022","2.4828","France","FR","FRA","Île-de-France","","51066","1250274671"
"Bestavārapeta","Bestavarapeta","15.5500","79.1167","India","IN","IND","Andhra Pradesh","","51062","1356187150"
"San Narciso","San Narciso","13.5677","122.5667","Philippines","PH","PHL","Quezon","","51058","1608673260"
"Salo","Salo","60.3861","23.1250","Finland","FI","FIN","Varsinais-Suomi","minor","51056","1246750581"
"Troy","Troy","42.7354","-73.6751","United States","US","USA","New York","","51054","1840003087"
"Hodal","Hodal","27.8940","77.3690","India","IN","IND","Haryāna","","51050","1356607451"
"Aurangābād","Aurangabad","27.8940","77.3690","India","IN","IND","Haryāna","","51050","1356561673"
"Fatwa","Fatwa","25.5096","85.3050","India","IN","IND","Bihār","","51047","1356835845"
"Rosso","Rosso","16.5128","-15.8050","Mauritania","MR","MRT","Trarza","admin","51026","1478524903"
"Três Pontas","Tres Pontas","-21.3669","-45.5128","Brazil","BR","BRA","Minas Gerais","minor","51024","1076017914"
"Shimencun","Shimencun","30.6265","120.4417","China","CN","CHN","Zhejiang","","51021","1156373452"
"Kot Mumin","Kot Mumin","32.1883","73.0286","Pakistan","PK","PAK","Punjab","","51021","1586835039"
"Weymouth","Weymouth","50.6097","-2.4547","United Kingdom","GB","GBR","Dorset","","51012","1826316742"
"Kalbā","Kalba","25.0742","56.3553","United Arab Emirates","AE","ARE","Ash Shāriqah","","51000","1784956003"
"Iormughanlo","Iormughanlo","41.5999","45.5278","Georgia","GE","GEO","K’akheti","","51000","1268988289"
"Country Club","Country Club","25.9407","-80.3102","United States","US","USA","Florida","","51000","1840029029"
"Andover","Andover","51.2080","-1.4800","United Kingdom","GB","GBR","Hampshire","","50999","1826277987"
"Umán","Uman","20.8833","-89.7500","Mexico","MX","MEX","Yucatán","","50993","1484028324"
"Malkara","Malkara","40.8933","26.9042","Turkey","TR","TUR","Tekirdağ","minor","50988","1792489159"
"Burleson","Burleson","32.5170","-97.3344","United States","US","USA","Texas","","50981","1840019467"
"Çiftlikköy","Ciftlikkoy","40.6500","29.3333","Turkey","TR","TUR","Yalova","minor","50974","1792919002"
"Tucurú","Tucuru","15.3000","-90.0667","Guatemala","GT","GTM","Alta Verapaz","minor","50971","1320241241"
"East Honolulu","East Honolulu","21.2975","-157.7211","United States","US","USA","Hawaii","","50961","1840039181"
"Teplice","Teplice","50.6444","13.8319","Czechia","CZ","CZE","Ústecký Kraj","","50959","1203801370"
"Horsham","Horsham","51.0620","-0.3250","United Kingdom","GB","GBR","West Sussex","","50934","1826018789"
"Levittown","Levittown","40.1533","-74.8531","United States","US","USA","Pennsylvania","","50930","1840005408"
"Cumbernauld","Cumbernauld","55.9450","-3.9940","United Kingdom","GB","GBR","North Lanarkshire","","50920","1826862515"
"Pardwāl","Pardwal","32.3286","76.1153","India","IN","IND","Himāchal Pradesh","","50920","1356125796"
"Djamaa","Djamaa","33.5333","6.0000","Algeria","DZ","DZA","Ouargla","","50916","1012061882"
"Guaxupé","Guaxupe","-21.3050","-46.7128","Brazil","BR","BRA","Minas Gerais","minor","50911","1076985230"
"Mishawaka","Mishawaka","41.6742","-86.1666","United States","US","USA","Indiana","","50907","1840014695"
"Tobias Barreto","Tobias Barreto","-11.1839","-37.9978","Brazil","BR","BRA","Sergipe","minor","50905","1076875751"
"Esher","Esher","51.3691","-0.3650","United Kingdom","GB","GBR","Surrey","","50904","1826230641"
"Kalamansig","Kalamansig","6.5700","124.0500","Philippines","PH","PHL","Sultan Kudarat","","50900","1608935312"
"Kosonsoy","Kosonsoy","41.2500","71.5500","Uzbekistan","UZ","UZB","Namangan","minor","50900","1860234389"
"Juruti","Juruti","-2.1519","-56.0919","Brazil","BR","BRA","Pará","","50881","1076008475"
"Babīlā","Babila","33.4710","36.3308","Syria","SY","SYR","Rīf Dimashq","minor","50880","1760722268"
"Grapevine","Grapevine","32.9343","-97.0742","United States","US","USA","Texas","","50875","1840020697"
"Gennevilliers","Gennevilliers","48.9256","2.2944","France","FR","FRA","Île-de-France","","50874","1250529722"
"Silkeborg","Silkeborg","56.1701","9.5652","Denmark","DK","DNK","Midtjylland","minor","50866","1208628878"
"Repalle","Repalle","16.0172","80.8294","India","IN","IND","Andhra Pradesh","","50866","1356083696"
"Cuyahoga Falls","Cuyahoga Falls","41.1641","-81.5207","United States","US","USA","Ohio","","50864","1840000795"
"Huaiyang","Huaiyang","37.7701","114.5312","China","CN","CHN","Hebei","minor","50859","1156226404"
"Mabini","Mabini","13.7496","120.9405","Philippines","PH","PHL","Batangas","","50858","1608253644"
"Skenderaj","Skenderaj","42.7467","20.7886","Kosovo","XK","XKS","Skenderaj","admin","50858","1901259570"
"Kyōtango","Kyotango","35.6242","135.0611","Japan","JP","JPN","Kyōto","","50857","1392003106"
"Miyako","Miyako","39.6414","141.9571","Japan","JP","JPN","Iwate","","50855","1392075695"
"Pontal","Pontal","-21.0225","-48.0372","Brazil","BR","BRA","São Paulo","minor","50852","1076651635"
"Campos do Jordão","Campos do Jordao","-22.7394","-45.5914","Brazil","BR","BRA","São Paulo","minor","50852","1076353308"
"Delano","Delano","35.7662","-119.2635","United States","US","USA","California","","50835","1840019151"
"Vigia","Vigia","-0.8578","-48.1419","Brazil","BR","BRA","Pará","minor","50832","1076728432"
"Phra Nakhon Si Ayutthaya","Phra Nakhon Si Ayutthaya","14.3478","100.5606","Thailand","TH","THA","Phra Nakhon Si Ayutthaya","admin","50830","1764002329"
"Livingston","Livingston","55.8834","-3.5157","United Kingdom","GB","GBR","West Lothian","","50826","1826286558"
"Nicoya","Nicoya","10.1024","-85.4431","Costa Rica","CR","CRI","Guanacaste","","50825","1188473245"
"Banī Walīd","Bani Walid","31.7619","14.0139","Libya","LY","LBY","Mişrātah","","50824","1434398590"
"Karamdiha","Karamdiha","24.4700","83.5500","India","IN","IND","Jhārkhand","","50821","1356741874"
"Enid","Enid","36.4063","-97.8700","United States","US","USA","Oklahoma","","50821","1840020373"
"Tŭrtkŭl","Turtkul","41.5500","61.0000","Uzbekistan","UZ","UZB","Qoraqalpog‘iston","","50800","1860664878"
"Geyve","Geyve","40.5089","30.2900","Turkey","TR","TUR","Sakarya","minor","50799","1792455082"
"Vyāra","Vyara","21.1200","73.4000","India","IN","IND","Gujarāt","","50789","1356850056"
"Whangarei","Whangarei","-35.7250","174.3236","New Zealand","NZ","NZL","Northland","admin","50784","1554000636"
"Zabīd","Zabid","14.2000","43.3167","Yemen","YE","YEM","Al Ḩudaydah","minor","50781","1887877995"
"Mahmudābād","Mahmudabad","27.3000","81.1200","India","IN","IND","Uttar Pradesh","","50777","1356107149"
"Saray","Saray","41.4411","27.9216","Turkey","TR","TUR","Tekirdağ","minor","50766","1792499882"
"Goshogawara","Goshogawara","40.8080","140.4401","Japan","JP","JPN","Aomori","","50757","1392003155"
"Milford city","Milford city","41.2255","-73.0625","United States","US","USA","Connecticut","","50749","1840028605"
"Jarash","Jarash","32.2806","35.8972","Jordan","JO","JOR","Jarash","admin","50745","1400505859"
"Zumpango","Zumpango","19.7969","-99.0992","Mexico","MX","MEX","México","minor","50742","1484625824"
"Marigot","Marigot","18.2317","-72.3229","Haiti","HT","HTI","Sud-Est","","50734","1332275185"
"Elmshorn","Elmshorn","53.7519","9.6511","Germany","DE","DEU","Schleswig-Holstein","","50728","1276091723"
"Snezhinsk","Snezhinsk","56.0833","60.7333","Russia","RU","RUS","Chelyabinskaya Oblast’","minor","50717","1643306230"
"Rio Tinto","Rio Tinto","41.1833","-8.5667","Portugal","PT","PRT","Porto","","50713","1620258719"
"Hinckley","Hinckley","52.5413","-1.3725","United Kingdom","GB","GBR","Leicestershire","","50712","1826014873"
"Ranchuelo","Ranchuelo","22.3358","-80.1131","Cuba","CU","CUB","Villa Clara","minor","50708","1192410848"
"Quirinópolis","Quirinopolis","-18.4483","-50.4517","Brazil","BR","BRA","Goiás","minor","50701","1076793896"
"Royal Leamington Spa","Royal Leamington Spa","52.2919","-1.5358","United Kingdom","GB","GBR","Warwickshire","","50699","1826633006"
"Bikramganj","Bikramganj","25.2107","84.2551","India","IN","IND","Bihār","","50698","1356504956"
"Agrínio","Agrinio","38.6167","21.4000","Greece","GR","GRC","Dytikí Elláda","minor","50690","1300351677"
"Cihanbeyli","Cihanbeyli","38.6581","32.9281","Turkey","TR","TUR","Konya","minor","50677","1792274655"
"Göksun","Goksun","38.0211","36.4917","Turkey","TR","TUR","Kahramanmaraş","minor","50676","1792304528"
"Mweka","Mweka","-4.8500","21.5667","Congo (Kinshasa)","CD","COD","Kasaï","","50675","1180140663"
"Chinchiná","Chinchina","4.9825","-75.6036","Colombia","CO","COL","Caldas","minor","50673","1170836479"
"Estância Velha","Estancia Velha","-29.6483","-51.1739","Brazil","BR","BRA","Rio Grande do Sul","minor","50672","1076521402"
"Lörrach","Lorrach","47.6167","7.6667","Germany","DE","DEU","Baden-Württemberg","minor","50670","1276104619"
"Sunāmganj","Sunamganj","25.0667","91.4000","Bangladesh","BD","BGD","Sylhet","","50664","1050577147"
"Emden","Emden","53.3669","7.2061","Germany","DE","DEU","Lower Saxony","minor","50659","1276309938"
"Neath","Neath","51.6600","-3.8100","United Kingdom","GB","GBR","Neath Port Talbot","","50658","1826679432"
"Chinnamanūr","Chinnamanur","9.8422","77.3857","India","IN","IND","Tamil Nādu","","50635","1356280366"
"Fafe","Fafe","41.4500","-8.1667","Portugal","PT","PRT","Braga","minor","50633","1620607091"
"Cataingan","Cataingan","12.0028","123.9944","Philippines","PH","PHL","Masbate","","50623","1608181917"
"Viramgām","Viramgam","23.1200","72.0300","India","IN","IND","Gujarāt","","50612","1356782098"
"Vyazma","Vyazma","55.2107","34.2912","Russia","RU","RUS","Smolenskaya Oblast’","minor","50611","1643507171"
"Skien","Skien","59.2096","9.6090","Norway","NO","NOR","Vestfold og Telemark","admin","50607","1578807356"
"Albi","Albi","43.9289","2.1464","France","FR","FRA","Occitanie","minor","50605","1250988425"
"Massy","Massy","48.7309","2.2713","France","FR","FRA","Île-de-France","","50597","1250651220"
"Haskah Mēnah","Haskah Menah","34.1000","70.4667","Afghanistan","AF","AFG","Nangarhār","","50595","1004312725"
"Jaru","Jaru","-10.4389","-62.4664","Brazil","BR","BRA","Rondônia","minor","50591","1076089235"
"Sakaidechō","Sakaidecho","34.3167","133.8667","Japan","JP","JPN","Kagawa","","50577","1392517231"
"Arao","Arao","32.9867","130.4331","Japan","JP","JPN","Kumamoto","","50570","1392439718"
"Ānaiyūr","Anaiyur","9.9615","78.1118","India","IN","IND","Tamil Nādu","","50569","1356235431"
"Kosamba","Kosamba","21.4800","72.9500","India","IN","IND","Gujarāt","","50568","1356115362"
"Saint-Herblain","Saint-Herblain","47.2122","-1.6497","France","FR","FRA","Pays de la Loire","","50561","1250679034"
"La Calera","La Calera","-32.7867","-71.1972","Chile","CL","CHL","Valparaíso","","50554","1152388166"
"El Dorado Hills","El Dorado Hills","38.6750","-121.0490","United States","US","USA","California","","50553","1840017565"
"Adeje","Adeje","28.1167","-16.7167","Spain","ES","ESP","Canary Islands","","50549","1724394126"
"Clacton-on-Sea","Clacton-on-Sea","51.7918","1.1457","United Kingdom","GB","GBR","Essex","","50548","1826044595"
"Cava de’ Tirreni","Cava de' Tirreni","40.7008","14.7056","Italy","IT","ITA","Campania","","50539","1380826204"
"Jaspur","Jaspur","29.2833","78.8167","India","IN","IND","Uttarākhand","","50523","1356100934"
"Nichinan","Nichinan","31.6019","131.3786","Japan","JP","JPN","Miyazaki","","50518","1392942618"
"Acireale","Acireale","37.6125","15.1656","Italy","IT","ITA","Sicilia","","50515","1380128872"
"Susono","Susono","35.1739","138.9068","Japan","JP","JPN","Shizuoka","","50510","1392001986"
"Beni Enzar","Beni Enzar","35.2667","-2.9333","Morocco","MA","MAR","Oriental","","50508","1504616684"
"Gloria","Gloria","12.9722","121.4778","Philippines","PH","PHL","Oriental Mindoro","","50496","1608174467"
"Irákleio","Irakleio","38.0500","23.7667","Greece","GR","GRC","Attikí","minor","50494","1300476566"
"El Nido","El Nido","11.1956","119.4075","Philippines","PH","PHL","Palawan","","50494","1608909858"
"Maḩmūd-e Rāqī","Mahmud-e Raqi","35.0206","69.3306","Afghanistan","AF","AFG","Kāpīsā","admin","50490","1004151943"
"Amahai","Amahai","-3.3439","128.9322","Indonesia","ID","IDN","Maluku","minor","50478","1360767250"
"Kotka","Kotka","60.4667","26.9417","Finland","FI","FIN","Kymenlaakso","minor","50477","1246200320"
"Forbesganj","Forbesganj","26.3000","87.2650","India","IN","IND","Bihār","","50475","1356077404"
"San Ignacio","San Ignacio","-26.8876","-57.0230","Paraguay","PY","PRY","Misiones","","50468","1600346775"
"Haverford","Haverford","39.9868","-75.3164","United States","US","USA","Pennsylvania","","50465","1840152844"
"Naviraí","Navirai","-23.0650","-54.1908","Brazil","BR","BRA","Mato Grosso do Sul","minor","50457","1076724628"
"Hunedoara","Hunedoara","45.7697","22.9203","Romania","RO","ROU","Hunedoara","admin","50457","1642078107"
"Bas Limbé","Bas Limbe","19.7684","-72.3847","Haiti","HT","HTI","Nord","","50456","1332588396"
"Tūyserkān","Tuyserkan","34.5528","48.4417","Iran","IR","IRN","Hamadān","minor","50455","1364054847"
"Laksar","Laksar","29.7490","78.0240","India","IN","IND","Uttarākhand","","50450","1356563386"
"Irondequoit","Irondequoit","43.2096","-77.5705","United States","US","USA","New York","","50438","1840058201"
"Youfangcun","Youfangcun","37.0049","115.7768","China","CN","CHN","Hebei","","50436","1156580680"
"Cabreúva","Cabreuva","-23.3075","-47.1331","Brazil","BR","BRA","São Paulo","minor","50429","1076162837"
"El Talar de Pacheco","El Talar de Pacheco","-34.4719","-58.6550","Argentina","AR","ARG","Buenos Aires","","50426","1032391611"
"Bar Bigha","Bar Bigha","25.2186","85.7332","India","IN","IND","Bihār","","50424","1356047864"
"Tūndla","Tundla","27.2146","78.2368","India","IN","IND","Uttar Pradesh","","50423","1356798262"
"Boa Viagem","Boa Viagem","-5.1278","-39.7319","Brazil","BR","BRA","Ceará","minor","50411","1076584216"
"Bindura","Bindura","-17.3000","31.3333","Zimbabwe","ZW","ZWE","Mashonaland Central","admin","50400","1716331687"
"Bangued","Bangued","17.6000","120.6200","Philippines","PH","PHL","Abra","admin","50382","1608442037"
"Aringay","Aringay","16.3982","120.3555","Philippines","PH","PHL","La Union","","50380","1608034182"
"Tanjombato","Tanjombato","-18.9603","47.5332","Madagascar","MG","MDG","Antananarivo","","50373","1450363732"
"Ampitatafika","Ampitatafika","-18.9388","47.4773","Madagascar","MG","MDG","Fianarantsoa","","50373","1450438823"
"Chaparral","Chaparral","3.7500","-75.5833","Colombia","CO","COL","Tolima","minor","50367","1170193964"
"Plaisance","Plaisance","19.5980","-72.4699","Haiti","HT","HTI","Nord","","50367","1332601700"
"Wao","Wao","7.6404","124.7257","Philippines","PH","PHL","Lanao del Sur","","50366","1608411072"
"Chbar Mon","Chbar Mon","11.4533","104.5208","Cambodia","KH","KHM","Kampong Speu","","50359","1116044649"
"Ma‘ān","Ma`an","30.1962","35.7341","Jordan","JO","JOR","Ma‘ān","admin","50350","1400670443"
"Rosemead","Rosemead","34.0689","-118.0823","United States","US","USA","California","","50340","1840020495"
"Amulung","Amulung","17.8387","121.7235","Philippines","PH","PHL","Cagayan","","50336","1608751634"
"Karapınar","Karapinar","37.7147","33.5508","Turkey","TR","TUR","Konya","minor","50323","1792985511"
"Cojutepeque","Cojutepeque","13.7167","-88.9333","El Salvador","SV","SLV","Cuscatlán","admin","50315","1222979186"
"Chinú","Chinu","9.0833","-75.3333","Colombia","CO","COL","Córdoba","minor","50313","1170780523"
"Bāghpat","Baghpat","28.9500","77.2200","India","IN","IND","Uttar Pradesh","","50310","1356272989"
"Floreşti","Floresti","46.7475","23.4908","Romania","RO","ROU","Cluj","","50307","1642926208"
"Peñablanca","Penablanca","17.6258","121.7853","Philippines","PH","PHL","Cagayan","","50300","1608098995"
"Rho","Rho","45.5333","9.0333","Italy","IT","ITA","Lombardy","","50299","1380877337"
"Beveren","Beveren","51.2000","4.2500","Belgium","BE","BEL","Flanders","","50281","1056581431"
"Donsol","Donsol","12.9083","123.5981","Philippines","PH","PHL","Sorsogon","","50281","1608774508"
"Rowley Regis","Rowley Regis","52.4880","-2.0500","United Kingdom","GB","GBR","Sandwell","","50257","1826180390"
"Goslar","Goslar","51.9072","10.4300","Germany","DE","DEU","Lower Saxony","minor","50253","1276608610"
"Artur Nogueira","Artur Nogueira","-22.5731","-47.1725","Brazil","BR","BRA","São Paulo","minor","50246","1076283170"
"Bhawānīpur Rājdhām","Bhawanipur Rajdham","25.6501","87.1396","India","IN","IND","Bihār","","50234","1356738539"
"McLean","McLean","38.9436","-77.1943","United States","US","USA","Virginia","","50232","1840006018"
"Lakewood","Lakewood","41.4822","-81.8008","United States","US","USA","Ohio","","50229","1840000608"
"Al Hoceïma","Al Hoceima","35.2472","-3.9322","Morocco","MA","MAR","Tanger-Tétouan-Al Hoceïma","","50225","1504990575"
"Houten","Houten","52.0261","5.1728","Netherlands","NL","NLD","Utrecht","minor","50223","1528005173"
"Yūki","Yuki","36.3055","139.8766","Japan","JP","JPN","Ibaraki","","50218","1392722230"
"Willich","Willich","51.2631","6.5492","Germany","DE","DEU","North Rhine-Westphalia","","50212","1276849706"
"Gombong","Gombong","-7.6000","109.5167","Indonesia","ID","IDN","Jawa Tengah","","50200","1360408971"
"Nes Ẕiyyona","Nes Ziyyona","31.9333","34.8000","Israel","IL","ISR","Central","","50200","1376745785"
"Ghŭlakandoz","Ghulakandoz","40.1617","69.4678","Tajikistan","TJ","TJK","Sughd","","50200","1762073547"
"Nakagawa","Nakagawa","33.4994","130.4222","Japan","JP","JPN","Fukuoka","","50186","1392003507"
"Palpalá","Palpala","-24.2500","-65.1167","Argentina","AR","ARG","Jujuy","minor","50183","1032181212"
"Hamada","Hamada","34.8992","132.0964","Japan","JP","JPN","Shimane","","50176","1392003345"
"Jeffersonville","Jeffersonville","38.3376","-85.7026","United States","US","USA","Indiana","","50176","1840008642"
"Gopālpur","Gopalpur","24.5601","89.9218","Bangladesh","BD","BGD","Dhaka","","50160","1050090584"
"Draper","Draper","40.4957","-111.8605","United States","US","USA","Utah","","50159","1840018747"
"Gronau","Gronau","52.2125","7.0417","Germany","DE","DEU","North Rhine-Westphalia","","50151","1276262054"
"Qinhe","Qinhe","36.5014","112.3247","China","CN","CHN","Shanxi","minor","50143","1156264789"
"Cardona","Cardona","14.4861","121.2289","Philippines","PH","PHL","Rizal","","50143","1608017809"
"Covina","Covina","34.0903","-117.8818","United States","US","USA","California","","50143","1840019241"
"Bang Bua Thong","Bang Bua Thong","13.9102","100.4258","Thailand","TH","THA","Nonthaburi","minor","50141","1764694888"
"Scarborough","Scarborough","54.2825","-0.4000","United Kingdom","GB","GBR","North Yorkshire","","50135","1826723231"
"Ercolano","Ercolano","40.8068","14.3526","Italy","IT","ITA","Campania","","50124","1380009957"
"Sour el Ghozlane","Sour el Ghozlane","36.1472","3.6906","Algeria","DZ","DZA","Bouira","","50120","1012741522"
"Déressia","Deressia","9.7603","16.2697","Chad","TD","TCD","Tandjilé","","50113","1148460531"
"Itararé","Itarare","-24.1125","-49.3317","Brazil","BR","BRA","São Paulo","minor","50105","1076167358"
"Metpalli","Metpalli","18.8492","78.6261","India","IN","IND","Andhra Pradesh","","50092","1356583037"
"Bhadrāchalam","Bhadrachalam","17.6669","80.8826","India","IN","IND","Andhra Pradesh","","50087","1356456973"
"Francisco I. Madero","Francisco I. Madero","25.7753","-103.2731","Mexico","MX","MEX","Coahuila","minor","50084","1484764993"
"Sfântu-Gheorghe","Sfantu-Gheorghe","45.8636","25.7875","Romania","RO","ROU","Covasna","admin","50080","1642189178"
"São José do Rio Pardo","Sao Jose do Rio Pardo","-21.5958","-46.8889","Brazil","BR","BRA","São Paulo","minor","50077","1076381687"
"Tubod","Tubod","8.0500","123.8000","Philippines","PH","PHL","Lanao del Norte","admin","50073","1608442374"
"Biaora","Biaora","23.9163","76.9112","India","IN","IND","Madhya Pradesh","","50061","1356147862"
"Yerba Buena","Yerba Buena","-26.8167","-65.3167","Argentina","AR","ARG","Tucumán","minor","50057","1032992557"
"Wolossébougou","Wolossebougou","11.9989","-7.9140","Mali","ML","MLI","Koulikoro","","50056","1466707380"
"Yasu","Yasu","35.0667","136.0333","Japan","JP","JPN","Shiga","","50049","1392205770"
"Miyoshi","Miyoshi","34.8000","132.8500","Japan","JP","JPN","Hiroshima","","50046","1392714419"
"Hassan Abdal","Hassan Abdal","33.8195","72.6890","Pakistan","PK","PAK","Punjab","","50044","1586993764"
"Mazara del Vallo","Mazara del Vallo","37.6517","12.5875","Italy","IT","ITA","Sicilia","","50039","1380643775"
"Leith","Leith","55.9800","-3.1700","United Kingdom","GB","GBR","Edinburgh, City of","","50030","1826964931"
"Pamplona","Pamplona","7.3781","-72.6525","Colombia","CO","COL","Norte de Santander","minor","50025","1170275020"
"Erftstadt","Erftstadt","50.8167","6.7667","Germany","DE","DEU","North Rhine-Westphalia","","50018","1276479094"
"Weert","Weert","51.2510","5.7090","Netherlands","NL","NLD","Limburg","minor","50011","1528448216"
"Krems an der Donau","Krems an der Donau","48.4167","15.6167","Austria","AT","AUT","Niederösterreich","minor","50000","1040577668"
"Bandar Seri Begawan","Bandar Seri Begawan","4.8903","114.9422","Brunei","BN","BRN","Brunei dan Muara","primary","50000","1096465895"
"Kahemba","Kahemba","-7.2829","19.0000","Congo (Kinshasa)","CD","COD","Kwango","","50000","1180689417"
"Gutao","Gutao","37.2000","112.1500","China","CN","CHN","Shanxi","minor","50000","1156151766"
"Xiayang","Xiayang","26.4906","113.7708","China","CN","CHN","Hunan","minor","50000","1156294703"
"Dongxishan","Dongxishan","27.7056","111.8561","China","CN","CHN","Hunan","","50000","1156637764"
"Xiazhai","Xiazhai","27.7038","107.0880","China","CN","CHN","Guizhou","","50000","1156893074"
"Jieshangya","Jieshangya","29.5050","110.7653","China","CN","CHN","Hunan","","50000","1156116857"
"Saoula","Saoula","36.7000","3.0167","Algeria","DZ","DZA","Tipaza","","50000","1012956738"
"’Aïn el Turk","'Ain el Turk","35.7408","-0.7492","Algeria","DZ","DZA","Oran","","50000","1012709372"
"Semera","Semera","11.7922","41.0086","Ethiopia","ET","ETH","Āfar","admin","50000","1231617820"
"Bogoso","Bogoso","5.5675","-2.0137","Ghana","GH","GHA","Western","","50000","1288602735"
"Chiplūn","Chiplun","17.5300","73.5200","India","IN","IND","Mahārāshtra","","50000","1356919598"
"Sāha","Saha","30.3000","76.9667","India","IN","IND","Haryāna","","50000","1356562975"
"Sujānpur","Sujanpur","32.3127","75.6012","India","IN","IND","Punjab","","50000","1356488985"
"Shiv","Shiv","26.1831","71.2500","India","IN","IND","Rājasthān","","50000","1356291966"
"Wālidpur","Walidpur","26.0583","83.3778","India","IN","IND","Uttar Pradesh","","50000","1356508446"
"Qabb Eliâs","Qabb Elias","33.7986","35.8250","Lebanon","LB","LBN","Béqaa","","50000","1422087652"
"El Ghâzîyé","El Ghaziye","33.5186","35.3661","Lebanon","LB","LBN","Liban-Sud","","50000","1422216263"
"Aarsâl","Aarsal","34.1794","36.4208","Lebanon","LB","LBN","Baalbek-Hermel","","50000","1422612862"
"Iju","Iju","6.6107","3.0857","Nigeria","NG","NGA","Ogun","","50000","1566694893"
"Ikot Okoro","Ikot Okoro","4.9000","7.7167","Nigeria","NG","NGA","Akwa Ibom","","50000","1566577228"
"Harderwijk","Harderwijk","52.3506","5.6172","Netherlands","NL","NLD","Gelderland","minor","50000","1528263150"
"Sechura","Sechura","-5.5576","-80.8223","Peru","PE","PER","Piura","","50000","1604728914"
"Chak Thirty-six North Branch","Chak Thirty-six North Branch","32.1261","72.7297","Pakistan","PK","PAK","Punjab","","50000","1586793706"
"Rukan","Rukan","32.4236","73.2722","Pakistan","PK","PAK","Punjab","","50000","1586002005"
"Buni","Buni","36.2728","72.2597","Pakistan","PK","PAK","Khyber Pakhtunkhwa","","50000","1586804859"
"Chak Sixty-one Gugera Branch","Chak Sixty-one Gugera Branch","31.5875","73.6897","Pakistan","PK","PAK","Punjab","","50000","1586944611"
"Al Wajh","Al Wajh","26.2324","36.4636","Saudi Arabia","SA","SAU","Tabūk","minor","50000","1682508460"
"Abū Ḩamad","Abu Hamad","19.5375","33.3275","Sudan","SD","SDN","River Nile","","50000","1729554381"
"Godinlabe","Godinlabe","5.8794","46.6308","Somalia","SO","SOM","Galguduud","","50000","1706143900"
"Ceel Dheere","Ceel Dheere","5.3686","46.1913","Somalia","SO","SOM","Galguduud","","50000","1706349687"
"Mao","Mao","14.1194","15.3133","Chad","TD","TCD","Kanem","admin","50000","1148740154"
"Tukuyu","Tukuyu","-9.2500","33.6500","Tanzania","TZ","TZA","Mbeya","","50000","1834960117"
"Kyaliwajjala","Kyaliwajjala","0.3800","32.6467","Uganda","UG","UGA","Wakiso","","50000","1800975843"
"Sakubva","Sakubva","-18.9833","32.6500","Zimbabwe","ZW","ZWE","Manicaland","","50000","1716474556"
"Kizlyar","Kizlyar","43.8500","46.7167","Russia","RU","RUS","Dagestan","minor","49999","1643912106"
"Louveira","Louveira","-23.0864","-46.9506","Brazil","BR","BRA","São Paulo","minor","49993","1076393293"
"Al Khārjah","Al Kharjah","25.4400","30.5500","Egypt","EG","EGY","Al Wādī al Jadīd","admin","49991","1818872500"
"Sihorā","Sihora","23.4871","80.1040","India","IN","IND","Madhya Pradesh","","49988","1356579413"
"Chatrā","Chatra","24.2064","84.8708","India","IN","IND","Jhārkhand","","49985","1356105725"
"Rovigo","Rovigo","45.0809","11.7940","Italy","IT","ITA","Veneto","minor","49985","1380037431"
"Parāsia","Parasia","22.1913","78.7590","India","IN","IND","Madhya Pradesh","","49979","1356420197"
"Satte","Satte","36.0781","139.7259","Japan","JP","JPN","Saitama","","49961","1392499681"
"Chake Chake","Chake Chake","-5.2395","39.7700","Tanzania","TZ","TZA","Pemba South","admin","49959","1834409018"
"Middelburg","Middelburg","51.4997","3.6136","Netherlands","NL","NLD","Zeeland","admin","49956","1528241984"
"Chahār Dangeh","Chahar Dangeh","35.6056","51.3092","Iran","IR","IRN","Tehrān","","49950","1364382390"
"Freising","Freising","48.4028","11.7489","Germany","DE","DEU","Bavaria","minor","49939","1276519005"
"Simraungaḍh","Simraungadh","26.8893","85.1168","Nepal","NP","NPL","","","49939","1524001163"
"Tiflet","Tiflet","33.8931","-6.3069","Morocco","MA","MAR","Rabat-Salé-Kénitra","","49918","1504661999"
"Muktāgācha","Muktagacha","24.7668","90.2573","Bangladesh","BD","BGD","Mymensingh","","49915","1050147298"
"Ejeda","Ejeda","-24.3415","44.5178","Madagascar","MG","MDG","Toliara","","49915","1450979491"
"Janīn","Janin","32.4594","35.3009","West Bank","XW","XWB","","","49908","1934524373"
"Murray","Murray","40.6498","-111.8874","United States","US","USA","Utah","","49904","1840020159"
"Shankou","Shankou","24.5455","116.4151","China","CN","CHN","Guangdong","","49896","1156084557"
"Heidenheim","Heidenheim","48.6761","10.1544","Germany","DE","DEU","Baden-Württemberg","minor","49895","1276168895"
"Al Ma‘allā’","Al Ma`alla'","12.7897","45.0064","Yemen","YE","YEM","‘Adan","minor","49891","1887620650"
"Downers Grove","Downers Grove","41.7949","-88.0172","United States","US","USA","Illinois","","49867","1840011404"
"Stouffville","Stouffville","43.9667","-79.2500","Canada","CA","CAN","Ontario","","49864","1124207594"
"Hilsa","Hilsa","25.3200","85.2800","India","IN","IND","Bihār","","49863","1356503158"
"Poprad","Poprad","49.0500","20.3000","Slovakia","SK","SVK","Prešov","minor","49855","1703451549"
"Nanjian","Nanjian","25.0531","100.5231","China","CN","CHN","Yunnan","minor","49854","1156761643"
"Horishni Plavni","Horishni Plavni","49.0167","33.6667","Ukraine","UA","UKR","Poltavska Oblast","","49854","1804828787"
"Neyrīz","Neyriz","29.1928","54.3197","Iran","IR","IRN","Fārs","minor","49850","1364086742"
"Tepeapulco","Tepeapulco","19.7856","-98.5517","Mexico","MX","MEX","Hidalgo","minor","49850","1484457950"
"Rheda-Wiedenbrück","Rheda-Wiedenbruck","51.8417","8.3000","Germany","DE","DEU","North Rhine-Westphalia","","49849","1276045371"
"Pananaw","Pananaw","5.9800","121.2500","Philippines","PH","PHL","Sulu","","49849","1608891560"
"Xankəndi","Xankandi","39.8153","46.7519","Azerbaijan","AZ","AZE","Xankəndi","","49848","1031053512"
"Leonberg","Leonberg","48.8014","9.0131","Germany","DE","DEU","Baden-Württemberg","","49845","1276002040"
"Boaco","Boaco","12.4667","-85.6667","Nicaragua","NI","NIC","Boaco","admin","49839","1558023610"
"Nohar","Nohar","29.1800","74.7700","India","IN","IND","Rājasthān","","49835","1356119870"
"Östersund","Ostersund","63.1833","14.6500","Sweden","SE","SWE","Jämtland","admin","49806","1752026711"
"Cerquilho Velho","Cerquilho Velho","-23.1650","-47.7436","Brazil","BR","BRA","São Paulo","minor","49802","1076117670"
"Hannan","Hannan","34.3597","135.2394","Japan","JP","JPN","Ōsaka","","49794","1392003274"
"El Meghaïer","El Meghaier","33.9506","5.9242","Algeria","DZ","DZA","El Meghaier","admin","49793","1012153214"
"Concepción","Concepcion","-27.3333","-65.5833","Argentina","AR","ARG","Tucumán","minor","49782","1032935670"
"Chitral","Chitral","35.8461","71.7858","Pakistan","PK","PAK","Khyber Pakhtunkhwa","minor","49780","1586861716"
"Straubing","Straubing","48.8833","12.5667","Germany","DE","DEU","Bavaria","minor","49775","1276278805"
"Novovolynsk","Novovolynsk","50.7333","24.1667","Ukraine","UA","UKR","Volynska Oblast","","49772","1804052073"
"Bhainsa","Bhainsa","19.1000","77.9667","India","IN","IND","Andhra Pradesh","","49764","1356798697"
"Pontevedra","Pontevedra","11.4800","122.8300","Philippines","PH","PHL","Capiz","","49725","1608713952"
"Selibe Phikwe","Selibe Phikwe","-21.9667","27.9167","Botswana","BW","BWA","Selibe Phikwe","admin","49724","1072308184"
"Karviná","Karvina","49.8542","18.5428","Czechia","CZ","CZE","Moravskoslezský Kraj","","49724","1203738904"
"Perintalmanna","Perintalmanna","10.9765","76.2269","India","IN","IND","Kerala","","49723","1356811920"
"Padrauna","Padrauna","26.9000","83.9800","India","IN","IND","Uttar Pradesh","","49723","1356332075"
"Finike","Finike","36.3000","30.1500","Turkey","TR","TUR","Antalya","minor","49720","1792503494"
"Bignay","Bignay","14.7456","120.9961","Philippines","PH","PHL","Caloocan","","49716","1608750105"
"Gualán","Gualan","15.1333","-89.3667","Guatemala","GT","GTM","Zacapa","minor","49709","1320124337"
"Ridder","Ridder","50.3500","83.5167","Kazakhstan","KZ","KAZ","East Kazakhstan","minor","49695","1398556139"
"Jacqueville","Jacqueville","5.2000","-4.4167","Côte d’Ivoire","CI","CIV","Lagunes","minor","49694","1384785975"
"Wagga Wagga","Wagga Wagga","-35.1189","147.3689","Australia","AU","AUS","New South Wales","","49686","1036273188"
"Canguçu","Cangucu","-31.3950","-52.6758","Brazil","BR","BRA","Rio Grande do Sul","minor","49680","1076710867"
"Nanao","Nanao","37.0431","136.9674","Japan","JP","JPN","Ishikawa","","49660","1392003465"
"Zyryanovsk","Zyryanovsk","49.7453","84.2548","Kazakhstan","KZ","KAZ","East Kazakhstan","minor","49658","1398361284"
"Itupiranga","Itupiranga","-5.1350","-49.3269","Brazil","BR","BRA","Pará","minor","49655","1076086545"
"Perambalūr","Perambalur","11.2300","78.8800","India","IN","IND","Tamil Nādu","","49648","1356684065"
"Luleå","Lulea","65.5838","22.1915","Sweden","SE","SWE","Norrbotten","admin","49646","1752765449"
"Çermik","Cermik","38.1372","39.4511","Turkey","TR","TUR","Diyarbakır","minor","49644","1792975687"
"Kirishi","Kirishi","59.4500","32.0167","Russia","RU","RUS","Leningradskaya Oblast’","minor","49631","1643837695"
"Noshiromachi","Noshiromachi","40.2121","140.0266","Japan","JP","JPN","Akita","","49625","1392645142"
"Coelho Neto","Coelho Neto","-4.2567","-43.0128","Brazil","BR","BRA","Maranhão","minor","49621","1076316612"
"Shawinigan","Shawinigan","46.5667","-72.7500","Canada","CA","CAN","Quebec","","49620","1124441118"
"Aversa","Aversa","40.9730","14.2065","Italy","IT","ITA","Campania","","49612","1380486559"
"Rosario","Rosario","8.3800","126.0000","Philippines","PH","PHL","Agusan del Sur","","49610","1608932289"
"Rockwall","Rockwall","32.9169","-96.4374","United States","US","USA","Texas","","49605","1840020717"
"Kandangan","Kandangan","-2.7833","115.2667","Indonesia","ID","IDN","Kalimantan Selatan","minor","49604","1360314802"
"Karunāgapalli","Karunagapalli","9.0544","76.5353","India","IN","IND","Kerala","","49604","1356160595"
"Pirot","Pirot","43.1519","22.5850","Serbia","RS","SRB","Pirot","admin","49601","1688324137"
"Cimitarra","Cimitarra","6.3167","-73.9500","Colombia","CO","COL","Santander","minor","49593","1170205431"
"Sosúa","Sosua","19.7500","-70.5200","Dominican Republic","DO","DOM","Cibao Norte","","49593","1214995511"
"Chesterfield","Chesterfield","38.6589","-90.5803","United States","US","USA","Missouri","","49591","1840007446"
"Huancavelica","Huancavelica","-12.7864","-74.9756","Peru","PE","PER","Huancavelica","admin","49570","1604876709"
"Bad Oeynhausen","Bad Oeynhausen","52.2000","8.8000","Germany","DE","DEU","North Rhine-Westphalia","","49566","1276503412"
"Snizhne","Snizhne","48.0283","38.7656","Ukraine","UA","UKR","Donetska Oblast","","49564","1804966231"
"St. Louis Park","St. Louis Park","44.9488","-93.3649","United States","US","USA","Minnesota","","49541","1840008935"
"Florin","Florin","38.4832","-121.4043","United States","US","USA","California","","49536","1840017581"
"Cypress","Cypress","33.8171","-118.0386","United States","US","USA","California","","49531","1840019327"
"Kizhake Chālakudi","Kizhake Chalakudi","10.3000","76.3300","India","IN","IND","Kerala","","49525","1356982203"
"Mojo","Mojo","8.6500","39.0833","Ethiopia","ET","ETH","Oromīya","","49521","1231772257"
"Singen","Singen","47.7628","8.8400","Germany","DE","DEU","Baden-Württemberg","","49518","1276550938"
"Eagle Mountain","Eagle Mountain","40.3137","-112.0114","United States","US","USA","Utah","","49514","1840018757"
"Dumarao","Dumarao","11.2631","122.6878","Philippines","PH","PHL","Capiz","","49506","1608348217"
"Sulleru","Sulleru","18.5333","83.2167","India","IN","IND","Andhra Pradesh","","49500","1356399027"
"Sesimbra","Sesimbra","38.4437","-9.0996","Portugal","PT","PRT","Setúbal","minor","49500","1620008532"
"Mpigi","Mpigi","0.2300","32.3300","Uganda","UG","UGA","Mpigi","admin","49500","1800370948"
"Eger","Eger","47.8989","20.3747","Hungary","HU","HUN","Heves","admin","49499","1348559499"
"North Bethesda","North Bethesda","39.0393","-77.1191","United States","US","USA","Maryland","","49498","1840031494"
"San Pedro","San Pedro","24.7260","-102.9840","Mexico","MX","MEX","Coahuila","minor","49490","1484673086"
"Gao","Gao","16.2667","-0.0500","Mali","ML","MLI","Gao","admin","49483","1466571211"
"Peddāpuram","Peddapuram","17.0800","82.1300","India","IN","IND","Andhra Pradesh","","49477","1356924364"
"Bergkamen","Bergkamen","51.6167","7.6333","Germany","DE","DEU","North Rhine-Westphalia","","49475","1276603807"
"Laval","Laval","48.0733","-0.7689","France","FR","FRA","Pays de la Loire","minor","49474","1250720617"
"Payyoli","Payyoli","11.5333","75.6667","India","IN","IND","Kerala","","49470","1356134337"
"Tomisato","Tomisato","35.7000","140.5667","Japan","JP","JPN","Chiba","","49470","1392179230"
"María la Baja","Maria la Baja","10.0000","-75.3333","Colombia","CO","COL","Bolívar","minor","49462","1170699582"
"Santa Lucía del Camino","Santa Lucia del Camino","17.0667","-96.7000","Mexico","MX","MEX","Oaxaca","","49459","1484226980"
"Kameyama","Kameyama","34.8558","136.4517","Japan","JP","JPN","Mie","","49457","1392003390"
"Monte Alto","Monte Alto","-21.2611","-48.4964","Brazil","BR","BRA","São Paulo","minor","49456","1076603114"
"Mājalgaon","Majalgaon","19.1500","76.2333","India","IN","IND","Mahārāshtra","","49453","1356596085"
"Noveleta","Noveleta","14.4300","120.8800","Philippines","PH","PHL","Cavite","","49452","1608459830"
"Catemaco","Catemaco","18.4167","-95.1167","Mexico","MX","MEX","Veracruz","minor","49451","1484469922"
"Villaguay","Villaguay","-31.8500","-59.0167","Argentina","AR","ARG","Entre Ríos","minor","49445","1032112502"
"Uzlovaya","Uzlovaya","53.9833","38.1667","Russia","RU","RUS","Tul’skaya Oblast’","minor","49427","1643849363"
"Perico","Perico","-24.3833","-65.1167","Argentina","AR","ARG","Jujuy","","49422","1032311079"
"Battipaglia","Battipaglia","40.6167","14.9833","Italy","IT","ITA","Campania","","49415","1380725331"
"East Brunswick","East Brunswick","40.4281","-74.4179","United States","US","USA","New Jersey","","49411","1840081693"
"Özgön","Ozgon","40.7667","73.3000","Kyrgyzstan","KG","KGZ","Osh","","49410","1417087485"
"Pen-y-Bont ar Ogwr","Pen-y-Bont ar Ogwr","51.5070","-3.5780","United Kingdom","GB","GBR","Bridgend","","49404","1826587515"
"Nowshahr","Nowshahr","36.6475","51.4931","Iran","IR","IRN","Māzandarān","minor","49403","1364005247"
"Prudentópolis","Prudentopolis","-25.2128","-50.9778","Brazil","BR","BRA","Paraná","minor","49393","1076128798"
"Suzaka","Suzaka","36.6511","138.3073","Japan","JP","JPN","Nagano","","49393","1392723213"
"Scandicci","Scandicci","43.7544","11.1894","Italy","IT","ITA","Tuscany","","49390","1380917394"
"Kemer","Kemer","36.6000","30.5500","Turkey","TR","TUR","Antalya","minor","49383","1792680664"
"Kiblawan","Kiblawan","6.6200","125.2200","Philippines","PH","PHL","Davao del Sur","","49381","1608861661"
"Karlovac","Karlovac","45.4931","15.5558","Croatia","HR","HRV","Karlovačka Županija","","49377","1191000040"
"Santiago","Santiago","-29.1917","-54.8672","Brazil","BR","BRA","Rio Grande do Sul","minor","49360","1076821990"
"Karlovy Vary","Karlovy Vary","50.2306","12.8725","Czechia","CZ","CZE","Karlovarský Kraj","admin","49353","1203518899"
"Arifiye","Arifiye","40.7167","30.3667","Turkey","TR","TUR","Sakarya","minor","49340","1792777614"
"Mulukukú","Mulukuku","13.1503","-84.9700","Nicaragua","NI","NIC","Costa Caribe Norte","minor","49339","1558000015"
"Sebeta","Sebeta","8.9111","38.6214","Ethiopia","ET","ETH","Oromīya","","49331","1231560096"
"San Severo","San Severo","41.6951","15.3793","Italy","IT","ITA","Puglia","","49328","1380874809"
"Bagumbayan","Bagumbayan","14.4744","121.0569","Philippines","PH","PHL","Taguig","","49319","1608516685"
"Haripur","Haripur","33.9942","72.9333","Pakistan","PK","PAK","Khyber Pakhtunkhwa","minor","49318","1586000122"
"Azusa","Azusa","34.1386","-117.9124","United States","US","USA","California","","49318","1840019226"
"Mbouda","Mbouda","5.6333","10.2500","Cameroon","CM","CMR","Ouest","","49313","1120195491"
"Goba","Goba","7.0000","39.9833","Ethiopia","ET","ETH","Oromīya","","49309","1231837780"
"Kapadvanj","Kapadvanj","23.0200","73.0700","India","IN","IND","Gujarāt","","49308","1356950077"
"Mailiao","Mailiao","23.7500","120.2500","Taiwan","TW","TWN","Yunlin","","49298","1158170590"
"Edenvale","Edenvale","-26.1411","28.1528","South Africa","ZA","ZAF","Gauteng","","49292","1710512085"
"Odiongan","Odiongan","12.4000","122.0000","Philippines","PH","PHL","Romblon","","49284","1608412988"
"Lawrence","Lawrence","39.8674","-85.9904","United States","US","USA","Indiana","","49284","1840008434"
"Asakura","Asakura","33.4233","130.6656","Japan","JP","JPN","Fukuoka","","49254","1392003100"
"Wandan","Wandan","22.5897","120.4851","Taiwan","TW","TWN","Pingtung","","49253","1158350878"
"Higashiura","Higashiura","34.9700","136.9561","Japan","JP","JPN","Aichi","","49252","1392003377"
"Joliette","Joliette","46.0167","-73.4500","Canada","CA","CAN","Quebec","","49246","1124841554"
"Coral Gables","Coral Gables","25.7037","-80.2715","United States","US","USA","Florida","","49243","1840015147"
"Everett","Everett","42.4064","-71.0545","United States","US","USA","Massachusetts","","49236","1840000425"
"Zargar","Zargar","37.8000","68.6500","Tajikistan","TJ","TJK","Khatlon","","49235","1762322356"
"Agustín Codazzi","Agustin Codazzi","10.0367","-73.2369","Colombia","CO","COL","Cesar","minor","49233","1170077466"
"Barnstable","Barnstable","41.6655","-70.3639","United States","US","USA","Massachusetts","","49232","1840031233"
"Tuodian","Tuodian","24.6667","101.6333","China","CN","CHN","Yunnan","minor","49218","1156038006"
"Tennala","Tennala","11.0000","75.9333","India","IN","IND","Kerala","","49214","1356288264"
"Baicheng","Baicheng","41.7957","81.8715","China","CN","CHN","Xinjiang","minor","49207","1156826835"
"Moreno","Moreno","-8.1186","-35.0922","Brazil","BR","BRA","Pernambuco","minor","49205","1076066897"
"Cintalapa de Figueroa","Cintalapa de Figueroa","16.6978","-93.7203","Mexico","MX","MEX","Chiapas","minor","49201","1484563700"
"Saint-Priest","Saint-Priest","45.6972","4.9447","France","FR","FRA","Auvergne-Rhône-Alpes","","49193","1250000042"
"Carmen","Carmen","9.8200","124.2000","Philippines","PH","PHL","Bohol","","49191","1608657913"
"Bedford","Bedford","32.8464","-97.1350","United States","US","USA","Texas","","49191","1840019424"
"Midori","Midori","36.3948","139.2811","Japan","JP","JPN","Gunma","","49190","1392999995"
"Samaniego","Samaniego","1.3500","-77.6000","Colombia","CO","COL","Nariño","minor","49178","1170018906"
"Yong’an","Yong'an","31.0206","109.4587","China","CN","CHN","Chongqing","minor","49168","1156185323"
"Qalāt","Qalat","32.1061","66.9069","Afghanistan","AF","AFG","Zābul","admin","49158","1004016690"
"Kaédi","Kaedi","16.1503","-13.5037","Mauritania","MR","MRT","Gorgol","admin","49152","1478607377"
"Notsé","Notse","6.9483","1.1681","Togo","TG","TGO","Plateaux","","49143","1768108332"
"Rāmnagar","Ramnagar","25.2800","83.0300","India","IN","IND","Uttar Pradesh","","49142","1356053460"
"Tunuyán","Tunuyan","-33.5667","-69.0167","Argentina","AR","ARG","Mendoza","minor","49132","1032526901"
"Frankenthal","Frankenthal","49.5333","8.3500","Germany","DE","DEU","Rhineland-Palatinate","minor","49122","1276888667"
"San Marcos","San Marcos","14.9653","-91.7958","Guatemala","GT","GTM","San Marcos","admin","49115","1320960166"
"Hikari","Hikari","33.9619","131.9422","Japan","JP","JPN","Yamaguchi","","49100","1392832835"
"Luwero","Luwero","0.8331","32.4994","Uganda","UG","UGA","Luwero","admin","49100","1800067821"
"Malabang","Malabang","7.5933","124.0722","Philippines","PH","PHL","Lanao del Sur","","49088","1608464101"
"Nahuizalco","Nahuizalco","13.7833","-89.7333","El Salvador","SV","SLV","Sonsonate","","49081","1222682318"
"Antelope","Antelope","38.7153","-121.3610","United States","US","USA","California","","49080","1840022490"
"Bornheim","Bornheim","50.7592","7.0050","Germany","DE","DEU","North Rhine-Westphalia","","49074","1276585020"
"Pio Duran","Pio Duran","13.0300","123.4500","Philippines","PH","PHL","Albay","","49070","1608712032"
"Naugachhia","Naugachhia","25.4000","87.1000","India","IN","IND","Bihār","","49069","1356566210"
"Ardea","Ardea","41.6167","12.5500","Italy","IT","ITA","Lazio","","49057","1380358303"
"Bulancak","Bulancak","40.9333","38.2333","Turkey","TR","TUR","Giresun","minor","49053","1792627106"
"Vinzons","Vinzons","14.1739","122.9081","Philippines","PH","PHL","Camarines Norte","","49042","1608285881"
"La Libertad","La Libertad","15.5000","-91.8333","Guatemala","GT","GTM","Huehuetenango","minor","49035","1320045134"
"Port-Vila","Port-Vila","-17.7333","168.3167","Vanuatu","VU","VUT","Shefa","primary","49034","1548805075"
"Dublin","Dublin","40.1112","-83.1454","United States","US","USA","Ohio","","49031","1840008389"
"Ōamishirasato","Oamishirasato","35.5167","140.3167","Japan","JP","JPN","Chiba","","49019","1392003188"
"Misterbianco","Misterbianco","37.5183","15.0069","Italy","IT","ITA","Sicilia","","49017","1380615462"
"Portage","Portage","42.2000","-85.5906","United States","US","USA","Michigan","","49015","1840003183"
"Biloxi","Biloxi","30.4426","-88.9514","United States","US","USA","Mississippi","","49011","1840013948"
"Nizāmpur","Nizampur","21.1117","74.3300","India","IN","IND","Mahārāshtra","","49004","1356047238"
