"Somma Vesuviana","Somma Vesuviana","40.8725","14.4369","Italy","IT","ITA","Campania","","33697","1380770260"
"Landi Kotal","Landi Kotal","34.1053","71.1553","Pakistan","PK","PAK","Khyber Pakhtunkhwa","","33697","1586730255"
"Palmerston","Palmerston","-12.4806","130.9831","Australia","AU","AUS","Northern Territory","","33695","1036844079"
"Tlanchinol","Tlanchinol","19.9892","-98.6786","Mexico","MX","MEX","Hidalgo","","33694","1484386874"
"Kasba","Kasba","25.8564","87.5384","India","IN","IND","Bihār","","33691","1356199609"
"Datu Paglas","Datu Paglas","6.7669","124.8500","Philippines","PH","PHL","Maguindanao","","33682","1608409121"
"Kohtla-Järve","Kohtla-Jarve","59.3978","27.2572","Estonia","EE","EST","Kohtla-Järve","minor","33675","1233016348"
"Anserma","Anserma","5.2381","-75.7840","Colombia","CO","COL","Caldas","minor","33674","1170000614"
"Pierrefitte-sur-Seine","Pierrefitte-sur-Seine","48.9656","2.3614","France","FR","FRA","Île-de-France","","33670","1250320498"
"Mella","Mella","20.3694","-75.9111","Cuba","CU","CUB","Santiago de Cuba","","33667","1192880173"
"Moose Jaw","Moose Jaw","50.3933","-105.5519","Canada","CA","CAN","Saskatchewan","","33665","1124806868"
"Batobato","Batobato","6.8361","126.0889","Philippines","PH","PHL","Davao Oriental","","33664","1608375365"
"Penha","Penha","-26.7689","-48.6458","Brazil","BR","BRA","Santa Catarina","minor","33663","1076551669"
"Villa Riva","Villa Riva","19.1800","-69.9200","Dominican Republic","DO","DOM","Cibao Nordeste","","33663","1214066811"
"Totana","Totana","37.7711","-1.5003","Spain","ES","ESP","Murcia","","33663","1724153814"
"San Antero","San Antero","9.3833","-75.7500","Colombia","CO","COL","Córdoba","minor","33662","1170032632"
"Ylöjärvi","Ylojarvi","61.5500","23.5833","Finland","FI","FIN","Pirkanmaa","minor","33653","1246651024"
"Bārhadashi̇̄","Barhadashi","26.5500","87.9200","Nepal","NP","NPL","","","33653","1524013222"
"Ōno","Ono","35.9797","136.4875","Japan","JP","JPN","Fukui","","33640","1392027459"
"Florida","Florida","-34.1000","-56.2167","Uruguay","UY","URY","Florida","admin","33639","1858077099"
"Uniondale","Uniondale","40.7176","-73.5947","United States","US","USA","New York","","33637","1840005279"
"Lianmuqin Kancun","Lianmuqin Kancun","42.8833","89.9333","China","CN","CHN","Xinjiang","","33635","1156426270"
"Schwedt (Oder)","Schwedt (Oder)","53.0500","14.2667","Germany","DE","DEU","Brandenburg","","33635","1276552729"
"Demnat","Demnat","31.7311","-7.0361","Morocco","MA","MAR","Béni Mellal-Khénifra","","33635","1504747424"
"Chumphon","Chumphon","10.4939","99.1800","Thailand","TH","THA","Chumphon","admin","33633","1764012939"
"Alabaster","Alabaster","33.2198","-86.8225","United States","US","USA","Alabama","","33633","1840013756"
"Cranberry","Cranberry","40.7104","-80.1059","United States","US","USA","Pennsylvania","","33632","1840147947"
"Kennesaw","Kennesaw","34.0260","-84.6177","United States","US","USA","Georgia","","33627","1840014756"
"Macuro","Macuro","10.6500","-61.9333","Venezuela","VE","VEN","Sucre","","33621","1862222020"
"Houilles","Houilles","48.9261","2.1892","France","FR","FRA","Île-de-France","","33617","1250321161"
"Gadsden","Gadsden","34.0086","-86.0157","United States","US","USA","Alabama","","33617","1840006332"
"Forchheim","Forchheim","49.7197","11.0581","Germany","DE","DEU","Bavaria","minor","33610","1276030665"
"Chascomús","Chascomus","-35.5750","-58.0089","Argentina","AR","ARG","Buenos Aires","minor","33607","1032352363"
"‘Ajab Shīr","`Ajab Shir","37.4833","45.8911","Iran","IR","IRN","Āz̄arbāyjān-e Sharqī","minor","33606","1364433724"
"Hampden","Hampden","40.2602","-76.9809","United States","US","USA","Pennsylvania","","33602","1840143338"
"Kangasala","Kangasala","61.4667","24.0667","Finland","FI","FIN","Pirkanmaa","minor","33601","1246606231"
"Binche","Binche","50.4103","4.1652","Belgium","BE","BEL","Wallonia","","33598","1056520553"
"Baldwin","Baldwin","40.6511","-73.6075","United States","US","USA","New York","","33595","1840005228"
"Harker Heights","Harker Heights","31.0572","-97.6446","United States","US","USA","Texas","","33595","1840020851"
"Morro do Chapéu","Morro do Chapeu","-11.5500","-41.1570","Brazil","BR","BRA","Bahia","minor","33594","1076567926"
"Batouri","Batouri","4.4333","14.3667","Cameroon","CM","CMR","Est","","33594","1120380999"
"Koh Kong","Koh Kong","11.6167","102.9833","Cambodia","KH","KHM","Koh Kong","admin","33591","1116924669"
"Atiquizaya","Atiquizaya","13.9667","-89.7500","El Salvador","SV","SLV","Ahuachapán","","33587","1222716346"
"Masiu","Masiu","7.8200","124.3200","Philippines","PH","PHL","Lanao del Sur","","33580","1608760371"
"Sapa Sapa","Sapa Sapa","5.0899","120.2729","Philippines","PH","PHL","Tawi-Tawi","","33580","1608223776"
"Côtes de Fer","Cotes de Fer","18.1887","-73.0029","Haiti","HT","HTI","Sud-Est","","33577","1332390901"
"Elmina","Elmina","5.0898","-1.3480","Ghana","GH","GHA","Central","","33576","1288051661"
"Dāganbhuiya","Daganbhuiya","22.9366","91.3036","Bangladesh","BD","BGD","Chattogram","","33574","1050791657"
"Iriba","Iriba","15.1167","22.2500","Chad","TD","TCD","Wadi-Fira","","33572","1148106836"
"Qadsayyā","Qadsayya","33.5483","36.2156","Syria","SY","SYR","Rīf Dimashq","minor","33571","1760188872"
"Pitanga","Pitanga","-24.7569","-51.7608","Brazil","BR","BRA","Paraná","minor","33567","1076485533"
"Maassluis","Maassluis","51.9189","4.2567","Netherlands","NL","NLD","Zuid-Holland","minor","33567","1528829387"
"Konakovo","Konakovo","56.7000","36.7500","Russia","RU","RUS","Tverskaya Oblast’","minor","33560","1643330779"
"Aleshtar","Aleshtar","33.8653","48.2622","Iran","IR","IRN","Lorestān","minor","33558","1364420866"
"Zile","Zile","40.3000","35.8833","Turkey","TR","TUR","Tokat","minor","33557","1792365916"
"Mount Lebanon","Mount Lebanon","40.3752","-80.0494","United States","US","USA","Pennsylvania","","33555","1840133089"
"Mercedes","Mercedes","-29.2000","-58.0833","Argentina","AR","ARG","Corrientes","minor","33551","1032972413"
"Bagh","Bagh","33.9735","73.7918","Pakistan","PK","PAK","Azad Kashmir","minor","33548","1586174149"
"Winsford","Winsford","53.1940","-2.5200","United Kingdom","GB","GBR","Cheshire West and Chester","","33546","1826615523"
"Chāvakkād","Chavakkad","10.5820","76.0410","India","IN","IND","Kerala","","33543","1356065021"
"Ixtapan de la Sal","Ixtapan de la Sal","18.8333","-99.6833","Mexico","MX","MEX","México","minor","33541","1484821151"
"Aweil","Aweil","8.7666","27.4000","South Sudan","SS","SSD","Northern Bahr el Ghazal","admin","33537","1728097802"
"Port Moody","Port Moody","49.2831","-122.8317","Canada","CA","CAN","British Columbia","","33535","1124252668"
"Cabarroguis","Cabarroguis","16.5103","121.5222","Philippines","PH","PHL","Quirino","admin","33533","1608312278"
"Acornhoek","Acornhoek","-24.5930","31.0970","South Africa","ZA","ZAF","Limpopo","","33529","1710315598"
"Ayorou","Ayorou","14.7318","0.9195","Niger","NE","NER","Tillabéri","","33527","1562787330"
"Columbio","Columbio","6.7000","124.9300","Philippines","PH","PHL","Sultan Kudarat","","33527","1608232119"
"Manganam","Manganam","9.7958","76.4500","India","IN","IND","Kerala","","33523","1356456936"
"Saint Helier","Saint Helier","49.1858","-2.1100","Jersey","JE","JEY","","primary","33522","1832490253"
"Slantsy","Slantsy","59.1167","28.0667","Russia","RU","RUS","Leningradskaya Oblast’","minor","33514","1643315242"
"Sidi Okba","Sidi Okba","34.7500","5.9000","Algeria","DZ","DZA","Biskra","","33509","1012679426"
"Comé","Come","6.4000","1.8833","Benin","BJ","BEN","Mono","","33507","1204211586"
"Ribeirão","Ribeirao","-8.5139","-35.3778","Brazil","BR","BRA","Pernambuco","minor","33507","1076626596"
"San Vicente","San Vicente","10.5281","119.2542","Philippines","PH","PHL","Palawan","","33507","1608866365"
"Gorizia","Gorizia","45.9352","13.6193","Italy","IT","ITA","Friuli Venezia Giulia","minor","33506","1380874405"
"Leticia","Leticia","-4.2167","-69.9333","Colombia","CO","COL","Amazonas","admin","33503","1170548641"
"Niangoloko","Niangoloko","10.2833","-4.9167","Burkina Faso","BF","BFA","Cascades","","33500","1854857887"
"Bacarra","Bacarra","18.2519","120.6107","Philippines","PH","PHL","Ilocos Norte","","33496","1608322238"
"Kamenka","Kamenka","53.1833","44.0500","Russia","RU","RUS","Penzenskaya Oblast’","","33491","1643795205"
"Corinto","Corinto","3.1739","-76.2594","Colombia","CO","COL","Cauca","minor","33489","1170948905"
"Chempalli","Chempalli","12.0451","75.5074","India","IN","IND","Puducherry","","33489","1356184768"
"Nelson","Nelson","53.8346","-2.2180","United Kingdom","GB","GBR","Lancashire","","33488","1826818117"
"Pointe-Claire","Pointe-Claire","45.4500","-73.8167","Canada","CA","CAN","Quebec","","33488","1124470650"
"Batan","Batan","11.5853","122.4981","Philippines","PH","PHL","Aklan","","33484","1608398108"
"Warminster","Warminster","40.2043","-75.0915","United States","US","USA","Pennsylvania","","33484","1840035370"
"Castro-Urdiales","Castro-Urdiales","43.3844","-3.2150","Spain","ES","ESP","Cantabria","","33482","1724390704"
"Fraiburgo","Fraiburgo","-27.0258","-50.9208","Brazil","BR","BRA","Santa Catarina","minor","33481","1076662614"
"Silistra","Silistra","44.1092","27.2654","Bulgaria","BG","BGR","Silistra","admin","33480","1100458181"
"Neuchâtel","Neuchatel","47.0000","6.9333","Switzerland","CH","CHE","Neuchâtel","admin","33475","1756726571"
"Ben Ahmed","Ben Ahmed","33.0655","-7.2464","Morocco","MA","MAR","Casablanca-Settat","","33469","1504202051"
"Şarköy","Sarkoy","40.6039","27.1064","Turkey","TR","TUR","Tekirdağ","minor","33466","1792319237"
"Radnor","Radnor","40.0287","-75.3675","United States","US","USA","Pennsylvania","","33466","1840152846"
"Olkusz","Olkusz","50.2833","19.5667","Poland","PL","POL","Małopolskie","minor","33462","1616458567"
"Dhekiajuli","Dhekiajuli","26.7037","92.4781","India","IN","IND","Assam","","33460","1356842057"
"Coxim","Coxim","-18.5067","-54.7600","Brazil","BR","BRA","Mato Grosso do Sul","minor","33459","1076196665"
"Badr","Badr","30.1401","31.7305","Egypt","EG","EGY","Al Qāhirah","","33456","1818845936"
"Ronda","Ronda","36.7372","-5.1647","Spain","ES","ESP","Andalusia","","33451","1724795472"
"Goldsboro","Goldsboro","35.3778","-77.9717","United States","US","USA","North Carolina","","33448","1840013432"
"Chimbarongo","Chimbarongo","-34.7089","-71.0431","Chile","CL","CHL","Libertador General Bernardo O’Higgins","","33446","1152212161"
"Bolvadin","Bolvadin","38.7167","31.0500","Turkey","TR","TUR","Afyonkarahisar","minor","33443","1792646513"
"Mangalam","Mangalam","10.8450","75.9190","India","IN","IND","Kerala","","33442","1356458902"
"Kamiimaizumi","Kamiimaizumi","35.5530","139.3633","Japan","JP","JPN","Kanagawa","","33442","1392912840"
"Voznesensk","Voznesensk","47.5667","31.3000","Ukraine","UA","UKR","Mykolaivska Oblast","minor","33442","1804117559"
"Poço Redondo","Poco Redondo","-9.8058","-37.6850","Brazil","BR","BRA","Sergipe","minor","33439","1076471819"
"Çukurçayır","Cukurcayir","40.9867","39.7297","Turkey","TR","TUR","Trabzon","","33438","1792087302"
"Sabanagrande","Sabanagrande","10.8000","-74.7500","Colombia","CO","COL","Atlántico","minor","33437","1170578455"
"Santa Ana","Santa Ana","11.0680","-63.9221","Venezuela","VE","VEN","Nueva Esparta","minor","33435","1862533518"
"Monteiro","Monteiro","-7.8894","-37.1200","Brazil","BR","BRA","Paraíba","minor","33433","1076669282"
"Vettam","Vettam","10.8667","75.9000","India","IN","IND","Kerala","","33430","1356093124"
"Paidha","Paidha","2.4167","30.9875","Uganda","UG","UGA","Zombo","","33426","1800599761"
"Madhubani","Madhubani","26.5147","84.7645","India","IN","IND","Bihār","","33425","1356007727"
"Angamāli","Angamali","10.1960","76.3860","India","IN","IND","Kerala","","33424","1356561428"
"Orodara","Orodara","10.9800","-4.9100","Burkina Faso","BF","BFA","Hauts-Bassins","minor","33422","1854111637"
"Getafe","Getafe","10.1500","124.1500","Philippines","PH","PHL","Bohol","","33422","1608770120"
"Feldkirch","Feldkirch","47.2381","9.5983","Austria","AT","AUT","Vorarlberg","","33420","1040999967"
"Darsi","Darsi","15.7667","79.6833","India","IN","IND","Andhra Pradesh","","33418","1356113162"
"Castro","Castro","-42.4667","-73.8000","Chile","CL","CHL","Los Lagos","minor","33417","1152445107"
"Sirīpur","Siripur","25.9970","86.9599","India","IN","IND","Bihār","","33417","1356094473"
"Mỹ Hòa","My Hoa","10.3655","105.4011","Vietnam","VN","VNM","An Giang","","33413","1704017086"
"Orillia","Orillia","44.6000","-79.4167","Canada","CA","CAN","Ontario","","33411","1124049830"
"Kaçanik","Kacanik","42.2319","21.2594","Kosovo","XK","XKS","Kaçanik","admin","33409","1901200321"
"Ban Pak Phun","Ban Pak Phun","8.5298","99.9722","Thailand","TH","THA","Nakhon Si Thammarat","","33407","1764808518"
"Ken Caryl","Ken Caryl","39.5770","-105.1144","United States","US","USA","Colorado","","33407","1840028580"
"Butajīra","Butajira","8.1208","38.3792","Ethiopia","ET","ETH","YeDebub Bihēroch Bihēreseboch na Hizboch","","33406","1231050211"
"Date","Date","42.4667","140.8667","Japan","JP","JPN","Hokkaidō","","33404","1392999978"
"Geraardsbergen","Geraardsbergen","50.7667","3.8667","Belgium","BE","BEL","Flanders","","33403","1056572611"
"Manlius","Manlius","43.0490","-75.9792","United States","US","USA","New York","","33402","1840004323"
"Santiago Juxtlahuaca","Santiago Juxtlahuaca","17.3333","-98.0167","Mexico","MX","MEX","Oaxaca","","33401","1484380988"
"Oğuzeli","Oguzeli","36.9650","37.5092","Turkey","TR","TUR","Gaziantep","minor","33397","1792753596"
"Paso de Ovejas","Paso de Ovejas","19.2850","-96.4400","Mexico","MX","MEX","Veracruz","minor","33392","1484005936"
"Kong","Kong","9.1506","-4.6103","Côte d’Ivoire","CI","CIV","Savanes","minor","33391","1384360739"
"Riachão do Jacuípe","Riachao do Jacuipe","-11.8100","-39.3819","Brazil","BR","BRA","Bahia","minor","33386","1076945082"
"Asakuchi","Asakuchi","34.5247","133.5875","Japan","JP","JPN","Okayama","","33382","1392999990"
"Namhkam","Namhkam","23.8333","97.6833","Burma","MM","MMR","Shan State","","33382","1104658655"
"Madikeri","Madikeri","12.4209","75.7397","India","IN","IND","Karnātaka","","33381","1356609242"
"Oulad Hammou","Oulad Hammou","33.2499","-8.3346","Morocco","MA","MAR","Casablanca-Settat","","33380","1504007795"
"Banate","Banate","11.0500","122.7800","Philippines","PH","PHL","Iloilo","","33376","1608443731"
"Tulum","Tulum","20.2119","-87.4658","Mexico","MX","MEX","Quintana Roo","minor","33374","1484002889"
"Kondapalle","Kondapalle","16.6183","80.5411","India","IN","IND","Andhra Pradesh","","33373","1356354397"
"Gölbaşı","Golbasi","37.7839","37.6444","Turkey","TR","TUR","Adıyaman","minor","33373","1792595244"
"Landskrona","Landskrona","55.8667","12.8333","Sweden","SE","SWE","Skåne","minor","33372","1752529229"
"Iperó","Ipero","-23.3503","-47.6886","Brazil","BR","BRA","São Paulo","minor","33367","1076747973"
"Petersburg","Petersburg","37.2043","-77.3913","United States","US","USA","Virginia","","33365","1840003861"
"Jülich","Julich","50.9222","6.3583","Germany","DE","DEU","North Rhine-Westphalia","","33359","1276891190"
"Uttaradit","Uttaradit","17.6231","100.0958","Thailand","TH","THA","Uttaradit","admin","33357","1764146253"
"Loughton","Loughton","51.6494","0.0735","United Kingdom","GB","GBR","Essex","","33346","1826436728"
"Bafang","Bafang","5.1500","10.1833","Cameroon","CM","CMR","Ouest","","33342","1120889812"
"Vintar","Vintar","18.2306","120.6489","Philippines","PH","PHL","Ilocos Norte","","33339","1608954444"
"An’gang","An'gang","35.9900","129.2270","Korea, South","KR","KOR","Gyeongbuk","","33333","1410507369"
"Dursunbey","Dursunbey","39.5878","28.6275","Turkey","TR","TUR","Balıkesir","minor","33333","1792877814"
"Shirakawa-tsuda","Shirakawa-tsuda","38.0025","140.6197","Japan","JP","JPN","Miyagi","","33330","1392598646"
"Shiroishi","Shiroishi","38.0025","140.6197","Japan","JP","JPN","Miyagi","","33330","1392860584"
"Puyo","Puyo","-1.4861","-78.0028","Ecuador","EC","ECU","Pastaza","admin","33325","1218537461"
"Batcha","Batcha","5.1500","10.1833","Cameroon","CM","CMR","Ouest","","33324","1120337666"
"Taishi","Taishi","34.8333","134.5667","Japan","JP","JPN","Hyōgo","","33321","1392003237"
"Boujad","Boujad","32.7667","-6.4000","Morocco","MA","MAR","Béni Mellal-Khénifra","","33321","1504259447"
"Al Mindak","Al Mindak","20.1588","41.2834","Saudi Arabia","SA","SAU","Al Bāḩah","","33319","1682913363"
"Montluçon","Montlucon","46.3408","2.6033","France","FR","FRA","Auvergne-Rhône-Alpes","minor","33317","1250269997"
"Argyroúpoli","Argyroupoli","37.9000","23.7500","Greece","GR","GRC","Attikí","minor","33312","1300735599"
"Bāmaur","Bamaur","26.3390","78.1010","India","IN","IND","Madhya Pradesh","","33299","1356975130"
"Amparafaravola","Amparafaravola","-17.5858","48.2229","Madagascar","MG","MDG","Toamasina","","33299","1450596201"
"Ziniaré","Ziniare","12.5833","-1.3000","Burkina Faso","BF","BFA","Plateau-Central","admin","33296","1854052758"
"Dupax Del Norte","Dupax Del Norte","16.3075","121.1019","Philippines","PH","PHL","Nueva Vizcaya","","33295","1608433556"
"Estreito","Estreito","-6.5608","-47.4508","Brazil","BR","BRA","Maranhão","minor","33294","1076867067"
"Churi","Churi","23.6549","85.0128","India","IN","IND","Jhārkhand","","33293","1356195229"
"Kidamangalam","Kidamangalam","10.3167","76.1333","India","IN","IND","Kerala","","33293","1356566228"
"João Câmara","Joao Camara","-5.5378","-35.8200","Brazil","BR","BRA","Rio Grande do Norte","minor","33290","1076573306"
"Mohnyin","Mohnyin","24.7833","96.3667","Burma","MM","MMR","Kachin State","","33290","1104701882"
"Beidou","Beidou","23.8747","120.5248","Taiwan","TW","TWN","Changhua","","33289","1158581171"
"Obukhiv","Obukhiv","50.1300","30.6567","Ukraine","UA","UKR","Kyivska Oblast","minor","33287","1804079919"
"Shanawān","Shanawan","30.5031","31.0058","Egypt","EG","EGY","Al Minūfīyah","","33285","1818140562"
"Huntington Station","Huntington Station","40.8446","-73.4050","United States","US","USA","New York","","33283","1840005081"
"Gillette","Gillette","44.2752","-105.4982","United States","US","USA","Wyoming","","33278","1840019978"
"Nowy Targ","Nowy Targ","49.4667","20.0167","Poland","PL","POL","Małopolskie","minor","33273","1616880514"
"Hisuā","Hisua","24.8336","85.4173","India","IN","IND","Bihār","","33270","1356104630"
"Oława","Olawa","50.9333","17.3000","Poland","PL","POL","Dolnośląskie","minor","33268","1616142881"
"Didouche Mourad","Didouche Mourad","36.4500","6.6333","Algeria","DZ","DZA","Constantine","","33266","1012151355"
"Muconda","Muconda","-10.6000","21.3167","Angola","AO","AGO","Lunda-Sul","","33264","1024646532"
"Calpulalpan","Calpulalpan","19.5869","-98.5683","Mexico","MX","MEX","Tlaxcala","minor","33263","1484814346"
"Lower Makefield","Lower Makefield","40.2309","-74.8550","United States","US","USA","Pennsylvania","","33262","1840151114"
"Zamānia","Zamania","25.4194","83.5569","India","IN","IND","Uttar Pradesh","","33253","1356580984"
"Mengdan","Mengdan","24.2752","98.4672","China","CN","CHN","Yunnan","","33251","1156438926"
"Mažeikiai","Mazeikiai","56.3167","22.3333","Lithuania","LT","LTU","Mažeikiai","admin","33249","1440746512"
"Xincheng","Xincheng","38.2667","114.6833","China","CN","CHN","Hebei","","33248","1156176098"
"Salāya","Salaya","22.3200","69.6000","India","IN","IND","Gujarāt","","33246","1356118174"
"La Mesa","La Mesa","4.6303","-74.4625","Colombia","CO","COL","Cundinamarca","minor","33241","1170000629"
"Barguna","Barguna","22.1567","90.1176","Bangladesh","BD","BGD","Barishal","","33235","1050705630"
"Capim Grosso","Capim Grosso","-11.3808","-40.0128","Brazil","BR","BRA","Bahia","minor","33235","1076073401"
"Stratford","Stratford","43.3708","-80.9819","Canada","CA","CAN","Ontario","","33232","1124676255"
"Kampong Speu","Kampong Speu","11.4520","104.5190","Cambodia","KH","KHM","Kampong Speu","admin","33231","1116446492"
"Kolín","Kolin","50.0281","15.2006","Czechia","CZ","CZE","Středočeský Kraj","","33229","1203413479"
"Kavundappādi","Kavundappadi","11.4248","77.5579","India","IN","IND","Tamil Nādu","","33227","1356772268"
"Pivijay","Pivijay","10.4667","-74.6167","Colombia","CO","COL","Magdalena","minor","33225","1170978231"
"Ceres","Ceres","-33.3667","19.3167","South Africa","ZA","ZAF","Western Cape","","33224","1710538694"
"Bragado","Bragado","-35.1167","-60.5000","Argentina","AR","ARG","Buenos Aires","minor","33222","1032509795"
"Ālamat’ā","Alamat'a","12.4167","39.5500","Ethiopia","ET","ETH","Tigray","","33214","1231954520"
"Geiro","Geiro","-6.1428","36.8694","Tanzania","TZ","TZA","Morogoro","","33209","1834543579"
"Chester","Chester","39.8456","-75.3718","United States","US","USA","Pennsylvania","","33209","1840000690"
"Gotse Delchev","Gotse Delchev","41.5667","23.7333","Bulgaria","BG","BGR","Blagoevgrad","","33208","1100837214"
"Guarambaré","Guarambare","-25.4910","-57.4557","Paraguay","PY","PRY","Central","","33208","1600825126"
"Kyrenia","Kyrenia","35.3403","33.3192","Cyprus","CY","CYP","Kerýneia","admin","33207","1196334499"
"Kartārpur","Kartarpur","31.4427","75.4985","India","IN","IND","Punjab","","33207","1356753933"
"Manghit","Manghit","42.1167","60.0667","Uzbekistan","UZ","UZB","Qoraqalpog‘iston","","33200","1860400027"
"Borne","Borne","25.5431","86.6999","India","IN","IND","Bihār","","33199","1356892552"
"Epe","Epe","52.3464","5.9842","Netherlands","NL","NLD","Gelderland","minor","33198","1528488090"
"Huyton","Huyton","53.4111","-2.8403","United Kingdom","GB","GBR","Knowsley","","33193","1826682901"
"Khvāf","Khvaf","34.5711","60.1439","Iran","IR","IRN","Khorāsān-e Raẕavī","minor","33189","1364404057"
"Katiéna","Katiena","13.3225","-5.6411","Mali","ML","MLI","Ségou","","33180","1466014503"
"Agüimes","Aguimes","27.8833","-15.4333","Spain","ES","ESP","Canary Islands","","33179","1724305091"
"Pandami","Pandami","5.5300","120.7500","Philippines","PH","PHL","Sulu","","33177","1608493332"
"Gulkevichi","Gulkevichi","45.3594","40.7072","Russia","RU","RUS","Krasnodarskiy Kray","minor","33175","1643733778"
"Nevers","Nevers","46.9933","3.1572","France","FR","FRA","Bourgogne-Franche-Comté","minor","33172","1250147982"
"Eirunepé","Eirunepe","-6.6597","-69.8744","Brazil","BR","BRA","Amazonas","minor","33170","1076884388"
"Puerto Cumarebo","Puerto Cumarebo","11.4861","-69.3503","Venezuela","VE","VEN","Falcón","minor","33166","1862046151"
"Partizansk","Partizansk","43.1167","133.1167","Russia","RU","RUS","Primorskiy Kray","minor","33165","1643537193"
"Marignane","Marignane","43.4160","5.2145","France","FR","FRA","Provence-Alpes-Côte d’Azur","","33164","1250764669"
"West Little River","West Little River","25.8571","-80.2367","United States","US","USA","Florida","","33147","1840029096"
"Shamsābād","Shamsabad","27.0200","78.1300","India","IN","IND","Uttar Pradesh","","33144","1356841862"
"Şereflikoçhisar","Sereflikochisar","38.9444","33.5419","Turkey","TR","TUR","Ankara","minor","33140","1792505999"
"Romans-sur-Isère","Romans-sur-Isere","45.0464","5.0517","France","FR","FRA","Auvergne-Rhône-Alpes","","33139","1250668637"
"Baocheng","Baocheng","18.6431","109.6994","China","CN","CHN","Hainan","minor","33138","1156552771"
"Palmeira das Missões","Palmeira das Missoes","-27.8994","-53.3136","Brazil","BR","BRA","Rio Grande do Sul","minor","33131","1076243689"
"Dipaculao","Dipaculao","15.9800","121.6300","Philippines","PH","PHL","Aurora","","33131","1608371572"
"Abingdon","Abingdon","51.6717","-1.2783","United Kingdom","GB","GBR","Oxfordshire","","33130","1826918722"
"Shikārpūr","Shikarpur","28.2814","78.0108","India","IN","IND","Uttar Pradesh","","33130","1356948529"
"Helena","Helena","46.5965","-112.0202","United States","US","USA","Montana","admin","33126","1840019820"
"Korsakov","Korsakov","46.6333","142.7667","Russia","RU","RUS","Sakhalinskaya Oblast’","","33123","1643017767"
"Pánuco","Panuco","22.0500","-98.1833","Mexico","MX","MEX","Veracruz","minor","33122","1484059135"
"Kusapín","Kusapin","9.1800","-81.8900","Panama","PA","PAN","Ngäbe-Buglé","minor","33121","1591073084"
"Minamikyūshū","Minamikyushu","31.3783","130.4417","Japan","JP","JPN","Kagoshima","","33115","1392003265"
"Umaria","Umaria","23.5250","80.8361","India","IN","IND","Madhya Pradesh","","33114","1356133627"
"Trowbridge","Trowbridge","51.3200","-2.2080","United Kingdom","GB","GBR","Wiltshire","","33108","1826965204"
"Bugembe","Bugembe","0.4675","33.2414","Uganda","UG","UGA","Jinja","","33100","1800191347"
"Knokke-Heist","Knokke-Heist","51.3333","3.2833","Belgium","BE","BEL","Flanders","","33097","1056022450"
"Aosta","Aosta","45.7372","7.3206","Italy","IT","ITA","Valle d’Aosta","admin","33093","1380291310"
"Chernushka","Chernushka","56.5167","56.1000","Russia","RU","RUS","Permskiy Kray","minor","33092","1643534428"
"Shima","Shima","39.5544","141.1555","Japan","JP","JPN","Iwate","","33090","1392952545"
"Ross","Ross","40.5256","-80.0243","United States","US","USA","Pennsylvania","","33090","1840149299"
"Tekkebhāgam","Tekkebhagam","9.4361","76.5667","India","IN","IND","Kerala","","33087","1356160814"
"El Arrouch","El Arrouch","36.6531","6.8364","Algeria","DZ","DZA","Skikda","","33085","1012919019"
"Chanderi","Chanderi","24.7200","78.1300","India","IN","IND","Madhya Pradesh","","33081","1356825351"
"Calape","Calape","9.8800","123.8800","Philippines","PH","PHL","Bohol","","33079","1608336876"
"Níjar","Nijar","36.9667","-2.2000","Spain","ES","ESP","Andalusia","","33076","1724044503"
"Bethel Park","Bethel Park","40.3238","-80.0364","United States","US","USA","Pennsylvania","","33070","1840001206"
"Franklin","Franklin","42.0862","-71.4113","United States","US","USA","Massachusetts","","33067","1840031178"
"Bungoōno","Bungoono","32.9775","131.5842","Japan","JP","JPN","Ōita","","33066","1392003478"
"Temascalapa","Temascalapa","19.8000","-98.9000","Mexico","MX","MEX","México","minor","33063","1484792221"
"Mushie","Mushie","-3.0167","16.9167","Congo (Kinshasa)","CD","COD","Mai-Ndombe","","33062","1180240809"
"Kamaishi","Kamaishi","39.2758","141.8857","Japan","JP","JPN","Iwate","","33061","1392589485"
"Timimoun","Timimoun","29.2628","-0.2389","Algeria","DZ","DZA","Timimoun","admin","33060","1012351010"
"Kareli","Kareli","22.9153","79.0638","India","IN","IND","Madhya Pradesh","","33056","1356823504"
"Castelfranco Emilia","Castelfranco Emilia","44.5967","11.0528","Italy","IT","ITA","Emilia-Romagna","","33054","1380892576"
"Lampertheim","Lampertheim","49.6000","8.4667","Germany","DE","DEU","Hesse","","33053","1276406891"
"Tutin","Tutin","42.9875","20.3256","Serbia","RS","SRB","Tutin","admin","33053","1688161411"
"Taiobeiras","Taiobeiras","-15.8078","-42.2328","Brazil","BR","BRA","Minas Gerais","minor","33050","1076685590"
"‘Aïn el Hadjel","`Ain el Hadjel","35.6739","3.8817","Algeria","DZ","DZA","M’sila","","33046","1012857642"
"San Luis","San Luis","22.2828","-83.7681","Cuba","CU","CUB","Pinar del Río","minor","33039","1192769650"
"Didy","Didy","-18.1200","48.5515","Madagascar","MG","MDG","Toamasina","","33039","1450048536"
"Wakabadai","Wakabadai","45.4156","141.6731","Japan","JP","JPN","Hokkaidō","","33036","1392002486"
"Touros","Touros","-5.1989","-35.4608","Brazil","BR","BRA","Rio Grande do Norte","minor","33035","1076875720"
"Valuyki","Valuyki","50.2167","38.1000","Russia","RU","RUS","Belgorodskaya Oblast’","minor","33032","1643337970"
"Puebloviejo","Puebloviejo","10.9942","-74.2833","Colombia","CO","COL","Magdalena","minor","33030","1170245441"
"Dalnegorsk","Dalnegorsk","44.5500","135.5833","Russia","RU","RUS","Primorskiy Kray","minor","33030","1643147456"
"Las Mercedes","Las Mercedes","9.1104","-66.3961","Venezuela","VE","VEN","Guárico","minor","33025","1862558629"
"Luboń","Lubon","52.3333","16.8833","Poland","PL","POL","Wielkopolskie","","33024","1616642403"
"Jishi","Jishi","35.8461","102.4817","China","CN","CHN","Qinghai","minor","33022","1156339632"
"Martinez","Martinez","33.5209","-82.0985","United States","US","USA","Georgia","","33019","1840013747"
"East Lake","East Lake","28.1206","-82.6868","United States","US","USA","Florida","","33019","1840028980"
"Shingū","Shingu","33.7153","130.4467","Japan","JP","JPN","Fukuoka","","33017","1392392982"
"Hāngal","Hangal","14.7646","75.1246","India","IN","IND","Karnātaka","","33011","1356154406"
"Ksebia","Ksebia","34.2933","-6.1594","Morocco","MA","MAR","Rabat-Salé-Kénitra","","33007","1504059620"
"Xinbu","Xinbu","24.8478","121.0956","Taiwan","TW","TWN","Hsinchu","","33002","1158924907"
"Osvaldo Cruz","Osvaldo Cruz","-21.7967","-50.8786","Brazil","BR","BRA","São Paulo","minor","33000","1076438430"
"Luxitun","Luxitun","22.2606","107.6442","China","CN","CHN","Guangxi","","33000","1156257232"
"Garston","Garston","51.6889","-0.3845","United Kingdom","GB","GBR","Hertfordshire","","33000","1826920016"
"Ambodimanga II","Ambodimanga II","-17.2667","49.1667","Madagascar","MG","MDG","Toamasina","","33000","1450874988"
"Vohitromby","Vohitromby","-23.3085","47.5316","Madagascar","MG","MDG","Fianarantsoa","","33000","1450355473"
"Zumbo","Zumbo","-15.6148","30.4440","Mozambique","MZ","MOZ","Tete","","33000","1508473445"
"Forbe Oroya","Forbe Oroya","-11.5220","-75.9100","Peru","PE","PER","Junín","","33000","1604666304"
"Gumdag","Gumdag","39.2061","54.5906","Turkmenistan","TM","TKM","Balkan","","33000","1795425588"
"Gyzylgaya","Gyzylgaya","40.6219","55.4656","Turkmenistan","TM","TKM","Balkan","","33000","1795017897"
"Qorasuv","Qorasuv","40.7222","72.8872","Uzbekistan","UZ","UZB","Andijon","","33000","1860791531"
"Nogent-sur-Marne","Nogent-sur-Marne","48.8375","2.4833","France","FR","FRA","Île-de-France","minor","32998","1250793808"
"Villafranca di Verona","Villafranca di Verona","45.3500","10.8500","Italy","IT","ITA","Veneto","","32997","1380407942"
"Hinda","Hinda","-4.6167","12.0406","Congo (Brazzaville)","CG","COG","Kouilou","","32995","1178008443"
"Spring Valley","Spring Valley","41.1151","-74.0486","United States","US","USA","New York","","32995","1840004986"
"Příbram","Pribram","49.6883","14.0092","Czechia","CZ","CZE","Středočeský Kraj","","32992","1203262749"
"Turkauliyā","Turkauliya","26.6079","84.8296","India","IN","IND","Bihār","","32986","1356329131"
"Cottonwood Heights","Cottonwood Heights","40.6137","-111.8144","United States","US","USA","Utah","","32984","1840018746"
"Clarence","Clarence","43.0196","-78.6375","United States","US","USA","New York","","32975","1840057985"
"Boxtel","Boxtel","51.5911","5.3275","Netherlands","NL","NLD","Noord-Brabant","minor","32973","1528314024"
"Pôrto União","Porto Uniao","-26.2378","-51.0778","Brazil","BR","BRA","Santa Catarina","minor","32970","1076057988"
"Andradas","Andradas","-22.0678","-46.5689","Brazil","BR","BRA","Minas Gerais","minor","32968","1076414147"
"Taguasco","Taguasco","22.0050","-79.2650","Cuba","CU","CUB","Sancti Spíritus","minor","32968","1192783112"
"São Paulo de Olivença","Sao Paulo de Olivenca","-3.4500","-68.9500","Brazil","BR","BRA","Amazonas","minor","32967","1076704300"
"Cleburne","Cleburne","32.3568","-97.4151","United States","US","USA","Texas","","32966","1840019464"
"Foster City","Foster City","37.5553","-122.2659","United States","US","USA","California","","32964","1840020302"
"Achim","Achim","53.0653","9.0342","Germany","DE","DEU","Lower Saxony","","32961","1276242263"
"Herrenberg","Herrenberg","48.5967","8.8708","Germany","DE","DEU","Baden-Württemberg","","32961","1276549799"
"Shalingzicun","Shalingzicun","40.6807","114.9205","China","CN","CHN","Hebei","","32960","1156575136"
"Asse","Asse","50.9000","4.2000","Belgium","BE","BEL","Flanders","","32958","1056775940"
"Bembe","Bembe","-7.1000","14.4500","Angola","AO","AGO","Uíge","","32955","1024112632"
"Dellys","Dellys","36.9133","3.9141","Algeria","DZ","DZA","Boumerdes","","32954","1012717910"
"Örnsköldsvik","Ornskoldsvik","63.2940","18.7122","Sweden","SE","SWE","Västernorrland","minor","32953","1752250773"
"Itamarandiba","Itamarandiba","-17.8569","-42.8589","Brazil","BR","BRA","Minas Gerais","minor","32948","1076820842"
"Salina","Salina","43.1023","-76.1768","United States","US","USA","New York","","32945","1840087878"
"Djenné","Djenne","13.9000","-4.5500","Mali","ML","MLI","Mopti","minor","32944","1466017388"
"Rencun","Rencun","22.6585","112.3674","China","CN","CHN","Guangdong","","32942","1156561656"
"Dehlorān","Dehloran","32.6892","47.2689","Iran","IR","IRN","Īlām","minor","32941","1364480030"
"Dara","Dara","15.3508","-15.4783","Senegal","SN","SEN","Louga","","32941","1686515842"
"Musikoṭ-Khalaṅgā","Musikot-Khalanga","28.6291","82.4554","Nepal","NP","NPL","","","32939","1524443799"
"Carapeguá","Carapegua","-25.7634","-57.2468","Paraguay","PY","PRY","Paraguarí","","32939","1600844405"
"Biritiba-Mirim","Biritiba-Mirim","-23.5728","-46.0389","Brazil","BR","BRA","São Paulo","minor","32936","1076510731"
"Castelfranco Veneto","Castelfranco Veneto","45.6667","11.9333","Italy","IT","ITA","Veneto","","32935","1380391523"
"Saint-Georges","Saint-Georges","46.0966","-70.6768","Canada","CA","CAN","Quebec","","32935","1124775858"
"Araban","Araban","37.4247","37.6928","Turkey","TR","TUR","Gaziantep","minor","32933","1792472790"
"Dumalinao","Dumalinao","7.8200","123.3700","Philippines","PH","PHL","Zamboanga del Sur","","32928","1608596790"
"Elesvaram","Elesvaram","17.2833","82.1000","India","IN","IND","Andhra Pradesh","","32927","1356080600"
"Yamanashi","Yamanashi","35.6934","138.6869","Japan","JP","JPN","Yamanashi","","32925","1392003165"
"Canyon Lake","Canyon Lake","29.8761","-98.2611","United States","US","USA","Texas","","32924","1840018260"
"Massango","Massango","-11.3167","14.9333","Angola","AO","AGO","Cuanza-Sul","","32918","1024770645"
"Aravan","Aravan","40.5161","72.4996","Kyrgyzstan","KG","KGZ","Osh","minor","32917","1417417400"
"Sherwood","Sherwood","34.8507","-92.2029","United States","US","USA","Arkansas","","32915","1840015511"
"Baraguá","Baragua","21.6819","-78.6244","Cuba","CU","CUB","Ciego de Ávila","","32909","1192061113"
"Saintard","Saintard","18.8253","-72.5496","Haiti","HT","HTI","Ouest","","32906","1332903429"
"Fatehpur Sīkri","Fatehpur Sikri","27.0910","77.6610","India","IN","IND","Uttar Pradesh","","32905","1356099769"
"Escuque","Escuque","9.2500","-70.7500","Venezuela","VE","VEN","Trujillo","minor","32901","1862041046"
"Fort Erie","Fort Erie","42.9167","-79.0167","Canada","CA","CAN","Ontario","","32901","1124516852"
"Patrātu","Patratu","23.6700","85.2800","India","IN","IND","Jhārkhand","","32899","1356581953"
"Moninnpébougou","Moninnpebougou","14.1508","-5.5208","Mali","ML","MLI","Ségou","","32899","1466881622"
"Clearfield","Clearfield","41.1030","-112.0238","United States","US","USA","Utah","","32895","1840018735"
"Dana Point","Dana Point","33.4733","-117.6967","United States","US","USA","California","","32883","1840019328"
"Sānchor","Sanchor","24.7536","71.7714","India","IN","IND","Rājasthān","","32875","1356008293"
"Delbrück","Delbruck","51.7667","8.5667","Germany","DE","DEU","North Rhine-Westphalia","","32874","1276424035"
"Aksay","Aksay","51.1678","52.9950","Kazakhstan","KZ","KAZ","West Kazakhstan","minor","32873","1398621920"
"Dar Bel Hamri","Dar Bel Hamri","34.1889","-5.9697","Morocco","MA","MAR","Rabat-Salé-Kénitra","","32873","1504221505"
"Pantelimon","Pantelimon","44.4500","26.2000","Romania","RO","ROU","Ilfov","","32873","1642982115"
"Oued Zenati","Oued Zenati","36.3167","7.1667","Algeria","DZ","DZA","Guelma","","32870","1012842486"
"Kifrī","Kifri","34.6896","44.9606","Iraq","IQ","IRQ","Diyālá","minor","32870","1368292327"
"Rochester","Rochester","43.2990","-70.9787","United States","US","USA","New Hampshire","","32866","1840002809"
"Tawsalun","Tawsalun","21.4060","94.1360","Burma","MM","MMR","Magway","","32865","1104589040"
"Glendale Heights","Glendale Heights","41.9196","-88.0785","United States","US","USA","Illinois","","32864","1840011406"
"Kaysville","Kaysville","41.0290","-111.9456","United States","US","USA","Utah","","32861","1840018738"
"Lohagaon","Lohagaon","20.5988","77.6837","India","IN","IND","Mahārāshtra","","32857","1356708529"
"Lohogaon","Lohogaon","20.6000","77.6833","India","IN","IND","Mahārāshtra","","32857","1356363282"
"Sō","So","31.6533","131.0192","Japan","JP","JPN","Kagoshima","","32849","1392003153"
"Watari","Watari","38.0378","140.8526","Japan","JP","JPN","Miyagi","","32846","1392003535"
"Falmouth","Falmouth","41.5913","-70.5912","United States","US","USA","Massachusetts","","32841","1840053501"
"Ōdachō-ōda","Odacho-oda","35.1919","132.4994","Japan","JP","JPN","Shimane","","32838","1392184583"
"Villanueva","Villanueva","22.3536","-102.8831","Mexico","MX","MEX","Zacatecas","minor","32835","1484244113"
"Sanana","Sanana","-2.0545","125.9754","Indonesia","ID","IDN","Maluku Utara","minor","32831","1360020915"
"San Felipe","San Felipe","21.4833","-101.2167","Mexico","MX","MEX","Guanajuato","minor","32831","1484279509"
"Bell","Bell","33.9801","-118.1798","United States","US","USA","California","","32830","1840019228"
"Kollo","Kollo","13.0167","1.8833","Niger","NE","NER","Tillabéri","","32829","1562112321"
"Novodvinsk","Novodvinsk","64.4167","40.8333","Russia","RU","RUS","Arkhangel’skaya Oblast’","minor","32826","1643592717"
"Cheb","Cheb","50.0794","12.3706","Czechia","CZ","CZE","Karlovarský Kraj","","32825","1203676556"
"Andover","Andover","45.2571","-93.3265","United States","US","USA","Minnesota","","32825","1840006716"
"Carache","Carache","9.7072","-70.1933","Venezuela","VE","VEN","Trujillo","minor","32820","1862533951"
"Kakira","Kakira","0.5036","33.2825","Uganda","UG","UGA","Jinja","","32819","1800697790"
"Gostivar","Gostivar","41.8000","20.9167","North Macedonia","MK","MKD","Gostivar","admin","32814","1807901060"
"Umarkot","Umarkot","19.6653","82.2063","India","IN","IND","Chhattīsgarh","","32813","1356562244"
"Urbano Santos","Urbano Santos","-3.2078","-43.4039","Brazil","BR","BRA","Maranhão","minor","32812","1076959663"
"Amés","Ames","42.9000","-8.6333","Spain","ES","ESP","Galicia","","32812","1724737109"
"Sertânia","Sertania","-8.0706","-37.2658","Brazil","BR","BRA","Pernambuco","minor","32811","1076986072"
"Brooklyn Center","Brooklyn Center","45.0681","-93.3162","United States","US","USA","Minnesota","","32811","1840004022"
"Pilar","Pilar","-26.8695","-58.3000","Paraguay","PY","PRY","Ñeembucú","admin","32810","1600377954"
"Ārumuganeri","Arumuganeri","8.5717","78.0922","India","IN","IND","Tamil Nādu","","32809","1356744238"
"Igrejinha","Igrejinha","-29.5739","-50.7900","Brazil","BR","BRA","Rio Grande do Sul","minor","32808","1076637934"
"Tecuci","Tecuci","45.8467","27.4278","Romania","RO","ROU","Galaţi","","32801","1642402101"
"Baraawe","Baraawe","1.1133","44.0303","Somalia","SO","SOM","Shabeellaha Hoose","","32800","1706566007"
"Teutônia","Teutonia","-29.4478","-51.8058","Brazil","BR","BRA","Rio Grande do Sul","minor","32797","1076130983"
"Ticul","Ticul","20.3953","-89.5339","Mexico","MX","MEX","Yucatán","","32796","1484056090"
"Sighetu Marmaţiei","Sighetu Marmatiei","47.9286","23.8925","Romania","RO","ROU","Maramureş","","32793","1642377306"
"Buco Zau","Buco Zau","-4.7617","12.5419","Angola","AO","AGO","Cabinda","","32792","1024523085"
"Desert Hot Springs","Desert Hot Springs","33.9550","-116.5429","United States","US","USA","California","","32786","1840019306"
"Parambil","Parambil","11.5575","75.7605","India","IN","IND","Kerala","","32784","1356157325"
"Bela Cruz","Bela Cruz","-3.0508","-40.1678","Brazil","BR","BRA","Ceará","minor","32775","1076116893"
"Rubino","Rubino","6.0692","-4.3086","Côte d’Ivoire","CI","CIV","Lagunes","","32775","1384906865"
"Menlo Park","Menlo Park","37.4685","-122.1673","United States","US","USA","California","","32775","1840020305"
"Los Gatos","Los Gatos","37.2304","-121.9562","United States","US","USA","California","","32773","1840021575"
"Ubajara","Ubajara","-3.8544","-40.9211","Brazil","BR","BRA","Ceará","minor","32767","1076215653"
"Geesthacht","Geesthacht","53.4375","10.3675","Germany","DE","DEU","Schleswig-Holstein","","32763","1276117326"
"Fürstenwalde","Furstenwalde","52.3667","14.0667","Germany","DE","DEU","Brandenburg","","32763","1276767308"
"Bocas de Satinga","Bocas de Satinga","2.3469","-78.3256","Colombia","CO","COL","Nariño","minor","32759","1170318285"
"Baja","Baja","46.1833","18.9536","Hungary","HU","HUN","Bács-Kiskun","minor","32759","1348727226"
"Udaipur","Udaipur","23.5389","91.4917","India","IN","IND","Tripura","","32758","1356603574"
"Sayram","Sayram","42.3000","69.7667","Kazakhstan","KZ","KAZ","Shymkent","","32757","1398493242"
"Castelo","Castelo","-20.6039","-41.1850","Brazil","BR","BRA","Espírito Santo","minor","32756","1076313406"
"Chand Chaur","Chand Chaur","25.7276","85.7865","India","IN","IND","Bihār","","32754","1356967717"
"Val-d’Or","Val-d'Or","48.1000","-77.7833","Canada","CA","CAN","Quebec","","32752","1124239138"
"Saint-Médard-en-Jalles","Saint-Medard-en-Jalles","44.8964","-0.7164","France","FR","FRA","Nouvelle-Aquitaine","","32749","1250115670"
"Mankada","Mankada","11.0187","76.1755","India","IN","IND","Kerala","","32748","1356016026"
"Ingenio","Ingenio","27.9214","-15.4325","Spain","ES","ESP","Canary Islands","","32747","1724555097"
"Puerto Escondido","Puerto Escondido","8.9500","-76.2500","Colombia","CO","COL","Córdoba","minor","32745","1170484515"
"Balzar","Balzar","-1.3600","-79.9000","Ecuador","EC","ECU","Guayas","minor","32744","1218257587"
"Barouéli","Baroueli","13.0769","-6.8311","Mali","ML","MLI","Ségou","minor","32739","1466725032"
"St. Charles","St. Charles","41.9193","-88.3109","United States","US","USA","Illinois","","32733","1840009190"
"Kallūr","Kallur","8.6714","76.7944","India","IN","IND","Kerala","","32728","1356162520"
"Oshnavīyeh","Oshnaviyeh","37.0364","45.0956","Iran","IR","IRN","Āz̄arbāyjān-e Gharbī","minor","32723","1364910470"
"Sayula de Alemán","Sayula de Aleman","17.8833","-94.9500","Mexico","MX","MEX","Veracruz","minor","32721","1484073387"
"LaSalle","LaSalle","42.2167","-83.0667","Canada","CA","CAN","Ontario","","32721","1124000988"
"Ivaiporã","Ivaipora","-24.2478","-51.6850","Brazil","BR","BRA","Paraná","minor","32720","1076889382"
"Gonglang","Gonglang","24.8392","100.3122","China","CN","CHN","Yunnan","","32719","1156229602"
"Rodas","Rodas","22.3428","-80.5553","Cuba","CU","CUB","Cienfuegos","minor","32719","1192506240"
"Warwick","Warwick","52.2800","-1.5900","United Kingdom","GB","GBR","Warwickshire","","32719","1826383937"
"Geraldton","Geraldton","-28.7744","114.6089","Australia","AU","AUS","Western Australia","","32717","1036811875"
"Pasadena","Pasadena","39.1552","-76.5537","United States","US","USA","Maryland","","32717","1840005914"
"Ansongo","Ansongo","15.6650","0.5028","Mali","ML","MLI","Gao","minor","32709","1466948813"
"Vadavalli","Vadavalli","11.0258","76.9038","India","IN","IND","Tamil Nādu","","32708","1356781996"
"Savage","Savage","44.7545","-93.3632","United States","US","USA","Minnesota","","32706","1840008957"
"Jaguarari","Jaguarari","-10.2600","-40.1958","Brazil","BR","BRA","Bahia","minor","32703","1076470682"
"Tskhinvali","Tskhinvali","42.2257","43.9701","Georgia","GE","GEO","Shida Kartli","","32699","1268142653"
"Yufu","Yufu","33.1800","131.4267","Japan","JP","JPN","Ōita","","32698","1392003544"
"Lens","Lens","50.4322","2.8333","France","FR","FRA","Hauts-de-France","minor","32697","1250108513"
"Lathrop","Lathrop","37.8090","-121.3131","United States","US","USA","California","","32696","1840020266"
"Debagrām","Debagram","23.6833","88.2833","India","IN","IND","West Bengal","","32695","1356831548"
"Sidi Smai’il","Sidi Smai'il","32.8167","-8.5000","Morocco","MA","MAR","Casablanca-Settat","","32694","1504182456"
"Goleta","Goleta","34.4361","-119.8594","United States","US","USA","California","","32693","1840001783"
"Silvia","Silvia","2.6167","-76.3833","Colombia","CO","COL","Cauca","minor","32692","1170405315"
"Cota","Cota","4.8167","-74.1000","Colombia","CO","COL","Cundinamarca","minor","32691","1170708586"
"Nānjikkottai","Nanjikkottai","10.7453","79.1289","India","IN","IND","Tamil Nādu","","32689","1356174083"
"Arcos","Arcos","-20.2914","-45.5397","Brazil","BR","BRA","Minas Gerais","minor","32687","1076650376"
"São João Batista","Sao Joao Batista","-27.2758","-48.8489","Brazil","BR","BRA","Santa Catarina","minor","32687","1076000370"
"Xiaodian","Xiaodian","40.0742","116.8258","China","CN","CHN","Beijing","","32686","1156025464"
"Vargem Grande Paulista","Vargem Grande Paulista","-23.6028","-47.0258","Brazil","BR","BRA","São Paulo","minor","32683","1076840914"
"Vilakkudi","Vilakkudi","9.0167","76.8500","India","IN","IND","Kerala","","32677","1356160321"
"Yuzhne","Yuzhne","46.6300","31.1000","Ukraine","UA","UKR","Odeska Oblast","","32677","1804000461"
"Zhanjia","Zhanjia","34.7564","109.3846","China","CN","CHN","Shaanxi","","32667","1156040005"
"Iława","Ilawa","53.5964","19.5656","Poland","PL","POL","Warmińsko-Mazurskie","minor","32664","1616033026"
"Itaíba","Itaiba","-8.9478","-37.4228","Brazil","BR","BRA","Pernambuco","minor","32650","1076158935"
"City Bell","City Bell","-34.8500","-58.0500","Argentina","AR","ARG","Buenos Aires","","32646","1032568432"
"Jamikunta","Jamikunta","18.2864","79.4761","India","IN","IND","Andhra Pradesh","","32645","1356570935"
"Krabi","Krabi","8.0592","98.9189","Thailand","TH","THA","Krabi","admin","32644","1764587855"
"San Sebastián de Mariquita","San Sebastian de Mariquita","5.2500","-74.9167","Colombia","CO","COL","Tolima","minor","32642","1170963203"
"Earley","Earley","51.4330","-0.9330","United Kingdom","GB","GBR","Wokingham","","32640","1826312620"
"Tārānagar","Taranagar","28.6689","75.0406","India","IN","IND","Rājasthān","","32640","1356352395"
"Putla Villa de Guerrero","Putla Villa de Guerrero","17.0167","-97.9167","Mexico","MX","MEX","Oaxaca","minor","32640","1484503444"
"El Difícil","El Dificil","9.8500","-74.2386","Colombia","CO","COL","Magdalena","minor","32637","1170207587"
"Belhi","Belhi","26.5769","86.1723","India","IN","IND","Bihār","","32635","1356604967"
"Ventspils","Ventspils","57.3906","21.5733","Latvia","LV","LVA","Ventspils","admin","32634","1428112098"
"Frederico Westphalen","Frederico Westphalen","-27.3589","-53.3939","Brazil","BR","BRA","Rio Grande do Sul","minor","32627","1076744210"
"Dartmouth","Dartmouth","41.6138","-70.9973","United States","US","USA","Massachusetts","","32621","1840070232"
"Mechraa Bel Ksiri","Mechraa Bel Ksiri","34.5600","-5.9500","Morocco","MA","MAR","Rabat-Salé-Kénitra","","32615","1504646910"
"San Lazzaro di Savena","San Lazzaro di Savena","44.4716","11.4049","Italy","IT","ITA","Emilia-Romagna","","32614","1380383689"
"Aïn el Bya","Ain el Bya","35.8167","-0.2833","Algeria","DZ","DZA","Oran","","32611","1012529219"
"Bozdoğan","Bozdogan","37.6728","28.3103","Turkey","TR","TUR","Aydın","minor","32607","1792268434"
"Xinyuan","Xinyuan","22.5149","120.4470","Taiwan","TW","TWN","Pingtung","","32601","1158820437"
"Arris","Arris","35.2500","6.3500","Algeria","DZ","DZA","Batna","","32597","1012721037"
"Mayantoc","Mayantoc","15.6203","120.3775","Philippines","PH","PHL","Tarlac","","32597","1608123368"
"Kraśnik","Krasnik","50.9167","22.2167","Poland","PL","POL","Lubelskie","minor","32593","1616082443"
"Motherwell","Motherwell","55.7839","-3.9852","United Kingdom","GB","GBR","North Lanarkshire","","32590","1826854355"
"Mashiki","Mashiki","32.7833","130.8000","Japan","JP","JPN","Kumamoto","","32587","1392833070"
"Matalom","Matalom","10.2800","124.8000","Philippines","PH","PHL","Leyte","","32586","1608519626"
"Diplahan","Diplahan","7.6911","122.9853","Philippines","PH","PHL","Zamboanga Sibugay","","32585","1608903309"
"Businga","Businga","3.3397","20.8700","Congo (Kinshasa)","CD","COD","Nord-Ubangi","","32584","1180719970"
"Shamsābād","Shamsabad","17.2603","78.3969","India","IN","IND","Andhra Pradesh","","32583","1356251040"
"Inzá","Inza","2.5500","-76.0667","Colombia","CO","COL","Cauca","minor","32582","1170048803"
"Isser","Isser","36.7160","3.6660","Algeria","DZ","DZA","Boumerdes","","32580","1012146120"
"Lichfield","Lichfield","52.6820","-1.8290","United Kingdom","GB","GBR","Staffordshire","","32580","1826803495"
"Radolfzell am Bodensee","Radolfzell am Bodensee","47.7333","8.9667","Germany","DE","DEU","Baden-Württemberg","","32575","1276934854"
"Erraguntla","Erraguntla","14.6333","78.5333","India","IN","IND","Andhra Pradesh","","32574","1356180347"
"Balindong","Balindong","7.9200","124.2000","Philippines","PH","PHL","Lanao del Sur","","32573","1608101746"
"Shimanto","Shimanto","33.0000","132.9333","Japan","JP","JPN","Kōchi","","32551","1392003113"
"Aïn Bessem","Ain Bessem","36.2967","3.6700","Algeria","DZ","DZA","Bouira","","32548","1012193122"
"Aïn Smara","Ain Smara","36.2664","6.4967","Algeria","DZ","DZA","Constantine","","32548","1012196861"
"Villiers-sur-Marne","Villiers-sur-Marne","48.8275","2.5447","France","FR","FRA","Île-de-France","","32547","1250966526"
"Mateur","Mateur","37.0400","9.6650","Tunisia","TN","TUN","Bizerte","","32546","1788734106"
"Des Moines","Des Moines","47.3914","-122.3156","United States","US","USA","Washington","","32545","1840018426"
"Garner","Garner","35.6936","-78.6181","United States","US","USA","North Carolina","","32543","1840016198"
"Chēmanchēri","Chemancheri","11.4116","75.7350","India","IN","IND","Kerala","","32532","1356150906"
"Badoc","Badoc","17.9267","120.4754","Philippines","PH","PHL","Ilocos Norte","","32530","1608039575"
"Gödöllő","Godollo","47.6000","19.3667","Hungary","HU","HUN","Pest","minor","32524","1348039473"
"Hani","Hani","38.4136","40.3925","Turkey","TR","TUR","Diyarbakır","minor","32519","1792860616"
"I-n-Salah","I-n-Salah","27.1950","2.4833","Algeria","DZ","DZA","In Salah","admin","32518","1012201146"
"Madira","Madira","16.9167","80.3667","India","IN","IND","Andhra Pradesh","","32516","1356389157"
"Caçapava do Sul","Cacapava do Sul","-30.5119","-53.4908","Brazil","BR","BRA","Rio Grande do Sul","minor","32515","1076550820"
"Dolores","Dolores","14.0157","121.4011","Philippines","PH","PHL","Quezon","","32514","1608414696"
"Lobougoula","Lobougoula","11.0375","-5.9906","Mali","ML","MLI","Sikasso","","32505","1466081174"
"Minamisatsuma","Minamisatsuma","31.4167","130.3233","Japan","JP","JPN","Kagoshima","","32503","1392999973"
"Garfield","Garfield","40.8791","-74.1085","United States","US","USA","New Jersey","","32502","1840003554"
"Burgess Hill","Burgess Hill","50.9535","-0.1262","United Kingdom","GB","GBR","West Sussex","","32491","1826867983"
"Mānwat","Manwat","19.3000","76.5000","India","IN","IND","Mahārāshtra","","32488","1356217655"
"Shiyeli","Shiyeli","44.1789","66.7328","Kazakhstan","KZ","KAZ","Qyzylorda","minor","32480","1398206798"
"Shahrābād","Shahrabad","35.6883","50.8397","Iran","IR","IRN","Tehrān","","32476","1364740129"
"Pombal","Pombal","-6.7700","-37.8019","Brazil","BR","BRA","Paraíba","minor","32473","1076681392"
"Baiyan","Baiyan","26.3584","106.2347","China","CN","CHN","Guizhou","","32473","1156177660"
"Boryslav","Boryslav","49.2892","23.4189","Ukraine","UA","UKR","Lvivska Oblast","","32473","1804511652"
"Yinchengpu","Yinchengpu","39.8189","118.1880","China","CN","CHN","Hebei","","32471","1156786204"
"Ourilândia do Norte","Ourilandia do Norte","-6.7550","-51.0839","Brazil","BR","BRA","Pará","minor","32467","1076846265"
"Nueva Italia de Ruiz","Nueva Italia de Ruiz","19.0194","-102.1089","Mexico","MX","MEX","Michoacán","","32467","1484876293"
"Fallbrook","Fallbrook","33.3693","-117.2259","United States","US","USA","California","","32467","1840018019"
"Sotouboua","Sotouboua","8.5667","0.9833","Togo","TG","TGO","Centrale","","32464","1768355631"
"Fucheng","Fucheng","35.3725","103.7056","China","CN","CHN","Gansu","minor","32463","1156178996"
"Lower Macungie","Lower Macungie","40.5303","-75.5700","United States","US","USA","Pennsylvania","","32462","1840149645"
"Sukhoy Log","Sukhoy Log","56.9167","62.0167","Russia","RU","RUS","Sverdlovskaya Oblast’","minor","32461","1643890809"
"Staryy Beyneu","Staryy Beyneu","45.1834","55.1000","Kazakhstan","KZ","KAZ","Mangghystaū","","32452","1398655445"
"Virei","Virei","-15.7167","12.9500","Angola","AO","AGO","Namibe","","32445","1024726045"
"Chemmaruthi","Chemmaruthi","8.7597","76.7435","India","IN","IND","Kerala","","32444","1356162350"
"Turaiyūr","Turaiyur","11.1497","78.5987","India","IN","IND","Tamil Nādu","","32439","1356208904"
"Sendawar","Sendawar","2.1833","98.3833","Indonesia","ID","IDN","Sumatera Utara","","32438","1360006405"
