"Deurne","Deurne","51.4639","5.7947","Netherlands","NL","NLD","Noord-Brabant","minor","32437","1528815355"
"Nouna","Nouna","12.7333","-3.8667","Burkina Faso","BF","BFA","Boucle du Mouhoun","minor","32428","1854190171"
"Abbiategrasso","Abbiategrasso","45.4009","8.9185","Italy","IT","ITA","Lombardy","","32425","1380022331"
"Omaezaki","Omaezaki","34.6379","138.1281","Japan","JP","JPN","Shizuoka","","32422","1392319177"
"Dioungani","Dioungani","14.3131","-2.7394","Mali","ML","MLI","Mopti","","32418","1466583871"
"Vrilíssia","Vrilissia","38.0333","23.8333","Greece","GR","GRC","Attikí","minor","32417","1300600750"
"Sosnogorsk","Sosnogorsk","63.6000","53.9000","Russia","RU","RUS","Komi","minor","32411","1643361228"
"Bussum","Bussum","52.2833","5.1667","Netherlands","NL","NLD","Noord-Holland","minor","32410","1528731782"
"Sındırgı","Sindirgi","39.2400","28.1750","Turkey","TR","TUR","Balıkesir","minor","32408","1792952422"
"Sitges","Sitges","41.2370","1.8230","Spain","ES","ESP","Catalonia","","32405","1724328412"
"Nedroma","Nedroma","35.0000","-1.7333","Algeria","DZ","DZA","Tlemcen","","32398","1012681931"
"Razgrad","Razgrad","43.5409","26.5288","Bulgaria","BG","BGR","Razgrad","admin","32391","1100143131"
"Kamen’-na-Obi","Kamen'-na-Obi","53.7833","81.3333","Russia","RU","RUS","Altayskiy Kray","","32385","1643009870"
"Ketti","Ketti","11.4000","76.7000","India","IN","IND","Tamil Nādu","","32384","1356137841"
"Kameda-honchō","Kameda-honcho","37.8678","139.0942","Japan","JP","JPN","Niigata","","32382","1392304963"
"Dumfries","Dumfries","55.0700","-3.6030","United Kingdom","GB","GBR","Dumfries and Galloway","","32379","1826801547"
"Pires do Rio","Pires do Rio","-17.3008","-48.2800","Brazil","BR","BRA","Goiás","minor","32373","1076357135"
"Oisterwijk","Oisterwijk","51.5833","5.2000","Netherlands","NL","NLD","Noord-Brabant","minor","32373","1528135071"
"Chamtha","Chamtha","25.5789","85.7734","India","IN","IND","Bihār","","32371","1356553756"
"Brighouse","Brighouse","53.7070","-1.7940","United Kingdom","GB","GBR","Calderdale","","32360","1826688359"
"Massantola","Massantola","13.4889","-7.8058","Mali","ML","MLI","Koulikoro","","32358","1466269912"
"Dracut","Dracut","42.6832","-71.3010","United States","US","USA","Massachusetts","","32356","1840053477"
"Kiranomena","Kiranomena","-18.2955","46.0521","Madagascar","MG","MDG","Antananarivo","","32354","1450873803"
"Yankou","Yankou","27.5950","105.4174","China","CN","CHN","Guizhou","","32351","1156171220"
"Guararapes","Guararapes","-21.2608","-50.6428","Brazil","BR","BRA","São Paulo","minor","32346","1076646816"
"Shōbara","Shobara","34.8544","133.0192","Japan","JP","JPN","Hiroshima","","32343","1392341787"
"Kävlinge","Kavlinge","55.8000","13.1000","Sweden","SE","SWE","Skåne","minor","32341","1752983535"
"Pattanapuram","Pattanapuram","9.0927","76.8612","India","IN","IND","Kerala","","32339","1356586652"
"Naumburg","Naumburg","51.1500","11.8167","Germany","DE","DEU","Saxony-Anhalt","minor","32336","1276335227"
"Ire","Ire","7.9361","4.7250","Nigeria","NG","NGA","Osun","","32336","1566894359"
"Lawrence","Lawrence","40.2954","-74.7205","United States","US","USA","New Jersey","","32335","1840056345"
"Florence","Florence","38.9899","-84.6471","United States","US","USA","Kentucky","","32334","1840013161"
"Aiken","Aiken","33.5303","-81.7271","United States","US","USA","South Carolina","","32334","1840013722"
"La Virginia","La Virginia","4.9167","-75.8333","Colombia","CO","COL","Risaralda","minor","32330","1170879762"
"Sāsthānkotta","Sasthankotta","9.0365","76.6239","India","IN","IND","Kerala","","32330","1356152722"
"Manakkara","Manakkara","9.0365","76.6239","India","IN","IND","Tamil Nādu","","32330","1356217028"
"Lumbang","Lumbang","14.2970","121.4590","Philippines","PH","PHL","Laguna","","32330","1608829120"
"Narsinghgarh","Narsinghgarh","23.7000","77.1000","India","IN","IND","Madhya Pradesh","","32329","1356964288"
"San Pedro de Urabá","San Pedro de Uraba","8.2833","-76.3833","Colombia","CO","COL","Antioquia","minor","32328","1170185600"
"Kalyandrug","Kalyandrug","14.5500","77.1000","India","IN","IND","Andhra Pradesh","","32328","1356922416"
"Wigston Magna","Wigston Magna","52.5812","-1.0930","United Kingdom","GB","GBR","Leicestershire","","32321","1826846225"
"Lugo","Lugo","44.4214","11.9109","Italy","IT","ITA","Emilia-Romagna","","32321","1380226468"
"Itzehoe","Itzehoe","53.9250","9.5164","Germany","DE","DEU","Schleswig-Holstein","minor","32319","1276277285"
"Bilzen","Bilzen","50.8730","5.5163","Belgium","BE","BEL","Flanders","","32318","1056431359"
"Ōharu","Oharu","35.1751","136.8201","Japan","JP","JPN","Aichi","","32318","1392003375"
"Namerikawa","Namerikawa","36.7644","137.3412","Japan","JP","JPN","Toyama","","32317","1392003318"
"Chancay","Chancay","-11.5653","-77.2714","Peru","PE","PER","Lima","","32312","1604882367"
"Buenaventura Lakes","Buenaventura Lakes","28.3349","-81.3539","United States","US","USA","Florida","","32310","1840028974"
"Sant’Antimo","Sant'Antimo","40.9431","14.2368","Italy","IT","ITA","Campania","","32309","1380853307"
"Terga","Terga","35.4167","-1.1833","Algeria","DZ","DZA","Aïn Temouchent","","32308","1012777940"
"Iranduba","Iranduba","-3.2850","-60.1886","Brazil","BR","BRA","Amazonas","minor","32303","1076838918"
"Nagarote","Nagarote","12.2667","-86.5667","Nicaragua","NI","NIC","León","minor","32303","1558005234"
"El Abiodh Sidi Cheikh","El Abiodh Sidi Cheikh","32.8986","0.5444","Algeria","DZ","DZA","El Bayadh","","32300","1012150808"
"Madīnat al Ḩabbānīyah","Madinat al Habbaniyah","33.3836","43.5855","Iraq","IQ","IRQ","Al Anbār","","32300","1368678108"
"Nurota","Nurota","40.5650","65.6850","Uzbekistan","UZ","UZB","Navoiy","","32300","1860266981"
"Tattamangalam","Tattamangalam","10.7000","76.7500","India","IN","IND","Kerala","","32298","1356958589"
"Sibiti","Sibiti","-3.6850","13.3511","Congo (Brazzaville)","CG","COG","Lékoumou","admin","32296","1178867178"
"Épinal","Epinal","48.1744","6.4512","France","FR","FRA","Grand Est","minor","32296","1250137888"
"Cachoeira Paulista","Cachoeira Paulista","-22.6650","-45.0094","Brazil","BR","BRA","São Paulo","minor","32294","1076563996"
"Littlehampton","Littlehampton","50.8094","-0.5409","United Kingdom","GB","GBR","West Sussex","","32291","1826096073"
"Curanilahue","Curanilahue","-37.4764","-73.3444","Chile","CL","CHL","Biobío","","32288","1152226096"
"Venaria Reale","Venaria Reale","45.1167","7.6333","Italy","IT","ITA","Piedmont","","32288","1380174847"
"Komárno","Komarno","47.7633","18.1283","Slovakia","SK","SVK","Nitra","","32287","1703927453"
"Ágioi Anárgyroi","Agioi Anargyroi","38.0267","23.7183","Greece","GR","GRC","Attikí","minor","32283","1300220121"
"Messaména","Messamena","3.7333","12.8333","Cameroon","CM","CMR","Est","","32282","1120403736"
"Concón","Concon","-32.9167","-71.5167","Chile","CL","CHL","Valparaíso","","32273","1152523682"
"Manises","Manises","39.4833","-0.4500","Spain","ES","ESP","Valencia","","32273","1724921476"
"Tavda","Tavda","58.0500","65.2667","Russia","RU","RUS","Sverdlovskaya Oblast’","minor","32272","1643627997"
"Chalatenango","Chalatenango","14.0333","-88.9333","El Salvador","SV","SLV","Chalatenango","admin","32272","1222515741"
"Chiché","Chiche","15.0106","-91.0650","Guatemala","GT","GTM","Quiché","minor","32271","1320628712"
"Peñaranda","Penaranda","15.3531","121.0017","Philippines","PH","PHL","Nueva Ecija","","32269","1608867657"
"Niéna","Niena","11.4247","-6.3458","Mali","ML","MLI","Sikasso","","32265","1466898809"
"Alatyr","Alatyr","54.8500","46.5833","Russia","RU","RUS","Chuvashiya","","32265","1643942115"
"Zarqān","Zarqan","29.7683","52.7186","Iran","IR","IRN","Fārs","","32261","1364934865"
"Zaojiao","Zaojiao","34.4727","105.7062","China","CN","CHN","Gansu","","32260","1156127816"
"Primorsko-Akhtarsk","Primorsko-Akhtarsk","46.0500","38.1667","Russia","RU","RUS","Krasnodarskiy Kray","minor","32257","1643397467"
"Jimalalud","Jimalalud","9.9797","123.1999","Philippines","PH","PHL","Negros Oriental","","32256","1608267364"
"Bambadinca","Bambadinca","12.0333","-14.8667","Guinea-Bissau","GW","GNB","Bafatá","","32255","1624729840"
"Boro","Boro","14.0152","-7.5121","Mali","ML","MLI","Koulikoro","","32250","1466283433"
"Rayleigh","Rayleigh","51.5864","0.6049","United Kingdom","GB","GBR","Essex","","32248","1826491250"
"Guanhães","Guanhaes","-18.7750","-42.9328","Brazil","BR","BRA","Minas Gerais","minor","32244","1076235295"
"Ţafas","Tafas","32.7371","36.0665","Syria","SY","SYR","Dar‘ā","","32236","1760012771"
"São Bento","Sao Bento","-6.4858","-37.4508","Brazil","BR","BRA","Paraíba","minor","32235","1076842336"
"Termoli","Termoli","42.0028","14.9947","Italy","IT","ITA","Molise","","32235","1380386947"
"Laranjeiras do Sul","Laranjeiras do Sul","-25.4078","-52.4158","Brazil","BR","BRA","Paraná","minor","32227","1076918166"
"Yōkaichiba","Yokaichiba","35.7000","140.5604","Japan","JP","JPN","Chiba","","32227","1392512900"
"Sébaco","Sebaco","12.8500","-86.1000","Nicaragua","NI","NIC","Matagalpa","minor","32221","1558662201"
"Paraipaba","Paraipaba","-3.4389","-39.1478","Brazil","BR","BRA","Ceará","minor","32216","1076816341"
"Arrecifes","Arrecifes","-34.0667","-60.1167","Argentina","AR","ARG","Buenos Aires","minor","32215","1032802963"
"Spring Valley","Spring Valley","32.7317","-116.9766","United States","US","USA","California","","32215","1840019343"
"Şāfītā","Safita","34.8210","36.1177","Syria","SY","SYR","Ţarţūs","minor","32213","1760592493"
"Lajedo","Lajedo","-8.6639","-36.3200","Brazil","BR","BRA","Pernambuco","minor","32209","1076183844"
"Mallig","Mallig","17.2086","121.6106","Philippines","PH","PHL","Isabela","","32208","1608733659"
"Kindi","Kindi","12.4333","-2.0167","Burkina Faso","BF","BFA","","","32207","1854813860"
"Casale Monferrato","Casale Monferrato","45.1342","8.4583","Italy","IT","ITA","Piedmont","","32204","1380727799"
"Buloqboshi","Buloqboshi","40.6222","72.5028","Uzbekistan","UZ","UZB","Andijon","minor","32200","1860281423"
"Cochrane","Cochrane","51.1890","-114.4670","Canada","CA","CAN","Alberta","","32199","1124952542"
"Igbaras","Igbaras","10.7200","122.2700","Philippines","PH","PHL","Iloilo","","32197","1608731890"
"Maryville","Maryville","35.7468","-83.9789","United States","US","USA","Tennessee","","32196","1840015380"
"Piombino","Piombino","42.9348","10.5221","Italy","IT","ITA","Tuscany","","32194","1380556086"
"Agen","Agen","44.2049","0.6212","France","FR","FRA","Nouvelle-Aquitaine","minor","32193","1250059626"
"Kristianstad","Kristianstad","56.0337","14.1333","Sweden","SE","SWE","Skåne","minor","32188","1752606470"
"Hutto","Hutto","30.5396","-97.5440","United States","US","USA","Texas","","32188","1840019573"
"Didcot","Didcot","51.6060","-1.2410","United Kingdom","GB","GBR","Oxfordshire","","32186","1826515635"
"Windsor","Windsor","51.4791","-0.6095","United Kingdom","GB","GBR","Windsor and Maidenhead","","32184","1826792931"
"Kulebaki","Kulebaki","55.4167","42.5333","Russia","RU","RUS","Nizhegorodskaya Oblast’","minor","32184","1643223914"
"Long Branch","Long Branch","40.2965","-73.9915","United States","US","USA","New Jersey","","32184","1840003673"
"Estrêla","Estrela","-29.5019","-51.9658","Brazil","BR","BRA","Rio Grande do Sul","minor","32183","1076456706"
"Nagato","Nagato","34.3706","131.1825","Japan","JP","JPN","Yamaguchi","","32183","1392904724"
"Gandu","Gandu","-13.7439","-39.4869","Brazil","BR","BRA","Bahia","minor","32178","1076167274"
"Ibaté","Ibate","-21.9550","-47.9969","Brazil","BR","BRA","São Paulo","minor","32178","1076395966"
"Massillon","Massillon","40.7838","-81.5254","United States","US","USA","Ohio","","32177","1840000965"
"Xangda","Xangda","32.2055","96.4781","China","CN","CHN","Qinghai","minor","32175","1156944769"
"Aix-les-Bains","Aix-les-Bains","45.6885","5.9153","France","FR","FRA","Auvergne-Rhône-Alpes","","32175","1250456565"
"Matões","Matoes","-5.5189","-43.1989","Brazil","BR","BRA","Maranhão","minor","32174","1076560860"
"Maragogi","Maragogi","-9.0122","-35.2225","Brazil","BR","BRA","Alagoas","minor","32174","1076984582"
"Homa Bay","Homa Bay","-0.5167","34.4500","Kenya","KE","KEN","Homa Bay","admin","32174","1404321159"
"Catubig","Catubig","12.4080","125.0540","Philippines","PH","PHL","Northern Samar","","32174","1608682352"
"Myski","Myski","53.7000","87.8167","Russia","RU","RUS","Kemerovskaya Oblast’","","32173","1643972343"
"Yorii","Yorii","36.1183","139.1930","Japan","JP","JPN","Saitama","","32172","1392564179"
"Papendrecht","Papendrecht","51.8333","4.6833","Netherlands","NL","NLD","Zuid-Holland","minor","32171","1528603261"
"Ortega","Ortega","3.9167","-75.2500","Colombia","CO","COL","Tolima","minor","32164","1170797038"
"Alubijid","Alubijid","8.5714","124.4751","Philippines","PH","PHL","Misamis Oriental","","32163","1608269125"
"Wheat Ridge","Wheat Ridge","39.7728","-105.1028","United States","US","USA","Colorado","","32158","1840021431"
"Catende","Catende","-8.6669","-35.7169","Brazil","BR","BRA","Pernambuco","minor","32156","1076237989"
"Trévani","Trevani","-12.7385","45.2071","Mayotte","YT","MYT","","","32156","1175905396"
"Koungou","Koungou","-12.7385","45.2071","Mayotte","YT","MYT","","","32156","1175080353"
"Rokhaty","Rokhaty","38.6000","68.9333","Tajikistan","TJ","TJK","Nohiyahoi Tobei Jumhurí","","32152","1762898038"
"Sint-Amandsberg","Sint-Amandsberg","51.0539","3.7492","Belgium","BE","BEL","Flanders","","32151","1056712936"
"Erāmala","Eramala","11.6789","75.5931","India","IN","IND","Kerala","","32151","1356458714"
"Miguel Alves","Miguel Alves","-4.1658","-42.8950","Brazil","BR","BRA","Piauí","minor","32150","1076086416"
"Montigny-le-Bretonneux","Montigny-le-Bretonneux","48.7711","2.0333","France","FR","FRA","Île-de-France","","32150","1250533450"
"Ganderkesee","Ganderkesee","53.0358","8.5483","Germany","DE","DEU","Lower Saxony","","32149","1276035845"
"Buguey","Buguey","18.2882","121.8331","Philippines","PH","PHL","Cagayan","minor","32148","1608139858"
"Utraula","Utraula","27.3200","82.4200","India","IN","IND","Uttar Pradesh","","32145","1356007969"
"O'Fallon","O'Fallon","38.5974","-89.9148","United States","US","USA","Illinois","","32139","1840008632"
"Salug","Salug","8.1075","122.7575","Philippines","PH","PHL","Zamboanga del Norte","","32134","1608808940"
"Elk Grove Village","Elk Grove Village","42.0064","-87.9921","United States","US","USA","Illinois","","32132","1840011271"
"Shilou","Shilou","39.6519","115.9747","China","CN","CHN","Beijing","","32131","1156117299"
"Pojuca","Pojuca","-12.3500","-38.3333","Brazil","BR","BRA","Bahia","","32129","1076704575"
"Ptolemaḯda","Ptolemaida","40.5167","21.6833","Greece","GR","GRC","Dytikí Makedonía","minor","32127","1300255989"
"Kōnan","Konan","33.5667","133.7000","Japan","JP","JPN","Kōchi","","32123","1392003317"
"San Pedro de Ribas","San Pedro de Ribas","41.2597","1.7736","Spain","ES","ESP","Catalonia","","32121","1724896777"
"Maputsoe","Maputsoe","-28.8950","27.9070","Lesotho","LS","LSO","Leribe","","32117","1426999579"
"Termas de Río Hondo","Termas de Rio Hondo","-27.4833","-64.8667","Argentina","AR","ARG","Santiago del Estero","minor","32116","1032812250"
"Balimbing","Balimbing","7.9000","123.8500","Philippines","PH","PHL","Lanao del Norte","","32115","1608968849"
"Caramoran","Caramoran","13.9800","124.1300","Philippines","PH","PHL","Catanduanes","","32114","1608187782"
"Ribeira Grande","Ribeira Grande","37.8167","-25.5167","Portugal","PT","PRT","Azores","","32112","1620024564"
"Huixtla","Huixtla","15.1386","-92.4647","Mexico","MX","MEX","Chiapas","minor","32109","1484012568"
"Cañada de Gómez","Canada de Gomez","-32.8167","-61.4000","Argentina","AR","ARG","Santa Fe","minor","32108","1032264958"
"Mizuho","Mizuho","35.7720","139.3540","Japan","JP","JPN","Saitama","","32108","1392003072"
"Campo Alegre","Campo Alegre","-9.7819","-36.3508","Brazil","BR","BRA","Alagoas","minor","32106","1076386570"
"Bernburg","Bernburg","51.8000","11.7333","Germany","DE","DEU","Saxony-Anhalt","minor","32106","1276331294"
"Deptford","Deptford","39.8157","-75.1181","United States","US","USA","New Jersey","","32105","1840081679"
"Nacogdoches","Nacogdoches","31.6134","-94.6528","United States","US","USA","Texas","","32104","1840020820"
"Odamachi","Odamachi","35.1921","132.4994","Japan","JP","JPN","Shimane","","32102","1392460121"
"Rumbek","Rumbek","6.8000","29.6833","South Sudan","SS","SSD","Lakes","admin","32100","1728842249"
"Waiyuanshan","Waiyuanshan","24.7443","121.6684","Taiwan","TW","TWN","Yilan","","32099","1158844891"
"Aguilares","Aguilares","-27.4333","-65.6167","Argentina","AR","ARG","Tucumán","minor","32097","1032907476"
"Guaíra","Guaira","-24.0800","-54.2558","Brazil","BR","BRA","Paraná","minor","32097","1076687981"
"Ouro Fino","Ouro Fino","-22.2828","-46.3689","Brazil","BR","BRA","Minas Gerais","minor","32094","1076007504"
"Kukshi","Kukshi","22.2068","74.7579","India","IN","IND","Madhya Pradesh","","32093","1356834246"
"Mangūr","Mangur","17.9373","80.8185","India","IN","IND","Andhra Pradesh","","32091","1356904043"
"Nueva Concepción","Nueva Concepcion","14.1333","-89.3000","El Salvador","SV","SLV","Chalatenango","","32091","1222433381"
"Oak Ridge","Oak Ridge","35.9639","-84.2938","United States","US","USA","Tennessee","","32088","1840014473"
"Mərdəkan","Mardakan","40.4918","50.1429","Azerbaijan","AZ","AZE","Bakı","","32084","1031262332"
"Quitilipi","Quitilipi","-26.8667","-60.2167","Argentina","AR","ARG","Chaco","minor","32083","1032874316"
"Kovūr","Kovur","14.5001","79.9859","India","IN","IND","Andhra Pradesh","","32082","1356586750"
"Sami","Sami","21.2933","93.0965","Burma","MM","MMR","Chin State","","32082","1104034136"
"Antsohimbondrona","Antsohimbondrona","-13.0910","48.8442","Madagascar","MG","MDG","Antsiranana","","32080","1450655799"
"Tamparan","Tamparan","7.8790","124.3330","Philippines","PH","PHL","Lanao del Sur","","32074","1608808635"
"Tosno","Tosno","59.5500","30.9000","Russia","RU","RUS","Leningradskaya Oblast’","minor","32074","1643457782"
"Shepparton","Shepparton","-36.3833","145.4000","Australia","AU","AUS","Victoria","","32067","1036030548"
"Dhahran","Dhahran","26.2667","50.1500","Saudi Arabia","SA","SAU","Ash Sharqīyah","","32067","1682374155"
"Needham","Needham","42.2814","-71.2411","United States","US","USA","Massachusetts","","32059","1840053553"
"Remedios","Remedios","7.0275","-74.6939","Colombia","CO","COL","Antioquia","minor","32057","1170639594"
"Uglich","Uglich","57.5333","38.3333","Russia","RU","RUS","Yaroslavskaya Oblast’","minor","32057","1643786573"
"Ciudad Sabinas Hidalgo","Ciudad Sabinas Hidalgo","26.5000","-100.1833","Mexico","MX","MEX","Nuevo León","minor","32047","1484159329"
"Nikšić","Niksic","42.7778","18.9500","Montenegro","ME","MNE","Nikšić","admin","32046","1499844133"
"Saint Paul’s Bay","Saint Paul's Bay","35.9483","14.4017","Malta","MT","MLT","San Pawl il-Baħar","admin","32042","1470879974"
"São Miguel Arcanjo","Sao Miguel Arcanjo","-23.8778","-47.9969","Brazil","BR","BRA","São Paulo","minor","32039","1076595585"
"Menglie","Menglie","22.5833","101.8661","China","CN","CHN","Yunnan","minor","32032","1156955601"
"North Olmsted","North Olmsted","41.4149","-81.9190","United States","US","USA","Ohio","","32031","1840003400"
"Fair Oaks","Fair Oaks","38.6504","-121.2496","United States","US","USA","California","","32030","1840017580"
"Munnar","Munnar","10.0892","77.0597","India","IN","IND","Kerala","","32029","1356563456"
"Fontana","Fontana","-27.4167","-59.0333","Argentina","AR","ARG","Chaco","","32027","1032978449"
"Chachapoyas","Chachapoyas","-6.2167","-77.8500","Peru","PE","PER","Amazonas","admin","32026","1604650674"
"Brasília de Minas","Brasilia de Minas","-16.2078","-44.4289","Brazil","BR","BRA","Minas Gerais","minor","32025","1076970617"
"Georgsmarienhütte","Georgsmarienhutte","52.2000","8.0667","Germany","DE","DEU","Lower Saxony","","32022","1276001308"
"Malangas","Malangas","7.6317","123.0322","Philippines","PH","PHL","Zamboanga Sibugay","","32022","1608502020"
"Bauko","Bauko","16.9917","120.8644","Philippines","PH","PHL","Mountain","","32021","1608534033"
"Bizen","Bizen","34.7453","134.1889","Japan","JP","JPN","Okayama","","32019","1392003450"
"San Donato Milanese","San Donato Milanese","45.4167","9.2667","Italy","IT","ITA","Lombardy","","32014","1380781969"
"Atwater","Atwater","37.3529","-120.5959","United States","US","USA","California","","32013","1840018934"
"Sakaiminato","Sakaiminato","35.5333","133.2333","Japan","JP","JPN","Shimane","","32012","1392354466"
"Cornelius","Cornelius","35.4724","-80.8813","United States","US","USA","North Carolina","","32009","1840016352"
"Thiais","Thiais","48.7650","2.3923","France","FR","FRA","Île-de-France","","32006","1250126108"
"South Kingstown","South Kingstown","41.4458","-71.5440","United States","US","USA","Rhode Island","","32005","1840106244"
"Santo Tomás","Santo Tomas","10.7667","-74.9167","Colombia","CO","COL","Atlántico","minor","32000","1170972056"
"Cabaiguán","Cabaiguan","22.0839","-79.4953","Cuba","CU","CUB","Sancti Spíritus","minor","32000","1192068623"
"Bandarawela","Bandarawela","6.8333","80.9853","Sri Lanka","LK","LKA","Uva","","32000","1144549772"
"Andriba","Andriba","-17.5977","46.9308","Madagascar","MG","MDG","Mahajanga","","32000","1450511055"
"Bekoratsaka","Bekoratsaka","-16.1083","47.4914","Madagascar","MG","MDG","Mahajanga","","32000","1450752674"
"Vohilava","Vohilava","-21.0776","48.0092","Madagascar","MG","MDG","Fianarantsoa","","32000","1450947026"
"Itampolo","Itampolo","-24.6829","43.9512","Madagascar","MG","MDG","Toliara","","32000","1450567522"
"Ambano","Ambano","-19.7968","47.0490","Madagascar","MG","MDG","Antananarivo","","32000","1450997295"
"Ghuenke","Ghuenke","32.4244","74.4603","Pakistan","PK","PAK","Punjab","","32000","1586863781"
"Yaguarón","Yaguaron","-25.5622","-57.2866","Paraguay","PY","PRY","Paraguarí","","32000","1600386044"
"Ezine","Ezine","39.7900","26.3325","Turkey","TR","TUR","Çanakkale","minor","32000","1792825630"
"Makhdumpur","Makhdumpur","25.0720","84.9730","India","IN","IND","Bihār","","31994","1356751511"
"Milot","Milot","19.6084","-72.2132","Haiti","HT","HTI","Nord","","31992","1332342808"
"Aalsmeer","Aalsmeer","52.2667","4.7500","Netherlands","NL","NLD","Noord-Holland","minor","31991","1528899853"
"North Cowichan","North Cowichan","48.8236","-123.7192","Canada","CA","CAN","British Columbia","","31990","1124000052"
"Września","Wrzesnia","52.3333","17.5833","Poland","PL","POL","Wielkopolskie","minor","31986","1616719550"
"Youwangjie","Youwangjie","24.8667","99.0833","China","CN","CHN","Yunnan","","31985","1156155003"
"West Odessa","West Odessa","31.8389","-102.5003","United States","US","USA","Texas","","31985","1840037100"
"Arzano","Arzano","40.9153","14.2681","Italy","IT","ITA","Campania","","31977","1380852442"
"Levice","Levice","48.2136","18.6069","Slovakia","SK","SVK","Nitra","minor","31974","1703699284"
"Plaisir","Plaisir","48.8183","1.9472","France","FR","FRA","Île-de-France","","31971","1250415771"
"Juneau","Juneau","58.4546","-134.1739","United States","US","USA","Alaska","admin","31969","1840023306"
"Nuevo Progreso","Nuevo Progreso","14.8000","-91.9167","Guatemala","GT","GTM","San Marcos","minor","31968","1320732230"
"Purāini","Puraini","25.1426","86.9797","India","IN","IND","Bihār","","31967","1356712534"
"Mascalucia","Mascalucia","37.5737","15.0518","Italy","IT","ITA","Sicilia","","31964","1380571044"
"Massafra","Massafra","40.5833","17.1167","Italy","IT","ITA","Puglia","","31960","1380268099"
"Duluth","Duluth","34.0053","-84.1492","United States","US","USA","Georgia","","31958","1840013675"
"Tholikuzhi","Tholikuzhi","8.6526","77.0704","India","IN","IND","Kerala","","31957","1356162644"
"Beverly Hills","Beverly Hills","34.0786","-118.4021","United States","US","USA","California","","31955","1840019231"
"Ban Bang Krang","Ban Bang Krang","13.8422","100.4539","Thailand","TH","THA","Nonthaburi","","31954","1764797592"
"La Concepción","La Concepcion","11.9333","-86.1833","Nicaragua","NI","NIC","Masaya","minor","31950","1558215738"
"Mangalia","Mangalia","43.8172","28.5828","Romania","RO","ROU","Constanţa","","31950","1642499663"
"Opelika","Opelika","32.6612","-85.3769","United States","US","USA","Alabama","","31944","1840005210"
"Willingboro","Willingboro","40.0280","-74.8882","United States","US","USA","New Jersey","","31944","1840081630"
"Wernigerode","Wernigerode","51.8350","10.7853","Germany","DE","DEU","Saxony-Anhalt","","31943","1276322228"
"Nísia Floresta","Nisia Floresta","-6.0908","-35.2089","Brazil","BR","BRA","Rio Grande do Norte","minor","31942","1076637133"
"Landecy","Landecy","46.1834","6.1166","Switzerland","CH","CHE","Genève","","31942","1756407034"
"Sergio Osmeña Sr","Sergio Osmena Sr","8.3003","123.5083","Philippines","PH","PHL","Zamboanga del Sur","","31942","1608000320"
"Milford Mill","Milford Mill","39.3444","-76.7668","United States","US","USA","Maryland","","31939","1840031493"
"Pullman","Pullman","46.7336","-117.1680","United States","US","USA","Washington","","31939","1840019864"
"San Carlos Alzatate","San Carlos Alzatate","14.5000","-90.0667","Guatemala","GT","GTM","Jalapa","minor","31938","1320987618"
"Akouda","Akouda","35.8714","10.5697","Tunisia","TN","TUN","Sousse","","31938","1788415117"
"Nerópolis","Neropolis","-16.4058","-49.2189","Brazil","BR","BRA","Goiás","minor","31932","1076444185"
"Erie","Erie","40.0404","-105.0399","United States","US","USA","Colorado","","31927","1840021362"
"Quintero","Quintero","-32.7833","-71.5333","Chile","CL","CHL","Valparaíso","","31923","1152270732"
"Bougaa","Bougaa","36.3333","5.0833","Algeria","DZ","DZA","Sétif","","31922","1012194391"
"Santo Antônio do Tauá","Santo Antonio do Taua","-1.1519","-48.1294","Brazil","BR","BRA","Pará","minor","31918","1076012870"
"Araguatins","Araguatins","-5.6508","-48.1239","Brazil","BR","BRA","Tocantins","minor","31918","1076919490"
"Xaxim","Xaxim","-26.9619","-52.5350","Brazil","BR","BRA","Santa Catarina","minor","31918","1076578728"
"Oer-Erkenschwick","Oer-Erkenschwick","51.6422","7.2508","Germany","DE","DEU","North Rhine-Westphalia","","31918","1276269090"
"Palamel","Palamel","9.1875","76.6498","India","IN","IND","Kerala","","31916","1356160968"
"Purattūr","Purattur","10.8022","75.9225","India","IN","IND","Kerala","","31915","1356903764"
"Warwick","Warwick","41.2597","-74.3614","United States","US","USA","New York","","31909","1840004881"
"Southport","Southport","-27.9678","153.4136","Australia","AU","AUS","Queensland","","31908","1036417513"
"Polillo","Polillo","14.7200","121.9500","Philippines","PH","PHL","Quezon","","31908","1608558714"
"Nilka","Nilka","43.7826","82.5089","China","CN","CHN","Xinjiang","minor","31907","1156907624"
"Oceanside","Oceanside","40.6328","-73.6364","United States","US","USA","New York","","31907","1840005246"
"Santa Maria Capua Vetere","Santa Maria Capua Vetere","41.0833","14.2500","Italy","IT","ITA","Campania","","31906","1380894593"
"Erdek","Erdek","40.3986","27.7931","Turkey","TR","TUR","Balıkesir","minor","31902","1792464576"
"Cañuelas","Canuelas","-35.0333","-58.7333","Argentina","AR","ARG","Buenos Aires","minor","31901","1032954479"
"Atlautla","Atlautla","19.0279","-98.7814","Mexico","MX","MEX","México","minor","31900","1484312852"
"Claveria","Claveria","18.6061","121.0822","Philippines","PH","PHL","Cagayan","","31900","1608555618"
"Lovech","Lovech","43.1348","24.7115","Bulgaria","BG","BGR","Lovech","admin","31899","1100374163"
"Cacolo","Cacolo","-10.1333","19.2667","Angola","AO","AGO","Lunda-Sul","","31895","1024592975"
"Avellaneda","Avellaneda","-34.6625","-58.3678","Argentina","AR","ARG","Buenos Aires","minor","31892","1032478683"
"Paso del Macho","Paso del Macho","18.9667","-96.7167","Mexico","MX","MEX","Veracruz","minor","31890","1484203573"
"Bayaguana","Bayaguana","18.7600","-69.6400","Dominican Republic","DO","DOM","Higuamo","","31889","1214513210"
"Samut Prakan","Samut Prakan","13.5897","100.6386","Thailand","TH","THA","Samut Prakan","admin","31887","1764159228"
"Turicato","Turicato","19.0500","-101.4167","Mexico","MX","MEX","Michoacán","minor","31877","1484580353"
"Kampong Thom","Kampong Thom","12.7000","104.9000","Cambodia","KH","KHM","Kampong Thom","admin","31871","1116471297"
"Jyväskylän Maalaiskunta","Jyvaskylan Maalaiskunta","62.2889","25.7417","Finland","FI","FIN","Keski-Suomi","","31870","1246861694"
"Alengād","Alengad","10.1000","76.3000","India","IN","IND","Kerala","","31870","1356054259"
"Paipa","Paipa","5.8333","-73.1500","Colombia","CO","COL","Boyacá","minor","31868","1170592144"
"Oudenaarde","Oudenaarde","50.8500","3.6000","Belgium","BE","BEL","Flanders","minor","31866","1056780523"
"Dzierżoniów","Dzierzoniow","50.7281","16.6511","Poland","PL","POL","Dolnośląskie","minor","31866","1616826931"
"Marrero","Marrero","29.8871","-90.1126","United States","US","USA","Louisiana","","31866","1840013993"
"Newburgh","Newburgh","41.5531","-74.0599","United States","US","USA","New York","","31866","1840000586"
"Gürpınar","Gurpinar","38.3269","43.4133","Turkey","TR","TUR","Van","minor","31865","1792954694"
"Allen","Allen","-38.9667","-67.8333","Argentina","AR","ARG","Río Negro","","31864","1032144191"
"Bửu Long","Buu Long","10.9600","106.7967","Vietnam","VN","VNM","Đồng Nai","","31861","1704059272"
"Palmeiras de Goiás","Palmeiras de Goias","-16.8050","-49.9258","Brazil","BR","BRA","Goiás","minor","31858","1076618499"
"Guachavés","Guachaves","1.2219","-77.6772","Colombia","CO","COL","Nariño","minor","31856","1170755614"
"Maur Kalān","Maur Kalan","30.0800","75.2500","India","IN","IND","Punjab","","31849","1356365695"
"Laramie","Laramie","41.3099","-105.6085","United States","US","USA","Wyoming","","31848","1840020096"
"El Oro de Hidalgo","El Oro de Hidalgo","19.8008","-100.1314","Mexico","MX","MEX","México","minor","31847","1484677445"
"Exu","Exu","-7.5133","-39.7239","Brazil","BR","BRA","Pernambuco","minor","31843","1076979284"
"Savonlinna","Savonlinna","61.8681","28.8861","Finland","FI","FIN","Etelä-Savo","minor","31842","1246948647"
"Remchi","Remchi","35.0667","-1.4333","Algeria","DZ","DZA","Tlemcen","","31837","1012363094"
"Pampanito","Pampanito","9.4114","-70.4958","Venezuela","VE","VEN","Trujillo","minor","31836","1862710532"
"Sherpur","Sherpur","25.6539","84.9793","India","IN","IND","Bihār","","31833","1356337645"
"Calafell","Calafell","41.2020","1.5700","Spain","ES","ESP","Catalonia","","31828","1724383580"
"Namegata","Namegata","35.9905","140.4890","Japan","JP","JPN","Ibaraki","","31828","1392906263"
"Jhanjhārpur","Jhanjharpur","26.2647","86.2799","India","IN","IND","Bihār","","31827","1356323325"
"Tredyffrin","Tredyffrin","40.0663","-75.4540","United States","US","USA","Pennsylvania","","31822","1840148599"
"Rahachow","Rahachow","53.1000","30.0500","Belarus","BY","BLR","Homyel’skaya Voblasts’","minor","31821","1112299593"
"São Gotardo","Sao Gotardo","-19.3111","-46.0489","Brazil","BR","BRA","Minas Gerais","minor","31819","1076795698"
"São Bento","Sao Bento","-2.6958","-44.8208","Brazil","BR","BRA","Maranhão","minor","31819","1076246119"
"Alamnagar","Alamnagar","25.5610","86.9014","India","IN","IND","Bihār","","31818","1356100470"
"Palmira","Palmira","22.2444","-80.3944","Cuba","CU","CUB","Cienfuegos","minor","31813","1192626448"
"Carlsbad","Carlsbad","32.4010","-104.2388","United States","US","USA","New Mexico","","31813","1840019444"
"Pekin","Pekin","40.5678","-89.6251","United States","US","USA","Illinois","","31812","1840009402"
"Santa Rita","Santa Rita","10.5318","-71.5039","Venezuela","VE","VEN","Zulia","minor","31810","1862676200"
"North Huntingdon","North Huntingdon","40.3294","-79.7336","United States","US","USA","Pennsylvania","","31806","1840144809"
"San Lucas Tolimán","San Lucas Toliman","14.6333","-91.1333","Guatemala","GT","GTM","Sololá","minor","31805","1320193805"
"Neuruppin","Neuruppin","52.9331","12.8000","Germany","DE","DEU","Brandenburg","minor","31803","1276820903"
"Masi-Manimba","Masi-Manimba","-4.7790","17.9077","Congo (Kinshasa)","CD","COD","Kwilu","","31802","1180044488"
"Bramsche","Bramsche","52.4000","7.9833","Germany","DE","DEU","Lower Saxony","","31801","1276405075"
"Sun City Center","Sun City Center","27.7150","-82.3569","United States","US","USA","Florida","","31801","1840001841"
"Tongxiao","Tongxiao","24.4833","120.6833","Taiwan","TW","TWN","Miaoli","","31799","1158427043"
"Rome","Rome","43.2260","-75.4909","United States","US","USA","New York","","31795","1840000349"
"Ithaca","Ithaca","42.4442","-76.5032","United States","US","USA","New York","","31792","1840000442"
"Bagasra","Bagasra","21.4833","70.9500","India","IN","IND","Gujarāt","","31789","1356111600"
"Stadskanaal","Stadskanaal","52.9895","6.9504","Netherlands","NL","NLD","Groningen","minor","31789","1528657709"
"Hlukhiv","Hlukhiv","51.6747","33.9133","Ukraine","UA","UKR","Sumska Oblast","","31789","1804181345"
"Seguin","Seguin","29.5891","-97.9676","United States","US","USA","Texas","","31789","1840022214"
"Hassi Khelifa","Hassi Khelifa","33.5622","6.9903","Algeria","DZ","DZA","El Oued","","31784","1012173486"
"Gallipoli","Gallipoli","40.4139","26.6703","Turkey","TR","TUR","Çanakkale","minor","31782","1792594888"
"Kottaikuppam","Kottaikuppam","11.9613","79.8392","India","IN","IND","Tamil Nādu","","31779","1356245670"
"Ferreñafe","Ferrenafe","-6.7183","-79.7703","Peru","PE","PER","Lambayeque","","31777","1604452796"
"San Pablo","San Pablo","37.9629","-122.3426","United States","US","USA","California","","31771","1840021529"
"Velliyōd","Velliyod","11.6256","75.6294","India","IN","IND","Kerala","","31763","1356026017"
"Komagane","Komagane","35.7288","137.9339","Japan","JP","JPN","Nagano","","31763","1392438911"
"Pantabangan","Pantabangan","15.8086","121.1433","Philippines","PH","PHL","Nueva Ecija","","31763","1608834097"
"Tubao","Tubao","16.3500","120.4200","Philippines","PH","PHL","La Union","","31763","1608119731"
"Bocana de Paiwas","Bocana de Paiwas","12.7861","-85.1231","Nicaragua","NI","NIC","Costa Caribe Sur","minor","31762","1558901000"
"Singia","Singia","25.8424","86.1622","India","IN","IND","Bihār","","31760","1356596014"
"General José de San Martín","General Jose de San Martin","-26.5375","-59.3417","Argentina","AR","ARG","Chaco","minor","31758","1032349411"
"Descalvado","Descalvado","-21.9039","-47.6189","Brazil","BR","BRA","São Paulo","minor","31756","1076021755"
"Pimenta Bueno","Pimenta Bueno","-11.6725","-61.1936","Brazil","BR","BRA","Rondônia","minor","31752","1076267246"
"Tekkēkara Kizhakku","Tekkekara Kizhakku","9.2000","76.5000","India","IN","IND","Kerala","","31747","1356160929"
"’Aïn Abid","'Ain Abid","36.2325","6.9440","Algeria","DZ","DZA","Constantine","","31743","1012017837"
"La Maná","La Mana","-0.9300","-79.2200","Ecuador","EC","ECU","Cotopaxi","minor","31740","1218200586"
"Farrokh Shahr","Farrokh Shahr","32.2733","50.9800","Iran","IR","IRN","Chahār Maḩāl va Bakhtīārī","","31739","1364423135"
"Dania Beach","Dania Beach","26.0593","-80.1637","United States","US","USA","Florida","","31739","1840015135"
"Sadābād","Sadabad","27.4500","78.0500","India","IN","IND","Uttar Pradesh","","31737","1356288209"
"Chapa de Mota","Chapa de Mota","19.8144","-99.5269","Mexico","MX","MEX","México","minor","31737","1484616953"
"Amatenango de la Frontera","Amatenango de la Frontera","15.5333","-92.0833","Mexico","MX","MEX","Chiapas","minor","31735","1484343885"
"Al ‘Aydābī","Al `Aydabi","17.2334","42.9419","Saudi Arabia","SA","SAU","Jāzān","","31735","1682495088"
"Lake Magdalene","Lake Magdalene","28.0875","-82.4791","United States","US","USA","Florida","","31733","1840029049"
"Donggou","Donggou","35.5600","112.7028","China","CN","CHN","Shanxi","","31732","1156953157"
"La Uruca","La Uruca","9.9575","-84.1327","Costa Rica","CR","CRI","San José","","31728","1188598269"
"Maebara","Maebara","35.1140","140.0989","Japan","JP","JPN","Chiba","","31722","1392895244"
"West Bend","West Bend","43.4173","-88.1818","United States","US","USA","Wisconsin","","31722","1840002829"
"Kochugaon","Kochugaon","26.5518","90.0762","India","IN","IND","Assam","","31719","1356850689"
"Staffanstorp","Staffanstorp","55.6333","13.2167","Sweden","SE","SWE","Skåne","minor","31718","1752021671"
"Tuljāpur","Tuljapur","18.0085","76.0699","India","IN","IND","Mahārāshtra","","31714","1356838341"
"Bostaniçi","Bostanici","38.5072","43.4356","Turkey","TR","TUR","Van","","31714","1792743452"
"Kavār","Kavar","29.2017","52.6917","Iran","IR","IRN","Fārs","minor","31711","1364873386"
"Santa Catarina Mita","Santa Catarina Mita","14.4500","-89.7500","Guatemala","GT","GTM","Jutiapa","minor","31709","1320928551"
"Sitionuevo","Sitionuevo","10.7833","-74.7167","Colombia","CO","COL","Magdalena","minor","31706","1170226891"
"El Palmar","El Palmar","14.6500","-91.5833","Guatemala","GT","GTM","Quetzaltenango","minor","31706","1320401854"
"Jaguaruana","Jaguaruana","-4.8339","-37.7808","Brazil","BR","BRA","Ceará","minor","31701","1076906413"
"Oldenzaal","Oldenzaal","52.3125","6.9292","Netherlands","NL","NLD","Overijssel","minor","31701","1528961744"
"Bethany","Bethany","45.5614","-122.8370","United States","US","USA","Oregon","","31700","1840034671"
"Ostrogozhsk","Ostrogozhsk","50.8667","39.0667","Russia","RU","RUS","Voronezhskaya Oblast’","","31699","1643004403"
"Lālgola","Lalgola","24.4200","88.2500","India","IN","IND","West Bengal","","31698","1356049004"
"Baradères","Baraderes","18.4826","-73.6388","Haiti","HT","HTI","Nippes","","31689","1332944244"
"Sigma","Sigma","11.4214","122.6662","Philippines","PH","PHL","Capiz","","31688","1608472773"
"Rushden","Rushden","52.2880","-0.6010","United Kingdom","GB","GBR","Northamptonshire","","31687","1826167520"
"Amecameca de Juárez","Amecameca de Juarez","19.7500","-99.1711","Mexico","MX","MEX","México","minor","31687","1484353804"
"Orestiáda","Orestiada","41.5000","26.5333","Greece","GR","GRC","Anatolikí Makedonía kai Thráki","minor","31686","1300874812"
"Zhaoyu","Zhaoyu","37.3512","112.3193","China","CN","CHN","Shanxi","minor","31685","1156254219"
"Jāsim","Jasim","32.9912","36.0609","Syria","SY","SYR","Dar‘ā","minor","31683","1760676905"
"Bagrāmī","Bagrami","34.4911","69.2756","Afghanistan","AF","AFG","Kābul","minor","31680","1004712473"
"Itapicuru","Itapicuru","-11.3169","-38.2328","Brazil","BR","BRA","Bahia","minor","31679","1076288432"
"Otegen Batyr","Otegen Batyr","43.3333","77.0500","Kazakhstan","KZ","KAZ","Almaty","","31675","1398960718"
"Kumba","Kumba","4.6333","9.4500","Cameroon","CM","CMR","South-West","","31672","1120492761"
"Masur","Masur","17.2800","74.2000","India","IN","IND","Mahārāshtra","","31671","1356014239"
"Vught","Vught","51.6533","5.2875","Netherlands","NL","NLD","Noord-Brabant","minor","31669","1528328553"
"Bangor","Bangor","44.8323","-68.7906","United States","US","USA","Maine","","31663","1840000238"
"Shimizuchō","Shimizucho","35.0990","138.9029","Japan","JP","JPN","Shizuoka","","31652","1392909115"
"Nautan Dube","Nautan Dube","26.7118","84.5030","India","IN","IND","Bihār","","31650","1356660130"
"Barros Blancos","Barros Blancos","-34.7542","-56.0042","Uruguay","UY","URY","Canelones","","31650","1858612587"
"Rumuruti","Rumuruti","0.2725","36.5381","Kenya","KE","KEN","Laikipia","admin","31649","1404005234"
"Calubian","Calubian","11.4467","124.4278","Philippines","PH","PHL","Leyte","","31646","1608361988"
"Capela","Capela","-10.5028","-37.0528","Brazil","BR","BRA","Sergipe","minor","31645","1076554382"
"Saint-Laurent-du-Var","Saint-Laurent-du-Var","43.6680","7.1880","France","FR","FRA","Provence-Alpes-Côte d’Azur","","31645","1250141244"
"Siquirres","Siquirres","10.0901","-83.5016","Costa Rica","CR","CRI","Limón","","31637","1188355031"
"Naugatuck","Naugatuck","41.4890","-73.0518","United States","US","USA","Connecticut","","31634","1840004849"
"Yeovil","Yeovil","50.9452","-2.6370","United Kingdom","GB","GBR","Somerset","","31633","1826177078"
"Nueva Imperial","Nueva Imperial","-38.7433","-72.9500","Chile","CL","CHL","Araucanía","","31632","1152277064"
"Mundelein","Mundelein","42.2693","-88.0102","United States","US","USA","Illinois","","31632","1840011175"
"Nicholasville","Nicholasville","37.8906","-84.5668","United States","US","USA","Kentucky","","31625","1840014330"
"Balyqshy","Balyqshy","47.0667","51.8667","Kazakhstan","KZ","KAZ","Atyraū","","31624","1398354265"
"Pontoise","Pontoise","49.0516","2.1017","France","FR","FRA","Île-de-France","","31623","1250247527"
"Morro Agudo","Morro Agudo","-20.7314","-48.0578","Brazil","BR","BRA","São Paulo","minor","31620","1076136085"
"Zentsujichó","Zentsujicho","34.2167","133.7833","Japan","JP","JPN","Kagawa","","31620","1392897802"
"Middle River","Middle River","39.3436","-76.4253","United States","US","USA","Maryland","","31616","1840005682"
"Kiryandongo","Kiryandongo","1.9525","32.1389","Uganda","UG","UGA","Kiryandongo","admin","31610","1800154303"
"Tecozautla","Tecozautla","20.5333","-99.6333","Mexico","MX","MEX","Hidalgo","","31609","1484766704"
"Ōsawa","Osawa","33.2067","130.3839","Japan","JP","JPN","Fukuoka","","31605","1392646983"
"Kuroishi","Kuroishi","40.6426","140.6113","Japan","JP","JPN","Aomori","","31604","1392880554"
"Jesús María","Jesus Maria","-30.9833","-64.1000","Argentina","AR","ARG","Córdoba","minor","31602","1032875104"
"Jalpatagua","Jalpatagua","14.1333","-90.0167","Guatemala","GT","GTM","Jutiapa","minor","31601","1320215735"
"Jerez","Jerez","14.1000","-89.7500","Guatemala","GT","GTM","Jutiapa","minor","31601","1320129254"
"Bel Air North","Bel Air North","39.5543","-76.3732","United States","US","USA","Maryland","","31599","1840073591"
"Chum Phae","Chum Phae","16.5443","102.0992","Thailand","TH","THA","Khon Kaen","minor","31597","1764511790"
"Carballo","Carballo","43.2167","-8.6833","Spain","ES","ESP","Galicia","","31595","1724180814"
"Favara","Favara","37.3186","13.6631","Italy","IT","ITA","Sicilia","","31593","1380627505"
"Media Luna","Media Luna","20.1444","-77.4361","Cuba","CU","CUB","Granma","minor","31589","1192264221"
"Chorbog","Chorbog","38.6667","68.7667","Tajikistan","TJ","TJK","Nohiyahoi Tobei Jumhurí","","31585","1762123039"
"Masatepe","Masatepe","11.9167","-86.1500","Nicaragua","NI","NIC","Masaya","minor","31583","1558293076"
"Žepče","Zepce","44.4333","18.0333","Bosnia and Herzegovina","BA","BIH","Bosnia and Herzegovina, Federation of","minor","31582","1070466847"
"Pruszcz Gdański","Pruszcz Gdanski","54.2667","18.6333","Poland","PL","POL","Pomorskie","minor","31582","1616008731"
"Lloydminster","Lloydminster","53.2783","-110.0050","Canada","CA","CAN","Saskatchewan","","31582","1124051728"
"Manlin","Manlin","23.6630","101.8853","China","CN","CHN","Yunnan","","31580","1156662471"
"Altenburg","Altenburg","50.9850","12.4333","Germany","DE","DEU","Thuringia","minor","31580","1276224301"
"Great Sankey","Great Sankey","53.3918","-2.6383","United Kingdom","GB","GBR","Warrington","","31579","1826102019"
"Nanyuki","Nanyuki","0.0167","37.0667","Kenya","KE","KEN","Laikipia","","31577","1404481993"
"Merida","Merida","10.9098","124.5376","Philippines","PH","PHL","Leyte","","31574","1608181701"
"Rass el Djebel","Rass el Djebel","37.2150","10.1200","Tunisia","TN","TUN","Bizerte","","31574","1788857696"
"Fangyuan","Fangyuan","23.9250","120.3158","Taiwan","TW","TWN","Changhua","","31572","1158966656"
"Cambrai","Cambrai","50.1767","3.2356","France","FR","FRA","Hauts-de-France","minor","31568","1250084532"
"Fitchburg","Fitchburg","42.9859","-89.4255","United States","US","USA","Wisconsin","","31566","1840002905"
"New Bern","New Bern","35.0955","-77.0723","United States","US","USA","North Carolina","","31563","1840014591"
"Cururupu","Cururupu","-1.8278","-44.8678","Brazil","BR","BRA","Maranhão","minor","31558","1076284280"
"Katagami","Katagami","39.8832","139.9886","Japan","JP","JPN","Akita","","31558","1392973238"
"Vienne","Vienne","45.5242","4.8781","France","FR","FRA","Auvergne-Rhône-Alpes","minor","31555","1250052124"
"Pehuajó","Pehuajo","-35.8000","-61.9000","Argentina","AR","ARG","Buenos Aires","minor","31553","1032681799"
"Cueto","Cueto","20.6481","-75.9317","Cuba","CU","CUB","Holguín","","31552","1192622876"
"Lakeside","Lakeside","30.1356","-81.7674","United States","US","USA","Florida","","31548","1840029051"
"Thazhamel","Thazhamel","8.8667","76.6667","India","IN","IND","Kerala","","31547","1356161868"
"Hayama","Hayama","35.2725","139.5861","Japan","JP","JPN","Kanagawa","","31546","1392003406"
"Rāhatgarh","Rahatgarh","23.7800","78.3700","India","IN","IND","Madhya Pradesh","","31537","1356272218"
"Ayabe","Ayabe","35.3000","135.2667","Japan","JP","JPN","Kyōto","","31537","1392801118"
"I‘zāz","I`zaz","36.5866","37.0463","Syria","SY","SYR","Ḩalab","minor","31534","1760669569"
"İvrindi","Ivrindi","39.5833","27.4833","Turkey","TR","TUR","Balıkesir","minor","31512","1792309395"
"Shawnee","Shawnee","35.3531","-96.9647","United States","US","USA","Oklahoma","","31511","1840021785"
"Puerto Wilches","Puerto Wilches","7.3500","-73.9000","Colombia","CO","COL","Santander","minor","31509","1170389077"
"Shikārpur","Shikarpur","14.2700","75.3500","India","IN","IND","Karnātaka","","31508","1356373493"
"Kurivikod","Kurivikod","8.3196","77.1104","India","IN","IND","Tamil Nādu","","31506","1356204314"
"Centereach","Centereach","40.8681","-73.0821","United States","US","USA","New York","","31501","1840005026"
"Buzovna","Buzovna","40.5167","50.1167","Azerbaijan","AZ","AZE","Bakı","","31500","1031797928"
"Encrucijada","Encrucijada","22.6180","-79.8660","Cuba","CU","CUB","Villa Clara","minor","31500","1192495582"
"Prestwich","Prestwich","53.5333","-2.2833","United Kingdom","GB","GBR","Bury","","31500","1826921530"
"Cholavandān","Cholavandan","10.0167","77.9667","India","IN","IND","Tamil Nādu","","31500","1356342416"
"Voúla","Voula","37.8500","23.7500","Greece","GR","GRC","Attikí","minor","31497","1300243686"
"Charthāwal","Charthawal","29.5500","77.5833","India","IN","IND","Uttar Pradesh","","31493","1356743179"
"Knjaževac","Knjazevac","43.5000","22.4333","Serbia","RS","SRB","Knjaževac","admin","31491","1688849183"
"Eagle","Eagle","43.7223","-116.3866","United States","US","USA","Idaho","","31490","1840018642"
"Epsom","Epsom","51.3331","-0.2686","United Kingdom","GB","GBR","Surrey","","31489","1826078283"
"Dialoubé","Dialoube","15.0192","-4.2325","Mali","ML","MLI","Mopti","","31483","1466226957"
"Colombia","Colombia","20.9906","-77.4158","Cuba","CU","CUB","Las Tunas","minor","31482","1192555025"
"Qārā","Qara","29.8833","40.2167","Saudi Arabia","SA","SAU","Al Jawf","","31480","1682446657"
"Rillieux-la-Pape","Rillieux-la-Pape","45.8214","4.8983","France","FR","FRA","Auvergne-Rhône-Alpes","","31479","1250128916"
"Samdhin","Samdhin","27.1370","79.7030","India","IN","IND","Uttar Pradesh","","31479","1356573776"
"LaGrange","LaGrange","33.0274","-85.0384","United States","US","USA","Georgia","","31479","1840029147"
"Dej","Dej","47.0872","23.8053","Romania","RO","ROU","Cluj","","31475","1642916857"
"Sejiyŏn","Sejiyon","41.8000","128.3167","Korea, North","KP","PRK","Ryanggang","","31471","1408001408"
"Zug","Zug","47.1681","8.5169","Switzerland","CH","CHE","Zug","admin","31469","1756703208"
"Elūr","Elur","10.0667","76.3000","India","IN","IND","Kerala","","31468","1356874376"
"Mandaguaçu","Mandaguacu","-23.3469","-52.0950","Brazil","BR","BRA","Paraná","minor","31457","1076000965"
"Mont-de-Marsan","Mont-de-Marsan","43.8900","-0.5000","France","FR","FRA","Nouvelle-Aquitaine","minor","31455","1250242566"
"Bangassou","Bangassou","4.7374","22.8195","Central African Republic","CF","CAF","Mbomou","admin","31453","1140539356"
"Airmadidi","Airmadidi","1.4333","124.9833","Indonesia","ID","IDN","Sulawesi Utara","minor","31446","1360792086"
"Parambu","Parambu","-6.2108","-40.6939","Brazil","BR","BRA","Ceará","minor","31445","1076966523"
"Savé","Save","8.0333","2.4833","Benin","BJ","BEN","Collines","","31444","1204120625"
"Chambly","Chambly","45.4311","-73.2873","Canada","CA","CAN","Quebec","","31444","1124345124"
"Zionsville","Zionsville","39.9897","-86.3182","United States","US","USA","Indiana","","31442","1840010515"
"Kalisizo","Kalisizo","-0.5350","31.6225","Uganda","UG","UGA","Rakai","","31439","1800028081"
"Nagdha Simla","Nagdha Simla","24.6071","89.9151","Bangladesh","BD","BGD","Dhaka","","31436","1050208700"
"Jam","Jam","27.8211","52.3306","Iran","IR","IRN","Būshehr","minor","31436","1364586053"
"Trebinje","Trebinje","42.7089","18.3217","Bosnia and Herzegovina","BA","BIH","Srpska, Republika","minor","31433","1070826374"
"Forquilhinha","Forquilhinha","-28.7469","-49.4719","Brazil","BR","BRA","Santa Catarina","minor","31431","1076176111"
"Zeghanghane","Zeghanghane","35.1500","-3.0000","Morocco","MA","MAR","Oriental","","31431","1504260154"
"Nauāgarhi","Nauagarhi","25.3443","86.5358","India","IN","IND","Bihār","","31426","1356254225"
"Deori Khās","Deori Khas","23.3902","79.0163","India","IN","IND","Madhya Pradesh","","31423","1356404675"
"Renkum","Renkum","51.9738","5.7294","Netherlands","NL","NLD","Gelderland","","31417","1528187286"
"Nieuw-Vennep","Nieuw-Vennep","52.2644","4.6347","Netherlands","NL","NLD","Noord-Holland","","31415","1528802124"
"Lemery","Lemery","11.2300","122.9300","Philippines","PH","PHL","Iloilo","","31414","1608458862"
"Wevelgem","Wevelgem","50.8000","3.1667","Belgium","BE","BEL","Flanders","","31412","1056233593"
"Dagestanskiye Ogni","Dagestanskiye Ogni","42.1167","48.1833","Russia","RU","RUS","Dagestan","","31412","1643307601"
"Āreka","Areka","7.0710","37.7076","Ethiopia","ET","ETH","YeDebub Bihēroch Bihēreseboch na Hizboch","","31408","1231646056"
"Hoyerswerda","Hoyerswerda","51.4333","14.2500","Germany","DE","DEU","Saxony","","31404","1276992982"
"Kunnatnād","Kunnatnad","10.0179","76.4010","India","IN","IND","Kerala","","31400","1356959636"
"Neira","Neira","5.1664","-75.5189","Colombia","CO","COL","Caldas","minor","31399","1170186315"
"Kolachel","Kolachel","8.1767","77.2591","India","IN","IND","Tamil Nādu","","31398","1356117775"
"Kaseda-shirakame","Kaseda-shirakame","31.4167","130.3233","Japan","JP","JPN","Kagoshima","","31397","1392972590"
"Sanha","Sanha","25.4020","86.3592","India","IN","IND","Bihār","","31394","1356447763"
"Shentang","Shentang","22.2985","113.4313","China","CN","CHN","Guangdong","","31392","1156977088"
"Halden","Halden","59.1500","11.3833","Norway","NO","NOR","Viken","minor","31387","1578441478"
"Yawatahama-shi","Yawatahama-shi","33.4667","132.4167","Japan","JP","JPN","Ehime","minor","31385","1392674556"
"Vellanād","Vellanad","8.4461","77.1971","India","IN","IND","Kerala","","31384","1356248805"
"Ílhavo","Ilhavo","40.6000","-8.6667","Portugal","PT","PRT","Aveiro","minor","31383","1620545975"
"Draa Ben Khedda","Draa Ben Khedda","36.7333","3.9667","Algeria","DZ","DZA","Boumerdes","","31382","1012011041"
"Alcázar de San Juan","Alcazar de San Juan","39.4056","-3.2056","Spain","ES","ESP","Castille-La Mancha","","31382","1724889534"
"Asprópyrgos","Aspropyrgos","38.0667","23.5833","Greece","GR","GRC","Attikí","minor","31381","1300057241"
"Buyan","Buyan","23.9961","120.4618","Taiwan","TW","TWN","Changhua","","31380","1158864822"
"Norwood","Norwood","42.1861","-71.1948","United States","US","USA","Massachusetts","","31380","1840053676"
"Navalcarnero","Navalcarnero","40.2847","-4.0136","Spain","ES","ESP","Madrid","","31379","1724865858"
"Christchurch","Christchurch","50.7300","-1.7800","United Kingdom","GB","GBR","Dorset","","31378","1826669534"
"Puerto de la Cruz","Puerto de la Cruz","28.4167","-16.5333","Spain","ES","ESP","Canary Islands","","31377","1724298488"
"Courcelles","Courcelles","50.4667","4.3667","Belgium","BE","BEL","Wallonia","","31376","1056057326"
"Myōkō","Myoko","37.0252","138.2535","Japan","JP","JPN","Niigata","","31374","1392003161"
"Colíder","Colider","-10.8128","-55.4550","Brazil","BR","BRA","Mato Grosso","minor","31370","1076780919"
"Bolobo","Bolobo","-2.1667","16.2333","Congo (Kinshasa)","CD","COD","Mai-Ndombe","","31366","1180723089"
"Sri Mādhopur","Sri Madhopur","27.4667","75.6000","India","IN","IND","Rājasthān","","31366","1356278703"
"Novoyavorovskoye","Novoyavorovskoye","49.9311","23.5731","Ukraine","UA","UKR","Lvivska Oblast","","31366","1804412448"
"Bagac","Bagac","14.5951","120.3918","Philippines","PH","PHL","Bataan","","31365","1608665049"
"Humenné","Humenne","48.9306","21.9122","Slovakia","SK","SVK","Prešov","minor","31359","1703492155"
"Villaricca","Villaricca","40.9167","14.2000","Italy","IT","ITA","Campania","","31356","1380472958"
"Dasol","Dasol","15.9896","119.8805","Philippines","PH","PHL","Pangasinan","","31355","1608297635"
