"Koni","Koni","9.2410","76.8784","India","IN","IND","Kerala","","30299","1356842348"
"Cabrobó","Cabrobo","-8.5119","-39.3069","Brazil","BR","BRA","Pernambuco","minor","30294","1076270461"
"Wishaw","Wishaw","55.7742","-3.9183","United Kingdom","GB","GBR","North Lanarkshire","","30290","1826026639"
"Ris-Orangis","Ris-Orangis","48.6537","2.4161","France","FR","FRA","Île-de-France","","30283","1250798582"
"Bai Chay","Bai Chay","20.9658","107.0347","Vietnam","VN","VNM","Quảng Ninh","","30280","1704438178"
"Chimākurti","Chimakurti","15.5149","80.0368","India","IN","IND","Andhra Pradesh","","30279","1356627585"
"Granger","Granger","41.7374","-86.1348","United States","US","USA","Indiana","","30279","1840030079"
"Vinaroz","Vinaroz","40.4686","0.4736","Spain","ES","ESP","Valencia","","30278","1724995416"
"Sungurlu","Sungurlu","40.1610","34.3770","Turkey","TR","TUR","Çorum","minor","30275","1792574243"
"Ometepec","Ometepec","16.6833","-98.4167","Mexico","MX","MEX","Guerrero","minor","30271","1484936909"
"İdil","Idil","37.3410","41.8940","Turkey","TR","TUR","Şırnak","minor","30271","1792618230"
"San Gregorio de Nigua","San Gregorio de Nigua","18.3800","-70.0800","Dominican Republic","DO","DOM","Valdesia","","30268","1214954643"
"Benguema","Benguema","8.3215","-13.0724","Sierra Leone","SL","SLE","Western Area","","30268","1694621543"
"Bardejov","Bardejov","49.2950","21.2758","Slovakia","SK","SVK","Prešov","minor","30267","1703663141"
"Candelaria","Candelaria","15.6300","119.9300","Philippines","PH","PHL","Zambales","","30263","1608679847"
"Niles","Niles","42.0278","-87.8099","United States","US","USA","Illinois","","30262","1840011301"
"Jima Abajo","Jima Abajo","19.1300","-70.3800","Dominican Republic","DO","DOM","Cibao Sur","","30261","1214366277"
"Majidpur","Majidpur","23.5797","90.7684","Bangladesh","BD","BGD","Chattogram","","30257","1050816935"
"Çaycuma","Caycuma","41.4267","32.0758","Turkey","TR","TUR","Zonguldak","minor","30255","1792376720"
"Jinka","Jinka","5.7833","36.5667","Ethiopia","ET","ETH","YeDebub Bihēroch Bihēreseboch na Hizboch","","30249","1231671120"
"Bir Jdid","Bir Jdid","33.3737","-8.0002","Morocco","MA","MAR","Casablanca-Settat","","30247","1504415482"
"Pantao-Ragat","Pantao-Ragat","8.0500","124.1500","Philippines","PH","PHL","Lanao del Norte","","30247","1608760882"
"Zhedao","Zhedao","24.8193","98.2763","China","CN","CHN","Yunnan","minor","30246","1156435456"
"Harpenden","Harpenden","51.8175","-0.3524","United Kingdom","GB","GBR","Hertfordshire","","30240","1826679950"
"Las Nieves","Las Nieves","8.7400","125.6000","Philippines","PH","PHL","Agusan del Norte","","30240","1608365860"
"Schwandorf","Schwandorf","49.3283","12.1100","Germany","DE","DEU","Bavaria","minor","30239","1276268287"
"Falou","Falou","14.5967","-7.9350","Mali","ML","MLI","Koulikoro","","30239","1466660476"
"Salamína","Salamina","37.9667","23.5000","Greece","GR","GRC","Attikí","minor","30235","1300019459"
"Huanta","Huanta","-12.9397","-74.2475","Peru","PE","PER","Ayacucho","","30234","1604179024"
"Highland Park","Highland Park","42.1823","-87.8104","United States","US","USA","Illinois","","30229","1840006973"
"Middletown","Middletown","41.4459","-74.4236","United States","US","USA","New York","","30227","1840000585"
"Chabet el Ameur","Chabet el Ameur","36.6333","3.7000","Algeria","DZ","DZA","Boumerdes","","30223","1012744058"
"Tāramangalam","Taramangalam","11.6956","77.9716","India","IN","IND","Tamil Nādu","","30222","1356170643"
"Serdobsk","Serdobsk","52.4667","44.2000","Russia","RU","RUS","Penzenskaya Oblast’","","30220","1643300629"
"Anse-à-Foleur","Anse-a-Foleur","19.8926","-72.6201","Haiti","HT","HTI","Nord-Ouest","","30217","1332252871"
"Best","Best","51.5108","5.3922","Netherlands","NL","NLD","Noord-Brabant","minor","30216","1528108081"
"Austintown","Austintown","41.0932","-80.7405","United States","US","USA","Ohio","","30215","1840005185"
"Wik’ro","Wik'ro","13.7833","39.6000","Ethiopia","ET","ETH","Tigray","","30210","1231223279"
"Lewe","Lewe","19.6333","96.1167","Burma","MM","MMR","Nay Pyi Taw","","30208","1104486750"
"Uithoorn","Uithoorn","52.2333","4.8333","Netherlands","NL","NLD","Noord-Holland","minor","30206","1528483112"
"Anjad","Anjad","22.0417","75.0552","India","IN","IND","Madhya Pradesh","","30204","1356029275"
"Qarataū","Qaratau","43.1667","70.4500","Kazakhstan","KZ","KAZ","Zhambyl","minor","30204","1398932329"
"Berriane","Berriane","32.8333","3.7667","Algeria","DZ","DZA","Ghardaïa","","30200","1012230257"
"Daheba","Daheba","28.0258","106.4133","China","CN","CHN","Guizhou","","30197","1156120096"
"Whitstable","Whitstable","51.3610","1.0260","United Kingdom","GB","GBR","Kent","","30195","1826750836"
"Balabanovo","Balabanovo","55.1833","36.6667","Russia","RU","RUS","Kaluzhskaya Oblast’","","30194","1643544515"
"Tsuru","Tsuru","35.5515","138.9054","Japan","JP","JPN","Yamanashi","","30193","1392003063"
"Gaggenau","Gaggenau","48.8039","8.3194","Germany","DE","DEU","Baden-Württemberg","","30190","1276552610"
"Calintaan","Calintaan","12.5756","120.9428","Philippines","PH","PHL","Occidental Mindoro","","30190","1608559951"
"Malakoff","Malakoff","48.8169","2.2944","France","FR","FRA","Île-de-France","","30183","1250358877"
"Waterloo","Waterloo","50.7175","4.3979","Belgium","BE","BEL","Wallonia","","30174","1056353647"
"Metamórfosi","Metamorfosi","38.0500","23.7500","Greece","GR","GRC","Attikí","minor","30174","1300945079"
"Ndora","Ndora","-2.6033","29.8336","Rwanda","RW","RWA","Southern Province","","30171","1646457755"
"Djendel","Djendel","36.2186","2.4089","Algeria","DZ","DZA","Aïn Defla","","30170","1012033376"
"Kaipram","Kaipram","10.8833","76.1833","India","IN","IND","Kerala","","30169","1356589038"
"Kibiti","Kibiti","-7.7296","38.9500","Tanzania","TZ","TZA","Coast","","30163","1834522080"
"Cláudio","Claudio","-20.4428","-44.7658","Brazil","BR","BRA","Minas Gerais","minor","30159","1076820271"
"Bankass","Bankass","14.0775","-3.5158","Mali","ML","MLI","Mopti","minor","30159","1466353555"
"Yverdon-les-Bains","Yverdon-les-Bains","46.7785","6.6408","Switzerland","CH","CHE","Vaud","minor","30157","1756916105"
"Periyanāyakkanpālaiyam","Periyanayakkanpalaiyam","11.1544","76.9499","India","IN","IND","Tamil Nādu","","30154","1356123218"
"Lewoleba","Lewoleba","-8.3833","123.4000","Indonesia","ID","IDN","Nusa Tenggara Timur","minor","30151","1360652469"
"Ypacaraí","Ypacarai","-25.4100","-57.2800","Paraguay","PY","PRY","Central","","30150","1600844536"
"Egra","Egra","21.9000","87.5300","India","IN","IND","West Bengal","","30148","1356806752"
"Inami","Inami","34.7500","134.9167","Japan","JP","JPN","Hyōgo","","30148","1392003476"
"Joaçaba","Joacaba","-27.1778","-51.5050","Brazil","BR","BRA","Santa Catarina","minor","30146","1076899882"
"Anse à Pitre","Anse a Pitre","18.0431","-71.7583","Haiti","HT","HTI","Sud-Est","","30146","1332458305"
"Ostuni","Ostuni","40.7322","17.5778","Italy","IT","ITA","Puglia","","30143","1380813167"
"Catarroja","Catarroja","39.4028","-0.4044","Spain","ES","ESP","Valencia","","30142","1724221843"
"Bretten","Bretten","49.0364","8.7061","Germany","DE","DEU","Baden-Württemberg","","30136","1276638008"
"Quezaltepeque","Quezaltepeque","14.6333","-89.4500","Guatemala","GT","GTM","Chiquimula","minor","30136","1320647000"
"Piagapo","Piagapo","8.0000","124.2000","Philippines","PH","PHL","Lanao del Sur","","30132","1608525630"
"Kanniparamba","Kanniparamba","11.3611","76.0097","India","IN","IND","Kerala","","30123","1356940847"
"San Giuseppe Vesuviano","San Giuseppe Vesuviano","40.8333","14.5000","Italy","IT","ITA","Campania","","30120","1380589632"
"Candijay","Candijay","9.8180","124.4960","Philippines","PH","PHL","Bohol","","30119","1608954791"
"Mussoorie","Mussoorie","30.4500","78.0800","India","IN","IND","Uttarākhand","","30118","1356713058"
"Marogong","Marogong","7.6700","124.1500","Philippines","PH","PHL","Lanao del Sur","","30118","1608554059"
"Planadas","Planadas","3.1964","-75.6444","Colombia","CO","COL","Tolima","minor","30117","1170444880"
"Pulupandan","Pulupandan","10.5200","122.8000","Philippines","PH","PHL","Negros Occidental","","30117","1608181104"
"San Miguel","San Miguel","10.7800","122.4700","Philippines","PH","PHL","Iloilo","","30115","1608896431"
"Dar Ould Zidouh","Dar Ould Zidouh","32.3167","-6.9000","Morocco","MA","MAR","Béni Mellal-Khénifra","","30114","1504900512"
"Liévin","Lievin","50.4228","2.7786","France","FR","FRA","Hauts-de-France","","30113","1250072003"
"Mucari","Mucari","-9.4667","16.9167","Angola","AO","AGO","Malanje","","30112","1024127704"
"Gukeng","Gukeng","23.6500","120.5667","Taiwan","TW","TWN","Yunlin","","30105","1158248475"
"Perşembe","Persembe","41.0656","37.7714","Turkey","TR","TUR","Ordu","minor","30101","1792543078"
"Miramar","Miramar","-38.2667","-57.8333","Argentina","AR","ARG","Buenos Aires","minor","30100","1032791086"
"Saktī","Sakti","22.0300","82.9700","India","IN","IND","Chhattīsgarh","","30100","1356825451"
"Dumalag","Dumalag","11.3039","122.6214","Philippines","PH","PHL","Capiz","","30098","1608493161"
"Rury","Rury","51.2386","22.5164","Poland","PL","POL","Lubelskie","","30093","1616795231"
"Gumdūru","Gumduru","16.6500","78.4800","India","IN","IND","Andhra Pradesh","","30091","1356293439"
"Balete","Balete","11.5553","122.3792","Philippines","PH","PHL","Aklan","","30090","1608488735"
"Rahīmpur","Rahimpur","25.4894","86.4774","India","IN","IND","Bihār","","30089","1356175788"
"Postmasburg","Postmasburg","-28.3279","23.0706","South Africa","ZA","ZAF","Northern Cape","","30089","1710958727"
"Marimba","Marimba","-8.3667","17.0167","Angola","AO","AGO","Malanje","","30086","1024422457"
"Mīnūdasht","Minudasht","37.2306","55.3736","Iran","IR","IRN","Golestān","minor","30085","1364374243"
"Rosignano Marittimo","Rosignano Marittimo","43.4000","10.4667","Italy","IT","ITA","Tuscany","","30083","1380869971"
"Cramlington","Cramlington","55.0820","-1.5850","United Kingdom","GB","GBR","Northumberland","","30077","1826152039"
"Oltu","Oltu","40.5456","41.9958","Turkey","TR","TUR","Erzurum","minor","30075","1792436076"
"Summerlin South","Summerlin South","36.1242","-115.3324","United States","US","USA","Nevada","","30075","1840074790"
"Ruskin","Ruskin","27.7065","-82.4209","United States","US","USA","Florida","","30074","1840014159"
"Merzig","Merzig","49.4500","6.6167","Germany","DE","DEU","Saarland","minor","30070","1276524998"
"Bou Arfa","Bou Arfa","32.5309","-1.9650","Morocco","MA","MAR","Oriental","","30068","1504454457"
"Muratlı","Muratli","41.1742","27.5086","Turkey","TR","TUR","Tekirdağ","minor","30067","1792533953"
"Kondarangi Kīranūr","Kondarangi Kiranur","10.6150","77.7240","India","IN","IND","Tamil Nādu","","30064","1356224936"
"Iguig","Iguig","17.7517","121.7364","Philippines","PH","PHL","Cagayan","","30060","1608362919"
"Wuyuan","Wuyuan","41.0896","108.2722","China","CN","CHN","Inner Mongolia","","30057","1156146594"
"Monte Patria","Monte Patria","-30.8333","-70.7000","Chile","CL","CHL","Coquimbo","","30056","1152733391"
"Nethirimangalam","Nethirimangalam","10.8054","76.1877","India","IN","IND","Kerala","","30056","1356593739"
"McDonough","McDonough","33.4397","-84.1505","United States","US","USA","Georgia","","30056","1840015706"
"Mārgrām","Margram","24.1512","87.8422","India","IN","IND","West Bengal","","30055","1356114722"
"Chatou","Chatou","48.8897","2.1573","France","FR","FRA","Île-de-France","","30054","1250855196"
"Bad Zwischenahn","Bad Zwischenahn","53.1836","8.0097","Germany","DE","DEU","Lower Saxony","","30051","1276503429"
"Bowling Green","Bowling Green","41.3776","-83.6495","United States","US","USA","Ohio","","30051","1840000621"
"Sainte-Julie","Sainte-Julie","45.5833","-73.3333","Canada","CA","CAN","Quebec","","30045","1124000521"
"Milazzo","Milazzo","38.2170","15.2370","Italy","IT","ITA","Sicilia","","30043","1380644927"
"Tchibanga","Tchibanga","-2.9331","10.9831","Gabon","GA","GAB","Nyanga","admin","30042","1266060335"
"Oulad Zemam","Oulad Zemam","32.3500","-6.6333","Morocco","MA","MAR","Béni Mellal-Khénifra","","30039","1504396811"
"Nanchital de Lázaro Cárdenas del Río","Nanchital de Lazaro Cardenas del Rio","18.0667","-94.4167","Mexico","MX","MEX","Veracruz","minor","30039","1484990539"
"Beni Khiar","Beni Khiar","36.4667","10.7833","Tunisia","TN","TUN","Nabeul","","30036","1788551393"
"Villa Regina","Villa Regina","-39.1000","-67.0667","Argentina","AR","ARG","Río Negro","","30028","1032583314"
"Zemoura","Zemoura","35.7167","0.7500","Algeria","DZ","DZA","Relizane","","30027","1012949910"
"Degeh Bur","Degeh Bur","8.2167","43.5667","Ethiopia","ET","ETH","Sumalē","","30027","1231855349"
"Brandsen","Brandsen","-35.1667","-58.2167","Argentina","AR","ARG","Buenos Aires","minor","30026","1032251860"
"Kericho","Kericho","-0.3692","35.2839","Kenya","KE","KEN","Kericho","admin","30023","1404338562"
"Alacuás","Alacuas","39.4583","-0.4628","Spain","ES","ESP","Valencia","","30022","1724760114"
"Cahul","Cahul","45.9075","28.1944","Moldova","MD","MDA","Cahul","admin","30018","1498020356"
"Dauin","Dauin","9.2000","123.2700","Philippines","PH","PHL","Negros Oriental","","30018","1608545503"
"Comiso","Comiso","36.9500","14.6000","Italy","IT","ITA","Sicilia","","30016","1380243758"
"Drexel Hill","Drexel Hill","39.9495","-75.3038","United States","US","USA","Pennsylvania","","30015","1840005550"
"Kulat","Kulat","-8.8243","115.0983","Indonesia","ID","IDN","Bali","","30012","1360003468"
"Mahugaon","Mahugaon","22.5748","75.7445","India","IN","IND","Madhya Pradesh","","30012","1356672951"
"Jamālpur","Jamalpur","25.4112","86.6593","India","IN","IND","Bihār","","30008","1356180868"
"Ārda","Arda","32.3087","76.5772","India","IN","IND","Himāchal Pradesh","","30006","1356118283"
"Santa Maria","Santa Maria","17.3719","120.4814","Philippines","PH","PHL","Ilocos Sur","","30006","1608975400"
"Balungao","Balungao","15.9000","120.7000","Philippines","PH","PHL","Pangasinan","","30004","1608858364"
"Qahderījān","Qahderijan","32.5772","51.4539","Iran","IR","IRN","Eşfahān","","30002","1364015114"
"Gongyefu","Gongyefu","41.8378","118.5011","China","CN","CHN","Inner Mongolia","","30000","1156901662"
"Liaojiayuan","Liaojiayuan","29.3906","109.9919","China","CN","CHN","Hunan","","30000","1156221643"
"Tarrafal","Tarrafal","15.2787","-23.7516","Cabo Verde","CV","CPV","Tarrafal","admin","30000","1132834308"
"Les Palmes","Les Palmes","18.3333","-72.8500","Haiti","HT","HTI","Sud-Est","","30000","1332456322"
"Mundāhal Khurd","Mundahal Khurd","28.9800","76.1950","India","IN","IND","Haryāna","","30000","1356012489"
"Masabdisa","Masabdisa","25.9682","93.4372","India","IN","IND","","","30000","1356774377"
"Rānpur","Ranpur","22.3752","71.6898","India","IN","IND","Gujarāt","","30000","1356076618"
"Pātri","Patri","23.1900","71.8000","India","IN","IND","Gujarāt","","30000","1356536118"
"Edasshēri","Edassheri","10.9833","75.9667","India","IN","IND","Kerala","","30000","1356305985"
"Mundi","Mundi","22.0700","76.5000","India","IN","IND","Madhya Pradesh","","30000","1356854133"
"Padappakara","Padappakara","8.9667","76.6333","India","IN","IND","Kerala","","30000","1356163305"
"Tirwa","Tirwa","26.9620","79.7923","India","IN","IND","Uttar Pradesh","","30000","1356133451"
"Bāghmāri","Baghmari","20.2206","85.5014","India","IN","IND","Odisha","","30000","1356393459"
"Hasanparti","Hasanparti","18.0681","79.5236","India","IN","IND","Andhra Pradesh","","30000","1356821355"
"Sarpavaram","Sarpavaram","17.0102","82.2250","India","IN","IND","Andhra Pradesh","","30000","1356128297"
"Dhandhuka","Dhandhuka","22.3700","71.9800","India","IN","IND","Gujarāt","","30000","1356032463"
"‘Aynkāwah","`Aynkawah","36.2306","43.9944","Iraq","IQ","IRQ","Arbīl","minor","30000","1368335955"
"Jalawlā’","Jalawla'","34.2739","45.1691","Iraq","IQ","IRQ","Diyālá","","30000","1368851231"
"Mutsamudu","Mutsamudu","-12.1675","44.3939","Comoros","KM","COM","Anjouan","admin","30000","1174036583"
"Chmistâr","Chmistar","33.9667","36.0167","Lebanon","LB","LBN","Baalbek-Hermel","","30000","1422851411"
"El Fanar","El Fanar","33.8667","35.5667","Lebanon","LB","LBN","Mont-Liban","","30000","1422818939"
"Bent Jbaïl","Bent Jbail","33.1208","35.4336","Lebanon","LB","LBN","Nabatîyé","minor","30000","1422323141"
"Zghartā","Zgharta","34.4000","35.9000","Lebanon","LB","LBN","Liban-Nord","minor","30000","1422751344"
"Andranomanelatra","Andranomanelatra","-19.7859","47.1043","Madagascar","MG","MDG","Antananarivo","","30000","1450464375"
"Tsitondroina","Tsitondroina","-21.3134","45.9940","Madagascar","MG","MDG","Fianarantsoa","","30000","1450441433"
"Ambinanitelo","Ambinanitelo","-15.3495","49.5805","Madagascar","MG","MDG","Toamasina","","30000","1450149490"
"Ambalavao","Ambalavao","-21.8295","46.9402","Madagascar","MG","MDG","Fianarantsoa","","30000","1450812103"
"Majuro","Majuro","7.0833","171.3833","Marshall Islands","MH","MHL","Majuro","primary","30000","1584000000"
"Bourèm Guindou","Bourem Guindou","16.9004","-0.3500","Mali","ML","MLI","Gao","","30000","1466124401"
"Du Yar","Du Yar","15.2617","97.7819","Burma","MM","MMR","Mon State","","30000","1104089904"
"Arvayheer","Arvayheer","46.2689","102.7575","Mongolia","MN","MNG","Övörhangay","admin","30000","1496580180"
"Kuah","Kuah","6.3265","99.8432","Malaysia","MY","MYS","Kedah","","30000","1458485956"
"Dulmial","Dulmial","32.7333","72.9167","Pakistan","PK","PAK","Punjab","","30000","1586111177"
"Malak Abad","Malak Abad","34.8000","71.8000","Pakistan","PK","PAK","Khyber Pakhtunkhwa","","30000","1586405890"
"Makhdum Rashid","Makhdum Rashid","30.0000","5.0000","Pakistan","PK","PAK","Punjab","","30000","1586125576"
"Malème Hodar","Maleme Hodar","14.0883","-15.2944","Senegal","SN","SEN","Kaffrine","","30000","1686577434"
"Uar Esgudud","Uar Esgudud","1.2667","41.3833","Somalia","SO","SOM","Gedo","","30000","1706563157"
"Ikoto","Ikoto","4.0795","33.1089","South Sudan","SS","SSD","Eastern Equatoria","","30000","1728694229"
"Tecoluca","Tecoluca","13.5333","-88.7833","El Salvador","SV","SLV","San Vicente","","30000","1222261273"
"Kafr Nubl","Kafr Nubl","35.6138","36.5645","Syria","SY","SYR","Idlib","minor","30000","1760535722"
"Fang","Fang","19.9189","99.2136","Thailand","TH","THA","Chiang Mai","minor","30000","1764804984"
"Änew","Anew","37.8833","58.5333","Turkmenistan","TM","TKM","Ahal","admin","30000","1795817680"
"Mpwapwa","Mpwapwa","-6.3500","36.4833","Tanzania","TZ","TZA","Dodoma","","30000","1834235223"
"Kayunga","Kayunga","0.7033","32.9036","Uganda","UG","UGA","Kayunga","admin","30000","1800678001"
"Kamonkoli","Kamonkoli","1.0750","34.0956","Uganda","UG","UGA","Budaka","","30000","1800717956"
"Pop","Pop","40.8736","71.1089","Uzbekistan","UZ","UZB","Namangan","","30000","1860055055"
"Saundhonwāli","Saundhonwali","30.3331","77.9608","India","IN","IND","Uttarākhand","","29999","1356173755"
"Salay","Salay","8.8700","124.8000","Philippines","PH","PHL","Misamis Oriental","","29998","1608139757"
"Pārakadavu","Parakadavu","10.2126","76.3520","India","IN","IND","Kerala","","29997","1356698831"
"Eshtehārd","Eshtehard","35.7250","50.3650","Iran","IR","IRN","Alborz","minor","29993","1364749382"
"Panagyurishte","Panagyurishte","42.5031","24.1839","Bulgaria","BG","BGR","Pazardzhik","minor","29992","1100223841"
"Dala","Dala","-11.0342","20.2036","Angola","AO","AGO","Lunda-Sul","","29991","1024514204"
"Soledade","Soledade","-28.8178","-52.5100","Brazil","BR","BRA","Rio Grande do Sul","minor","29991","1076105389"
"Sombrio","Sombrio","-29.1039","-49.6289","Brazil","BR","BRA","Santa Catarina","","29991","1076557999"
"Koratgi","Koratgi","15.6081","76.6597","India","IN","IND","Karnātaka","","29991","1356316435"
"Askøy","Askoy","60.4000","5.1833","Norway","NO","NOR","Vestland","","29989","1578869945"
"Meschede","Meschede","51.3500","8.2833","Germany","DE","DEU","North Rhine-Westphalia","minor","29988","1276139753"
"Kamisato","Kamisato","36.2516","139.1447","Japan","JP","JPN","Saitama","","29987","1392003248"
"Anchieta","Anchieta","-20.8056","-40.6444","Brazil","BR","BRA","Espírito Santo","minor","29984","1076302227"
"Navāpur","Navapur","21.1700","73.7800","India","IN","IND","Mahārāshtra","","29979","1356890324"
"Riga","Riga","26.6553","85.4420","India","IN","IND","Bihār","","29974","1356117708"
"Kaminoyama","Kaminoyama","38.1496","140.2679","Japan","JP","JPN","Yamagata","","29974","1392003302"
"Villemomble","Villemomble","48.8833","2.5000","France","FR","FRA","Île-de-France","","29973","1250831662"
"Birūr","Birur","13.5972","75.9717","India","IN","IND","Karnātaka","","29966","1356646935"
"Zgorzelec","Zgorzelec","51.1500","15.0083","Poland","PL","POL","Dolnośląskie","minor","29966","1616207310"
"Aarschot","Aarschot","50.9875","4.8333","Belgium","BE","BEL","Flanders","","29965","1056740173"
"Kottūru","Kotturu","14.8262","76.2259","India","IN","IND","Karnātaka","","29965","1356041615"
"Holbæk","Holbaek","55.7135","11.7169","Denmark","DK","DNK","Sjælland","minor","29960","1208012089"
"Garopaba","Garopaba","-28.0228","-48.6128","Brazil","BR","BRA","Santa Catarina","minor","29959","1076202178"
"Matthews","Matthews","35.1195","-80.7101","United States","US","USA","North Carolina","","29959","1840016350"
"Saint-Constant","Saint-Constant","45.3700","-73.5700","Canada","CA","CAN","Quebec","","29954","1124000054"
"Radcliffe","Radcliffe","53.5615","-2.3268","United Kingdom","GB","GBR","Bury","","29950","1826622636"
"Tebourba","Tebourba","36.8333","9.8333","Tunisia","TN","TUN","Manouba","","29948","1788846367"
"Agno","Agno","16.1161","119.8027","Philippines","PH","PHL","Pangasinan","","29947","1608574609"
"Verbania","Verbania","45.9228","8.5519","Italy","IT","ITA","Piedmont","minor","29945","1380922553"
"Fridley","Fridley","45.0841","-93.2595","United States","US","USA","Minnesota","","29944","1840007798"
"Paragould","Paragould","36.0555","-90.5149","United States","US","USA","Arkansas","","29940","1840014474"
"Gérakas","Gerakas","38.0333","23.8500","Greece","GR","GRC","Attikí","minor","29939","1300462849"
"Dalin","Dalin","23.5989","120.4700","Taiwan","TW","TWN","Chiayi","","29937","1158347421"
"Greenville","Greenville","33.1116","-96.1099","United States","US","USA","Texas","","29936","1840020649"
"Pind Dadan Khan","Pind Dadan Khan","32.5883","73.0447","Pakistan","PK","PAK","Punjab","","29935","1586507485"
"Manduria","Manduria","40.4028","17.6342","Italy","IT","ITA","Puglia","","29933","1380088320"
"Marhaura","Marhaura","25.9700","84.8700","India","IN","IND","Bihār","","29932","1356757677"
"Winter Park","Winter Park","28.5989","-81.3442","United States","US","USA","Florida","","29929","1840015966"
"Ragan Sur","Ragan Sur","17.3200","121.7800","Philippines","PH","PHL","Isabela","","29928","1608589574"
"Santa Rita","Santa Rita","14.8680","-89.0941","Honduras","HN","HND","Copán","","29927","1340516072"
"Mohyliv-Podilskyi","Mohyliv-Podilskyi","48.4500","27.7833","Ukraine","UA","UKR","Vinnytska Oblast","minor","29925","1804578556"
"Imbituva","Imbituva","-25.2300","-50.6044","Brazil","BR","BRA","Paraná","minor","29924","1076855265"
"Subotica","Subotica","46.1003","19.6656","Serbia","RS","SRB","Subotica","admin","29919","1688081964"
"Carshalton","Carshalton","51.3652","-0.1676","United Kingdom","GB","GBR","Sutton","","29917","1826112944"
"Elektrogorsk","Elektrogorsk","55.8833","38.8000","Russia","RU","RUS","Moskovskaya Oblast’","","29912","1643526255"
"Triprangōttūr","Triprangottur","11.7843","75.6559","India","IN","IND","Kerala","","29911","1356156198"
"General Alvear","General Alvear","-34.9667","-67.7000","Argentina","AR","ARG","Mendoza","minor","29909","1032632724"
"Dandenong","Dandenong","-37.9810","145.2150","Australia","AU","AUS","Victoria","","29906","1036214023"
"Wellesley","Wellesley","42.3043","-71.2855","United States","US","USA","Massachusetts","","29906","1840053560"
"Décines-Charpieu","Decines-Charpieu","45.7694","4.9594","France","FR","FRA","Auvergne-Rhône-Alpes","","29905","1250944644"
"Algonquin","Algonquin","42.1629","-88.3159","United States","US","USA","Illinois","","29904","1840010110"
"Mahón","Mahon","39.8875","4.2611","Spain","ES","ESP","Balearic Islands","","29902","1724771449"
"Northfleet","Northfleet","51.4400","0.3400","United Kingdom","GB","GBR","Kent","","29900","1826633103"
"Plympton","Plympton","50.3860","-4.0510","United Kingdom","GB","GBR","Plymouth","","29899","1826807244"
"Pānakkudi","Panakkudi","8.3492","77.5672","India","IN","IND","Tamil Nādu","","29895","1356098939"
"Taza","Taza","35.0639","-5.2025","Morocco","MA","MAR","Tanger-Tétouan-Al Hoceïma","","29895","1504253957"
"Bogdanovich","Bogdanovich","56.7803","62.0494","Russia","RU","RUS","Sverdlovskaya Oblast’","minor","29895","1643075894"
"Serra Negra","Serra Negra","-22.6119","-46.7008","Brazil","BR","BRA","São Paulo","minor","29894","1076394760"
"Durango","Durango","43.1689","-2.6300","Spain","ES","ESP","Basque Country","","29887","1724494232"
"Conguaco","Conguaco","14.0500","-90.0333","Guatemala","GT","GTM","Jutiapa","minor","29887","1320354333"
"Aral","Aral","46.7833","61.6667","Kazakhstan","KZ","KAZ","Qyzylorda","minor","29887","1398109811"
"Pinhão","Pinhao","-25.6958","-51.6600","Brazil","BR","BRA","Paraná","minor","29886","1076271089"
"Hazleton","Hazleton","40.9505","-75.9725","United States","US","USA","Pennsylvania","","29886","1840000753"
"San Andrés del Rabanedo","San Andres del Rabanedo","42.6167","-5.6000","Spain","ES","ESP","Castille-Leon","","29884","1724350553"
"Mandalī","Mandali","33.7481","45.5550","Iraq","IQ","IRQ","Diyālá","","29882","1368763045"
"San Roque","San Roque","12.5330","124.8670","Philippines","PH","PHL","Northern Samar","","29882","1608667043"
"Mabole","Mabole","7.0022","79.8980","Sri Lanka","LK","LKA","Western","","29880","1144304678"
"Padada","Padada","6.6300","125.3500","Philippines","PH","PHL","Davao del Sur","","29878","1608991234"
"Crofton","Crofton","39.0144","-76.6800","United States","US","USA","Maryland","","29878","1840005909"
"Périgueux","Perigueux","45.1929","0.7217","France","FR","FRA","Nouvelle-Aquitaine","minor","29876","1250864403"
"Werve","Werve","51.6667","7.6167","Germany","DE","DEU","North Rhine-Westphalia","","29868","1276001404"
"Balabagan","Balabagan","7.5300","124.1200","Philippines","PH","PHL","Lanao del Sur","","29863","1608273813"
"Gloucester","Gloucester","42.6260","-70.6897","United States","US","USA","Massachusetts","","29862","1840000412"
"Saint-Cloud","Saint-Cloud","48.8400","2.2200","France","FR","FRA","Île-de-France","","29859","1250160957"
"El Idrissia","El Idrissia","34.4500","2.5333","Algeria","DZ","DZA","Djelfa","","29856","1012211028"
"Villa Dolores","Villa Dolores","-31.9333","-65.2000","Argentina","AR","ARG","Córdoba","","29854","1032787286"
"Al Madad","Al Madad","13.7167","44.7333","Yemen","YE","YEM","Aḑ Ḑāli‘","","29853","1887543762"
"Be’er Ya‘aqov","Be'er Ya`aqov","31.9436","34.8392","Israel","IL","ISR","Central","","29852","1376941719"
"San Andrés Xecul","San Andres Xecul","14.9000","-91.4833","Guatemala","GT","GTM","Totonicapán","minor","29849","1320913861"
"Xiaba","Xiaba","27.8826","108.0570","China","CN","CHN","Guizhou","","29848","1156427860"
"Quiapo","Quiapo","14.6000","120.9830","Philippines","PH","PHL","Manila","","29846","1608465903"
"Puente-Genil","Puente-Genil","37.3833","-4.7667","Spain","ES","ESP","Andalusia","","29844","1724654674"
"El Kseur","El Kseur","36.6844","4.8522","Algeria","DZ","DZA","Bejaïa","","29842","1012893043"
"Waslala","Waslala","13.2333","-85.3833","Nicaragua","NI","NIC","Costa Caribe Norte","","29838","1558730387"
"East Windsor","East Windsor","40.2606","-74.5295","United States","US","USA","New Jersey","","29837","1840081654"
"Ozhūr","Ozhur","10.9542","75.9167","India","IN","IND","Kerala","","29836","1356746509"
"Kabalo","Kabalo","-6.0500","26.9167","Congo (Kinshasa)","CD","COD","Tanganyika","","29833","1180905835"
"La Garenne-Colombes","La Garenne-Colombes","48.9056","2.2445","France","FR","FRA","Île-de-France","","29828","1250897232"
"Draveil","Draveil","48.6852","2.4080","France","FR","FRA","Île-de-France","","29824","1250259151"
"San Luis","San Luis","15.7200","121.5200","Philippines","PH","PHL","Aurora","","29824","1608491560"
"Motala","Motala","58.5500","15.0500","Sweden","SE","SWE","Östergötland","minor","29823","1752105097"
"Bourgoin-Jallieu","Bourgoin-Jallieu","45.5861","5.2736","France","FR","FRA","Auvergne-Rhône-Alpes","","29816","1250584408"
"Kodayattūr","Kodayattur","11.2833","75.9833","India","IN","IND","Kerala","","29816","1356421883"
"Petite Rivière de Nippes","Petite Riviere de Nippes","18.4764","-73.2413","Haiti","HT","HTI","Nippes","","29815","1332459442"
"Nanga Eboko","Nanga Eboko","4.6708","12.3731","Cameroon","CM","CMR","Centre","","29814","1120540405"
"Shibancun","Shibancun","22.1539","110.7082","China","CN","CHN","Guangdong","","29812","1156653418"
"Oosterend","Oosterend","53.0036","6.0664","Netherlands","NL","NLD","Fryslân","","29812","1528797070"
"Shetang","Shetang","34.5514","105.9703","China","CN","CHN","Gansu","","29811","1156068799"
"Tiruvēgapra","Tiruvegapra","10.8730","76.1250","India","IN","IND","Kerala","","29810","1356079372"
"Thuận Tiến","Thuan Tien","10.0894","105.8281","Vietnam","VN","VNM","Vĩnh Long","","29806","1704059515"
"Krishnarājpet","Krishnarajpet","12.6662","76.4877","India","IN","IND","Karnātaka","","29805","1356263747"
"Tequisquiapan","Tequisquiapan","20.5206","-99.8958","Mexico","MX","MEX","Querétaro","minor","29799","1484303338"
"Bontoc","Bontoc","10.3500","124.9700","Philippines","PH","PHL","Southern Leyte","","29799","1608980422"
"Guapí","Guapi","2.5703","-77.8856","Colombia","CO","COL","Cauca","minor","29797","1170811574"
"Talwāra","Talwara","31.9376","75.8866","India","IN","IND","Punjab","","29797","1356415625"
"San Carlos","San Carlos","37.4982","-122.2677","United States","US","USA","California","","29797","1840021550"
"Dzyarzhynsk","Dzyarzhynsk","53.6833","27.1333","Belarus","BY","BLR","Minskaya Voblasts’","minor","29796","1112600874"
"Santa Elena de Uairén","Santa Elena de Uairen","4.0000","36.0000","Venezuela","VE","VEN","Bolívar","minor","29795","1862763389"
"Fresno","Fresno","5.1556","-75.0403","Colombia","CO","COL","Tolima","minor","29794","1170216002"
"Kaita","Kaita","34.3722","132.5361","Japan","JP","JPN","Hiroshima","","29793","1392868298"
"West Windsor","West Windsor","40.2897","-74.6266","United States","US","USA","New Jersey","","29791","1840081655"
"Antsampandrano","Antsampandrano","-19.9200","47.5705","Madagascar","MG","MDG","Antananarivo","","29788","1450559854"
"Oelde","Oelde","51.8333","8.1500","Germany","DE","DEU","North Rhine-Westphalia","","29783","1276826099"
"Madavur","Madavur","11.2597","75.9486","India","IN","IND","Kerala","","29781","1356310767"
"Hengshuicun","Hengshuicun","22.3611","111.4199","China","CN","CHN","Guangdong","","29777","1156573295"
"Dahana","Dahana","38.0583","69.8667","Tajikistan","TJ","TJK","Khatlon","","29776","1762626270"
"Râmnicu Sărat","Ramnicu Sarat","45.3800","27.0600","Romania","RO","ROU","Buzău","","29774","1642484794"
"Santa Cruz","Santa Cruz","10.1819","-67.5025","Venezuela","VE","VEN","Aragua","minor","29773","1862293225"
"Monterey","Monterey","36.5919","-121.8808","United States","US","USA","California","","29772","1840020358"
"Bulwell","Bulwell","53.0010","-1.1970","United Kingdom","GB","GBR","Nottingham","","29771","1826933370"
"Nutley","Nutley","40.8192","-74.1571","United States","US","USA","New Jersey","","29767","1840131593"
"Mount Hagen","Mount Hagen","-5.8667","144.2167","Papua New Guinea","PG","PNG","Western Highlands","admin","29765","1598400611"
"Mananasy-Tsitakondaza","Mananasy-Tsitakondaza","-19.1481","46.6495","Madagascar","MG","MDG","Antananarivo","","29763","1450104138"
"Charneca","Charneca","38.6167","-9.1833","Portugal","PT","PRT","Setúbal","","29763","1620395868"
"Cruz","Cruz","-2.9178","-40.1719","Brazil","BR","BRA","Ceará","minor","29761","1076550734"
"Ancón","Ancon","8.9627","-79.5474","Panama","PA","PAN","Panamá","minor","29761","1591827249"
"Nattam","Nattam","10.2249","78.2310","India","IN","IND","Tamil Nādu","","29759","1356227042"
"Guyancourt","Guyancourt","48.7714","2.0739","France","FR","FRA","Île-de-France","","29758","1250611079"
"Benito Soliven","Benito Soliven","16.9800","121.9500","Philippines","PH","PHL","Isabela","","29752","1608904633"
"Bāzeh Kalāgh","Bazeh Kalagh","36.5325","59.3636","Iran","IR","IRN","Khorāsān-e Raẕavī","","29751","1364000965"
"Chahchaheh","Chahchaheh","36.5325","59.3636","Iran","IR","IRN","Khorāsān-e Raẕavī","","29751","1364288291"
"Bozmargī","Bozmargi","36.5325","59.3636","Iran","IR","IRN","Khorāsān-e Raẕavī","","29751","1364142429"
"Kalāteh-ye Mīr Āb","Kalateh-ye Mir Ab","36.5325","59.3636","Iran","IR","IRN","Khorāsān-e Raẕavī","","29751","1364575634"
"Vera Cruz","Vera Cruz","-12.9600","-38.6089","Brazil","BR","BRA","Bahia","minor","29750","1076136150"
"Santiago do Cacém","Santiago do Cacem","38.0167","-8.7000","Portugal","PT","PRT","Setúbal","minor","29749","1620952831"
"Rahway","Rahway","40.6077","-74.2807","United States","US","USA","New Jersey","","29748","1840001091"
"Perico","Perico","22.7753","-81.0153","Cuba","CU","CUB","Matanzas","minor","29746","1192945175"
"Reghin","Reghin","46.7758","24.7083","Romania","RO","ROU","Mureş","","29742","1642173105"
"Vyatskiye Polyany","Vyatskiye Polyany","56.2239","51.0633","Russia","RU","RUS","Kirovskaya Oblast’","minor","29742","1643642329"
"Landsberg","Landsberg","48.0478","10.8989","Germany","DE","DEU","Bavaria","minor","29739","1276208782"
"Sardrūd","Sardrud","38.0267","46.1528","Iran","IR","IRN","Āz̄arbāyjān-e Sharqī","","29739","1364669564"
"Phú Mỹ","Phu My","10.5906","107.0481","Vietnam","VN","VNM","Bà Rịa-Vũng Tàu","","29738","1704062444"
"Atascadero","Atascadero","35.4827","-120.6858","United States","US","USA","California","","29735","1840019126"
"Atbasar","Atbasar","51.8000","68.3333","Kazakhstan","KZ","KAZ","Aqmola","minor","29733","1398900162"
"Mbanga","Mbanga","4.5092","9.5681","Cameroon","CM","CMR","Littoral","","29732","1120507574"
"Yong’ancun","Yong'ancun","23.1788","112.6904","China","CN","CHN","Guangdong","","29732","1156571191"
"Tabio","Tabio","4.9158","-74.0983","Colombia","CO","COL","Cundinamarca","minor","29731","1170060372"
"Devarkonda","Devarkonda","16.7000","78.9333","India","IN","IND","Andhra Pradesh","","29731","1356060197"
"Heesch","Heesch","51.7314","5.5300","Netherlands","NL","NLD","Noord-Brabant","minor","29728","1528844626"
"Igarapava","Igarapava","-20.0383","-47.7469","Brazil","BR","BRA","São Paulo","minor","29727","1076928991"
"Tena","Tena","-0.9890","-77.8159","Ecuador","EC","ECU","Napo","admin","29724","1218759537"
"Tournefeuille","Tournefeuille","43.5853","1.3442","France","FR","FRA","Occitanie","","29724","1250628309"
"Orchard Park","Orchard Park","42.7516","-78.7455","United States","US","USA","New York","","29724","1840004389"
"Karahrūd","Karahrud","34.0628","49.6461","Iran","IR","IRN","Markazī","","29721","1364671095"
"East Fishkill","East Fishkill","41.5567","-73.7824","United States","US","USA","New York","","29720","1840058059"
"Savanette","Savanette","18.6833","-72.0500","Haiti","HT","HTI","Ouest","","29717","1332721450"
"Makato","Makato","11.7120","122.2922","Philippines","PH","PHL","Aklan","","29717","1608336520"
"Orchards","Orchards","45.6890","-122.5306","United States","US","USA","Washington","","29716","1840018519"
"Bergen","Bergen","52.6667","4.7167","Netherlands","NL","NLD","Noord-Holland","","29715","1528106849"
"Furmanov","Furmanov","57.2500","41.1333","Russia","RU","RUS","Ivanovskaya Oblast’","minor","29715","1643283283"
"Buenavista","Buenavista","10.0800","124.1200","Philippines","PH","PHL","Bohol","","29711","1608981835"
"Szekszárd","Szekszard","46.3558","18.7039","Hungary","HU","HUN","Tolna","admin","29707","1348026284"
"Bünyan","Bunyan","38.8486","35.8592","Turkey","TR","TUR","Kayseri","minor","29704","1792359826"
"Kloof","Kloof","-29.7833","30.8333","South Africa","ZA","ZAF","KwaZulu-Natal","","29704","1710132769"
"Nu‘ayjah","Nu`ayjah","25.2525","51.5592","Qatar","QA","QAT","Ad Dawḩah","","29703","1634400511"
"Hengchun","Hengchun","22.0000","120.7500","Taiwan","TW","TWN","Pingtung","","29702","1158823887"
"Acajutla","Acajutla","13.5900","-89.8336","El Salvador","SV","SLV","Sonsonate","","29701","1222402975"
"Vandœuvre-lès-Nancy","Vandoeuvre-les-Nancy","48.6567","6.1683","France","FR","FRA","Grand Est","","29697","1250981193"
"Kitaakita","Kitaakita","40.2260","140.3708","Japan","JP","JPN","Akita","","29696","1392003362"
"La Oliva","La Oliva","28.6111","-13.9278","Spain","ES","ESP","Canary Islands","","29693","1724741564"
"Parsuram","Parsuram","23.2114","91.4686","Bangladesh","BD","BGD","Chattogram","","29691","1050185603"
"Sursand","Sursand","26.6500","85.7167","India","IN","IND","Bihār","","29688","1356303686"
"San Jacinto","San Jacinto","12.5683","123.7336","Philippines","PH","PHL","Masbate","","29686","1608975961"
"Buriti","Buriti","-3.9419","-42.9250","Brazil","BR","BRA","Maranhão","minor","29685","1076275793"
"Hosdurga","Hosdurga","13.7963","76.2841","India","IN","IND","Karnātaka","","29684","1356933529"
"Manjo","Manjo","4.8500","9.8167","Cameroon","CM","CMR","Littoral","","29683","1120935317"
"Uychi","Uychi","41.0294","71.8483","Uzbekistan","UZ","UZB","Namangan","","29683","1860657866"
"Nepānagar","Nepanagar","21.4558","76.4494","India","IN","IND","Madhya Pradesh","","29682","1356116829"
"Zaragoza","Zaragoza","13.5833","-89.2833","El Salvador","SV","SLV","La Libertad","","29679","1222511136"
"La Rinconada","La Rinconada","-14.6325","-69.4458","Peru","PE","PER","Puno","","29678","1604001824"
"Pasuquin","Pasuquin","18.3342","120.6183","Philippines","PH","PHL","Ilocos Norte","","29678","1608946484"
"Newtownards","Newtownards","54.5910","-5.6800","United Kingdom","GB","GBR","Ards and North Down","","29677","1826697588"
"Vlasotince","Vlasotince","42.9667","22.1333","Serbia","RS","SRB","Vlasotince","admin","29669","1688116678"
"Canguaretama","Canguaretama","-6.3800","-35.1289","Brazil","BR","BRA","Rio Grande do Norte","minor","29668","1076516835"
"Zaragoza","Zaragoza","14.6500","-90.8833","Guatemala","GT","GTM","Chimaltenango","minor","29668","1320225440"
"Stung Treng","Stung Treng","13.5259","105.9683","Cambodia","KH","KHM","Stung Treng","admin","29665","1116286673"
"Piraju","Piraju","-23.1936","-49.3839","Brazil","BR","BRA","São Paulo","minor","29664","1076217227"
"Yingshouyingzi","Yingshouyingzi","40.5451","117.6560","China","CN","CHN","Hebei","minor","29664","1156329428"
"Pedras de Fogo","Pedras de Fogo","-7.4019","-35.1158","Brazil","BR","BRA","Paraíba","minor","29662","1076970130"
"Warrnambool","Warrnambool","-38.3833","142.4833","Australia","AU","AUS","Victoria","","29661","1036291219"
"Toksun","Toksun","42.7918","88.6536","China","CN","CHN","Xinjiang","minor","29657","1156067475"
"Galesburg","Galesburg","40.9506","-90.3763","United States","US","USA","Illinois","","29653","1840008277"
"Synelnykove","Synelnykove","48.3178","35.5119","Ukraine","UA","UKR","Dnipropetrovska Oblast","minor","29651","1804535574"
"West Rembo","West Rembo","14.5602","121.0615","Philippines","PH","PHL","Makati","","29649","1608832412"
"Husnābād","Husnabad","18.1000","79.3000","India","IN","IND","Andhra Pradesh","","29648","1356546891"
"Hobart","Hobart","41.5140","-87.2729","United States","US","USA","Indiana","","29646","1840007093"
"Novyi Rozdil","Novyi Rozdil","49.4697","24.1367","Ukraine","UA","UKR","Lvivska Oblast","","29643","1804473027"
"Monfalcone","Monfalcone","45.8046","13.5329","Italy","IT","ITA","Friuli Venezia Giulia","","29637","1380849688"
"Puthupalli","Puthupalli","9.5594","76.5722","India","IN","IND","Kerala","","29635","1356016714"
"Selouane","Selouane","35.0667","-2.9333","Morocco","MA","MAR","Oriental","","29628","1504039594"
"Schererville","Schererville","41.4861","-87.4442","United States","US","USA","Indiana","","29627","1840010222"
"Villa Donato Guerra","Villa Donato Guerra","19.3083","-100.1422","Mexico","MX","MEX","México","minor","29621","1484701900"
"Bregenz","Bregenz","47.5050","9.7492","Austria","AT","AUT","Vorarlberg","admin","29620","1040174258"
"Jāmai","Jamai","22.1964","78.5919","India","IN","IND","Madhya Pradesh","","29620","1356386792"
"Pati do Alferes","Pati do Alferes","-22.4289","-43.4189","Brazil","BR","BRA","Rio de Janeiro","minor","29619","1076839400"
"Alquízar","Alquizar","22.8067","-82.5828","Cuba","CU","CUB","Artemisa","minor","29616","1192960992"
"Placer","Placer","9.6570","125.6016","Philippines","PH","PHL","Surigao del Norte","","29616","1608949184"
"Xinmin","Xinmin","25.4831","104.8416","China","CN","CHN","Guizhou","","29614","1156225975"
"Agde","Agde","43.3108","3.4758","France","FR","FRA","Occitanie","","29612","1250539086"
"Chikuzen","Chikuzen","33.4569","130.5953","Japan","JP","JPN","Fukuoka","","29608","1392999988"
"Benicarló","Benicarlo","40.4167","0.4167","Spain","ES","ESP","Valencia","","29607","1724776568"
"Central","Central","30.5593","-91.0369","United States","US","USA","Louisiana","","29603","1840023139"
"Kalpatta","Kalpatta","11.6087","76.0834","India","IN","IND","Kerala","","29602","1356102360"
"Mannārgudi","Mannargudi","11.2761","79.5520","India","IN","IND","Tamil Nādu","","29602","1356233950"
"Ağdaş","Agdas","40.6500","47.4833","Azerbaijan","AZ","AZE","Ağdaş","admin","29600","1031916654"
"Veliyangōd","Veliyangod","10.7296","75.9471","India","IN","IND","Kerala","","29596","1356809895"
"Kendal","Kendal","54.3260","-2.7450","United Kingdom","GB","GBR","Cumbria","","29594","1826195534"
"Fritissa","Fritissa","33.6167","-3.5500","Morocco","MA","MAR","Fès-Meknès","","29594","1504842954"
"Laurel","Laurel","39.0949","-76.8622","United States","US","USA","Maryland","","29594","1840005976"
"Villa Gesell","Villa Gesell","-37.2500","-56.9833","Argentina","AR","ARG","Buenos Aires","minor","29593","1032960969"
"Raytown","Raytown","38.9944","-94.4641","United States","US","USA","Missouri","","29593","1840009681"
"San Agustín Chahal","San Agustin Chahal","15.7500","-89.5667","Guatemala","GT","GTM","Alta Verapaz","","29590","1320935505"
"Dayr Abū Sa‘īd","Dayr Abu Sa`id","32.5025","35.6922","Jordan","JO","JOR","Irbid","minor","29590","1400352428"
"Mangdongshan","Mangdongshan","24.1844","98.3385","China","CN","CHN","Yunnan","","29587","1156290976"
"Kollengode","Kollengode","10.6139","76.6908","India","IN","IND","Kerala","","29587","1356703913"
"Waltrop","Waltrop","51.6167","7.3833","Germany","DE","DEU","North Rhine-Westphalia","","29586","1276333081"
"Trutnov","Trutnov","50.5606","15.9131","Czechia","CZ","CZE","Královéhradecký Kraj","","29584","1203787150"
"Rārōtt","Rarott","11.4504","75.9306","India","IN","IND","Kerala","","29583","1356034309"
"South Ubian","South Ubian","5.1800","120.4800","Philippines","PH","PHL","Tawi-Tawi","","29583","1608837264"
"Güstrow","Gustrow","53.7939","12.1764","Germany","DE","DEU","Mecklenburg-Western Pomerania","minor","29582","1276582967"
"Barbosa","Barbosa","5.9330","-73.6210","Colombia","CO","COL","Santander","minor","29581","1170376059"
"Point Fortin","Point Fortin","10.1667","-61.6667","Trinidad and Tobago","TT","TTO","Point Fortin","admin","29579","1780702349"
"Mashan","Mashan","37.0235","112.0467","China","CN","CHN","Shanxi","","29578","1156070641"
"Tokmak","Tokmak","47.2556","35.7056","Ukraine","UA","UKR","Zaporizka Oblast","minor","29573","1804494597"
"Lākheri","Lakheri","25.6700","76.1700","India","IN","IND","Rājasthān","","29572","1356081599"
"Xalatlaco","Xalatlaco","19.1811","-99.4164","Mexico","MX","MEX","México","minor","29572","1484277337"
"Inagawa","Inagawa","34.9000","135.3833","Japan","JP","JPN","Hyōgo","","29571","1392003473"
"Limoeiro do Ajuru","Limoeiro do Ajuru","-1.8950","-49.3808","Brazil","BR","BRA","Pará","minor","29569","1076973089"
"Zamboanguita","Zamboanguita","9.1000","123.1990","Philippines","PH","PHL","Negros Oriental","","29569","1608790324"
"Pedro Betancourt","Pedro Betancourt","22.7303","-81.2908","Cuba","CU","CUB","Matanzas","minor","29565","1192548090"
"Anderson","Anderson","34.5211","-82.6478","United States","US","USA","South Carolina","","29563","1840013579"
"Bogoroditsk","Bogoroditsk","53.7667","38.1333","Russia","RU","RUS","Tul’skaya Oblast’","minor","29560","1643215151"
"Johnston","Johnston","41.8274","-71.5202","United States","US","USA","Rhode Island","","29559","1840106232"
"Bafatá","Bafata","12.1719","-14.6575","Guinea-Bissau","GW","GNB","Bafatá","admin","29556","1624735310"
"Antsahalava","Antsahalava","-19.5835","47.4685","Madagascar","MG","MDG","Antananarivo","","29556","1450903969"
"Chiknāyakanhalli","Chiknayakanhalli","13.4161","76.6206","India","IN","IND","Karnātaka","","29553","1356242591"
"Rota","Rota","36.6167","-6.3500","Spain","ES","ESP","Andalusia","","29552","1724152240"
"Clichy-sous-Bois","Clichy-sous-Bois","48.9102","2.5532","France","FR","FRA","Île-de-France","","29551","1250123655"
"Southgate","Southgate","42.2047","-83.2057","United States","US","USA","Michigan","","29551","1840003964"
"Maranga","Maranga","25.7592","87.4665","India","IN","IND","Bihār","","29549","1356063376"
"Marmara Ereğlisi","Marmara Ereglisi","40.9697","27.9553","Turkey","TR","TUR","Tekirdağ","minor","29549","1792522233"
"Paraty","Paraty","-23.2194","-44.7147","Brazil","BR","BRA","Rio de Janeiro","minor","29544","1076616643"
"Purificación","Purificacion","3.8586","-74.9306","Colombia","CO","COL","Tolima","minor","29539","1170787107"
"Cambuí","Cambui","-22.6119","-46.0578","Brazil","BR","BRA","Minas Gerais","minor","29536","1076056119"
"Behror","Behror","27.8903","76.2861","India","IN","IND","Rājasthān","","29531","1356276199"
"Sumilao","Sumilao","8.3281","124.9783","Philippines","PH","PHL","Bukidnon","","29531","1608478133"
"Longhong","Longhong","19.8828","110.4111","China","CN","CHN","Hainan","","29530","1156134196"
"Olocuilta","Olocuilta","13.5667","-89.1167","El Salvador","SV","SLV","La Paz","","29529","1222567022"
"Burton","Burton","42.9974","-83.6175","United States","US","USA","Michigan","","29529","1840002945"
"Temse","Temse","51.1167","4.2000","Belgium","BE","BEL","Flanders","","29528","1056178805"
"Bra","Bra","44.7000","7.8500","Italy","IT","ITA","Piedmont","","29523","1380694360"
"Vallentuna","Vallentuna","59.5333","18.0833","Sweden","SE","SWE","Stockholm","minor","29519","1752629377"
"Nan’ao","Nan'ao","38.5162","114.5648","China","CN","CHN","Hebei","","29508","1156037095"
"N’Gaous","N'Gaous","35.5550","5.6106","Algeria","DZ","DZA","Batna","","29504","1012978553"
"Dongyuya","Dongyuya","29.5619","111.0350","China","CN","CHN","Hunan","","29500","1156600344"
"Duanzhuang","Duanzhuang","36.5796","111.7577","China","CN","CHN","Shanxi","","29498","1156974275"
"Sint-Michielsgestel","Sint-Michielsgestel","51.6433","5.3586","Netherlands","NL","NLD","Noord-Brabant","minor","29498","1528884798"
"Mīnād","Minad","8.8500","76.6958","India","IN","IND","Kerala","","29497","1356164386"
"Ja‘ār","Ja`ar","13.2231","45.3056","Yemen","YE","YEM","Abyan","minor","29495","1887726452"
"Shangmuping","Shangmuping","30.8117","111.0156","China","CN","CHN","Hubei","","29494","1156274413"
"Augustów","Augustow","53.8436","22.9794","Poland","PL","POL","Podlaskie","minor","29494","1616778386"
"Melrose","Melrose","42.4556","-71.0590","United States","US","USA","Massachusetts","","29488","1840000432"
"Magna","Magna","40.7634","-112.1599","United States","US","USA","Utah","","29488","1840017499"
"Petrich","Petrich","41.3981","23.2069","Bulgaria","BG","BGR","Blagoevgrad","","29479","1100407427"
"Kumalarang","Kumalarang","7.7478","123.1442","Philippines","PH","PHL","Zamboanga del Sur","","29479","1608494719"
"Flandes","Flandes","4.2833","-74.8000","Colombia","CO","COL","Tolima","minor","29478","1170495426"
"Escárcega","Escarcega","18.6067","-90.7344","Mexico","MX","MEX","Campeche","minor","29477","1484800970"
"Casselberry","Casselberry","28.6624","-81.3217","United States","US","USA","Florida","","29473","1840015088"
"Arari","Arari","-3.4539","-44.7800","Brazil","BR","BRA","Maranhão","minor","29472","1076577900"
"Manticao","Manticao","8.4042","124.2867","Philippines","PH","PHL","Misamis Oriental","","29469","1608455267"
"Sankaridrug","Sankaridrug","11.4745","77.8691","India","IN","IND","Tamil Nādu","","29467","1356903753"
"Brecht","Brecht","51.3494","4.6394","Belgium","BE","BEL","Flanders","","29454","1056740797"
"San Lorenzo","San Lorenzo","37.6733","-122.1332","United States","US","USA","California","","29453","1840018912"
"Dembī Dolo","Dembi Dolo","8.5353","34.8003","Ethiopia","ET","ETH","Oromīya","","29448","1231620291"
"Zaltbommel","Zaltbommel","51.8123","5.2470","Netherlands","NL","NLD","Gelderland","minor","29447","1528934368"
"Ludwigsfelde","Ludwigsfelde","52.2997","13.2667","Germany","DE","DEU","Brandenburg","","29441","1276940684"
"Pirakkād","Pirakkad","9.3500","76.3500","India","IN","IND","Kerala","","29437","1356160823"
"Winnenden","Winnenden","48.8764","9.3978","Germany","DE","DEU","Baden-Württemberg","","29436","1276828910"
"Juchitepec","Juchitepec","19.0997","-98.8792","Mexico","MX","MEX","México","minor","29436","1484007934"
"Garchitorena","Garchitorena","13.8800","123.7000","Philippines","PH","PHL","Camarines Sur","","29436","1608974221"
"Ibrāhīmpatnam","Ibrahimpatnam","16.6056","80.3786","India","IN","IND","Andhra Pradesh","","29432","1356450270"
"Mūdbidri","Mudbidri","12.9101","75.0030","India","IN","IND","Karnātaka","","29431","1356755135"
"Bujaru","Bujaru","-1.5150","-48.0447","Brazil","BR","BRA","Pará","minor","29427","1076411520"
"Gorna Oryahovitsa","Gorna Oryahovitsa","43.1304","25.7041","Bulgaria","BG","BGR","Veliko Tarnovo","","29423","1100589506"
"Sena Madureira","Sena Madureira","-9.0658","-68.6569","Brazil","BR","BRA","Acre","minor","29420","1076899075"
"Ātmakūr","Atmakur","14.6167","79.6167","India","IN","IND","Andhra Pradesh","","29419","1356146231"
"Pueblo Nuevo Viñas","Pueblo Nuevo Vinas","14.2333","-90.4667","Guatemala","GT","GTM","Santa Rosa","minor","29418","1320114174"
"Vadakku Valliyūr","Vadakku Valliyur","8.3829","77.6122","India","IN","IND","Tamil Nādu","","29417","1356766618"
"Eastern Goleta Valley","Eastern Goleta Valley","34.4448","-119.7879","United States","US","USA","California","","29411","1840153163"
"Krimpen aan den IJssel","Krimpen aan den IJssel","51.9200","4.6000","Netherlands","NL","NLD","Zuid-Holland","minor","29410","1528654636"
"Tizi Gheniff","Tizi Gheniff","36.5833","3.7667","Algeria","DZ","DZA","Boumerdes","","29409","1012794312"
"Chichester","Chichester","50.8365","-0.7792","United Kingdom","GB","GBR","West Sussex","","29407","1826696164"
"Perafita","Perafita","41.2239","-8.6989","Portugal","PT","PRT","Porto","","29407","1620627406"
"Bixby","Bixby","35.9454","-95.8776","United States","US","USA","Oklahoma","","29402","1840019058"
"Kyegegwa","Kyegegwa","0.4803","31.0547","Uganda","UG","UGA","Kyegegwa","admin","29400","1800719333"
"Figuil","Figuil","9.7667","13.9667","Cameroon","CM","CMR","Nord","","29399","1120977247"
"Budaörs","Budaors","47.4606","18.9578","Hungary","HU","HUN","Pest","","29398","1348705618"
"Pontedera","Pontedera","43.6625","10.6328","Italy","IT","ITA","Tuscany","","29393","1380040470"
"Tirukkalikkunram","Tirukkalikkunram","12.6092","80.0675","India","IN","IND","Tamil Nādu","","29391","1356106403"
"Lavezares","Lavezares","12.5300","124.3300","Philippines","PH","PHL","Northern Samar","","29390","1608921102"
"Bagong Pag-Asa","Bagong Pag-Asa","14.6622","121.0331","Philippines","PH","PHL","Quezon","","29389","1608625000"
"Vaihingen an der Enz","Vaihingen an der Enz","48.9328","8.9564","Germany","DE","DEU","Baden-Württemberg","","29387","1276306973"
"Lāmerd","Lamerd","27.3336","53.1886","Iran","IR","IRN","Fārs","minor","29380","1364138178"
"Livadeiá","Livadeia","38.4333","22.8667","Greece","GR","GRC","Stereá Elláda","minor","29379","1300871430"
"L’Arbaa Naït Irathen","L'Arbaa Nait Irathen","36.6367","4.2067","Algeria","DZ","DZA","Tizi Ouzou","","29376","1012117061"
"Bois-Colombes","Bois-Colombes","48.9175","2.2683","France","FR","FRA","Île-de-France","","29376","1250698978"
"Stafford","Stafford","39.7049","-74.2643","United States","US","USA","New Jersey","","29375","1840081600"
"Oak Park","Oak Park","42.4649","-83.1824","United States","US","USA","Michigan","","29370","1840002424"
"Garfield Heights","Garfield Heights","41.4199","-81.6038","United States","US","USA","Ohio","","29369","1840000602"
