"Point Pedro","Point Pedro","9.8167","80.2333","Sri Lanka","LK","LKA","North Central","","31351","1144518773"
"Guamo","Guamo","4.0833","-74.9167","Colombia","CO","COL","Tolima","minor","31350","1170113847"
"Maralal","Maralal","1.1000","36.7000","Kenya","KE","KEN","Samburu","admin","31350","1404895664"
"Mossaka","Mossaka","-1.2258","16.7947","Congo (Brazzaville)","CG","COG","Cuvette","","31347","1178417610"
"Lumding","Lumding","25.7500","93.1700","India","IN","IND","Assam","","31347","1356061348"
"Cândido Mota","Candido Mota","-22.7464","-50.3869","Brazil","BR","BRA","São Paulo","minor","31346","1076335584"
"Waddinxveen","Waddinxveen","52.0500","4.6500","Netherlands","NL","NLD","Zuid-Holland","minor","31342","1528011369"
"Dimataling","Dimataling","7.5297","123.3661","Philippines","PH","PHL","Zamboanga del Sur","","31340","1608315903"
"Wenxian Chengguanzhen","Wenxian Chengguanzhen","32.9471","104.6814","China","CN","CHN","Gansu","minor","31339","1156390767"
"L’Haÿ-les-Roses","L'Hay-les-Roses","48.7800","2.3374","France","FR","FRA","Île-de-France","minor","31338","1250707197"
"Odorheiu Secuiesc","Odorheiu Secuiesc","46.3139","25.3017","Romania","RO","ROU","Harghita","","31335","1642134385"
"Kléla","Klela","11.6886","-5.6622","Mali","ML","MLI","Sikasso","","31334","1466561275"
"Diemen","Diemen","52.3333","4.9667","Netherlands","NL","NLD","Noord-Holland","minor","31334","1528749595"
"Hitoyoshi","Hitoyoshi","32.2103","130.7625","Japan","JP","JPN","Kumamoto","","31332","1392003176"
"Marathónas","Marathonas","38.1500","23.9500","Greece","GR","GRC","Attikí","minor","31331","1300766363"
"Monjas","Monjas","14.5000","-89.8667","Guatemala","GT","GTM","Jalapa","minor","31330","1320080716"
"Rio das Pedras","Rio das Pedras","-22.8428","-47.6058","Brazil","BR","BRA","São Paulo","minor","31328","1076199521"
"Gongguan","Gongguan","24.5053","120.8447","Taiwan","TW","TWN","Miaoli","","31327","1158933960"
"Rio Negro","Rio Negro","-26.1058","-49.7978","Brazil","BR","BRA","Paraná","minor","31324","1076653242"
"Bluffton","Bluffton","32.2135","-80.9316","United States","US","USA","South Carolina","","31323","1840015799"
"Tanmen","Tanmen","19.2429","110.6120","China","CN","CHN","Hainan","","31322","1156673934"
"Sherpur Khurd","Sherpur Khurd","25.5565","83.8052","India","IN","IND","Uttar Pradesh","","31322","1356984083"
"Araçoiaba da Serra","Aracoiaba da Serra","-23.5053","-47.6142","Brazil","BR","BRA","São Paulo","minor","31321","1076732508"
"Ibanda","Ibanda","-0.1347","30.4950","Uganda","UG","UGA","Ibanda","admin","31316","1800636734"
"Netivot","Netivot","31.4167","34.5833","Israel","IL","ISR","Southern","","31314","1376200656"
"İmişli","Imisli","39.8697","48.0600","Azerbaijan","AZ","AZE","İmişli","admin","31310","1031686599"
"Magsingal","Magsingal","17.6850","120.4244","Philippines","PH","PHL","Ilocos Sur","","31308","1608782120"
"Cholargós","Cholargos","38.0000","23.8000","Greece","GR","GRC","Attikí","minor","31304","1300207995"
"Río Bravo","Rio Bravo","14.4011","-91.3195","Guatemala","GT","GTM","Suchitepéquez","minor","31303","1320453852"
"Burgdorf","Burgdorf","52.4500","10.0083","Germany","DE","DEU","Lower Saxony","","31302","1276623419"
"Zaqatala","Zaqatala","41.6336","46.6433","Azerbaijan","AZ","AZE","Zaqatala","admin","31300","1031500858"
"Eyvān","Eyvan","33.8278","46.3061","Iran","IR","IRN","Īlām","minor","31299","1364070633"
"Maḩallat Damanah","Mahallat Damanah","31.0729","31.4950","Egypt","EG","EGY","Ad Daqahlīyah","","31293","1818420317"
"Amarante do Maranhão","Amarante do Maranhao","-5.5669","-46.7419","Brazil","BR","BRA","Maranhão","minor","31292","1076306284"
"Shimotoba","Shimotoba","34.8833","135.6667","Japan","JP","JPN","Kyōto","","31292","1392825221"
"Yby Yaú","Yby Yau","-22.9661","-56.5407","Paraguay","PY","PRY","Concepción","","31290","1600498095"
"Ennery","Ennery","19.4834","-72.4854","Haiti","HT","HTI","Artibonite","","31285","1332338598"
"Orcutt","Orcutt","34.8691","-120.4222","United States","US","USA","California","","31284","1840019183"
"Aguada de Pasajeros","Aguada de Pasajeros","22.3847","-80.8461","Cuba","CU","CUB","Cienfuegos","minor","31279","1192172785"
"Ibaraki","Ibaraki","36.2869","140.4245","Japan","JP","JPN","Ibaraki","","31278","1392003422"
"Ivisan","Ivisan","11.5217","122.6908","Philippines","PH","PHL","Capiz","","31278","1608052349"
"Bay Shore","Bay Shore","40.7288","-73.2495","United States","US","USA","New York","","31275","1840005017"
"Bandeirantes","Bandeirantes","-23.1100","-50.3678","Brazil","BR","BRA","Paraná","minor","31273","1076892563"
"President Roxas","President Roxas","11.4297","122.9247","Philippines","PH","PHL","Capiz","","31269","1608614914"
"Cuauhtémoc","Cuauhtemoc","19.3281","-103.6028","Mexico","MX","MEX","Colima","minor","31267","1484009228"
"Vadakakarai","Vadakakarai","10.1731","76.2096","India","IN","IND","Kerala","","31266","1356937923"
"Tiquipaya","Tiquipaya","-17.3333","-66.2167","Bolivia","BO","BOL","Cochabamba","","31264","1068863881"
"Boghni","Boghni","36.5500","3.9500","Algeria","DZ","DZA","Tizi Ouzou","","31263","1012740129"
"Ōiso","Oiso","35.3086","139.3128","Japan","JP","JPN","Kanagawa","","31262","1392342585"
"Petrovac na Mlavi","Petrovac na Mlavi","44.3783","21.4194","Serbia","RS","SRB","Petrovac na Mlavi","admin","31259","1688674789"
"Hendrik-Ido-Ambacht","Hendrik-Ido-Ambacht","51.8500","4.6300","Netherlands","NL","NLD","Zuid-Holland","minor","31258","1528804375"
"Inkhil","Inkhil","33.0181","36.1283","Syria","SY","SYR","Dar‘ā","","31258","1760570627"
"Terre Neuve","Terre Neuve","19.6000","-72.7833","Haiti","HT","HTI","Artibonite","","31252","1332504723"
"Kreuztal","Kreuztal","50.9667","7.9667","Germany","DE","DEU","North Rhine-Westphalia","","31251","1276001601"
"Sterling","Sterling","39.0052","-77.4050","United States","US","USA","Virginia","","31251","1840024508"
"Parnarama","Parnarama","-5.6819","-43.0928","Brazil","BR","BRA","Maranhão","minor","31250","1076586563"
"Nāspur","Naspur","18.8604","79.4849","India","IN","IND","Andhra Pradesh","","31244","1356637430"
"Mamaroneck","Mamaroneck","40.9443","-73.7488","United States","US","USA","New York","","31244","1840004935"
"Carangola","Carangola","-20.7328","-42.0289","Brazil","BR","BRA","Minas Gerais","minor","31240","1076047833"
"Unchagao","Unchagao","16.6988","74.2749","India","IN","IND","Mahārāshtra","","31238","1356045868"
"Holladay","Holladay","40.6600","-111.8226","United States","US","USA","Utah","","31236","1840020156"
"Vigneux-sur-Seine","Vigneux-sur-Seine","48.7001","2.4170","France","FR","FRA","Île-de-France","","31233","1250005644"
"Capelinha","Capelinha","-17.6908","-42.5158","Brazil","BR","BRA","Minas Gerais","minor","31231","1076950734"
"Esperança","Esperanca","-7.0333","-35.8500","Brazil","BR","BRA","Paraíba","minor","31231","1076765835"
"Barrinha","Barrinha","-21.1936","-48.1639","Brazil","BR","BRA","São Paulo","minor","31230","1076492454"
"Andırın","Andirin","37.5764","36.3506","Turkey","TR","TUR","Kahramanmaraş","minor","31224","1792314196"
"Changuinola","Changuinola","9.4333","-82.5167","Panama","PA","PAN","Bocas del Toro","minor","31223","1591849136"
"Valkenswaard","Valkenswaard","51.3500","5.4592","Netherlands","NL","NLD","Noord-Brabant","minor","31221","1528944698"
"Rosmalen","Rosmalen","51.7167","5.3667","Netherlands","NL","NLD","Noord-Brabant","","31219","1528018450"
"Cicero","Cicero","43.1662","-76.0662","United States","US","USA","New York","","31218","1840057983"
"Poconé","Pocone","-16.2569","-56.6228","Brazil","BR","BRA","Mato Grosso","minor","31217","1076449216"
"Itaperuçu","Itaperucu","-25.2212","-49.3458","Brazil","BR","BRA","Paraná","minor","31217","1076522601"
"New Smyrna Beach","New Smyrna Beach","29.0249","-80.9652","United States","US","USA","Florida","","31212","1840015073"
"Bittou","Bittou","11.2575","-0.3039","Burkina Faso","BF","BFA","Centre-Est","","31210","1854307960"
"Alba","Alba","44.6915","8.0256","Italy","IT","ITA","Piedmont","","31210","1380267586"
"Tacuba","Tacuba","13.9000","-89.9333","El Salvador","SV","SLV","Ahuachapán","","31209","1222693059"
"Pontypridd","Pontypridd","51.6020","-3.3420","United Kingdom","GB","GBR","Rhondda Cynon Taff","","31206","1826842541"
"Kadınhanı","Kadinhani","38.2397","32.2114","Turkey","TR","TUR","Konya","minor","31206","1792310502"
"Dreux","Dreux","48.7372","1.3664","France","FR","FRA","Centre-Val de Loire","minor","31205","1250111227"
"Duanshan","Duanshan","25.7943","106.6983","China","CN","CHN","Guizhou","","31203","1156406564"
"Santa Paula","Santa Paula","34.3545","-119.0656","United States","US","USA","California","","31202","1840021842"
"Usinsk","Usinsk","66.0000","57.5333","Russia","RU","RUS","Komi","minor","31200","1643395315"
"Gevelsberg","Gevelsberg","51.3167","7.3333","Germany","DE","DEU","North Rhine-Westphalia","","31198","1276634761"
"Yahşihan","Yahsihan","39.8503","33.4536","Turkey","TR","TUR","Kırıkkale","minor","31195","1792504360"
"Lobos","Lobos","-35.1833","-59.0833","Argentina","AR","ARG","Buenos Aires","minor","31190","1032314483"
"Rutherglen","Rutherglen","55.8280","-4.2140","United Kingdom","GB","GBR","Glasgow City","","31190","1826453586"
"Dyurtyuli","Dyurtyuli","55.4833","54.8667","Russia","RU","RUS","Bashkortostan","minor","31185","1643865529"
"Sakaraha","Sakaraha","-22.9075","44.5303","Madagascar","MG","MDG","Toliara","","31183","1450732335"
"Paracelis","Paracelis","17.1811","121.4036","Philippines","PH","PHL","Mountain","","31168","1608673530"
"Tewksbury","Tewksbury","42.6120","-71.2278","United States","US","USA","Massachusetts","","31168","1840053490"
"Saint Neots","Saint Neots","52.2280","-0.2700","United Kingdom","GB","GBR","Cambridgeshire","","31165","1826441495"
"Siraway","Siraway","7.5853","122.1406","Philippines","PH","PHL","Zamboanga del Norte","","31163","1608364909"
"Port Chester","Port Chester","41.0051","-73.6680","United States","US","USA","New York","","31162","1840004941"
"Khānah Sūr","Khanah Sur","36.4778","41.6114","Iraq","IQ","IRQ","Nīnawá","","31161","1368503455"
"Buenavista","Buenavista","13.7394","122.4675","Philippines","PH","PHL","Quezon","","31160","1608200372"
"Haines City","Haines City","28.1102","-81.6157","United States","US","USA","Florida","","31156","1840014136"
"Podili","Podili","15.6040","79.6080","India","IN","IND","Andhra Pradesh","","31145","1356266538"
"Yaita","Yaita","36.8067","139.9241","Japan","JP","JPN","Tochigi","","31145","1392031620"
"SeaTac","SeaTac","47.4444","-122.2986","United States","US","USA","Washington","","31143","1840021116"
"Tongeren","Tongeren","50.7807","5.4623","Belgium","BE","BEL","Flanders","minor","31142","1056711491"
"Gata","Gata","7.8500","124.3500","Philippines","PH","PHL","Lanao del Sur","","31141","1608491707"
"Ambatomiady","Ambatomiady","-19.6939","47.4143","Madagascar","MG","MDG","Antananarivo","","31140","1450424927"
"Beizhuang","Beizhuang","39.9686","119.5515","China","CN","CHN","Hebei","","31139","1156479284"
"Sovetskiy","Sovetskiy","61.3614","63.5842","Russia","RU","RUS","Khanty-Mansiyskiy Avtonomnyy Okrug-Yugra","minor","31138","1643802838"
"Shrīgonda","Shrigonda","18.6160","74.6980","India","IN","IND","Mahārāshtra","","31134","1356662339"
"Fomento","Fomento","22.1053","-79.7203","Cuba","CU","CUB","Sancti Spíritus","minor","31131","1192397321"
"Friedberg","Friedberg","50.3333","8.7500","Germany","DE","DEU","Hesse","minor","31131","1276800921"
"Goiatuba","Goiatuba","-18.0128","-49.3569","Brazil","BR","BRA","Goiás","minor","31130","1076079439"
"Livingston","Livingston","40.7855","-74.3291","United States","US","USA","New Jersey","","31128","1840081749"
"Ecclesfield","Ecclesfield","53.4429","-1.4698","United Kingdom","GB","GBR","Sheffield","","31125","1826382276"
"Ngudu","Ngudu","-2.9667","33.3333","Tanzania","TZ","TZA","Mwanza","","31123","1834250706"
"Kalliyasshēri","Kalliyassheri","11.9712","75.3616","India","IN","IND","Kerala","","31122","1356141252"
"Rosa Zarate","Rosa Zarate","0.3300","-79.4800","Ecuador","EC","ECU","Esmeraldas","minor","31120","1218721040"
"Socorro","Socorro","6.5333","-73.2000","Colombia","CO","COL","Santander","minor","31115","1170793746"
"Tequila","Tequila","20.8828","-103.8367","Mexico","MX","MEX","Jalisco","minor","31115","1484763049"
"Lawndale","Lawndale","33.8884","-118.3531","United States","US","USA","California","","31113","1840020517"
"Viry-Châtillon","Viry-Chatillon","48.6713","2.3750","France","FR","FRA","Île-de-France","","31112","1250498232"
"Yingyangcun","Yingyangcun","22.0974","106.7567","China","CN","CHN","Guangxi","","31109","1156849392"
"Amargosa","Amargosa","-13.0300","-39.6050","Brazil","BR","BRA","Bahia","minor","31108","1076608607"
"Châtellerault","Chatellerault","46.8178","0.5461","France","FR","FRA","Nouvelle-Aquitaine","minor","31105","1250127354"
"Bembèrèkè","Bembereke","10.2250","2.6681","Benin","BJ","BEN","Borgou","","31101","1204771815"
"Bachhraon","Bachhraon","28.9300","78.2200","India","IN","IND","Uttar Pradesh","","31101","1356855458"
"Sakhnīn","Sakhnin","32.8667","35.3000","Israel","IL","ISR","Northern","","31100","1376646130"
"Tancítaro","Tancitaro","19.3378","-102.3625","Mexico","MX","MEX","Michoacán","","31100","1484944433"
"Danghara","Danghara","38.0983","69.3467","Tajikistan","TJ","TJK","Khatlon","minor","31100","1762192372"
"Rheinberg","Rheinberg","51.5467","6.6006","Germany","DE","DEU","North Rhine-Westphalia","","31096","1276286236"
"Sabana Grande de Boyá","Sabana Grande de Boya","18.9500","-69.8000","Dominican Republic","DO","DOM","Higuamo","","31096","1214983415"
"Coria del Río","Coria del Rio","37.2833","-6.0500","Spain","ES","ESP","Andalusia","","31095","1724372076"
"Montebelluna","Montebelluna","45.7753","12.0389","Italy","IT","ITA","Veneto","","31095","1380459138"
"Centre Wellington","Centre Wellington","43.7000","-80.3667","Canada","CA","CAN","Ontario","","31093","1124000849"
"Vibo Valentia","Vibo Valentia","38.6753","16.0959","Italy","IT","ITA","Calabria","minor","31092","1380359147"
"Sasaguri","Sasaguri","33.6239","130.5261","Japan","JP","JPN","Fukuoka","","31092","1392528017"
"Bedworth","Bedworth","52.4791","-1.4712","United Kingdom","GB","GBR","Warwickshire","","31090","1826435844"
"Huangxicun","Huangxicun","24.4672","115.7773","China","CN","CHN","Guangdong","","31087","1156069463"
"Tanguá","Tangua","-22.7300","-42.7139","Brazil","BR","BRA","Rio de Janeiro","minor","31086","1076102758"
"Culleredo","Culleredo","43.2883","-8.3894","Spain","ES","ESP","Galicia","","31085","1724416062"
"San Juan Ixcoy","San Juan Ixcoy","15.6000","-91.4500","Guatemala","GT","GTM","Huehuetenango","minor","31081","1320110393"
"Atotonilco de Tula","Atotonilco de Tula","20.0500","-99.1833","Mexico","MX","MEX","Hidalgo","","31078","1484176739"
"Nantan","Nantan","35.1000","135.4667","Japan","JP","JPN","Kyōto","","31075","1392003194"
"Weil am Rhein","Weil am Rhein","47.5947","7.6108","Germany","DE","DEU","Baden-Württemberg","","31065","1276439955"
"Alamogordo","Alamogordo","32.8837","-105.9625","United States","US","USA","New Mexico","","31063","1840019403"
"Cambita Garabitos","Cambita Garabitos","18.4500","-70.2000","Dominican Republic","DO","DOM","Valdesia","","31057","1214509517"
"Manaratsandry","Manaratsandry","-16.1880","46.5078","Madagascar","MG","MDG","Mahajanga","","31056","1450445247"
"Malaikkal","Malaikkal","8.8058","76.8301","India","IN","IND","Kerala","","31050","1356162493"
"Lagos","Lagos","37.1000","-8.6667","Portugal","PT","PRT","Faro","minor","31049","1620635530"
"Pompeu","Pompeu","-19.2239","-44.9350","Brazil","BR","BRA","Minas Gerais","minor","31047","1076507348"
"Arcos de la Frontera","Arcos de la Frontera","36.7500","-5.8000","Spain","ES","ESP","Andalusia","","31046","1724851482"
"Petroşani","Petrosani","45.4122","23.3733","Romania","RO","ROU","Hunedoara","","31044","1642231547"
"Southlake","Southlake","32.9545","-97.1503","United States","US","USA","Texas","","31044","1840022048"
"Tairan Camp","Tairan Camp","6.6500","121.8700","Philippines","PH","PHL","Basilan","","31040","1608342208"
"Tummapāla","Tummapala","17.7166","82.9965","India","IN","IND","Andhra Pradesh","","31035","1356569796"
"Mushābani","Mushabani","22.5200","86.4500","India","IN","IND","Jhārkhand","","31035","1356278754"
"Pushangcun","Pushangcun","36.3470","115.0703","China","CN","CHN","Hebei","","31033","1156440745"
"Chantal","Chantal","18.2017","-73.8896","Haiti","HT","HTI","Sud","","31030","1332205204"
"Espinho","Espinho","41.0100","-8.6400","Portugal","PT","PRT","Aveiro","minor","31027","1620002917"
"Karera","Karera","25.4581","78.1358","India","IN","IND","Madhya Pradesh","","31026","1356071073"
"West Warwick","West Warwick","41.6986","-71.5157","United States","US","USA","Rhode Island","","31025","1840106223"
"North Andover","North Andover","42.6713","-71.0865","United States","US","USA","Massachusetts","","31024","1840053536"
"Dover","Dover","51.1295","1.3089","United Kingdom","GB","GBR","Kent","","31022","1826963129"
"Chuhuiv","Chuhuiv","49.8356","36.6864","Ukraine","UA","UKR","Kharkivska Oblast","minor","31018","1804354882"
"North Royalton","North Royalton","41.3138","-81.7450","United States","US","USA","Ohio","","31013","1840003402"
"Hopkinsville","Hopkinsville","36.8381","-87.4775","United States","US","USA","Kentucky","","31011","1840014399"
"Voorhees","Voorhees","39.8450","-74.9549","United States","US","USA","New Jersey","","31011","1840081683"
"Malakanagiri","Malakanagiri","18.3500","81.9000","India","IN","IND","Odisha","","31007","1356440061"
"Konséguéla","Konseguela","12.4094","-5.8767","Mali","ML","MLI","Sikasso","","31007","1466934058"
"Rodolfo Sánchez Taboada","Rodolfo Sanchez Taboada","31.7958","-116.5911","Mexico","MX","MEX","Baja California","","31006","1484409365"
"São José do Egito","Sao Jose do Egito","-7.4733","-37.2744","Brazil","BR","BRA","Pernambuco","minor","31004","1076085111"
"Dashao","Dashao","39.5517","115.8206","China","CN","CHN","Hebei","","31000","1156917624"
"Vohitrandriana","Vohitrandriana","-20.7601","48.2652","Madagascar","MG","MDG","Fianarantsoa","","31000","1450279828"
"Andranovory","Andranovory","-23.1431","44.1520","Madagascar","MG","MDG","Toliara","","31000","1450787147"
"Wobulenzi","Wobulenzi","0.7200","32.5300","Uganda","UG","UGA","Luwero","","31000","1800113774"
"San Vicente","San Vicente","9.9636","-84.0454","Costa Rica","CR","CRI","San José","","30998","1188615727"
"Sāgwāra","Sagwara","23.6681","74.0244","India","IN","IND","Rājasthān","","30993","1356016551"
"Northport","Northport","33.2586","-87.5993","United States","US","USA","Alabama","","30991","1840014819"
"Iguape","Iguape","-24.7081","-47.5553","Brazil","BR","BRA","São Paulo","minor","30989","1076144584"
"Diffa","Diffa","13.3171","12.6089","Niger","NE","NER","Diffa","admin","30988","1562050464"
"Arraial do Cabo","Arraial do Cabo","-22.9658","-42.0278","Brazil","BR","BRA","Rio de Janeiro","minor","30986","1076235224"
"Písek","Pisek","49.3089","14.1475","Czechia","CZ","CZE","Jihočeský Kraj","","30986","1203813820"
"Santa Vitória do Palmar","Santa Vitoria do Palmar","-33.5189","-53.3678","Brazil","BR","BRA","Rio Grande do Sul","","30983","1076114405"
"Ban Chang","Ban Chang","12.7208","101.0669","Thailand","TH","THA","Rayong","minor","30983","1764733644"
"Gīmbī","Gimbi","9.1667","35.8333","Ethiopia","ET","ETH","Oromīya","","30981","1231550284"
"Ban Ang Sila","Ban Ang Sila","13.3364","100.9278","Thailand","TH","THA","Chon Buri","","30981","1764931523"
"Thal","Thal","33.3644","70.5478","Pakistan","PK","PAK","Khyber Pakhtunkhwa","","30977","1586079634"
"Lucera","Lucera","41.5000","15.3333","Italy","IT","ITA","Puglia","","30975","1380392352"
"Yaese","Yaese","26.1581","127.7186","Japan","JP","JPN","Okinawa","","30974","1392003385"
"Çan","Can","40.0275","27.0475","Turkey","TR","TUR","Çanakkale","minor","30970","1792440839"
"La Paz","La Paz","8.2800","125.8100","Philippines","PH","PHL","Agusan del Sur","","30969","1608150705"
"Bègles","Begles","44.8086","-0.5478","France","FR","FRA","Nouvelle-Aquitaine","","30968","1250300357"
"Irituia","Irituia","-1.7689","-47.4389","Brazil","BR","BRA","Pará","minor","30955","1076738567"
"Goussainville","Goussainville","49.0325","2.4747","France","FR","FRA","Île-de-France","","30952","1250333047"
"Dachen","Dachen","38.2456","115.0218","China","CN","CHN","Hebei","","30951","1156664863"
"Tawaramoto","Tawaramoto","34.5567","135.7950","Japan","JP","JPN","Nara","","30950","1392169878"
"Mocímboa da Praia","Mocimboa da Praia","-11.3500","40.3333","Mozambique","MZ","MOZ","Cabo Delgado","","30950","1508896362"
"Tarakeswar","Tarakeswar","22.8900","88.0200","India","IN","IND","West Bengal","","30947","1356820799"
"Minas de Matahambre","Minas de Matahambre","22.5822","-83.9492","Cuba","CU","CUB","Pinar del Río","minor","30946","1192768054"
"Wanghong Yidui","Wanghong Yidui","38.2125","106.2250","China","CN","CHN","Ningxia","","30943","1156534005"
"Bādāmi","Badami","15.9200","75.6803","India","IN","IND","Karnātaka","","30943","1356583787"
"Husainābād","Husainabad","24.5285","84.0000","India","IN","IND","Jhārkhand","","30942","1356138744"
"Save","Save","-2.5461","29.7721","Rwanda","RW","RWA","Southern Province","","30941","1646484647"
"Werl","Werl","51.5500","7.9200","Germany","DE","DEU","North Rhine-Westphalia","","30938","1276291604"
"Chagne","Chagne","10.9500","36.5000","Ethiopia","ET","ETH","Āmara","","30938","1231473183"
"Bella Vista","Bella Vista","36.4667","-94.2707","United States","US","USA","Arkansas","","30935","1840015287"
"Dedza","Dedza","-14.3667","34.3333","Malawi","MW","MWI","Dedza","admin","30928","1454412462"
"Laguna Hills","Laguna Hills","33.5918","-117.6991","United States","US","USA","California","","30921","1840020588"
"Săcele","Sacele","45.6200","25.7097","Romania","RO","ROU","Braşov","","30920","1642349987"
"Mława","Mlawa","53.1167","20.3667","Poland","PL","POL","Mazowieckie","minor","30919","1616236136"
"Jérémie","Jeremie","18.6339","-74.1184","Haiti","HT","HTI","Grand’Anse","admin","30917","1332612037"
"Arsin","Arsin","40.9500","39.9333","Turkey","TR","TUR","Trabzon","minor","30911","1792115072"
"Salgótarján","Salgotarjan","48.0853","19.7867","Hungary","HU","HUN","Nógrád","admin","30910","1348290189"
"Itatiaia","Itatiaia","-22.4914","-44.5592","Brazil","BR","BRA","Rio de Janeiro","minor","30908","1076077667"
"Cícero Dantas","Cicero Dantas","-10.6000","-38.3828","Brazil","BR","BRA","Bahia","minor","30907","1076276017"
"Canavieiras","Canavieiras","-15.6750","-38.9472","Brazil","BR","BRA","Bahia","minor","30906","1076258532"
"Pichanal","Pichanal","-23.3167","-64.2167","Argentina","AR","ARG","Salta","","30903","1032967573"
"Escuintla","Escuintla","15.3333","-92.6333","Mexico","MX","MEX","Chiapas","minor","30896","1484508510"
"Lohmar","Lohmar","50.8167","7.2167","Germany","DE","DEU","North Rhine-Westphalia","","30894","1276535520"
"Springfield","Springfield","38.7810","-77.1839","United States","US","USA","Virginia","","30894","1840006039"
"Flores da Cunha","Flores da Cunha","-29.0289","-51.1819","Brazil","BR","BRA","Rio Grande do Sul","minor","30892","1076774323"
"Okagaki","Okagaki","33.8536","130.6111","Japan","JP","JPN","Fukuoka","","30891","1392003395"
"Walsrode","Walsrode","52.8667","9.5833","Germany","DE","DEU","Lower Saxony","","30890","1276472764"
"Kaminokawa","Kaminokawa","36.4393","139.9099","Japan","JP","JPN","Tochigi","","30886","1392906156"
"Bairi Chak","Bairi Chak","24.6951","84.9913","India","IN","IND","Bihār","","30883","1356285015"
"Neuburg","Neuburg","48.7333","11.1833","Germany","DE","DEU","Bavaria","minor","30881","1276560116"
"Pontefract","Pontefract","53.6910","-1.3120","United Kingdom","GB","GBR","Wakefield","","30881","1826127611"
"Champotón","Champoton","19.3500","-90.7167","Mexico","MX","MEX","Campeche","minor","30881","1484959684"
"São Luís do Quitunde","Sao Luis do Quitunde","-9.3178","-35.5608","Brazil","BR","BRA","Alagoas","minor","30873","1076776614"
"Leh","Leh","34.1642","77.5847","India","IN","IND","Ladākh","","30870","1356074174"
"Pattanakkād","Pattanakkad","9.7286","76.3189","India","IN","IND","Kerala","","30867","1356162071"
"Sabirabad","Sabirabad","40.0053","48.4719","Azerbaijan","AZ","AZE","Sabirabad","admin","30866","1031302623"
"San Antonio Ilotenango","San Antonio Ilotenango","15.0544","-91.2294","Guatemala","GT","GTM","Quiché","minor","30864","1320641141"
"Sholinghur","Sholinghur","13.1116","79.4310","India","IN","IND","Tamil Nādu","","30856","1356077846"
"Dharampur","Dharampur","28.6000","76.9900","India","IN","IND","Haryāna","","30856","1356935322"
"Juanacatlán","Juanacatlan","20.5000","-103.1667","Mexico","MX","MEX","Jalisco","minor","30855","1484068541"
"Carpentras","Carpentras","44.0558","5.0489","France","FR","FRA","Provence-Alpes-Côte d’Azur","minor","30854","1250619476"
"Bicester","Bicester","51.9000","-1.1500","United Kingdom","GB","GBR","Oxfordshire","","30854","1826236942"
"Mānāvadar","Manavadar","21.5000","70.1300","India","IN","IND","Gujarāt","","30850","1356643955"
"Palaiya Āyakkudi","Palaiya Ayakkudi","10.4560","77.5595","India","IN","IND","Tamil Nādu","","30848","1356125524"
"Careiro da Várzea","Careiro da Varzea","-3.1970","-59.8267","Brazil","BR","BRA","Amazonas","minor","30846","1076363917"
"Vinkovci","Vinkovci","45.2833","18.8000","Croatia","HR","HRV","Vukovarsko-Srijemska Županija","minor","30842","1191241036"
"Kalgoorlie","Kalgoorlie","-30.7489","121.4658","Australia","AU","AUS","Western Australia","","30841","1036087904"
"Capulhuac","Capulhuac","19.2000","-99.4667","Mexico","MX","MEX","México","minor","30838","1484829703"
"Kostopil","Kostopil","50.8833","26.4500","Ukraine","UA","UKR","Rivnenska Oblast","","30838","1804484929"
"Ballwin","Ballwin","38.5950","-90.5500","United States","US","USA","Missouri","","30835","1840007447"
"Sarayköy","Saraykoy","37.9264","28.9267","Turkey","TR","TUR","Denizli","minor","30834","1792181527"
"Sanford","Sanford","35.4875","-79.1770","United States","US","USA","North Carolina","","30833","1840015421"
"Nartkala","Nartkala","43.5500","43.8500","Russia","RU","RUS","Kabardino-Balkariya","minor","30832","1643632227"
"Ulundi","Ulundi","-28.3167","31.4167","South Africa","ZA","ZAF","KwaZulu-Natal","","30828","1710823263"
"Haywards Heath","Haywards Heath","51.0048","-0.0979","United Kingdom","GB","GBR","West Sussex","","30826","1826565038"
"Al Ḩusaynīyah","Al Husayniyah","30.8617","31.9181","Egypt","EG","EGY","Ash Sharqīyah","","30825","1818070991"
"Chinnālapatti","Chinnalapatti","10.2875","77.9120","India","IN","IND","Tamil Nādu","","30823","1356243886"
"Ridley","Ridley","39.8854","-75.3280","United States","US","USA","Pennsylvania","","30822","1840142587"
"Taunusstein","Taunusstein","50.1333","8.1500","Germany","DE","DEU","Hesse","","30820","1276571090"
"Tiruvambadi","Tiruvambadi","11.3608","76.0089","India","IN","IND","Kerala","","30820","1356237278"
"Pattittara","Pattittara","10.8119","76.0915","India","IN","IND","Kerala","","30819","1356107629"
"Arlon","Arlon","49.6836","5.8167","Belgium","BE","BEL","Wallonia","minor","30818","1056746428"
"Kórinthos","Korinthos","37.9386","22.9272","Greece","GR","GRC","Pelopónnisos","minor","30816","1300348183"
"Lohāgāra","Lohagara","22.0112","92.1009","Bangladesh","BD","BGD","Chattogram","","30815","1050428352"
"Salou","Salou","41.0770","1.1440","Spain","ES","ESP","Catalonia","","30810","1724922401"
"Vitória do Mearim","Vitoria do Mearim","-3.4619","-44.8708","Brazil","BR","BRA","Maranhão","minor","30805","1076499667"
"Dharmadam","Dharmadam","11.7935","75.4709","India","IN","IND","Kerala","","30804","1356426111"
"Ungheni","Ungheni","47.2167","27.8167","Moldova","MD","MDA","Ungheni","admin","30804","1498687533"
"La Verne","La Verne","34.1207","-117.7703","United States","US","USA","California","","30804","1840020514"
"Nālchiti","Nalchiti","22.6370","90.2719","Bangladesh","BD","BGD","Barishal","","30803","1050419528"
"Lavras da Mangabeira","Lavras da Mangabeira","-6.7528","-38.9719","Brazil","BR","BRA","Ceará","minor","30802","1076000532"
"Ganassi","Ganassi","7.8269","124.1034","Philippines","PH","PHL","Lanao del Sur","","30802","1608113357"
"Trëkhgornyy","Trekhgornyy","54.8000","58.4500","Russia","RU","RUS","Chelyabinskaya Oblast’","minor","30800","1643017912"
"Qo‘rg‘ontepa","Qo`rg`ontepa","40.7336","72.7583","Uzbekistan","UZ","UZB","Andijon","minor","30800","1860268246"
"Jonuta","Jonuta","18.0833","-92.1333","Mexico","MX","MEX","Tabasco","minor","30798","1484712409"
"Careiro","Careiro","-3.7678","-60.3689","Brazil","BR","BRA","Amazonas","minor","30792","1076439783"
"Nardò","Nardo","40.1797","18.0333","Italy","IT","ITA","Puglia","","30790","1380000001"
"Escuinapa","Escuinapa","22.8350","-105.7780","Mexico","MX","MEX","Sinaloa","minor","30790","1484295544"
"Wallkill","Wallkill","41.4854","-74.3939","United States","US","USA","New York","","30790","1840024229"
"Río Blanco","Rio Blanco","12.9333","-85.2167","Nicaragua","NI","NIC","Matagalpa","minor","30785","1558593583"
"Barão de Cocais","Barao de Cocais","-19.9458","-43.4869","Brazil","BR","BRA","Minas Gerais","minor","30778","1076326274"
"Busia","Busia","0.4608","34.1108","Kenya","KE","KEN","Busia","admin","30777","1404250734"
"North Chicago","North Chicago","42.3172","-87.8595","United States","US","USA","Illinois","","30772","1840008086"
"Bad Hersfeld","Bad Hersfeld","50.8683","9.7075","Germany","DE","DEU","Hesse","minor","30770","1276923242"
"Mahemdāvād","Mahemdavad","22.8300","72.7700","India","IN","IND","Gujarāt","","30769","1356006601"
"Paşcani","Pascani","47.2494","26.7272","Romania","RO","ROU","Iaşi","","30766","1642197726"
"Andingcun","Andingcun","39.6172","116.4944","China","CN","CHN","Beijing","","30764","1156246794"
"Tsuruno","Tsuruno","40.8087","140.3801","Japan","JP","JPN","Aomori","","30760","1392798246"
"Westfield","Westfield","40.6516","-74.3432","United States","US","USA","New Jersey","","30760","1840001096"
"San Narciso","San Narciso","15.0200","120.0800","Philippines","PH","PHL","Zambales","","30759","1608230911"
"Guaranda","Guaranda","-1.6000","-79.0000","Ecuador","EC","ECU","Bolívar","admin","30755","1218581593"
"Gadarpur","Gadarpur","29.0437","79.2465","India","IN","IND","Uttarākhand","","30753","1356122882"
"Ban Sai Ma Tai","Ban Sai Ma Tai","13.8642","100.4741","Thailand","TH","THA","Nonthaburi","","30750","1764698508"
"Ulliyeri","Ulliyeri","11.4333","75.7833","India","IN","IND","Kerala","","30742","1356208017"
"Ferizli","Ferizli","40.9333","30.4833","Turkey","TR","TUR","Sakarya","minor","30741","1792234493"
"Tekkali","Tekkali","18.6057","84.2355","India","IN","IND","Andhra Pradesh","","30740","1356120719"
"Chak Five Hundred Seventy-five","Chak Five Hundred Seventy-five","31.5500","73.8333","Pakistan","PK","PAK","Punjab","","30738","1586006531"
"Oakleaf Plantation","Oakleaf Plantation","30.1689","-81.8337","United States","US","USA","Florida","","30737","1840039045"
"Los Altos","Los Altos","37.3684","-122.0965","United States","US","USA","California","","30736","1840020328"
"Udaypur Gaḍhi̇̄","Udaypur Gadhi","26.9333","86.5167","Nepal","NP","NPL","","","30731","1524108057"
"Miami Lakes","Miami Lakes","25.9125","-80.3214","United States","US","USA","Florida","","30731","1840017275"
"Einbeck","Einbeck","51.8167","9.8667","Germany","DE","DEU","Lower Saxony","","30725","1276253461"
"San Sebastián","San Sebastian","14.5667","-91.6500","Guatemala","GT","GTM","Retalhuleu","minor","30724","1320277612"
"San Isidro","San Isidro","11.4200","124.3500","Philippines","PH","PHL","Leyte","","30722","1608758636"
"Pedana","Pedana","16.2667","81.1667","India","IN","IND","Andhra Pradesh","","30721","1356417725"
"Mattathūr","Mattathur","10.3792","76.3208","India","IN","IND","Kerala","","30718","1356272252"
"Além Paraíba","Alem Paraiba","-21.8878","-42.7039","Brazil","BR","BRA","Minas Gerais","minor","30717","1076955526"
"Osterholz-Scharmbeck","Osterholz-Scharmbeck","53.2167","8.8000","Germany","DE","DEU","Lower Saxony","minor","30717","1276987274"
"Agblangandan","Agblangandan","6.3667","2.5167","Benin","BJ","BEN","Ouémé","","30716","1204834123"
"Juatuba","Juatuba","-19.9519","-44.3428","Brazil","BR","BRA","Minas Gerais","minor","30716","1076016491"
"Aglipay","Aglipay","16.4889","121.5874","Philippines","PH","PHL","Quirino","","30714","1608815754"
"Riacho de Santana","Riacho de Santana","-13.6089","-42.9389","Brazil","BR","BRA","Bahia","minor","30711","1076808220"
"Sekiyado","Sekiyado","36.0967","139.7803","Japan","JP","JPN","Ibaraki","","30710","1392798224"
"Dois Irmãos","Dois Irmaos","-29.5800","-51.0850","Brazil","BR","BRA","Rio Grande do Sul","minor","30709","1076193510"
"Tekeli","Tekeli","44.8300","78.8239","Kazakhstan","KZ","KAZ","Zhetisū","minor","30707","1398001451"
"Pandua","Pandua","23.0800","88.2800","India","IN","IND","West Bengal","","30700","1356460941"
"Nova Russas","Nova Russas","-4.7000","-40.5667","Brazil","BR","BRA","Ceará","minor","30699","1076574955"
"Bābura","Babura","25.6838","84.7825","India","IN","IND","Bihār","","30695","1356052811"
"Vichuga","Vichuga","57.2000","41.9167","Russia","RU","RUS","Ivanovskaya Oblast’","minor","30694","1643107407"
"Washington","Washington","37.1303","-113.4878","United States","US","USA","Utah","","30686","1840021561"
"Treviglio","Treviglio","45.5214","9.5928","Italy","IT","ITA","Lombardy","","30683","1380238695"
"Ciudad Melchor de Mencos","Ciudad Melchor de Mencos","17.0667","-89.1500","Guatemala","GT","GTM","Petén","minor","30682","1320635102"
"San Ramón","San Ramon","12.9167","-85.8333","Nicaragua","NI","NIC","Matagalpa","minor","30682","1558617224"
"Czeladź","Czeladz","50.3333","19.0833","Poland","PL","POL","Śląskie","","30681","1616073267"
"Bečej","Becej","45.6167","20.0333","Serbia","RS","SRB","Bečej","admin","30681","1688492797"
"Cruz del Eje","Cruz del Eje","-30.7333","-64.8000","Argentina","AR","ARG","Córdoba","minor","30680","1032976495"
"Tepetlaoxtoc","Tepetlaoxtoc","19.5731","-98.8203","Mexico","MX","MEX","México","minor","30680","1484140193"
"Banning","Banning","33.9460","-116.8992","United States","US","USA","California","","30680","1840019297"
"Bannūr","Bannur","12.3329","76.8620","India","IN","IND","Karnātaka","","30675","1356936306"
"Partinico","Partinico","38.0500","13.1167","Italy","IT","ITA","Sicilia","","30674","1380288818"
"Campo Alegre de Lourdes","Campo Alegre de Lourdes","-9.5158","-43.0108","Brazil","BR","BRA","Bahia","minor","30671","1076811887"
"Moche","Moche","-8.1706","-79.0094","Peru","PE","PER","La Libertad","","30671","1604819600"
"Friedberg","Friedberg","48.3500","10.9833","Germany","DE","DEU","Bavaria","","30670","1276408320"
"Balatan","Balatan","13.3167","123.2333","Philippines","PH","PHL","Camarines Sur","","30669","1608458938"
"Presidente Figueiredo","Presidente Figueiredo","-2.0172","-60.0250","Brazil","BR","BRA","Amazonas","minor","30668","1076857891"
"Gobernador Virasora","Gobernador Virasora","-28.0500","-56.0333","Argentina","AR","ARG","Corrientes","minor","30666","1032278994"
"Catolé do Rocha","Catole do Rocha","-6.3439","-37.7469","Brazil","BR","BRA","Paraíba","minor","30661","1076149254"
"Laḩij","Lahij","13.0500","44.8833","Yemen","YE","YEM","Laḩij","admin","30661","1887871834"
"Chūō","Chuo","35.5996","138.6339","Japan","JP","JPN","Yamanashi","","30660","1392999994"
"West Falls Church","West Falls Church","38.8648","-77.1878","United States","US","USA","Virginia","","30660","1840006117"
"Novovoronezh","Novovoronezh","51.3167","39.2167","Russia","RU","RUS","Voronezhskaya Oblast’","","30658","1643532936"
"Gamu","Gamu","17.0500","121.8300","Philippines","PH","PHL","Isabela","","30655","1608641716"
"Chengam","Chengam","12.3112","78.7925","India","IN","IND","Tamil Nādu","","30654","1356084791"
"Tabuleiro do Norte","Tabuleiro do Norte","-5.2481","-38.1300","Brazil","BR","BRA","Ceará","minor","30652","1076771180"
"San Giuliano Terme","San Giuliano Terme","43.7625","10.4414","Italy","IT","ITA","Tuscany","","30652","1380980385"
"Nazaré da Mata","Nazare da Mata","-7.7419","-35.2278","Brazil","BR","BRA","Pernambuco","minor","30648","1076588542"
"Salem","Salem","42.7902","-71.2202","United States","US","USA","New Hampshire","","30646","1840055510"
"Ardeşen","Ardesen","41.1900","40.9831","Turkey","TR","TUR","Rize","minor","30645","1792160424"
"Juquitiba","Juquitiba","-23.9319","-47.0686","Brazil","BR","BRA","São Paulo","minor","30642","1076231410"
"Luís Correia","Luis Correia","-2.8789","-41.6669","Brazil","BR","BRA","Piauí","minor","30641","1076761860"
"Yunoshima","Yunoshima","35.8059","137.2441","Japan","JP","JPN","Gifu","","30641","1392006188"
"Savigny-le-Temple","Savigny-le-Temple","48.5841","2.5832","France","FR","FRA","Île-de-France","","30630","1250790534"
"Santana do Acaraú","Santana do Acarau","-3.4608","-40.2119","Brazil","BR","BRA","Ceará","minor","30628","1076356639"
"Lawrenceville","Lawrenceville","33.9523","-83.9932","United States","US","USA","Georgia","","30626","1840014745"
"Eldersburg","Eldersburg","39.4041","-76.9528","United States","US","USA","Maryland","","30626","1840005698"
"Victoria","Victoria","-32.6167","-60.1667","Argentina","AR","ARG","Entre Ríos","minor","30623","1032557014"
"Police","Police","53.5333","14.5667","Poland","PL","POL","Zachodniopomorskie","minor","30623","1616953743"
"Mataas Na Kahoy","Mataas Na Kahoy","13.9592","121.1126","Philippines","PH","PHL","Batangas","","30621","1608270985"
"Jarinu","Jarinu","-23.1014","-46.7283","Brazil","BR","BRA","São Paulo","minor","30617","1076915802"
"Valdepeñas","Valdepenas","38.7617","-3.3850","Spain","ES","ESP","Castille-La Mancha","","30617","1724776859"
"Carapó","Carapo","-22.6339","-54.8219","Brazil","BR","BRA","Mato Grosso do Sul","minor","30612","1076883647"
"Kaelé","Kaele","10.1000","14.4500","Cameroon","CM","CMR","Extrême-Nord","","30609","1120553788"
"São José da Tapera","Sao Jose da Tapera","-9.5578","-37.3808","Brazil","BR","BRA","Alagoas","minor","30604","1076222428"
"Keles","Keles","41.4033","69.2067","Uzbekistan","UZ","UZB","Toshkent","","30600","1860903282"
"Capim","Capim","-1.6750","-47.7750","Brazil","BR","BRA","Pará","minor","30599","1076189438"
"Taozhuangcun","Taozhuangcun","30.9694","120.8095","China","CN","CHN","Zhejiang","","30595","1156378488"
"Diéma","Diema","14.5333","-9.2000","Mali","ML","MLI","Kayes","minor","30592","1466128146"
"Banamba","Banamba","13.5500","-7.4500","Mali","ML","MLI","Koulikoro","minor","30591","1466760822"
"Grottaglie","Grottaglie","40.5333","17.4333","Italy","IT","ITA","Puglia","","30587","1380386888"
"Crevillente","Crevillente","38.2486","-0.8089","Spain","ES","ESP","Valencia","","30585","1724275111"
"Correntina","Correntina","-13.3428","-44.6369","Brazil","BR","BRA","Bahia","minor","30583","1076400445"
"Talakkād","Talakkad","10.8833","75.9333","India","IN","IND","Kerala","","30577","1356334471"
"Devarshola","Devarshola","11.5437","76.4404","India","IN","IND","Tamil Nādu","","30576","1356933679"
"Birtouta","Birtouta","36.6500","3.0000","Algeria","DZ","DZA","Tipaza","","30575","1012396756"
"Aïn Kercha","Ain Kercha","35.9167","6.7000","Algeria","DZ","DZA","Oum el Bouaghi","","30575","1012437320"
"Buey Arriba","Buey Arriba","20.1736","-76.7494","Cuba","CU","CUB","Granma","minor","30573","1192773291"
"Hafnarfjörður","Hafnarfjordhur","64.0200","-21.9700","Iceland","IS","ISL","Hafnarfjörður","","30568","1352845977"
"Domingos Martins","Domingos Martins","-20.3628","-40.6589","Brazil","BR","BRA","Espírito Santo","minor","30559","1076223781"
"Sarno","Sarno","40.8167","14.6167","Italy","IT","ITA","Campania","","30559","1380289095"
"Franklin Square","Franklin Square","40.7002","-73.6775","United States","US","USA","New York","","30559","1840005256"
"Haan","Haan","51.1667","7.0000","Germany","DE","DEU","North Rhine-Westphalia","","30558","1276168837"
"Spalding","Spalding","52.7858","-0.1529","United Kingdom","GB","GBR","Lincolnshire","","30556","1826335951"
"Illescas","Illescas","40.1167","-3.8333","Spain","ES","ESP","Castille-La Mancha","","30553","1724426043"
"Ózd","Ozd","48.2192","20.2869","Hungary","HU","HUN","Borsod-Abaúj-Zemplén","minor","30550","1348082095"
"Rendsburg","Rendsburg","54.3000","9.6667","Germany","DE","DEU","Schleswig-Holstein","minor","30545","1276159889"
"Leusden","Leusden","52.1331","5.4297","Netherlands","NL","NLD","Utrecht","minor","30544","1528565031"
"Xingang","Xingang","23.5600","120.3500","Taiwan","TW","TWN","Chiayi","","30543","1158285063"
"Sokuluk","Sokuluk","42.8540","74.3026","Kyrgyzstan","KG","KGZ","Chüy","minor","30540","1417050744"
"Osmancık","Osmancik","40.9667","34.8000","Turkey","TR","TUR","Çorum","minor","30537","1792022058"
"Olopa","Olopa","14.6833","-89.3500","Guatemala","GT","GTM","Chiquimula","minor","30534","1320980263"
"Suzak","Suzak","40.8982","72.9048","Kyrgyzstan","KG","KGZ","Jalal-Abad","minor","30534","1417055245"
"Founougo","Founougo","11.4808","2.5322","Benin","BJ","BEN","Alibori","","30527","1204005508"
"Cachan","Cachan","48.7919","2.3319","France","FR","FRA","Île-de-France","","30526","1250259069"
"Burlingame","Burlingame","37.5859","-122.3667","United States","US","USA","California","","30526","1840018925"
"Liptovský Mikuláš","Liptovsky Mikulas","49.0811","19.6181","Slovakia","SK","SVK","Žilina","minor","30522","1703155005"
"Hayrabolu","Hayrabolu","41.2131","27.1000","Turkey","TR","TUR","Tekirdağ","minor","30521","1792052486"
"Gariadhar","Gariadhar","21.5300","71.5800","India","IN","IND","Gujarāt","","30520","1356493368"
"Anilao","Anilao","10.9785","122.7531","Philippines","PH","PHL","Iloilo","","30520","1608171466"
"Ouatagouna","Ouatagouna","15.1786","0.7239","Mali","ML","MLI","Gao","","30519","1466027154"
"Bongor","Bongor","10.2806","15.3722","Chad","TD","TCD","Mayo-Kebbi-Est","admin","30518","1148833900"
"Aungban","Aungban","20.6667","96.6333","Burma","MM","MMR","Shan State","","30515","1104836373"
"Westville","Westville","-29.8310","30.9250","South Africa","ZA","ZAF","KwaZulu-Natal","","30508","1710233007"
"Fārsān","Farsan","32.2550","50.5631","Iran","IR","IRN","Chahār Maḩāl va Bakhtīārī","minor","30504","1364887348"
"Ennepetal","Ennepetal","51.2833","7.3333","Germany","DE","DEU","North Rhine-Westphalia","","30502","1276394678"
"Sankaramangalam","Sankaramangalam","8.6561","76.7870","India","IN","IND","Kerala","","30502","1356161679"
"Nāgāwaram","Nagawaram","17.4875","78.6012","India","IN","IND","Andhra Pradesh","","30502","1356076830"
"Igbanke","Igbanke","6.3869","6.1647","Nigeria","NG","NGA","Edo","","30500","1566776421"
"Thung Song","Thung Song","8.1540","99.7286","Thailand","TH","THA","Nakhon Si Thammarat","minor","30500","1764422992"
"Khorugh","Khorugh","37.4833","71.5500","Tajikistan","TJ","TJK","Kŭhistoni Badakhshon","admin","30500","1762114045"
"Giannitsá","Giannitsa","40.7833","22.4000","Greece","GR","GRC","Kentrikí Makedonía","minor","30498","1300157319"
"Stratford-upon-Avon","Stratford-upon-Avon","52.1928","-1.7064","United Kingdom","GB","GBR","Warwickshire","","30495","1826756514"
"Hellín","Hellin","38.5167","-1.6833","Spain","ES","ESP","Castille-La Mancha","","30492","1724570430"
"Masho Khel","Masho Khel","33.9103","71.5025","Pakistan","PK","PAK","Khyber Pakhtunkhwa","","30492","1586821243"
"Maināguri","Mainaguri","26.5658","88.8214","India","IN","IND","West Bengal","","30490","1356149706"
"Rotterdam","Rotterdam","42.8133","-74.0129","United States","US","USA","New York","","30489","1840058454"
"Gurnee","Gurnee","42.3708","-87.9392","United States","US","USA","Illinois","","30486","1840011152"
"Pamukova","Pamukova","40.5167","30.1667","Turkey","TR","TUR","Sakarya","minor","30482","1792050749"
"Pau dos Ferros","Pau dos Ferros","-6.1108","-38.2089","Brazil","BR","BRA","Rio Grande do Norte","minor","30479","1076579928"
"Gubbio","Gubbio","43.3518","12.5773","Italy","IT","ITA","Umbria","","30479","1380648510"
"Amīr Kolā","Amir Kola","36.5967","52.6658","Iran","IR","IRN","Māzandarān","","30478","1364208987"
"Torrijos","Torrijos","13.3200","122.0800","Philippines","PH","PHL","Marinduque","","30476","1608448413"
"Karuvakulam","Karuvakulam","9.7605","77.2205","India","IN","IND","Kerala","","30473","1356231121"
"Morrisville","Morrisville","35.8368","-78.8348","United States","US","USA","North Carolina","","30471","1840016195"
"Mukumbura","Mukumbura","-16.2000","31.6833","Zimbabwe","ZW","ZWE","Mashonaland Central","","30470","1716579075"
"Ferry Pass","Ferry Pass","30.5205","-87.1899","United States","US","USA","Florida","","30467","1840013909"
"Santa Bárbara","Santa Barbara","-19.9589","-43.4150","Brazil","BR","BRA","Minas Gerais","minor","30466","1076509484"
"Vestal","Vestal","42.0492","-76.0260","United States","US","USA","New York","","30462","1840058562"
"Rietberg","Rietberg","51.8000","8.4333","Germany","DE","DEU","North Rhine-Westphalia","","30461","1276651074"
"Yanai","Yanai","33.9639","132.1186","Japan","JP","JPN","Yamaguchi","","30461","1392003062"
"Afonso Cláudio","Afonso Claudio","-20.0739","-41.1239","Brazil","BR","BRA","Espírito Santo","minor","30455","1076232395"
"Motema","Motema","8.6884","-11.1805","Sierra Leone","SL","SLE","Eastern","","30452","1694972469"
"Princeton","Princeton","40.3562","-74.6693","United States","US","USA","New Jersey","","30451","1840001381"
"Ar Ruḩaybah","Ar Ruhaybah","33.7442","36.7039","Syria","SY","SYR","Rīf Dimashq","minor","30450","1760100307"
"Ono","Ono","35.9797","136.4875","Japan","JP","JPN","Fukui","","30449","1392999992"
"Liberty","Liberty","39.2394","-94.4191","United States","US","USA","Missouri","","30446","1840008502"
"Tchindjendje","Tchindjendje","-12.8167","14.9333","Angola","AO","AGO","Huambo","","30443","1024902504"
"Espinosa","Espinosa","-14.9081","-42.8103","Brazil","BR","BRA","Minas Gerais","minor","30443","1076000498"
"Ash Shinān","Ash Shinan","27.1748","42.4449","Saudi Arabia","SA","SAU","Ḩā’il","","30441","1682426795"
"Uran","Uran","18.8900","72.9500","India","IN","IND","Mahārāshtra","","30439","1356923031"
"Maguing","Maguing","7.9000","124.4000","Philippines","PH","PHL","Lanao del Sur","","30436","1608901118"
"Bandar-e Lengeh","Bandar-e Lengeh","26.5594","54.8850","Iran","IR","IRN","Hormozgān","minor","30435","1364154507"
"Mandera","Mandera","3.9167","41.8333","Kenya","KE","KEN","Mandera","admin","30433","1404192737"
"Magdalena de Kino","Magdalena de Kino","30.6167","-111.0500","Mexico","MX","MEX","Sonora","minor","30429","1484799240"
"Redan","Redan","33.7394","-84.1644","United States","US","USA","Georgia","","30426","1840013706"
"Pontal do Paraná","Pontal do Parana","-25.5768","-48.3581","Brazil","BR","BRA","Paraná","minor","30425","1076438304"
"Parkville","Parkville","39.3832","-76.5519","United States","US","USA","Maryland","","30423","1840005685"
"Quillabamba","Quillabamba","-12.8681","-72.6931","Peru","PE","PER","Cusco","","30422","1604109792"
"Bālā Kōh","Bala Koh","36.5753","66.8203","Afghanistan","AF","AFG","Balkh","","30419","1004171817"
"Myszków","Myszkow","50.5706","19.3144","Poland","PL","POL","Śląskie","minor","30415","1616173209"
"Kailahun","Kailahun","8.2794","-10.5733","Sierra Leone","SL","SLE","Eastern","","30411","1694287163"
"Andernach","Andernach","50.4397","7.4017","Germany","DE","DEU","Rhineland-Palatinate","","30408","1276142194"
"Karjan","Karjan","22.0530","73.1235","India","IN","IND","Gujarāt","","30405","1356384057"
"Okotoks","Okotoks","50.7250","-113.9750","Canada","CA","CAN","Alberta","","30405","1124521470"
"Schönebeck","Schonebeck","52.0167","11.7500","Germany","DE","DEU","Saxony-Anhalt","","30402","1276217785"
"Pittsford","Pittsford","43.0733","-77.5268","United States","US","USA","New York","","30402","1840004283"
"Motomiya","Motomiya","37.5132","140.3938","Japan","JP","JPN","Fukushima","","30401","1392717520"
"Banlung","Banlung","13.7394","106.9873","Cambodia","KH","KHM","Ratanakiri","admin","30399","1116605438"
"Mūvattupula","Muvattupula","9.9905","76.5789","India","IN","IND","Kerala","","30397","1356561612"
"Salyan","Salyan","39.5961","48.9847","Azerbaijan","AZ","AZE","Salyan","admin","30396","1031301869"
"Manāwar","Manawar","22.2300","75.0800","India","IN","IND","Madhya Pradesh","","30393","1356638595"
"Avola","Avola","36.9167","15.1333","Italy","IT","ITA","Sicilia","","30392","1380501928"
"Trípoli","Tripoli","37.5167","22.3833","Greece","GR","GRC","Pelopónnisos","admin","30383","1300131630"
"Samrong","Samrong","13.6516","100.5922","Thailand","TH","THA","Samut Prakan","","30382","1764003521"
"Amagá","Amaga","6.0500","-75.7000","Colombia","CO","COL","Antioquia","minor","30376","1170092259"
"Dedovsk","Dedovsk","55.8500","37.1167","Russia","RU","RUS","Moskovskaya Oblast’","","30373","1643962207"
"Ob","Ob","54.9917","82.7125","Russia","RU","RUS","Novosibirskaya Oblast’","","30369","1643161360"
"Chamblee","Chamblee","33.8842","-84.3007","United States","US","USA","Georgia","","30369","1840014775"
"Ondangwa","Ondangwa","-17.9167","15.9500","Namibia","NA","NAM","Oshana","","30364","1516484668"
"Oristano","Oristano","39.9058","8.5916","Italy","IT","ITA","Sardegna","minor","30363","1380531119"
"Kūttānallūr","Kuttanallur","10.7069","79.5235","India","IN","IND","Tamil Nādu","","30353","1356125994"
"Dhāri","Dhari","21.3261","71.0272","India","IN","IND","Gujarāt","","30352","1356032985"
"Itarema","Itarema","-2.9200","-39.9150","Brazil","BR","BRA","Ceará","minor","30347","1076296454"
"Mānsa","Mansa","23.4300","72.6700","India","IN","IND","Gujarāt","","30347","1356609725"
"Newark upon Trent","Newark upon Trent","53.0772","-0.8089","United Kingdom","GB","GBR","Nottinghamshire","","30345","1826030109"
"Nanyō","Nanyo","38.0551","140.1476","Japan","JP","JPN","Yamagata","","30343","1392003388"
"North Tonawanda","North Tonawanda","43.0457","-78.8659","United States","US","USA","New York","","30338","1840000372"
"Temascaltepec de González","Temascaltepec de Gonzalez","19.0433","-100.0414","Mexico","MX","MEX","México","minor","30336","1484114407"
"Saratoga","Saratoga","37.2684","-122.0263","United States","US","USA","California","","30335","1840021572"
"Żywiec","Zywiec","49.6892","19.2058","Poland","PL","POL","Śląskie","minor","30334","1616870150"
"Alma","Alma","48.5500","-71.6500","Canada","CA","CAN","Quebec","","30331","1124138438"
"Oulad Barhil","Oulad Barhil","30.6408","-8.4750","Morocco","MA","MAR","Souss-Massa","","30330","1504160582"
"Rehli","Rehli","23.6300","79.0800","India","IN","IND","Madhya Pradesh","","30329","1356969347"
"Kanzakimachi-kanzaki","Kanzakimachi-kanzaki","33.3119","130.3714","Japan","JP","JPN","Saga","","30329","1392684338"
"Menton","Menton","43.7750","7.5000","France","FR","FRA","Provence-Alpes-Côte d’Azur","","30326","1250391575"
"Hirakawachō","Hirakawacho","40.5841","140.5665","Japan","JP","JPN","Aomori","","30326","1392839223"
"Fengrenxu","Fengrenxu","24.1364","115.2836","China","CN","CHN","Guangdong","","30324","1156616040"
"Huatabampo","Huatabampo","27.0500","-109.4167","Mexico","MX","MEX","Sonora","minor","30324","1484335657"
"Trindade","Trindade","-7.7619","-40.2678","Brazil","BR","BRA","Pernambuco","minor","30321","1076703158"
"Graneros","Graneros","-34.0647","-70.7264","Chile","CL","CHL","Libertador General Bernardo O’Higgins","","30320","1152651446"
"Abū Şuwayr","Abu Suwayr","30.5698","32.1146","Egypt","EG","EGY","Ash Sharqīyah","","30320","1818806418"
"Shāhpura","Shahpura","25.6300","74.9300","India","IN","IND","Rājasthān","","30320","1356989633"
"Sallimedu","Sallimedu","11.1147","77.3975","India","IN","IND","Tamil Nādu","","30319","1356165084"
"Xinpo","Xinpo","19.6929","110.4869","China","CN","CHN","Hainan","","30318","1156959579"
"Kessel-Lo","Kessel-Lo","50.9000","4.7500","Belgium","BE","BEL","Flanders","","30317","1056309789"
"Pothuhera","Pothuhera","7.4214","80.3303","Sri Lanka","LK","LKA","North Western","","30315","1144415368"
"Kurunegala","Kurunegala","7.4833","80.3667","Sri Lanka","LK","LKA","North Western","admin","30315","1144602660"
"Al ’Attawia","Al 'Attawia","31.8347","-7.3125","Morocco","MA","MAR","Marrakech-Safi","","30315","1504496327"
"Télimélé","Telimele","10.9050","-13.0430","Guinea","GN","GIN","Kindia","minor","30311","1324315862"
"Geliping","Geliping","26.5986","101.5483","China","CN","CHN","Sichuan","","30310","1156174937"
"Brownsburg","Brownsburg","39.8337","-86.3830","United States","US","USA","Indiana","","30310","1840009536"
"Newark","Newark","39.6776","-75.7576","United States","US","USA","Delaware","","30309","1840005578"
"Ségala Mba","Segala Mba","14.5585","-10.9617","Mali","ML","MLI","Kayes","","30305","1466819019"
"Northolt","Northolt","51.5467","-0.3700","United Kingdom","GB","GBR","Ealing","","30304","1826456422"
"Milford","Milford","42.1565","-71.5188","United States","US","USA","Massachusetts","","30304","1840053594"
"Chimichagua","Chimichagua","9.2500","-73.8167","Colombia","CO","COL","Cesar","minor","30303","1170174620"
"San Salvador El Seco","San Salvador El Seco","19.1333","-97.6500","Mexico","MX","MEX","Puebla","","30303","1484262709"
"Dolores","Dolores","16.5142","-89.4158","Guatemala","GT","GTM","Petén","minor","30302","1320503120"
"To‘raqo‘rg‘on","To`raqo`rg`on","41.0000","71.5158","Uzbekistan","UZ","UZB","Namangan","","30300","1860185154"
