"Garhākota","Garhakota","23.7791","79.1432","India","IN","IND","Madhya Pradesh","","36119","1356671679"
"Guáimaro","Guaimaro","21.0589","-77.3478","Cuba","CU","CUB","Camagüey","minor","36114","1192870584"
"Dicle","Dicle","38.3750","40.0733","Turkey","TR","TUR","Diyarbakır","minor","36114","1792095932"
"Novovyatsk","Novovyatsk","58.5083","49.6994","Russia","RU","RUS","Kirovskaya Oblast’","","36108","1643083615"
"Lunsar","Lunsar","8.6844","-12.5350","Sierra Leone","SL","SLE","Northern","","36108","1694711563"
"Girau do Ponciano","Girau do Ponciano","-9.8839","-36.8289","Brazil","BR","BRA","Alagoas","minor","36102","1076704674"
"Châtelet","Chatelet","50.4039","4.5253","Belgium","BE","BEL","Wallonia","","36101","1056557187"
"Al Jabāyish","Al Jabayish","30.9549","46.9751","Iraq","IQ","IRQ","Dhī Qār","minor","36100","1368506768"
"Frankston","Frankston","-38.1333","145.1167","Australia","AU","AUS","Victoria","","36097","1036126828"
"Pervomaisk","Pervomaisk","48.6297","38.5619","Ukraine","UA","UKR","Luhanska Oblast","","36091","1804078779"
"Gutalac","Gutalac","7.9800","122.4000","Philippines","PH","PHL","Zamboanga del Norte","","36090","1608515089"
"Castricum","Castricum","52.5500","4.6667","Netherlands","NL","NLD","Noord-Holland","minor","36086","1528242440"
"Kamenicë","Kamenice","42.5781","21.5803","Kosovo","XK","XKS","Kamenicë","admin","36085","1901851592"
"Sunbury","Sunbury","-37.5811","144.7139","Australia","AU","AUS","Victoria","","36084","1036519781"
"Berriozábal","Berriozabal","16.8003","-93.2733","Mexico","MX","MEX","Chiapas","minor","36084","1484051098"
"El Plan","El Plan","37.6405","-1.0085","Spain","ES","ESP","Murcia","","36080","1724468727"
"East Kelowna","East Kelowna","49.8625","-119.5833","Canada","CA","CAN","British Columbia","","36078","1124070905"
"La Porte","La Porte","29.6689","-95.0484","United States","US","USA","Texas","","36077","1840020932"
"Kanada","Kanada","33.7758","130.9806","Japan","JP","JPN","Fukuoka","","36075","1392483747"
"Haguenau","Haguenau","48.8200","7.7900","France","FR","FRA","Grand Est","minor","36070","1250576545"
"Dunedin","Dunedin","-45.8742","170.5036","New Zealand","NZ","NZL","Otago","admin","36070","1554475997"
"Mtsensk","Mtsensk","53.2833","36.5667","Russia","RU","RUS","Orlovskaya Oblast’","minor","36070","1643200546"
"Palaiseau","Palaiseau","48.7145","2.2457","France","FR","FRA","Île-de-France","minor","36067","1250731865"
"Piuí","Piui","-20.4650","-45.9578","Brazil","BR","BRA","Minas Gerais","minor","36062","1076338261"
"Mouila","Mouila","-1.8667","11.0550","Gabon","GA","GAB","Ngounié","admin","36061","1266074474"
"Pioltello","Pioltello","45.5000","9.3333","Italy","IT","ITA","Lombardy","","36061","1380525862"
"Dunedin","Dunedin","28.0329","-82.7862","United States","US","USA","Florida","","36060","1840014144"
"Ōzu","Ozu","32.8789","130.8683","Japan","JP","JPN","Kumamoto","","36053","1392068009"
"Sibuco","Sibuco","7.2928","122.0669","Philippines","PH","PHL","Zamboanga del Norte","","36049","1608708028"
"Hillerød","Hillerod","55.9333","12.3167","Denmark","DK","DNK","Hovedstaden","admin","36043","1208278269"
"North Ridgeville","North Ridgeville","41.3852","-82.0195","United States","US","USA","Ohio","","36043","1840000645"
"Tamamura","Tamamura","36.3044","139.1149","Japan","JP","JPN","Gunma","","36041","1392003541"
"Asilah","Asilah","35.4667","-6.0333","Morocco","MA","MAR","Tanger-Tétouan-Al Hoceïma","","36039","1504676037"
"Matanog","Matanog","7.4700","124.2500","Philippines","PH","PHL","Maguindanao","","36034","1608202820"
"Claveria","Claveria","9.5742","125.7328","Philippines","PH","PHL","Surigao del Norte","","36033","1608512763"
"Masasi","Masasi","-10.7296","38.7999","Tanzania","TZ","TZA","Mtwara","","36032","1834414126"
"Vempalle","Vempalle","14.3667","78.4667","India","IN","IND","Andhra Pradesh","","36031","1356134721"
"Wai","Wai","17.9500","73.8900","India","IN","IND","Mahārāshtra","","36030","1356883366"
"Virú","Viru","-8.4143","-78.7524","Peru","PE","PER","La Libertad","","36029","1604901046"
"Bombardopolis","Bombardopolis","19.7000","-73.3333","Haiti","HT","HTI","Nord-Ouest","","36028","1332445868"
"Mālpura","Malpura","26.2800","75.3800","India","IN","IND","Rājasthān","","36028","1356775815"
"Bramhapuri","Bramhapuri","20.6068","79.8644","India","IN","IND","Mahārāshtra","","36025","1356527325"
"Bad Vilbel","Bad Vilbel","50.1781","8.7361","Germany","DE","DEU","Hesse","","36021","1276387851"
"Miranda de Ebro","Miranda de Ebro","42.6833","-2.9333","Spain","ES","ESP","Castille-Leon","","36018","1724933402"
"Douar Oulad Hssine","Douar Oulad Hssine","33.0680","-8.5107","Morocco","MA","MAR","Casablanca-Settat","","36018","1504473203"
"Pihānī","Pihani","27.6199","80.2034","India","IN","IND","Uttar Pradesh","","36014","1356285844"
"Beslan","Beslan","43.1833","44.5500","Russia","RU","RUS","North Ossetia","minor","36011","1643201517"
"Guayaramerín","Guayaramerin","-10.8000","-65.3833","Bolivia","BO","BOL","El Beni","","36008","1068744206"
"Bel-Air","Bel-Air","14.5639","121.0263","Philippines","PH","PHL","Makati","","36007","1608102267"
"Shirdi","Shirdi","19.7700","74.4800","India","IN","IND","Mahārāshtra","","36004","1356109433"
"Żary","Zary","51.6333","15.1333","Poland","PL","POL","Lubuskie","minor","36004","1616092414"
"San Carlos Sija","San Carlos Sija","14.9833","-91.5500","Guatemala","GT","GTM","Quetzaltenango","minor","36001","1320621922"
"Farafenni","Farafenni","13.5667","-15.6000","Gambia, The","GM","GMB","North Bank","","36000","1270512503"
"Nīm ka Thāna","Nim ka Thana","27.7350","75.7797","India","IN","IND","Rājasthān","","36000","1356235224"
"Taloda","Taloda","21.5607","74.2200","India","IN","IND","Mahārāshtra","","36000","1356014572"
"Vohipeno","Vohipeno","-17.1648","49.2943","Madagascar","MG","MDG","Toamasina","","36000","1450859907"
"Ampasina-Maningory","Ampasina-Maningory","-17.2166","49.4064","Madagascar","MG","MDG","Toamasina","","36000","1450030003"
"Mugumu","Mugumu","-1.8333","34.6667","Tanzania","TZ","TZA","Mara","","36000","1834097845"
"Bugiri","Bugiri","0.5694","33.7486","Uganda","UG","UGA","Bugiri","admin","36000","1800917331"
"Olney","Olney","39.1465","-77.0715","United States","US","USA","Maryland","","36000","1840005836"
"San Luis","San Luis","32.4911","-114.7089","United States","US","USA","Arizona","","35998","1840021996"
"Rāmsar","Ramsar","36.9225","50.6431","Iran","IR","IRN","Māzandarān","minor","35997","1364587162"
"La Libertad","La Libertad","13.4833","-89.3167","El Salvador","SV","SLV","La Libertad","","35997","1222663809"
"Naduvattam","Naduvattam","11.0583","75.8569","India","IN","IND","Kerala","","35996","1356136151"
"Chekkal","Chekkal","8.3653","77.1075","India","IN","IND","Tamil Nādu","","35992","1356208488"
"Krong Kep","Krong Kep","10.4833","104.3167","Cambodia","KH","KHM","Kep","admin","35990","1116392544"
"Richmond West","Richmond West","25.6105","-80.4297","United States","US","USA","Florida","","35988","1840073270"
"Tlokweng","Tlokweng","-24.6686","25.9711","Botswana","BW","BWA","South East","","35982","1072229706"
"Randallstown","Randallstown","39.3723","-76.8024","United States","US","USA","Maryland","","35975","1840005688"
"Apia","Apia","-13.8333","-171.7500","Samoa","WS","WSM","Tuamasaga","primary","35974","1882489296"
"Alapayevsk","Alapayevsk","57.8500","61.7000","Russia","RU","RUS","Sverdlovskaya Oblast’","minor","35972","1643648315"
"Yorktown","Yorktown","41.2727","-73.8092","United States","US","USA","New York","","35969","1840088070"
"Boyarka","Boyarka","70.7670","97.5000","Russia","RU","RUS","Krasnoyarskiy Kray","","35968","1643010185"
"Minas","Minas","21.4894","-77.6050","Cuba","CU","CUB","Camagüey","minor","35966","1192839153"
"Pandan","Pandan","11.7206","122.0961","Philippines","PH","PHL","Antique","","35965","1608538108"
"Moorpark","Moorpark","34.2861","-118.8768","United States","US","USA","California","","35957","1840020472"
"Benton","Benton","34.5776","-92.5713","United States","US","USA","Arkansas","","35954","1840013572"
"Seika","Seika","34.7608","135.7858","Japan","JP","JPN","Kyōto","","35951","1392999997"
"Siliana","Siliana","36.0819","9.3747","Tunisia","TN","TUN","Siliana","admin","35951","1788057426"
"Uto","Uto","32.6881","130.6597","Japan","JP","JPN","Kumamoto","","35947","1392003208"
"Kaneohe","Kaneohe","21.4062","-157.7904","United States","US","USA","Hawaii","","35945","1840029498"
"Tarikere","Tarikere","13.7104","75.8122","India","IN","IND","Karnātaka","","35942","1356964443"
"Oued Athmenia","Oued Athmenia","36.2497","6.2861","Algeria","DZ","DZA","Mila","","35934","1012654093"
"Anloga","Anloga","5.7947","0.8973","Ghana","GH","GHA","Volta","","35933","1288427445"
"Hellendoorn","Hellendoorn","52.3885","6.4497","Netherlands","NL","NLD","Overijssel","","35932","1528944468"
"Rumonge","Rumonge","-3.9736","29.4386","Burundi","BI","BDI","Rumonge","admin","35931","1108641885"
"Az̧ Z̧āhirīyah","Az Zahiriyah","31.4097","34.9733","West Bank","XW","XWB","","","35924","1934407195"
"Lauderdale Lakes","Lauderdale Lakes","26.1682","-80.2017","United States","US","USA","Florida","","35924","1840015145"
"San Lorenzo de Guayubín","San Lorenzo de Guayubin","19.6200","-71.3300","Dominican Republic","DO","DOM","Cibao Noroeste","","35923","1214005862"
"Ambohibary","Ambohibary","-18.9075","48.2295","Madagascar","MG","MDG","Toamasina","","35923","1450987733"
"Windsor","Windsor","40.4690","-104.9198","United States","US","USA","Colorado","","35918","1840022401"
"Yangshuwa","Yangshuwa","34.7647","111.7603","China","CN","CHN","Henan","","35914","1156477959"
"Mokokchūng","Mokokchung","26.3200","94.5000","India","IN","IND","Nāgāland","","35913","1356880084"
"Majhaul","Majhaul","25.5570","86.1280","India","IN","IND","Bihār","","35905","1356299488"
"Roseville","Roseville","45.0155","-93.1545","United States","US","USA","Minnesota","","35905","1840008939"
"Malmesbury","Malmesbury","-33.4500","18.7333","South Africa","ZA","ZAF","Western Cape","","35897","1710868778"
"Hyde","Hyde","53.4474","-2.0820","United Kingdom","GB","GBR","Tameside","","35895","1826480324"
"Daiyue","Daiyue","39.5284","112.8056","China","CN","CHN","Shanxi","minor","35894","1156440493"
"San Antonio","San Antonio","13.9000","121.3000","Philippines","PH","PHL","Quezon","minor","35891","1608858854"
"Dinangorou","Dinangorou","14.4519","-2.2419","Mali","ML","MLI","Mopti","","35886","1466619930"
"Partūr","Partur","19.5911","76.2161","India","IN","IND","Mahārāshtra","","35883","1356565221"
"Chieri","Chieri","45.0139","7.8224","Italy","IT","ITA","Piedmont","","35883","1380145496"
"Görükle","Gorukle","40.2333","28.8333","Turkey","TR","TUR","Bursa","minor","35882","1792976863"
"Santa Cruz Verapaz","Santa Cruz Verapaz","15.3667","-90.4333","Guatemala","GT","GTM","Alta Verapaz","minor","35878","1320163756"
"Hendon","Hendon","51.5837","-0.2252","United Kingdom","GB","GBR","Barnet","","35874","1826052476"
"Caivano","Caivano","40.9500","14.3000","Italy","IT","ITA","Campania","","35874","1380551654"
"Dumbéa","Dumbea","-22.1576","166.4572","New Caledonia","NC","NCL","Province Sud","","35873","1540079351"
"San Javier","San Javier","37.8037","-0.8343","Spain","ES","ESP","Murcia","","35872","1724177387"
"Jalārpet","Jalarpet","12.5703","78.5732","India","IN","IND","Tamil Nādu","","35860","1356919193"
"Maragogipe","Maragogipe","-12.7778","-38.9189","Brazil","BR","BRA","Bahia","minor","35859","1076474180"
"Tirkadavūr","Tirkadavur","8.9206","76.5948","India","IN","IND","Kerala","","35859","1356163717"
"Oleśnica","Olesnica","51.2000","17.3833","Poland","PL","POL","Dolnośląskie","minor","35856","1616255385"
"Beja","Beja","38.0150","-7.8633","Portugal","PT","PRT","Beja","admin","35854","1620050458"
"Falkirk","Falkirk","56.0011","-3.7835","United Kingdom","GB","GBR","Falkirk","","35850","1826502864"
"Huzūrnagar","Huzurnagar","16.9000","79.8833","India","IN","IND","Andhra Pradesh","","35850","1356954462"
"Ampelókipoi","Ampelokipoi","40.6500","22.9167","Greece","GR","GRC","Kentrikí Makedonía","minor","35846","1300184728"
"Munro","Munro","-34.5333","-58.5167","Argentina","AR","ARG","Buenos Aires","","35844","1032318811"
"Karak","Karak","33.1167","71.1000","Pakistan","PK","PAK","Khyber Pakhtunkhwa","minor","35844","1586491871"
"Jagna","Jagna","9.6500","124.3700","Philippines","PH","PHL","Bohol","","35832","1608424671"
"Riverhead","Riverhead","40.9408","-72.7095","United States","US","USA","New York","","35826","1840058445"
"Agualva","Agualva","38.7700","-9.2988","Portugal","PT","PRT","Lisboa","","35824","1620936507"
"El Mirage","El Mirage","33.5905","-112.3271","United States","US","USA","Arizona","","35823","1840020562"
"Pantnagar","Pantnagar","28.9700","79.4100","India","IN","IND","Uttarākhand","","35820","1356915541"
"East Meadow","East Meadow","40.7197","-73.5604","United States","US","USA","New York","","35806","1840005236"
"Tammampatti","Tammampatti","11.4381","78.4836","India","IN","IND","Tamil Nādu","","35804","1356881648"
"Colinas","Colinas","-6.0258","-44.2489","Brazil","BR","BRA","Maranhão","minor","35803","1076657010"
"Parkland","Parkland","26.3219","-80.2533","United States","US","USA","Florida","","35799","1840015140"
"Igarapé-Açu","Igarape-Acu","-1.1269","-47.6178","Brazil","BR","BRA","Pará","minor","35797","1076684764"
"Kāttipparutti","Kattipparutti","10.8833","76.0500","India","IN","IND","Kerala","","35795","1356030239"
"Tambolaka","Tambolaka","-9.4333","119.2333","Indonesia","ID","IDN","Nusa Tenggara Timur","minor","35790","1360753806"
"Fermo","Fermo","43.1604","13.7181","Italy","IT","ITA","Marche","minor","35789","1380577210"
"Plainfield","Plainfield","39.6954","-86.3716","United States","US","USA","Indiana","","35783","1840010579"
"Varberg","Varberg","57.1086","12.2661","Sweden","SE","SWE","Halland","minor","35782","1752538180"
"Norristown","Norristown","40.1225","-75.3398","United States","US","USA","Pennsylvania","","35782","1840003705"
"Morley","Morley","53.7492","-1.6023","United Kingdom","GB","GBR","Leeds","","35776","1826138121"
"Inver Grove Heights","Inver Grove Heights","44.8247","-93.0596","United States","US","USA","Minnesota","","35772","1840007858"
"Marion","Marion","40.5973","-83.1227","United States","US","USA","Ohio","","35771","1840008332"
"Caltagirone","Caltagirone","37.2333","14.5167","Italy","IT","ITA","Sicilia","","35765","1380958599"
"Azogues","Azogues","-2.7333","-78.8333","Ecuador","EC","ECU","Cañar","admin","35763","1218651012"
"Prestea","Prestea","5.4338","-2.1429","Ghana","GH","GHA","Western","","35760","1288044330"
"Kalakkādu","Kalakkadu","8.5138","77.5494","India","IN","IND","Tamil Nādu","","35758","1356157318"
"Deggendorf","Deggendorf","48.8333","12.9667","Germany","DE","DEU","Bavaria","minor","35757","1276512590"
"Coventry","Coventry","41.6934","-71.6611","United States","US","USA","Rhode Island","","35757","1840066132"
"Khair","Khair","27.9500","77.8300","India","IN","IND","Uttar Pradesh","","35751","1356450880"
"Franklin","Franklin","42.8854","-88.0104","United States","US","USA","Wisconsin","","35751","1840003043"
"Vavatenina","Vavatenina","-17.4668","49.1963","Madagascar","MG","MDG","Toamasina","","35750","1450949458"
"Temple City","Temple City","34.1022","-118.0579","United States","US","USA","California","","35749","1840021872"
"Tam Hiệp","Tam Hiep","10.9497","106.8575","Vietnam","VN","VNM","Đồng Nai","","35747","1704536698"
"Aliança","Alianca","-7.6028","-35.2308","Brazil","BR","BRA","Pernambuco","minor","35741","1076773543"
"Mengdong","Mengdong","23.1475","99.2492","China","CN","CHN","Yunnan","minor","35741","1156435258"
"Kharagpur","Kharagpur","25.1245","86.5558","India","IN","IND","Bihār","","35739","1356238766"
"Nawan Shahr","Nawan Shahr","34.1642","73.2639","Pakistan","PK","PAK","Khyber Pakhtunkhwa","","35737","1586981081"
"Pak Chong","Pak Chong","14.7080","101.4161","Thailand","TH","THA","Nakhon Ratchasima","minor","35736","1764898547"
"Midvale","Midvale","40.6148","-111.8927","United States","US","USA","Utah","","35736","1840020158"
"Nokia","Nokia","61.4767","23.5053","Finland","FI","FIN","Pirkanmaa","minor","35730","1246560498"
"Salisbury","Salisbury","35.6658","-80.4905","United States","US","USA","North Carolina","","35730","1840015384"
"Leamington","Leamington","42.0667","-82.5833","Canada","CA","CAN","Ontario","","35730","1124258797"
"Guane","Guane","22.2006","-84.0839","Cuba","CU","CUB","Pinar del Río","","35718","1192395151"
"Sainte-Geneviève-des-Bois","Sainte-Genevieve-des-Bois","48.6369","2.3403","France","FR","FRA","Île-de-France","","35714","1250428869"
"Sukhothai","Sukhothai","17.0167","99.7000","Thailand","TH","THA","Sukhothai","admin","35713","1764175777"
"Kumo","Kumo","10.0431","11.2183","Nigeria","NG","NGA","Gombe","minor","35712","1566501095"
"Egypt Lake-Leto","Egypt Lake-Leto","28.0177","-82.5062","United States","US","USA","Florida","","35709","1840073269"
"Ewing","Ewing","40.2650","-74.8006","United States","US","USA","New Jersey","","35708","1840081658"
"Chernyakhovsk","Chernyakhovsk","54.6347","21.8119","Russia","RU","RUS","Kaliningradskaya Oblast’","minor","35705","1643016647"
"Vršac","Vrsac","45.1206","21.2986","Serbia","RS","SRB","Vršac","admin","35701","1688560040"
"Imbituba","Imbituba","-28.2400","-48.6700","Brazil","BR","BRA","Santa Catarina","minor","35700","1076391605"
"Ẕefat","Zefat","32.9658","35.4983","Israel","IL","ISR","Northern","","35700","1376611460"
"Krasnyy Sulin","Krasnyy Sulin","47.8833","40.1000","Russia","RU","RUS","Rostovskaya Oblast’","minor","35697","1643848888"
"Numancia","Numancia","11.7042","122.3289","Philippines","PH","PHL","Aklan","","35693","1608072562"
"Santa Ana","Santa Ana","18.4589","122.1419","Philippines","PH","PHL","Cagayan","","35688","1608694374"
"Iporá","Ipora","-16.4419","-51.1178","Brazil","BR","BRA","Goiás","minor","35684","1076392298"
"Collo","Collo","37.0056","6.5603","Algeria","DZ","DZA","Skikda","","35682","1012936173"
"Macomia","Macomia","-12.2467","40.1208","Mozambique","MZ","MOZ","Cabo Delgado","","35682","1508378335"
"Usuki","Usuki","33.1261","131.8053","Japan","JP","JPN","Ōita","","35681","1392521875"
"Mahna","Mahna","30.2280","74.9937","India","IN","IND","Punjab","","35678","1356169491"
"Shiggaon","Shiggaon","14.9910","75.2230","India","IN","IND","Karnātaka","","35678","1356564009"
"Sōsa","Sosa","35.7075","140.5642","Japan","JP","JPN","Chiba","","35674","1392454467"
"San Juan","San Juan","26.1903","-98.1520","United States","US","USA","Texas","","35674","1840022256"
"Graaff-Reinet","Graaff-Reinet","-32.2522","24.5406","South Africa","ZA","ZAF","Eastern Cape","","35672","1710616617"
"Hole Narsipur","Hole Narsipur","12.7863","76.2433","India","IN","IND","Karnātaka","","35671","1356844043"
"Santiago de Tolú","Santiago de Tolu","9.5333","-75.5833","Colombia","CO","COL","Sucre","minor","35670","1170666994"
"Câmara de Lobos","Camara de Lobos","32.6500","-16.9667","Portugal","PT","PRT","Madeira","","35666","1620560549"
"Miyajima","Miyajima","33.1525","130.4747","Japan","JP","JPN","Kumamoto","","35665","1392131326"
"Mozdok","Mozdok","43.7333","44.7000","Russia","RU","RUS","North Ossetia","minor","35662","1643138287"
"Frolovo","Frolovo","49.7667","43.6667","Russia","RU","RUS","Volgogradskaya Oblast’","minor","35661","1643011047"
"Inca","Inca","39.7167","2.9167","Spain","ES","ESP","Balearic Islands","","35654","1724489288"
"Chītāpur","Chitapur","17.1201","77.0869","India","IN","IND","Karnātaka","","35647","1356846578"
"Carrollwood","Carrollwood","28.0577","-82.5148","United States","US","USA","Florida","","35645","1840029026"
"Akhtubinsk","Akhtubinsk","48.2833","46.1667","Russia","RU","RUS","Astrakhanskaya Oblast’","minor","35635","1643207712"
"Port Shepstone","Port Shepstone","-30.7500","30.4500","South Africa","ZA","ZAF","KwaZulu-Natal","","35633","1710443227"
"Awa","Awa","34.1014","134.2964","Japan","JP","JPN","Tokushima","","35631","1392003305"
"Al ‘Aqīq","Al `Aqiq","20.2736","41.6643","Saudi Arabia","SA","SAU","Al Bāḩah","","35629","1682354121"
"Owings Mills","Owings Mills","39.4115","-76.7913","United States","US","USA","Maryland","","35626","1840005684"
"Setouchi","Setouchi","34.6667","134.1000","Japan","JP","JPN","Okayama","","35624","1392003436"
"Andújar","Andujar","38.0392","-4.0506","Spain","ES","ESP","Andalusia","","35619","1724144147"
"Zhentang","Zhentang","21.8662","110.6996","China","CN","CHN","Guangdong","","35616","1156587531"
"Walkden","Walkden","53.5239","-2.3991","United Kingdom","GB","GBR","Salford","","35616","1826067450"
"Medina","Medina","8.9200","125.0200","Philippines","PH","PHL","Misamis Oriental","","35612","1608096754"
"Medchal","Medchal","17.6297","78.4814","India","IN","IND","Andhra Pradesh","","35611","1356009043"
"Fruit Cove","Fruit Cove","30.0972","-81.6175","United States","US","USA","Florida","","35609","1840013970"
"São Gonçalo do Amarante","Sao Goncalo do Amarante","-3.6058","-38.9689","Brazil","BR","BRA","Ceará","minor","35608","1076511240"
"Casiguran","Casiguran","12.8731","124.0081","Philippines","PH","PHL","Sorsogon","","35602","1608909406"
"Kenton","Kenton","51.5878","-0.3086","United Kingdom","GB","GBR","Brent","","35600","1826411445"
"Monroe","Monroe","35.0063","-80.5596","United States","US","USA","North Carolina","","35596","1840014613"
"Kula","Kula","45.6117","19.5292","Serbia","RS","SRB","Kula","admin","35592","1688477275"
"Saint-Chamond","Saint-Chamond","45.4775","4.5153","France","FR","FRA","Auvergne-Rhône-Alpes","","35586","1250831814"
"Cha-am","Cha-am","12.8000","99.9667","Thailand","TH","THA","Phetchaburi","minor","35581","1764087780"
"San Andrés Itzapa","San Andres Itzapa","14.6167","-90.8500","Guatemala","GT","GTM","Chimaltenango","minor","35579","1320220802"
"Hoogvliet","Hoogvliet","51.8667","4.3500","Netherlands","NL","NLD","Zuid-Holland","","35575","1528815717"
"Narsampet","Narsampet","17.9285","79.8925","India","IN","IND","Andhra Pradesh","","35571","1356029838"
"Shangzhuangcun","Shangzhuangcun","23.5226","116.7134","China","CN","CHN","Guangdong","","35570","1156095214"
"Isumi","Isumi","35.2539","140.3852","Japan","JP","JPN","Chiba","","35570","1392003275"
"Uravakonda","Uravakonda","14.9500","77.2700","India","IN","IND","Andhra Pradesh","","35565","1356897305"
"Veinticinco de Mayo","Veinticinco de Mayo","-35.4167","-60.1667","Argentina","AR","ARG","Buenos Aires","minor","35563","1032801782"
"Savanūr","Savanur","14.9731","75.3328","India","IN","IND","Karnātaka","","35563","1356852026"
"Aībak","Aibak","36.2653","68.0167","Afghanistan","AF","AFG","Samangān","admin","35560","1004564619"
"Bariri","Bariri","-22.0744","-48.7403","Brazil","BR","BRA","São Paulo","minor","35558","1076167446"
"Richmond","Richmond","39.8318","-84.8905","United States","US","USA","Indiana","","35551","1840014176"
"Niamina","Niamina","13.3131","-6.9831","Mali","ML","MLI","Koulikoro","","35548","1466440831"
"Sanok","Sanok","49.5500","22.2167","Poland","PL","POL","Podkarpackie","minor","35546","1616025467"
"Sykiés","Sykies","40.6500","22.9500","Greece","GR","GRC","Kentrikí Makedonía","minor","35545","1300810764"
"Cookeville","Cookeville","36.1482","-85.5109","United States","US","USA","Tennessee","","35544","1840014470"
"Catarina","Catarina","14.8500","-92.0833","Guatemala","GT","GTM","San Marcos","minor","35542","1320853090"
"Sarıgöl","Sarigol","38.2381","28.6961","Turkey","TR","TUR","Manisa","minor","35537","1792940712"
"Rafiganj","Rafiganj","24.8200","84.6500","India","IN","IND","Bihār","","35536","1356030907"
"Aravankara","Aravankara","11.0745","75.9369","India","IN","IND","Kerala","","35534","1356979542"
"Mahabo","Mahabo","-20.3807","44.6654","Madagascar","MG","MDG","Toliara","","35532","1450310874"
"Pambujan","Pambujan","12.5700","124.9300","Philippines","PH","PHL","Northern Samar","","35532","1608440228"
"Yangambi","Yangambi","0.7675","24.4414","Congo (Kinshasa)","CD","COD","Tshopo","","35531","1180077706"
"Sirohi","Sirohi","24.8850","72.8625","India","IN","IND","Rājasthān","","35531","1356102938"
"Belluno","Belluno","46.1408","12.2156","Italy","IT","ITA","Veneto","minor","35529","1380892097"
"Lökbatan","Lokbatan","40.3272","49.7300","Azerbaijan","AZ","AZE","Bakı","","35523","1031329823"
"Rifu","Rifu","38.3329","140.9772","Japan","JP","JPN","Miyagi","","35521","1392894446"
"Goch","Goch","51.6839","6.1619","Germany","DE","DEU","North Rhine-Westphalia","","35520","1276890926"
"Miahuatlán de Porfirio Díaz","Miahuatlan de Porfirio Diaz","16.3167","-96.5833","Mexico","MX","MEX","Oaxaca","minor","35517","1484776246"
"Freehold","Freehold","40.2233","-74.2986","United States","US","USA","New Jersey","","35517","1840003687"
"Guamá Abajo","Guama Abajo","19.9758","-76.4100","Cuba","CU","CUB","Santiago de Cuba","","35516","1192469384"
"Guacarí","Guacari","3.7667","-76.3333","Colombia","CO","COL","Valle del Cauca","minor","35513","1170383272"
"Şaḩneh","Sahneh","34.4819","47.6900","Iran","IR","IRN","Kermānshāh","minor","35508","1364060244"
"Udhampur","Udhampur","32.9160","75.1419","India","IN","IND","Jammu and Kashmīr","","35507","1356335272"
"Saiha","Saiha","22.4800","92.9700","India","IN","IND","Mizoram","","35500","1356131507"
"Gigante","Gigante","2.3867","-75.5461","Colombia","CO","COL","Huila","minor","35498","1170264129"
"Richmond","Richmond","37.7307","-84.2925","United States","US","USA","Kentucky","","35498","1840014341"
"Sungaiselam","Sungaiselam","-2.3839","105.9800","Indonesia","ID","IDN","Kepulauan Bangka Belitung","","35495","1360317432"
"Kendall West","Kendall West","25.7065","-80.4388","United States","US","USA","Florida","","35492","1840035805"
"Châtenay-Malabry","Chatenay-Malabry","48.7653","2.2781","France","FR","FRA","Île-de-France","","35490","1250512323"
"Coevorden","Coevorden","52.6610","6.7405","Netherlands","NL","NLD","Drenthe","minor","35483","1528647157"
"Blagoveshchensk","Blagoveshchensk","55.0350","55.9781","Russia","RU","RUS","Bashkortostan","minor","35481","1643322992"
"Yahyalı","Yahyali","38.1000","35.3608","Turkey","TR","TUR","Kayseri","minor","35481","1792969584"
"Torrington","Torrington","41.8349","-73.1282","United States","US","USA","Connecticut","","35481","1840004770"
"Umarga","Umarga","17.8400","76.6217","India","IN","IND","Mahārāshtra","","35477","1356601429"
"Hamīrpur","Hamirpur","25.9500","80.1500","India","IN","IND","Uttar Pradesh","","35475","1356235903"
"Ringsaker","Ringsaker","60.9000","10.7333","Norway","NO","NOR","Innlandet","","35475","1578611812"
"Stockbridge","Stockbridge","33.5254","-84.2295","United States","US","USA","Georgia","","35475","1840015707"
"La Concordia","La Concordia","-0.0067","-79.3958","Ecuador","EC","ECU","Santo Domingo de los Tsáchilas","","35474","1218975936"
"Springville","Springville","40.1638","-111.6205","United States","US","USA","Utah","","35474","1840021399"
"Cartagena del Chairá","Cartagena del Chaira","1.3500","-74.8333","Colombia","CO","COL","Caquetá","minor","35473","1170248005"
"Simiganj","Simiganj","38.6525","69.0064","Tajikistan","TJ","TJK","Nohiyahoi Tobei Jumhurí","","35473","1762393981"
"Fair Oaks","Fair Oaks","38.8653","-77.3586","United States","US","USA","Virginia","","35472","1840024568"
"Addison","Addison","41.9313","-88.0085","United States","US","USA","Illinois","","35470","1840010171"
"San Andrés","San Andres","16.9675","-89.9103","Guatemala","GT","GTM","Petén","minor","35465","1320000015"
"Oswego","Oswego","41.6834","-88.3372","United States","US","USA","Illinois","","35463","1840011508"
"Ténès","Tenes","36.5122","1.3044","Algeria","DZ","DZA","Chlef","","35459","1012665490"
"Steinfurt","Steinfurt","52.1475","7.3442","Germany","DE","DEU","North Rhine-Westphalia","minor","35456","1276842137"
"Accrington","Accrington","53.7534","-2.3638","United Kingdom","GB","GBR","Lancashire","","35456","1826709919"
"Pola","Pola","13.1439","121.4400","Philippines","PH","PHL","Oriental Mindoro","","35455","1608906063"
"Minami-Bōsō","Minami-Boso","35.0432","139.8400","Japan","JP","JPN","Chiba","","35454","1392515382"
"Ōfunato","Ofunato","39.0620","141.7132","Japan","JP","JPN","Iwate","","35452","1392009967"
"Lugoj","Lugoj","45.7056","21.9258","Romania","RO","ROU","Timiş","","35450","1642742635"
"Bôca do Acre","Boca do Acre","-8.7519","-67.3978","Brazil","BR","BRA","Amazonas","minor","35447","1076558816"
"Tamuín","Tamuin","22.0000","-98.7833","Mexico","MX","MEX","San Luis Potosí","minor","35446","1484269723"
"Tallkalakh","Tallkalakh","34.6684","36.2599","Syria","SY","SYR","Ḩimş","minor","35445","1760254463"
"Gahanna","Gahanna","40.0251","-82.8637","United States","US","USA","Ohio","","35438","1840008390"
"Savalou","Savalou","7.9333","1.9667","Benin","BJ","BEN","Collines","admin","35433","1204628914"
"Spišská Nová Ves","Spisska Nova Ves","48.9500","20.5667","Slovakia","SK","SVK","Košice","minor","35431","1703217196"
"Ulliyil","Ulliyil","12.0333","75.6500","India","IN","IND","Kerala","","35429","1356180111"
"Feijó","Feijo","-8.1639","-70.3539","Brazil","BR","BRA","Acre","minor","35426","1076695082"
"Tomobe","Tomobe","36.3450","140.3042","Japan","JP","JPN","Ibaraki","","35425","1392421670"
"Smarhon","Smarhon","54.4836","26.4000","Belarus","BY","BLR","Hrodzyenskaya Voblasts’","minor","35422","1112716074"
"Santuario","Santuario","6.1375","-75.2639","Colombia","CO","COL","Antioquia","minor","35422","1170679272"
"Pinerolo","Pinerolo","44.8873","7.3319","Italy","IT","ITA","Piedmont","","35418","1380505638"
"Matanzas","Matanzas","18.2430","-70.4177","Dominican Republic","DO","DOM","Valdesia","","35414","1214252982"
"Casalecchio di Reno","Casalecchio di Reno","44.4833","11.2833","Italy","IT","ITA","Emilia-Romagna","","35414","1380710953"
"Dayr Ḩāfir","Dayr Hafir","36.1569","37.7078","Syria","SY","SYR","Ḩalab","minor","35409","1760046071"
"Zorgo","Zorgo","12.2500","-0.6167","Burkina Faso","BF","BFA","Plateau-Central","minor","35406","1854077108"
"Kundian","Kundian","32.4522","71.4718","Pakistan","PK","PAK","Punjab","","35406","1586180022"
"Bou Noura","Bou Noura","32.4825","3.7036","Algeria","DZ","DZA","Ghardaïa","","35405","1012965378"
"Angra do Heroísmo","Angra do Heroismo","38.6558","-27.2153","Portugal","PT","PRT","Azores","","35402","1620152939"
"Buhriz","Buhriz","33.7069","44.6554","Iraq","IQ","IRQ","Diyālá","","35400","1368638747"
"Pampatar","Pampatar","10.9994","-63.7944","Venezuela","VE","VEN","Nueva Esparta","minor","35400","1862166008"
"Bautista","Bautista","15.8103","120.4756","Philippines","PH","PHL","Pangasinan","","35398","1608749594"
"Ratnapur","Ratnapur","27.8500","83.8667","Nepal","NP","NPL","","","35396","1524009803"
"Morong","Morong","14.6800","120.2683","Philippines","PH","PHL","Bataan","","35394","1608129969"
"Baohezhuangcun","Baohezhuangcun","39.6850","116.2967","China","CN","CHN","Beijing","","35391","1156191921"
"Hamidiye","Hamidiye","40.0997","26.3967","Turkey","TR","TUR","Çanakkale","","35390","1792326639"
"Guskhara","Guskhara","23.5000","87.7500","India","IN","IND","West Bengal","","35388","1356041960"
"Samokov","Samokov","42.3300","23.5500","Bulgaria","BG","BGR","Sofia","","35384","1100464208"
"Camamu","Camamu","-13.9450","-39.1039","Brazil","BR","BRA","Bahia","minor","35382","1076215451"
"Chur","Chur","46.8521","9.5297","Switzerland","CH","CHE","Graubünden","admin","35373","1756471395"
"Pilar","Pilar","-9.5972","-35.9567","Brazil","BR","BRA","Alagoas","minor","35370","1076033888"
"Morohongō","Morohongo","35.9415","139.3160","Japan","JP","JPN","Saitama","","35370","1392302813"
"Unnan","Unnan","35.3078","132.9003","Japan","JP","JPN","Shimane","","35366","1392003098"
"Yongjing","Yongjing","23.9223","120.5356","Taiwan","TW","TWN","Changhua","","35365","1158242366"
"Roanne","Roanne","46.0367","4.0689","France","FR","FRA","Auvergne-Rhône-Alpes","minor","35364","1250674978"
"Rio Real","Rio Real","-11.4833","-37.9344","Brazil","BR","BRA","Bahia","minor","35362","1076770840"
"Cieza","Cieza","38.2392","-1.4189","Spain","ES","ESP","Murcia","","35361","1724168894"
"Mörfelden-Walldorf","Morfelden-Walldorf","50.0000","8.5833","Germany","DE","DEU","Hesse","","35359","1276425407"
"Pilão Arcado","Pilao Arcado","-10.0018","-42.4830","Brazil","BR","BRA","Bahia","","35357","1076876998"
"Dama","Dama","30.5009","120.3413","China","CN","CHN","Zhejiang","","35357","1156372343"
"La Palma","La Palma","22.7472","-83.5525","Cuba","CU","CUB","Pinar del Río","minor","35346","1192218029"
"Bragança","Braganca","41.8000","-6.7500","Portugal","PT","PRT","Bragança","admin","35341","1620281131"
"Timbuktu","Timbuktu","16.7735","-3.0074","Mali","ML","MLI","Tombouctou","admin","35330","1466595315"
"Kyshtym","Kyshtym","55.7000","60.5500","Russia","RU","RUS","Chelyabinskaya Oblast’","minor","35325","1643212206"
"Tonalá","Tonala","16.0914","-93.7518","Mexico","MX","MEX","Chiapas","minor","35322","1484944309"
"Yarumal","Yarumal","7.0306","-75.5905","Colombia","CO","COL","Antioquia","","35315","1170196021"
"Romainville","Romainville","48.8840","2.4350","France","FR","FRA","Île-de-France","","35314","1250311855"
"American Fork","American Fork","40.3783","-111.7953","United States","US","USA","Utah","","35312","1840018756"
"Lage","Lage","51.9889","8.7944","Germany","DE","DEU","North Rhine-Westphalia","","35311","1276243855"
"Ati","Ati","13.2133","18.3381","Chad","TD","TCD","Batha","admin","35311","1148642108"
"Saint-Benoît","Saint-Benoit","-21.0339","55.7128","Reunion","RE","REU","","","35310","1638823449"
"Conceição de Jacuípe","Conceicao de Jacuipe","-12.3269","-38.7650","Brazil","BR","BRA","Bahia","minor","35308","1076309231"
"Villa Adelina","Villa Adelina","-34.5167","-58.5333","Argentina","AR","ARG","Buenos Aires","","35307","1032929712"
"Barra do Bugres","Barra do Bugres","-15.0725","-57.1811","Brazil","BR","BRA","Mato Grosso","minor","35307","1076717726"
"Tahuna","Tahuna","3.6119","125.5008","Indonesia","ID","IDN","Sulawesi Utara","minor","35307","1360805845"
"Villa Ballester","Villa Ballester","-34.5167","-58.5333","Argentina","AR","ARG","Buenos Aires","","35301","1032048875"
"Newton","Newton","8.3388","-13.0048","Sierra Leone","SL","SLE","Western Area","","35300","1694000067"
"Juban","Juban","12.8478","123.9894","Philippines","PH","PHL","Sorsogon","","35297","1608767825"
"Bedēsa","Bedesa","6.8830","37.9329","Ethiopia","ET","ETH","YeDebub Bihēroch Bihēreseboch na Hizboch","","35294","1231807796"
"Ciudad de Allende","Ciudad de Allende","25.2833","-100.0167","Mexico","MX","MEX","Nuevo León","minor","35289","1484216013"
"Brunswick","Brunswick","41.2465","-81.8198","United States","US","USA","Ohio","","35284","1840003485"
"Chakapara","Chakapara","22.6300","88.3500","India","IN","IND","West Bengal","","35282","1356000447"
"Hinesville","Hinesville","31.8248","-81.6137","United States","US","USA","Georgia","","35282","1840014931"
"Quimbaya","Quimbaya","4.6333","-75.7500","Colombia","CO","COL","Quindío","minor","35276","1170735319"
"Sūrandai","Surandai","8.9773","77.4206","India","IN","IND","Tamil Nādu","","35272","1356097080"
"Watertown Town","Watertown Town","42.3700","-71.1774","United States","US","USA","Massachusetts","","35270","1840031198"
"Aizumi","Aizumi","34.1266","134.4951","Japan","JP","JPN","Tokushima","","35269","1392003339"
"Dietzenbach","Dietzenbach","50.0167","8.7833","Germany","DE","DEU","Hesse","","35268","1276741284"
"Diabali","Diabali","14.6936","-6.0169","Mali","ML","MLI","Ségou","","35266","1466129863"
"Tortosa","Tortosa","40.8128","0.5233","Spain","ES","ESP","Catalonia","","35265","1724228664"
"Czechowice-Dziedzice","Czechowice-Dziedzice","49.9131","19.0064","Poland","PL","POL","Śląskie","","35261","1616154009"
"Tangancícuaro de Arista","Tangancicuaro de Arista","19.8870","-102.2080","Mexico","MX","MEX","Michoacán","","35256","1484528763"
"Pansol","Pansol","14.6514","121.0800","Philippines","PH","PHL","Quezon","","35254","1608991025"
"Calumet City","Calumet City","41.6134","-87.5505","United States","US","USA","Illinois","","35253","1840007023"
"General Villegas","General Villegas","-35.0333","-63.0167","Argentina","AR","ARG","Buenos Aires","minor","35251","1032883098"
"Chandanais","Chandanais","22.2113","92.0111","Bangladesh","BD","BGD","Chattogram","","35248","1050506316"
"Gandara","Gandara","12.0130","124.8118","Philippines","PH","PHL","Samar","","35242","1608802493"
"Evergem","Evergem","51.1167","3.7000","Belgium","BE","BEL","Flanders","","35239","1056954111"
"Jieshang","Jieshang","25.6989","107.6481","China","CN","CHN","Guizhou","","35238","1156777366"
"Azuqueca de Henares","Azuqueca de Henares","40.5647","-3.2681","Spain","ES","ESP","Castille-La Mancha","","35236","1724909657"
"Auxerre","Auxerre","47.7986","3.5672","France","FR","FRA","Bourgogne-Franche-Comté","minor","35236","1250482884"
"Yecla","Yecla","38.6136","-1.1147","Spain","ES","ESP","Murcia","","35234","1724394283"
"Allacapan","Allacapan","18.2270","121.5556","Philippines","PH","PHL","Cagayan","","35234","1608618208"
"Cento","Cento","44.7333","11.2833","Italy","IT","ITA","Emilia-Romagna","","35231","1380277894"
"Usilampatti","Usilampatti","9.9651","77.7885","India","IN","IND","Tamil Nādu","","35219","1356683619"
"Orangevale","Orangevale","38.6881","-121.2209","United States","US","USA","California","","35219","1840018842"
"Baturité","Baturite","-4.3289","-38.8850","Brazil","BR","BRA","Ceará","minor","35218","1076144455"
"Kamata","Kamata","33.5983","130.7194","Japan","JP","JPN","Fukuoka","","35208","1392357723"
"Bria","Bria","6.5369","21.9919","Central African Republic","CF","CAF","Haute-Kotto","admin","35204","1140582053"
"Datteln","Datteln","51.6539","7.3417","Germany","DE","DEU","North Rhine-Westphalia","","35200","1276259793"
"Winchester","Winchester","51.0632","-1.3080","United Kingdom","GB","GBR","Hampshire","","35200","1826967267"
"Victoria Falls","Victoria Falls","-17.9333","25.8333","Zimbabwe","ZW","ZWE","Matabeleland North","","35199","1716149447"
"Tilingzhai","Tilingzhai","40.1317","118.6731","China","CN","CHN","Hebei","","35197","1156620851"
"Buenos Aires","Buenos Aires","2.9167","-76.6667","Colombia","CO","COL","Cauca","minor","35197","1170770289"
"San Luis","San Luis","8.5000","125.7400","Philippines","PH","PHL","Agusan del Sur","","35196","1608855724"
"Zaventem","Zaventem","50.8667","4.4667","Belgium","BE","BEL","Flanders","","35184","1056786797"
"Praya","Praya","-8.7223","116.2923","Indonesia","ID","IDN","Nusa Tenggara Barat","minor","35183","1360664646"
"Banaz","Banaz","38.7333","29.7500","Turkey","TR","TUR","Uşak","minor","35181","1792411962"
"Abra de Ilog","Abra de Ilog","13.4448","120.7260","Philippines","PH","PHL","Occidental Mindoro","","35176","1608871272"
"Bom Jesus do Itabapoana","Bom Jesus do Itabapoana","-21.1339","-41.6797","Brazil","BR","BRA","Rio de Janeiro","minor","35173","1076034658"
"Perunād","Perunad","8.9563","76.6400","India","IN","IND","Kerala","","35173","1356163431"
"Izkī","Izki","22.9339","57.7750","Oman","OM","OMN","Ad Dākhilīyah","","35173","1512293504"
"Wildwood","Wildwood","38.5800","-90.6698","United States","US","USA","Missouri","","35168","1840010746"
"Oakville","Oakville","38.4479","-90.3199","United States","US","USA","Missouri","","35166","1840006121"
"Leer","Leer","53.2308","7.4528","Germany","DE","DEU","Lower Saxony","minor","35163","1276392695"
"Chillum","Chillum","38.9666","-76.9791","United States","US","USA","Maryland","","35163","1840005948"
"Aktuluk","Aktuluk","39.1064","39.5472","Turkey","TR","TUR","Tunceli","","35161","1792981211"
"Tunceli","Tunceli","39.1064","39.5472","Turkey","TR","TUR","Tunceli","admin","35161","1792507574"
"Redmond","Redmond","44.2612","-121.1810","United States","US","USA","Oregon","","35161","1840020003"
"Hammam Bou Hadjar","Hammam Bou Hadjar","35.3792","-0.9706","Algeria","DZ","DZA","Aïn Temouchent","","35158","1012045550"
"Soteapan","Soteapan","18.2333","-94.8667","Mexico","MX","MEX","Veracruz","minor","35155","1484716801"
"Fair Lawn","Fair Lawn","40.9359","-74.1177","United States","US","USA","New Jersey","","35153","1840003548"
"Mahasolo","Mahasolo","-19.1205","46.3644","Madagascar","MG","MDG","Antananarivo","","35152","1450644716"
"Sulop","Sulop","6.5986","125.3436","Philippines","PH","PHL","Davao del Sur","","35151","1608421469"
"Giddalūr","Giddalur","15.3764","78.9251","India","IN","IND","Andhra Pradesh","","35150","1356420019"
"Mananara Avaratra","Mananara Avaratra","-16.1684","49.7654","Madagascar","MG","MDG","Toamasina","","35148","1450802138"
"Mason","Mason","39.3571","-84.3023","United States","US","USA","Ohio","","35148","1840008467"
"Lingig","Lingig","8.0381","126.4127","Philippines","PH","PHL","Surigao del Sur","","35142","1608738480"
"Jaguariaíva","Jaguariaiva","-24.2508","-49.7058","Brazil","BR","BRA","Paraná","minor","35141","1076322206"
"Pāppinisshēri","Pappinissheri","11.9500","75.3500","India","IN","IND","Kerala","","35134","1356597627"
"Tāzhakara","Tazhakara","9.2551","76.5539","India","IN","IND","Kerala","","35126","1356160979"
"Trinidad","Trinidad","10.0795","124.3432","Philippines","PH","PHL","Bohol","","35119","1608919708"
"Ikalamavony","Ikalamavony","-21.1617","46.5952","Madagascar","MG","MDG","Fianarantsoa","","35114","1450926732"
"Pandaul","Pandaul","26.2517","86.0747","India","IN","IND","Bihār","","35113","1356870725"
"Adamantina","Adamantina","-21.6847","-51.0733","Brazil","BR","BRA","São Paulo","minor","35111","1076252044"
"Bibhutpur","Bibhutpur","25.6878","85.9992","India","IN","IND","Bihār","","35105","1356475713"
"Qazax","Qazax","41.0933","45.3661","Azerbaijan","AZ","AZE","Qazax","admin","35102","1031240282"
"Rāwatsār","Rawatsar","29.2800","74.3800","India","IN","IND","Rājasthān","","35102","1356147857"
"Mazarrón","Mazarron","37.5983","-1.3139","Spain","ES","ESP","Murcia","","35099","1724139198"
"Puerto López","Puerto Lopez","4.0872","-72.9606","Colombia","CO","COL","Meta","minor","35097","1170290556"
"Spassk-Dal’niy","Spassk-Dal'niy","44.6000","132.8167","Russia","RU","RUS","Primorskiy Kray","minor","35096","1643943494"
"Effia-Kuma","Effia-Kuma","4.9228","-1.7669","Ghana","GH","GHA","Western","","35094","1288001558"
"Pulppatta","Pulppatta","11.1511","76.0669","India","IN","IND","Kerala","","35093","1356026753"
"Cassino","Cassino","41.4917","13.8333","Italy","IT","ITA","Lazio","","35092","1380403961"
"Chrzanów","Chrzanow","50.1333","19.4000","Poland","PL","POL","Małopolskie","minor","35091","1616227522"
"West Hollywood","West Hollywood","34.0883","-118.3719","United States","US","USA","California","","35090","1840028098"
"Graham","Graham","47.0322","-122.2827","United States","US","USA","Washington","","35090","1840017365"
"Lebowakgomo","Lebowakgomo","-24.3050","29.5650","South Africa","ZA","ZAF","Limpopo","","35087","1710999076"
"Al Ḩişn","Al Hisn","32.4583","35.8583","Jordan","JO","JOR","Irbid","minor","35085","1400378169"
"San Juan Despí","San Juan Despi","41.3681","2.0581","Spain","ES","ESP","Catalonia","","35083","1724606295"
"Kherrata","Kherrata","36.5000","5.2833","Algeria","DZ","DZA","Bejaïa","","35077","1012346925"
"Confresa","Confresa","-10.6439","-51.5689","Brazil","BR","BRA","Mato Grosso","minor","35075","1076002744"
"Salinas","Salinas","-2.2167","-80.9501","Ecuador","EC","ECU","Guayas","","35066","1218838548"
"Vinces","Vinces","-1.5500","-79.7333","Ecuador","EC","ECU","Los Ríos","minor","35064","1218211679"
"Balasan","Balasan","11.4728","123.0878","Philippines","PH","PHL","Iloilo","","35064","1608796347"
"Sankt Ingbert","Sankt Ingbert","49.3000","7.1167","Germany","DE","DEU","Saarland","","35059","1276174089"
"Umarkot","Umarkot","25.3631","69.7425","Pakistan","PK","PAK","Sindh","minor","35059","1586494172"
"Casilda","Casilda","-33.0500","-61.1667","Argentina","AR","ARG","Santa Fe","minor","35058","1032000005"
"Yellandu","Yellandu","17.6000","80.3300","India","IN","IND","Andhra Pradesh","","35056","1356029729"
"Balingen","Balingen","48.2731","8.8506","Germany","DE","DEU","Baden-Württemberg","minor","35054","1276586382"
"Suong","Suong","11.9118","105.6582","Cambodia","KH","KHM","Tbong Khmum","admin","35054","1116319433"
"Río Grande","Rio Grande","23.8225","-103.0361","Mexico","MX","MEX","Zacatecas","minor","35050","1484276798"
"Sopot","Sopot","54.4333","18.5500","Poland","PL","POL","Pomorskie","minor","35049","1616375300"
"Áno Liósia","Ano Liosia","38.0833","23.7000","Greece","GR","GRC","Attikí","minor","35047","1300536018"
"Ouro Preto d’Oeste","Ouro Preto d'Oeste","-10.7481","-62.2158","Brazil","BR","BRA","Rondônia","minor","35044","1076571637"
"Golden Glades","Golden Glades","25.9129","-80.2013","United States","US","USA","Florida","","35042","1840029039"
"Ieper","Ieper","50.8508","2.8850","Belgium","BE","BEL","Flanders","minor","35039","1056744519"
"Kōryō","Koryo","34.5428","135.7508","Japan","JP","JPN","Nara","","35035","1392003177"
"Tebesbest","Tebesbest","33.1167","6.0833","Algeria","DZ","DZA","Ouargla","","35032","1012539349"
"Bridlington","Bridlington","54.0819","-0.1923","United Kingdom","GB","GBR","East Riding of Yorkshire","","35026","1826640623"
"San Luis de Sincé","San Luis de Since","9.2500","-75.1500","Colombia","CO","COL","Sucre","minor","35022","1170323001"
"Guimbal","Guimbal","10.6700","122.3200","Philippines","PH","PHL","Iloilo","","35022","1608964265"
"Unión de Reyes","Union de Reyes","22.8003","-81.5372","Cuba","CU","CUB","Matanzas","minor","35021","1192297639"
"San Pedro de Ycuamandiyú","San Pedro de Ycuamandiyu","-24.0900","-57.0800","Paraguay","PY","PRY","San Pedro","admin","35021","1600189153"
"Munai","Munai","7.9758","124.0636","Philippines","PH","PHL","Lanao del Norte","","35020","1608067274"
"Charqueadas","Charqueadas","-29.9550","-51.6250","Brazil","BR","BRA","Rio Grande do Sul","minor","35012","1076933382"
"Sahuarita","Sahuarita","31.9323","-110.9654","United States","US","USA","Arizona","","35012","1840022102"
"Palotina","Palotina","-24.2839","-53.8400","Brazil","BR","BRA","Paraná","minor","35011","1076516410"
"Māranchēri","Marancheri","10.7383","75.9736","India","IN","IND","Kerala","","35011","1356085227"
"Prairieville","Prairieville","30.3151","-90.9571","United States","US","USA","Louisiana","","35010","1840026029"
"Kōṯah-ye ‘As̲h̲rō","Kotah-ye `Ashro","34.4492","68.7939","Afghanistan","AF","AFG","Wardak","","35008","1004450357"
"Maīdān Shahr","Maidan Shahr","34.3972","68.8697","Afghanistan","AF","AFG","Wardak","admin","35008","1004798735"
"Wokha","Wokha","26.1000","94.2700","India","IN","IND","Nāgāland","","35004","1356847119"
"Prado","Prado","-17.3408","-39.2208","Brazil","BR","BRA","Bahia","minor","35003","1076433537"
"Bethlehem","Bethlehem","42.5856","-73.8219","United States","US","USA","New York","","35002","1840087216"
"Maojiatang","Maojiatang","27.5692","111.7647","China","CN","CHN","Hunan","","35000","1156817602"
"Cangxi","Cangxi","27.6481","111.1458","China","CN","CHN","Hunan","","35000","1156422556"
"Dikhil","Dikhil","11.1167","42.3667","Djibouti","DJ","DJI","Dikhil","admin","35000","1262950337"
"Bāpaura","Bapaura","28.8150","76.0630","India","IN","IND","Haryāna","","35000","1356069421"
"Kudachi","Kudachi","16.4800","74.7800","India","IN","IND","Karnātaka","","35000","1356860757"
"Harra","Harra","29.1278","77.4861","India","IN","IND","Uttar Pradesh","","35000","1356292782"
"Mel Nāriyappanūr","Mel Nariyappanur","11.6495","78.8599","India","IN","IND","Tamil Nādu","","35000","1356250463"
"Dulhanganj","Dulhanganj","25.3820","84.8580","India","IN","IND","Bihār","","35000","1356558202"
"Al Ḩamdānīyah","Al Hamdaniyah","36.2698","43.3754","Iraq","IQ","IRQ","Nīnawá","minor","35000","1368523059"
"Shū","Shu","43.5983","73.7614","Kazakhstan","KZ","KAZ","Zhambyl","minor","35000","1398834769"
"Aaley","Aaley","33.8000","35.6000","Lebanon","LB","LBN","Mont-Liban","minor","35000","1422055581"
"Mannar","Mannar","8.9667","79.8833","Sri Lanka","LK","LKA","North Central","","35000","1144238069"
"Awbārī","Awbari","26.5833","12.7667","Libya","LY","LBY","Wādī al Ḩayāt","admin","35000","1434431378"
"Firavahana","Firavahana","-18.6460","46.8599","Madagascar","MG","MDG","Antananarivo","","35000","1450613090"
"Fotadrevo","Fotadrevo","-24.0571","45.0191","Madagascar","MG","MDG","Toliara","","35000","1450481485"
"Ibrā’","Ibra'","22.6906","58.5334","Oman","OM","OMN","Shamāl ash Sharqīyah","admin","35000","1512341564"
"Chakdarra","Chakdarra","34.6500","72.0333","Pakistan","PK","PAK","Khyber Pakhtunkhwa","","35000","1586973326"
"Negotin","Negotin","44.2167","22.5167","Serbia","RS","SRB","Negotin","admin","35000","1688309283"
"Ḑulay‘ Rashīd","Dulay` Rashid","25.5098","42.8573","Saudi Arabia","SA","SAU","Al Qaşīm","","35000","1682000063"
"Shaqrā’","Shaqra'","25.2402","45.2510","Saudi Arabia","SA","SAU","Ar Riyāḑ","","35000","1682664913"
"Şalkhad","Salkhad","32.4920","36.7111","Syria","SY","SYR","As Suwaydā’","minor","35000","1760200029"
"Tall Salḩab","Tall Salhab","35.2588","36.3846","Syria","SY","SYR","Ḩamāh","minor","35000","1760127036"
"Magu","Magu","-2.5833","33.4333","Tanzania","TZ","TZA","Mwanza","","35000","1834840353"
"Caucagua","Caucagua","10.2822","-66.3772","Venezuela","VE","VEN","Miranda","minor","35000","1862601608"
"Guanta","Guanta","10.2383","-64.5917","Venezuela","VE","VEN","Anzoátegui","minor","35000","1862441134"
"Brugherio","Brugherio","45.5508","9.3011","Italy","IT","ITA","Lombardy","","34999","1380188289"
"San Juan Capistrano","San Juan Capistrano","33.5008","-117.6544","United States","US","USA","California","","34998","1840021963"
"Talanga","Talanga","14.4043","-87.0811","Honduras","HN","HND","Francisco Morazán","","34997","1340622146"
"Pueblo West","Pueblo West","38.3465","-104.7246","United States","US","USA","Colorado","","34992","1840018860"
"Maglaj","Maglaj","44.5478","18.1000","Bosnia and Herzegovina","BA","BIH","Bosnia and Herzegovina, Federation of","minor","34980","1070332906"
"Timberwood Park","Timberwood Park","29.6995","-98.4838","United States","US","USA","Texas","","34980","1840019651"
"Ngaoundal","Ngaoundal","6.5000","13.2667","Cameroon","CM","CMR","Adamaoua","","34971","1120312039"
"Istra","Istra","55.9167","36.8667","Russia","RU","RUS","Moskovskaya Oblast’","minor","34971","1643610937"
"Oildale","Oildale","35.4293","-119.0306","United States","US","USA","California","","34971","1840019137"
"Mlimba","Mlimba","-8.7786","35.8111","Tanzania","TZ","TZA","Morogoro","","34970","1834564958"
"Francavilla Fontana","Francavilla Fontana","40.5314","17.5858","Italy","IT","ITA","Puglia","","34968","1380107756"
"Padre Bernardo","Padre Bernardo","-15.1600","-48.2839","Brazil","BR","BRA","Goiás","minor","34967","1076653841"
"Lesozavodsk","Lesozavodsk","45.4667","133.4000","Russia","RU","RUS","Primorskiy Kray","minor","34967","1643722124"
"Niquelândia","Niquelandia","-14.4739","-48.4600","Brazil","BR","BRA","Goiás","minor","34964","1076682103"
"Shenjiabang","Shenjiabang","30.6008","120.8229","China","CN","CHN","Zhejiang","","34963","1156480578"
"Shendang Tingzi","Shendang Tingzi","30.5783","120.8193","China","CN","CHN","Zhejiang","","34963","1156506911"
"Camoapa","Camoapa","12.3833","-85.5167","Nicaragua","NI","NIC","Boaco","minor","34962","1558644621"
"Kaizu","Kaizu","35.2206","136.6365","Japan","JP","JPN","Gifu","","34960","1392269681"
"Tsumeb","Tsumeb","-19.2500","17.7000","Namibia","NA","NAM","Oshikoto","","34960","1516619412"
"Chipinge","Chipinge","-20.2000","32.6200","Zimbabwe","ZW","ZWE","Manicaland","","34959","1716863573"
"Barsinghausen","Barsinghausen","52.3000","9.4811","Germany","DE","DEU","Lower Saxony","","34955","1276183527"
"Payao","Payao","7.5857","122.8022","Philippines","PH","PHL","Zamboanga Sibugay","","34952","1608479429"
"Karumattampatti","Karumattampatti","11.1093","77.1820","India","IN","IND","Tamil Nādu","","34949","1356717480"
"Aţ Ţurrah","At Turrah","32.6368","35.9900","Jordan","JO","JOR","Irbid","","34948","1400078308"
"Tenosique","Tenosique","17.4756","-91.4225","Mexico","MX","MEX","Tabasco","minor","34946","1484303350"
"Foça","Foca","38.6667","26.7667","Turkey","TR","TUR","İzmir","minor","34946","1792410342"
"Ypané","Ypane","-25.4561","-57.5069","Paraguay","PY","PRY","Central","","34943","1600647389"
"Tarkwa","Tarkwa","5.3038","-1.9896","Ghana","GH","GHA","Western","","34941","1288746725"
"Gaur","Gaur","26.7644","85.2783","Nepal","NP","NPL","","","34937","1524560237"
"Kahoku","Kahoku","36.7198","136.7067","Japan","JP","JPN","Ishikawa","","34936","1392426434"
"També","Tambe","-7.4100","-35.1128","Brazil","BR","BRA","Pernambuco","minor","34935","1076207007"
