"Ilhabela","Ilhabela","-23.7778","-45.3578","Brazil","BR","BRA","São Paulo","minor","34934","1076323267"
"Lingsugūr","Lingsugur","16.1700","76.5200","India","IN","IND","Karnātaka","","34932","1356924817"
"Jiaoxi","Jiaoxi","24.8167","121.7667","Taiwan","TW","TWN","Yilan","","34932","1158494243"
"Kuchaiburi","Kuchaiburi","22.2700","86.1700","India","IN","IND","Odisha","","34929","1356785102"
"Butte","Butte","45.9020","-112.6571","United States","US","USA","Montana","","34929","1840032850"
"Shīyāli","Shiyali","11.2391","79.7357","India","IN","IND","Tamil Nādu","","34927","1356278926"
"Iyo","Iyo","33.7500","132.7000","Japan","JP","JPN","Ehime","","34927","1392849626"
"Dundee","Dundee","-28.1725","30.2314","South Africa","ZA","ZAF","KwaZulu-Natal","","34924","1710402130"
"Campoalegre","Campoalegre","2.6867","-75.3256","Colombia","CO","COL","Huila","minor","34923","1170655224"
"Nyamata","Nyamata","-2.1569","30.0932","Rwanda","RW","RWA","Eastern Province","","34922","1646130280"
"Khodābandeh","Khodabandeh","36.1194","48.5917","Iran","IR","IRN","Zanjān","","34921","1364020796"
"Tamura","Tamura","37.4333","140.5667","Japan","JP","JPN","Fukushima","","34921","1392003531"
"Slavuta","Slavuta","50.3028","26.8683","Ukraine","UA","UKR","Khmelnytska Oblast","","34918","1804318397"
"Posse","Posse","-14.0928","-46.3689","Brazil","BR","BRA","Goiás","minor","34914","1076046646"
"Santa Cruz","Santa Cruz","-34.6372","-71.3631","Chile","CL","CHL","Libertador General Bernardo O’Higgins","","34914","1152821821"
"Armenia","Armenia","13.7500","-89.5000","El Salvador","SV","SLV","Sonsonate","","34912","1222071319"
"Ikot Abasi","Ikot Abasi","4.5704","7.5600","Nigeria","NG","NGA","Akwa Ibom","minor","34911","1566812706"
"Santa Cruz del Norte","Santa Cruz del Norte","23.1537","-81.9261","Cuba","CU","CUB","Mayabeque","minor","34907","1192541265"
"Juara","Juara","-11.2550","-57.5200","Brazil","BR","BRA","Mato Grosso","minor","34906","1076002851"
"Madukkarai","Madukkarai","10.9057","76.9634","India","IN","IND","Tamil Nādu","","34902","1356745410"
"Piskent","Piskent","40.8992","69.3425","Uzbekistan","UZ","UZB","Toshkent","","34900","1860730854"
"Seiyo","Seiyo","33.3628","132.5108","Japan","JP","JPN","Ehime","","34898","1392003249"
"Saarlouis","Saarlouis","49.3167","6.7500","Germany","DE","DEU","Saarland","minor","34893","1276663502"
"Jagodina","Jagodina","43.9750","21.2564","Serbia","RS","SRB","Jagodina","admin","34892","1688452613"
"Ouled Fares","Ouled Fares","36.2667","1.1833","Algeria","DZ","DZA","Chlef","","34891","1012973905"
"Victoria","Victoria","-38.2333","-72.3333","Chile","CL","CHL","Araucanía","","34890","1152078114"
"Kempen","Kempen","51.3658","6.4194","Germany","DE","DEU","North Rhine-Westphalia","","34888","1276967592"
"Ville Bonheur","Ville Bonheur","18.8160","-72.2019","Haiti","HT","HTI","Centre","","34885","1332904368"
"Wenlangkou","Wenlangkou","37.6569","115.2802","China","CN","CHN","Hebei","","34884","1156146749"
"Zhitiqara","Zhitiqara","52.1908","61.2011","Kazakhstan","KZ","KAZ","Qostanay","minor","34880","1398276170"
"Mendez-Nuñez","Mendez-Nunez","14.1286","120.9058","Philippines","PH","PHL","Cavite","","34879","1608479897"
"Alandatte","Alandatte","12.1910","75.4673","India","IN","IND","Kerala","","34878","1356712171"
"Ewell","Ewell","51.3500","-0.2490","United Kingdom","GB","GBR","Surrey","","34872","1826318947"
"Vadigenhalli","Vadigenhalli","13.2900","77.8000","India","IN","IND","Karnātaka","","34866","1356133781"
"Aguaí","Aguai","-22.0603","-46.9736","Brazil","BR","BRA","São Paulo","minor","34863","1076299565"
"University Place","University Place","47.2147","-122.5461","United States","US","USA","Washington","","34850","1840021130"
"Cernusco sul Naviglio","Cernusco sul Naviglio","45.5167","9.3333","Italy","IT","ITA","Lombardy","","34848","1380429840"
"Imzouren","Imzouren","35.1500","-3.8500","Morocco","MA","MAR","Tanger-Tétouan-Al Hoceïma","","34848","1504878608"
"São José do Belmonte","Sao Jose do Belmonte","-7.8608","-38.7600","Brazil","BR","BRA","Pernambuco","minor","34843","1076639958"
"Millerovo","Millerovo","48.9167","40.3833","Russia","RU","RUS","Rostovskaya Oblast’","minor","34841","1643830496"
"Hīrākud","Hirakud","21.5250","83.8727","India","IN","IND","Odisha","","34840","1356029751"
"Munnarkōd","Munnarkod","10.9800","76.4700","India","IN","IND","Kerala","","34839","1356879596"
"Mannārakkāt","Mannarakkat","10.9800","76.4700","India","IN","IND","Kerala","","34839","1356004754"
"Galapagar","Galapagar","40.5764","-4.0019","Spain","ES","ESP","Madrid","","34834","1724218090"
"Villajoyosa","Villajoyosa","38.5053","-0.2328","Spain","ES","ESP","Valencia","","34828","1724104919"
"Dragash","Dragash","42.0265","20.6533","Kosovo","XK","XKS","Dragash","admin","34827","1901112530"
"Naryn","Naryn","41.4333","76.0000","Kyrgyzstan","KG","KGZ","Naryn","admin","34822","1417466970"
"Āllagadda","Allagadda","15.1322","78.5138","India","IN","IND","Andhra Pradesh","","34815","1356073530"
"Rishton","Rishton","40.3567","71.2847","Uzbekistan","UZ","UZB","Farg‘ona","minor","34800","1860062985"
"Seelze","Seelze","52.3961","9.5981","Germany","DE","DEU","Lower Saxony","","34798","1276781689"
"Třebíč","Trebic","49.2150","15.8817","Czechia","CZ","CZE","Vysočina","","34797","1203437113"
"Santa Fé do Sul","Santa Fe do Sul","-20.2108","-50.9258","Brazil","BR","BRA","São Paulo","minor","34794","1076177037"
"Limbiate","Limbiate","45.5972","9.1300","Italy","IT","ITA","Lombardy","","34790","1380489248"
"Hammam Dalaa","Hammam Dalaa","35.9281","4.3744","Algeria","DZ","DZA","M’sila","","34785","1012891613"
"Khajamahalpur","Khajamahalpur","17.8000","77.3600","India","IN","IND","Andhra Pradesh","","34784","1356798901"
"San Bernardo del Viento","San Bernardo del Viento","9.3500","-75.9500","Colombia","CO","COL","Córdoba","minor","34782","1170684147"
"Uddevalla","Uddevalla","58.3667","11.9333","Sweden","SE","SWE","Västra Götaland","minor","34781","1752935117"
"Vernier","Vernier","46.2000","6.1000","Switzerland","CH","CHE","Genève","","34774","1756335917"
"Mâcon","Macon","46.3063","4.8313","France","FR","FRA","Bourgogne-Franche-Comté","minor","34759","1250992809"
"São Luís Gonzaga","Sao Luis Gonzaga","-28.4078","-54.9608","Brazil","BR","BRA","Rio Grande do Sul","minor","34752","1076320357"
"Kakhovka","Kakhovka","46.7978","33.4750","Ukraine","UA","UKR","Khersonska Oblast","minor","34749","1804525373"
"Long Beach","Long Beach","40.5887","-73.6660","United States","US","USA","New York","","34741","1840000988"
"Yhú","Yhu","-25.0578","-55.9227","Paraguay","PY","PRY","Caaguazú","","34737","1600450977"
"Safidon","Safidon","29.4200","76.6700","India","IN","IND","Haryāna","","34729","1356834731"
"Shangcaiyuan","Shangcaiyuan","24.6999","102.7540","China","CN","CHN","Yunnan","","34727","1156307869"
"Leganes","Leganes","10.7800","122.5800","Philippines","PH","PHL","Iloilo","","34725","1608931505"
"Merseburg","Merseburg","51.3544","11.9928","Germany","DE","DEU","Saxony-Anhalt","minor","34721","1276735436"
"Kolattupuzha","Kolattupuzha","8.9082","77.0555","India","IN","IND","Kerala","","34721","1356103432"
"Merritt Island","Merritt Island","28.3139","-80.6708","United States","US","USA","Florida","","34718","1840014076"
"Zhujiezhen","Zhujiezhen","23.7442","104.8964","China","CN","CHN","Yunnan","","34712","1156968894"
"Sion","Sion","46.2304","7.3661","Switzerland","CH","CHE","Valais","admin","34708","1756457392"
"Gladstone","Gladstone","-23.8427","151.2555","Australia","AU","AUS","Queensland","","34703","1036070755"
"Simpang Renggam","Simpang Renggam","1.8250","103.3107","Malaysia","MY","MYS","Johor","","34701","1458888646"
"Osimo","Osimo","43.4861","13.4821","Italy","IT","ITA","Marche","","34687","1380993170"
"Azazga","Azazga","36.7453","4.3711","Algeria","DZ","DZA","Tizi Ouzou","","34683","1012087552"
"Randolph","Randolph","42.1778","-71.0539","United States","US","USA","Massachusetts","","34683","1840004675"
"Dhāmnod","Dhamnod","22.2093","75.4706","India","IN","IND","Madhya Pradesh","","34680","1356172191"
"Farafangana","Farafangana","-22.8166","47.8332","Madagascar","MG","MDG","Fianarantsoa","minor","34676","1450306255"
"Bugasong","Bugasong","11.0447","122.0647","Philippines","PH","PHL","Antique","","34676","1608618288"
"Wermelskirchen","Wermelskirchen","51.1500","7.2167","Germany","DE","DEU","North Rhine-Westphalia","","34673","1276444512"
"Naranjito","Naranjito","-2.1667","-79.4653","Ecuador","EC","ECU","Guayas","minor","34664","1218386613"
"Leidschendam","Leidschendam","52.0833","4.4000","Netherlands","NL","NLD","Zuid-Holland","minor","34660","1528331726"
"Augusta","Augusta","37.2303","15.2194","Italy","IT","ITA","Sicilia","","34658","1380515752"
"University City","University City","38.6657","-90.3315","United States","US","USA","Missouri","","34655","1840010739"
"Rio Pardo","Rio Pardo","-29.9900","-52.3778","Brazil","BR","BRA","Rio Grande do Sul","minor","34654","1076675236"
"Le Perreux-Sur-Marne","Le Perreux-Sur-Marne","48.8422","2.5036","France","FR","FRA","Île-de-France","","34654","1250033970"
"Mānāmadurai","Manamadurai","9.6956","78.4564","India","IN","IND","Tamil Nādu","","34653","1356699794"
"Slagelse","Slagelse","55.4027","11.3541","Denmark","DK","DNK","Sjælland","minor","34648","1208687791"
"Sōma","Soma","37.7967","140.9196","Japan","JP","JPN","Fukushima","","34645","1392003527"
"Northbrook","Northbrook","42.1292","-87.8352","United States","US","USA","Illinois","","34642","1840011304"
"Abashiri","Abashiri","44.0167","144.2667","Japan","JP","JPN","Hokkaidō","","34640","1392204790"
"Del Rio","Del Rio","29.3708","-100.8801","United States","US","USA","Texas","","34638","1840019607"
"East Gwillimbury","East Gwillimbury","44.1333","-79.4167","Canada","CA","CAN","Ontario","","34637","1124001370"
"Sarpol-e Z̄ahāb","Sarpol-e Zahab","34.4589","45.8614","Iran","IR","IRN","Kermānshāh","minor","34632","1364372222"
"Marutharōd","Marutharod","10.7737","76.6973","India","IN","IND","Kerala","","34627","1356160741"
"Wedel","Wedel","53.5833","9.7000","Germany","DE","DEU","Schleswig-Holstein","","34617","1276016066"
"Andapa","Andapa","-14.6622","49.6528","Madagascar","MG","MDG","Antsiranana","","34616","1450290201"
"Zweibrücken","Zweibrucken","49.2500","7.3667","Germany","DE","DEU","Rhineland-Palatinate","minor","34613","1276900149"
"Anse-à-Veau","Anse-a-Veau","18.5037","-73.3440","Haiti","HT","HTI","Nippes","","34613","1332029379"
"Sidi Lakhdar","Sidi Lakhdar","36.1428","0.4606","Algeria","DZ","DZA","Mostaganem","","34612","1012307929"
"Medgidia","Medgidia","44.2503","28.2614","Romania","RO","ROU","Constanţa","","34612","1642156284"
"Misungwi","Misungwi","-2.8500","33.0833","Tanzania","TZ","TZA","Mwanza","","34612","1834354110"
"Guaíra","Guaira","-20.3178","-48.3108","Brazil","BR","BRA","São Paulo","minor","34610","1076361005"
"Mugnano di Napoli","Mugnano di Napoli","40.9094","14.2098","Italy","IT","ITA","Campania","","34607","1380872508"
"Dabouziya","Dabouziya","33.3064","-8.3548","Morocco","MA","MAR","Casablanca-Settat","","34607","1504001026"
"Geldern","Geldern","51.5197","6.3325","Germany","DE","DEU","North Rhine-Westphalia","","34604","1276273584"
"Ahrensburg","Ahrensburg","53.6747","10.2411","Germany","DE","DEU","Schleswig-Holstein","","34601","1276744963"
"Dueñas","Duenas","11.0700","122.6200","Philippines","PH","PHL","Iloilo","","34597","1608780214"
"Phokeng","Phokeng","-25.5833","27.1333","South Africa","ZA","ZAF","North West","","34597","1710162596"
"Grantham","Grantham","52.9180","-0.6380","United Kingdom","GB","GBR","Lincolnshire","","34592","1826040909"
"Tynaarlo","Tynaarlo","53.0833","6.6000","Netherlands","NL","NLD","Drenthe","","34592","1528510592"
"Zhangziying","Zhangziying","39.6842","116.5900","China","CN","CHN","Beijing","","34588","1156037834"
"Canton","Canton","34.2467","-84.4897","United States","US","USA","Georgia","","34587","1840014703"
"Morecambe","Morecambe","54.0730","-2.8700","United Kingdom","GB","GBR","Lancashire","","34586","1826651603"
"Qaşr al Qarabūllī","Qasr al Qarabulli","32.7500","13.7167","Libya","LY","LBY","Ţarābulus","","34584","1434342806"
"Manhattan Beach","Manhattan Beach","33.8894","-118.3967","United States","US","USA","California","","34584","1840020496"
"Abulug","Abulug","18.4441","121.4576","Philippines","PH","PHL","Cagayan","","34579","1608894919"
"Swadlincote","Swadlincote","52.7740","-1.5570","United Kingdom","GB","GBR","Derbyshire","","34576","1826055646"
"Yangquan","Yangquan","37.0749","111.5541","China","CN","CHN","Shanxi","","34570","1156060978"
"Prosper","Prosper","33.2394","-96.8087","United States","US","USA","Texas","","34567","1840022019"
"Mildura","Mildura","-34.1889","142.1583","Australia","AU","AUS","Victoria","","34565","1036624348"
"Banda","Banda","24.0449","78.9609","India","IN","IND","Madhya Pradesh","","34561","1356803031"
"Yeonil","Yeonil","36.0000","129.3500","Korea, South","KR","KOR","Gyeongbuk","","34560","1410520135"
"Ofunato","Ofunato","39.0819","141.7089","Japan","JP","JPN","Iwate","","34558","1392003522"
"Cativá","Cativa","9.3624","-79.8357","Panama","PA","PAN","Colón","minor","34558","1591118642"
"Bonifacio","Bonifacio","8.0527","123.6136","Philippines","PH","PHL","Misamis Occidental","","34558","1608594855"
"Paithan","Paithan","19.4751","75.3856","India","IN","IND","Mahārāshtra","","34556","1356410780"
"Manitowoc","Manitowoc","44.0991","-87.6812","United States","US","USA","Wisconsin","","34553","1840002213"
"Falls","Falls","40.1686","-74.7915","United States","US","USA","Pennsylvania","","34548","1840152152"
"Dāpoli","Dapoli","17.7589","73.1856","India","IN","IND","Mahārāshtra","","34544","1356762090"
"Sabaneta","Sabaneta","19.4833","-71.3500","Dominican Republic","DO","DOM","Cibao Noroeste","minor","34540","1214181927"
"Cañete","Canete","-37.7994","-73.3953","Chile","CL","CHL","Biobío","","34537","1152180527"
"Kulittalai","Kulittalai","10.9357","78.4241","India","IN","IND","Tamil Nādu","","34532","1356566393"
"Gisborne","Gisborne","-38.6625","178.0178","New Zealand","NZ","NZL","Gisborne","admin","34527","1554359840"
"Pasni","Pasni","25.2652","63.4698","Pakistan","PK","PAK","Balochistan","","34524","1586321279"
"Bayog","Bayog","7.8474","123.0423","Philippines","PH","PHL","Zamboanga del Sur","","34519","1608058578"
"Bāft","Baft","29.2350","56.5989","Iran","IR","IRN","Kermān","minor","34517","1364013464"
"Mogpog","Mogpog","13.4800","121.8700","Philippines","PH","PHL","Marinduque","","34516","1608266747"
"Santa Maria","Santa Maria","14.4750","121.4250","Philippines","PH","PHL","Laguna","","34511","1608364592"
"Fairborn","Fairborn","39.8010","-84.0094","United States","US","USA","Ohio","","34506","1840008440"
"Côte-Saint-Luc","Cote-Saint-Luc","45.4687","-73.6673","Canada","CA","CAN","Quebec","","34504","1124563603"
"Ankola","Ankola","14.6605","74.3047","India","IN","IND","Karnātaka","","34502","1356300206"
"Aïn Taya","Ain Taya","36.7917","3.2889","Algeria","DZ","DZA","Alger","","34501","1012199705"
"Lębork","Lebork","54.5500","17.7500","Poland","PL","POL","Pomorskie","minor","34500","1616424238"
"Barugo","Barugo","11.3200","124.7300","Philippines","PH","PHL","Leyte","","34497","1608857790"
"Sadda","Sadda","33.7056","70.3292","Pakistan","PK","PAK","Khyber Pakhtunkhwa","","34495","1586420679"
"McMinnville","McMinnville","45.2110","-123.1918","United States","US","USA","Oregon","","34493","1840019956"
"Brzeg","Brzeg","50.8667","17.4833","Poland","PL","POL","Opolskie","minor","34492","1616000502"
"Tayshet","Tayshet","55.9500","98.0167","Russia","RU","RUS","Irkutskaya Oblast’","minor","34491","1643635211"
"Ballesteros","Ballesteros","18.4108","121.5169","Philippines","PH","PHL","Cagayan","","34488","1608497933"
"Ocuilan de Arteaga","Ocuilan de Arteaga","19.0000","-99.4000","Mexico","MX","MEX","México","minor","34485","1484570544"
"Shangzhen","Shangzhen","33.7116","110.2575","China","CN","CHN","Shaanxi","","34481","1156871369"
"Bodocó","Bodoco","-7.7778","-39.9408","Brazil","BR","BRA","Pernambuco","minor","34478","1076358937"
"Santa Fe","Santa Fe","11.1500","123.8000","Philippines","PH","PHL","Cebu","","34471","1608538046"
"Lewiston","Lewiston","46.3934","-116.9933","United States","US","USA","Idaho","","34471","1840019897"
"Curuzú Cuatiá","Curuzu Cuatia","-29.7833","-58.0833","Argentina","AR","ARG","Corrientes","minor","34470","1032386934"
"Gerāsh","Gerash","27.6667","54.1411","Iran","IR","IRN","Fārs","minor","34469","1364856957"
"Nola","Nola","40.9261","14.5282","Italy","IT","ITA","Campania","","34467","1380727895"
"Formigine","Formigine","44.5739","10.8478","Italy","IT","ITA","Emilia-Romagna","","34467","1380168196"
"Aloguinsan","Aloguinsan","10.2229","123.5491","Philippines","PH","PHL","Cebu","","34466","1608628202"
"Meridian","Meridian","32.3846","-88.6896","United States","US","USA","Mississippi","","34466","1840014891"
"Smolyan","Smolyan","41.5830","24.7000","Bulgaria","BG","BGR","Smolyan","admin","34465","1100429166"
"Nishihara","Nishihara","26.2167","127.7667","Japan","JP","JPN","Okinawa","","34463","1392591354"
"Schoten","Schoten","51.2500","4.5000","Belgium","BE","BEL","Flanders","","34462","1056187001"
"Saparua","Saparua","-3.5749","128.6470","Indonesia","ID","IDN","Maluku","minor","34460","1360081288"
"Motosu","Motosu","35.4830","136.6786","Japan","JP","JPN","Gifu","","34453","1392598380"
"Banes","Banes","20.9697","-75.7117","Cuba","CU","CUB","Holguín","minor","34452","1192981466"
"Madakalavāripalli","Madakalavaripalli","14.7475","79.0843","India","IN","IND","Andhra Pradesh","","34449","1356847382"
"Canicattì","Canicatti","37.3600","13.8511","Italy","IT","ITA","Sicilia","","34449","1380041258"
"Belen","Belen","36.4889","36.1944","Turkey","TR","TUR","Hatay","minor","34449","1792296962"
"Hatibanda","Hatibanda","24.2155","90.1600","Bangladesh","BD","BGD","Dhaka","","34445","1050959978"
"Bela Vista de Goiás","Bela Vista de Goias","-16.9728","-48.9528","Brazil","BR","BRA","Goiás","minor","34445","1076686680"
"Zaidpur","Zaidpur","26.8300","81.3300","India","IN","IND","Uttar Pradesh","","34443","1356767674"
"Sochaczew","Sochaczew","52.2333","20.2333","Poland","PL","POL","Mazowieckie","minor","34439","1616172675"
"Fort Liberté","Fort Liberte","19.6656","-71.8448","Haiti","HT","HTI","Nord-Est","admin","34434","1332603160"
"Exmouth","Exmouth","50.6200","-3.4130","United Kingdom","GB","GBR","Devon","","34432","1826008044"
"Ye","Ye","15.2467","97.8556","Burma","MM","MMR","Mon State","","34430","1104513802"
"Kalasin","Kalasin","16.4342","103.5092","Thailand","TH","THA","Kalasin","admin","34429","1764060973"
"Gotō","Goto","32.7000","128.8333","Japan","JP","JPN","Nagasaki","","34425","1392003394"
"North Shields","North Shields","55.0097","-1.4448","United Kingdom","GB","GBR","North Tyneside","","34423","1826426225"
"Kuji","Kuji","40.1905","141.7757","Japan","JP","JPN","Iwate","","34418","1392882660"
"Merauke","Merauke","-8.4932","140.4018","Indonesia","ID","IDN","Papua Selatan","admin","34412","1360904439"
"Itaporanga d’Ajuda","Itaporanga d'Ajuda","-10.9978","-37.3108","Brazil","BR","BRA","Sergipe","minor","34411","1076537619"
"Riccione Marina","Riccione Marina","44.0000","12.6500","Italy","IT","ITA","Emilia-Romagna","","34400","1380177651"
"Paxtaobod","Paxtaobod","40.9294","72.4969","Uzbekistan","UZ","UZB","Andijon","minor","34400","1860865597"
"Năvodari","Navodari","44.3211","28.6133","Romania","RO","ROU","Constanţa","","34398","1642234655"
"College Park","College Park","38.9960","-76.9337","United States","US","USA","Maryland","","34397","1840005971"
"Boyarka","Boyarka","50.3292","30.2886","Ukraine","UA","UKR","Kyivska Oblast","","34394","1804000125"
"Meppel","Meppel","52.6958","6.1944","Netherlands","NL","NLD","Drenthe","minor","34386","1528720406"
"Villena","Villena","38.6350","-0.8658","Spain","ES","ESP","Valencia","","34385","1724638080"
"Schiltigheim","Schiltigheim","48.6078","7.7500","France","FR","FRA","Grand Est","","34382","1250916117"
"Valparaiso","Valparaiso","41.4783","-87.0506","United States","US","USA","Indiana","","34377","1840014674"
"Biwong","Biwong","3.1333","11.1500","Cameroon","CM","CMR","Sud","","34374","1120534976"
"Santa Ana Nextlalpan","Santa Ana Nextlalpan","19.7167","-99.0667","Mexico","MX","MEX","México","minor","34374","1484696225"
"Goshen","Goshen","41.5743","-85.8309","United States","US","USA","Indiana","","34374","1840013733"
"Corsico","Corsico","45.4333","9.1167","Italy","IT","ITA","Lombardy","","34373","1380973282"
"Cherchell","Cherchell","36.6075","2.1900","Algeria","DZ","DZA","Tipaza","","34372","1012114128"
"Tábor","Tabor","49.4144","14.6578","Czechia","CZ","CZE","Jihočeský Kraj","","34370","1203712399"
"Durazno","Durazno","-33.3667","-56.5167","Uruguay","UY","URY","Durazno","admin","34368","1858006236"
"Yihezhuang","Yihezhuang","39.1373","116.0744","China","CN","CHN","Hebei","","34359","1156022705"
"Kulp","Kulp","38.6642","41.0067","Turkey","TR","TUR","Diyarbakır","minor","34357","1792693843"
"Houlong","Houlong","24.6167","120.7833","Taiwan","TW","TWN","Miaoli","","34355","1158090050"
"São Joaquim de Bicas","Sao Joaquim de Bicas","-20.0489","-44.2739","Brazil","BR","BRA","Minas Gerais","minor","34348","1076293816"
"Viernheim","Viernheim","49.5417","8.5786","Germany","DE","DEU","Hesse","","34348","1276924320"
"Kita Chauhāttar","Kita Chauhattar","25.6770","84.8720","India","IN","IND","Bihār","","34342","1356562270"
"Betafo","Betafo","-19.8383","46.8558","Madagascar","MG","MDG","Antananarivo","","34336","1450624332"
"Garibaldi","Garibaldi","-29.2558","-51.5339","Brazil","BR","BRA","Rio Grande do Sul","minor","34335","1076481816"
"Pleasant Hill","Pleasant Hill","37.9539","-122.0759","United States","US","USA","California","","34335","1840020283"
"Derry","Derry","42.8888","-71.2804","United States","US","USA","New Hampshire","","34335","1840054793"
"Biberach","Biberach","48.1000","9.7833","Germany","DE","DEU","Baden-Württemberg","minor","34331","1276241010"
"Heunghae","Heunghae","36.1167","129.3500","Korea, South","KR","KOR","Gyeongbuk","minor","34328","1410289558"
"Korschenbroich","Korschenbroich","51.1833","6.5167","Germany","DE","DEU","North Rhine-Westphalia","","34324","1276206387"
"Phra Phutthabat","Phra Phutthabat","14.7253","100.7954","Thailand","TH","THA","Saraburi","minor","34322","1764815202"
"Same","Same","-4.0667","37.7833","Tanzania","TZ","TZA","Kilimanjaro","","34322","1834888088"
"Spanaway","Spanaway","47.0979","-122.4233","United States","US","USA","Washington","","34322","1840018451"
"Stow","Stow","41.1765","-81.4344","United States","US","USA","Ohio","","34317","1840000803"
"Tandubas","Tandubas","5.1340","120.3461","Philippines","PH","PHL","Tawi-Tawi","","34316","1608495674"
"Degāna","Degana","26.8951","74.3222","India","IN","IND","Rājasthān","","34315","1356669884"
"Bezons","Bezons","48.9261","2.2178","France","FR","FRA","Île-de-France","","34314","1250139521"
"La Blanca","La Blanca","14.5791","-92.1414","Guatemala","GT","GTM","San Marcos","minor","34307","1320627277"
"Wavre","Wavre","50.7147","4.6107","Belgium","BE","BEL","Wallonia","minor","34305","1056538762"
"Bathurst","Bathurst","-33.4200","149.5778","Australia","AU","AUS","New South Wales","","34303","1036446465"
"Swakopmund","Swakopmund","-22.6667","14.5333","Namibia","NA","NAM","Erongo","admin","34300","1516214290"
"Isingiro","Isingiro","-0.7950","30.8153","Uganda","UG","UGA","Isingiro","admin","34300","1800843586"
"Sokol","Sokol","59.4667","40.1167","Russia","RU","RUS","Vologodskaya Oblast’","","34298","1643586879"
"Quilevo","Quilevo","-7.6167","15.0500","Angola","AO","AGO","Uíge","","34297","1024896848"
"Araçuaí","Aracuai","-16.8500","-42.0700","Brazil","BR","BRA","Minas Gerais","minor","34297","1076501078"
"Conegliano","Conegliano","45.8872","12.2969","Italy","IT","ITA","Veneto","","34292","1380962405"
"Westmont","Westmont","33.9417","-118.3018","United States","US","USA","California","","34291","1840028408"
"Nandaime","Nandaime","11.7500","-86.0500","Nicaragua","NI","NIC","Granada","minor","34288","1558998589"
"Licata","Licata","37.1083","13.9469","Italy","IT","ITA","Sicilia","","34287","1380907780"
"São Pedro","Sao Pedro","-22.5486","-47.9139","Brazil","BR","BRA","São Paulo","minor","34284","1076401713"
"Almendralejo","Almendralejo","38.6833","-6.4167","Spain","ES","ESP","Extremadura","","34284","1724000018"
"Shinjō","Shinjo","38.7667","140.3000","Japan","JP","JPN","Yamagata","","34284","1392003420"
"Almeirim","Almeirim","-1.5228","-52.5819","Brazil","BR","BRA","Pará","minor","34280","1076655786"
"Kalarūch","Kalaruch","34.5731","74.3210","India","IN","IND","Jammu and Kashmīr","","34280","1356649877"
"Santa Rosa de Lima","Santa Rosa de Lima","13.6167","-87.9000","El Salvador","SV","SLV","La Unión","","34279","1222685662"
"Trappes","Trappes","48.7775","2.0025","France","FR","FRA","Île-de-France","","34276","1250762117"
"Pinukpuk","Pinukpuk","17.5731","121.3653","Philippines","PH","PHL","Kalinga","","34275","1608337793"
"Upper Merion","Upper Merion","40.0902","-75.3791","United States","US","USA","Pennsylvania","","34274","1840152386"
"Buchanan","Buchanan","5.8808","-10.0467","Liberia","LR","LBR","Grand Bassa","admin","34270","1430478203"
"Nova Cruz","Nova Cruz","-6.4778","-35.4339","Brazil","BR","BRA","Rio Grande do Norte","minor","34269","1076169350"
"Lautaro","Lautaro","-38.5167","-72.4500","Chile","CL","CHL","Araucanía","","34268","1152700530"
"Fusō","Fuso","35.3591","136.9132","Japan","JP","JPN","Aichi","","34268","1392003320"
"Aiyappan Kōvil","Aiyappan Kovil","9.7158","77.0333","India","IN","IND","Kerala","","34267","1356231118"
"São Desidério","Sao Desiderio","-12.3633","-44.9733","Brazil","BR","BRA","Bahia","minor","34266","1076278126"
"Třinec","Trinec","49.6778","18.6728","Czechia","CZ","CZE","Moravskoslezský Kraj","","34266","1203430167"
"Hitchin","Hitchin","51.9470","-0.2830","United Kingdom","GB","GBR","Hertfordshire","","34266","1826093917"
"Vedāranniyam","Vedaranniyam","10.3774","79.8495","India","IN","IND","Tamil Nādu","","34266","1356350689"
"Zhangzhengqiao","Zhangzhengqiao","38.4042","106.3567","China","CN","CHN","Ningxia","","34256","1156241639"
"Lixingcun","Lixingcun","23.0852","116.3666","China","CN","CHN","Guangdong","","34254","1156050305"
"Esposende","Esposende","41.5333","-8.7833","Portugal","PT","PRT","Braga","minor","34254","1620944667"
"Pikesville","Pikesville","39.3893","-76.7020","United States","US","USA","Maryland","","34253","1840005687"
"New Panamao","New Panamao","5.9700","121.2000","Philippines","PH","PHL","Sulu","","34249","1608080145"
"Simunul","Simunul","4.8980","119.8213","Philippines","PH","PHL","Tawi-Tawi","","34245","1608851616"
"La Huacana","La Huacana","18.9625","-101.8069","Mexico","MX","MEX","Michoacán","minor","34243","1484078900"
"Sibutu","Sibutu","4.8500","119.4700","Philippines","PH","PHL","Tawi-Tawi","","34243","1608534545"
"Baraidih","Baraidih","25.9798","86.1434","India","IN","IND","Bihār","","34236","1356122015"
"Colinas do Tocantins","Colinas do Tocantins","-8.0589","-48.4750","Brazil","BR","BRA","Tocantins","minor","34233","1076519835"
"Atami","Atami","35.0960","139.0716","Japan","JP","JPN","Shizuoka","","34233","1392990970"
"Roi Et","Roi Et","16.0531","103.6511","Thailand","TH","THA","Roi Et","admin","34229","1764216668"
"General Nakar","General Nakar","14.7631","121.6350","Philippines","PH","PHL","Quezon","","34225","1608579527"
"Douz","Douz","33.4500","9.0167","Tunisia","TN","TUN","Kébili","","34221","1788276238"
"Santa Maria","Santa Maria","15.9808","120.7003","Philippines","PH","PHL","Pangasinan","","34220","1608045097"
"Isfana","Isfana","39.8389","69.5276","Kyrgyzstan","KG","KGZ","Batken","minor","34219","1417781894"
"São Sebastião","Sao Sebastiao","-9.9336","-36.5542","Brazil","BR","BRA","Alagoas","minor","34211","1076306142"
"Pangururan","Pangururan","2.6075","98.6959","Indonesia","ID","IDN","Sumatera Utara","minor","34209","1360440190"
"Úbeda","Ubeda","38.0133","-3.3705","Spain","ES","ESP","Andalusia","","34208","1724367504"
"Badiadka","Badiadka","12.5833","75.0667","India","IN","IND","Kerala","","34207","1356486708"
"Shāhīn Dezh","Shahin Dezh","36.6806","46.5681","Iran","IR","IRN","Āz̄arbāyjān-e Gharbī","minor","34204","1364208028"
"Toumoukro","Toumoukro","10.3833","-5.7500","Côte d’Ivoire","CI","CIV","Savanes","","34200","1384732814"
"Karoi","Karoi","-16.8100","29.7000","Zimbabwe","ZW","ZWE","Mashonaland West","","34200","1716627056"
"South Riding","South Riding","38.9120","-77.5132","United States","US","USA","Virginia","","34200","1840024507"
"Tōon","Toon","33.7833","132.8667","Japan","JP","JPN","Ehime","","34195","1392003399"
"Bintuni","Bintuni","-2.1167","133.5333","Indonesia","ID","IDN","Papua Barat","minor","34192","1360482675"
"San Roque","San Roque","36.2097","-5.3844","Spain","ES","ESP","Andalusia","","34190","1724332438"
"Šid","Sid","45.1283","19.2264","Serbia","RS","SRB","Šid","admin","34188","1688899483"
"Curaçá","Curaca","-8.9919","-39.9078","Brazil","BR","BRA","Bahia","minor","34180","1076762736"
"Kornwestheim","Kornwestheim","48.8598","9.1852","Germany","DE","DEU","Baden-Württemberg","","34177","1276918130"
"Orangeville","Orangeville","43.9167","-80.1167","Canada","CA","CAN","Ontario","","34177","1124566061"
"Cariari","Cariari","10.4349","-83.6851","Costa Rica","CR","CRI","Limón","","34176","1188001355"
"Stuhr","Stuhr","53.0167","8.7500","Germany","DE","DEU","Lower Saxony","","34176","1276158158"
"Apodi","Apodi","-5.6639","-37.7989","Brazil","BR","BRA","Rio Grande do Norte","minor","34174","1076092856"
"Tiruvūr","Tiruvur","17.1000","80.6000","India","IN","IND","Andhra Pradesh","","34173","1356119105"
"Datang","Datang","26.3297","108.0639","China","CN","CHN","Guizhou","","34169","1156055547"
"Cooper City","Cooper City","26.0463","-80.2862","United States","US","USA","Florida","","34166","1840015133"
"Mosonmagyaróvár","Mosonmagyarovar","47.8737","17.2687","Hungary","HU","HUN","Győr-Moson-Sopron","minor","34165","1348666755"
"Montgomery Village","Montgomery Village","39.1788","-77.1954","United States","US","USA","Maryland","","34161","1840005834"
"Znojmo","Znojmo","48.8556","16.0489","Czechia","CZ","CZE","Jihomoravský Kraj","","34160","1203362507"
"Bor","Bor","44.1303","22.1036","Serbia","RS","SRB","Bor","admin","34159","1688966590"
"Dakota Ridge","Dakota Ridge","39.6192","-105.1344","United States","US","USA","Colorado","","34159","1840038683"
"Lufkin","Lufkin","31.3217","-94.7277","United States","US","USA","Texas","","34158","1840020840"
"Talayan","Talayan","6.9844","124.3564","Philippines","PH","PHL","Maguindanao","","34156","1608918556"
"Sambir","Sambir","49.5167","23.2028","Ukraine","UA","UKR","Lvivska Oblast","minor","34152","1804333942"
"Les Mureaux","Les Mureaux","48.9875","1.9172","France","FR","FRA","Île-de-France","","34151","1250306722"
"Tepeji del Río de Ocampo","Tepeji del Rio de Ocampo","19.9039","-99.3414","Mexico","MX","MEX","Hidalgo","","34151","1484352351"
"Tobelo","Tobelo","1.7319","128.0078","Indonesia","ID","IDN","Maluku Utara","minor","34150","1360613851"
"Vechta","Vechta","52.7306","8.2886","Germany","DE","DEU","Lower Saxony","minor","34145","1276147280"
"Yasynuvata","Yasynuvata","48.1278","37.8625","Ukraine","UA","UKR","Donetska Oblast","","34144","1804948935"
"Kozáni","Kozani","40.3000","21.7833","Greece","GR","GRC","Dytikí Makedonía","admin","34138","1300407295"
"Kokrajhar","Kokrajhar","26.4000","90.2700","India","IN","IND","Assam","","34136","1356034356"
"Risod","Risod","19.9700","76.7800","India","IN","IND","Mahārāshtra","","34136","1356033966"
"Dimona","Dimona","31.0700","35.0300","Israel","IL","ISR","Southern","","34135","1376956540"
"New City","New City","41.1542","-73.9912","United States","US","USA","New York","","34133","1840004964"
"Caldono","Caldono","2.8000","-76.5333","Colombia","CO","COL","Cauca","minor","34132","1170589443"
"Laoac East","Laoac East","16.0333","120.5500","Philippines","PH","PHL","Pangasinan","","34128","1608510641"
"Takhemaret","Takhemaret","35.1072","0.6833","Algeria","DZ","DZA","Tiaret","","34124","1012236307"
"Almora","Almora","29.5971","79.6591","India","IN","IND","Uttarākhand","","34122","1356045284"
"Brejo","Brejo","-3.6839","-42.7500","Brazil","BR","BRA","Maranhão","minor","34120","1076010144"
"San Agustín","San Agustin","1.9000","-76.2833","Colombia","CO","COL","Huila","minor","34120","1170663571"
"Cristalina","Cristalina","-16.7689","-47.6139","Brazil","BR","BRA","Goiás","minor","34116","1076014539"
"Shisō","Shiso","35.0000","134.5500","Japan","JP","JPN","Hyōgo","","34116","1392003057"
"Balarāmpur","Balarampur","26.2432","89.5863","India","IN","IND","West Bengal","","34113","1356027247"
"Uonuma","Uonuma","37.2301","138.9615","Japan","JP","JPN","Niigata","","34112","1392915660"
"Cravinhos","Cravinhos","-21.3403","-47.7294","Brazil","BR","BRA","São Paulo","minor","34110","1076465069"
"Gyapekurom","Gyapekurom","7.5833","-2.7833","Ghana","GH","GHA","Bono","","34107","1288171372"
"Fungurume","Fungurume","-10.6167","26.3000","Congo (Kinshasa)","CD","COD","Lualaba","","34104","1180430603"
"Guindulman","Guindulman","9.7620","124.4880","Philippines","PH","PHL","Bohol","","34104","1608000310"
"Pingtang","Pingtang","22.7542","111.7527","China","CN","CHN","Guangdong","","34103","1156555380"
"Diakon","Diakon","14.6275","-10.7347","Mali","ML","MLI","Kayes","","34100","1466221390"
"San Dimas","San Dimas","34.1082","-117.8090","United States","US","USA","California","","34099","1840021860"
"Qingyang","Qingyang","36.1985","113.4313","China","CN","CHN","Shanxi","minor","34098","1156149522"
"Leduc","Leduc","53.2594","-113.5492","Canada","CA","CAN","Alberta","","34094","1124170853"
"Rainham","Rainham","51.3600","0.6100","United Kingdom","GB","GBR","Medway","","34088","1826039806"
"San Manuel","San Manuel","17.0200","121.6300","Philippines","PH","PHL","Isabela","","34085","1608882654"
"Beaufort West","Beaufort West","-32.3500","22.5833","South Africa","ZA","ZAF","Western Cape","","34085","1710940488"
"Lexington","Lexington","42.4456","-71.2307","United States","US","USA","Massachusetts","","34085","1840053638"
"Petrel","Petrel","38.4845","-0.7696","Spain","ES","ESP","Valencia","","34076","1724000064"
"Honaz","Honaz","37.7578","29.2642","Turkey","TR","TUR","Denizli","minor","34074","1792457623"
"Titlāgarh","Titlagarh","20.2871","83.1466","India","IN","IND","Odisha","","34067","1356364042"
"Cantilan","Cantilan","9.3356","125.9769","Philippines","PH","PHL","Surigao del Sur","","34060","1608479522"
"Wāris Alīganj","Waris Aliganj","25.0100","85.6300","India","IN","IND","Bihār","","34056","1356061108"
"Eastchester","Eastchester","40.9536","-73.8133","United States","US","USA","New York","","34048","1840058058"
"Gbarnga","Gbarnga","6.9980","-9.4730","Liberia","LR","LBR","Bong","admin","34046","1430269323"
"San Remigio","San Remigio","10.8331","122.0875","Philippines","PH","PHL","Antique","","34045","1608377520"
"Podgórze","Podgorze","50.0417","19.9833","Poland","PL","POL","Małopolskie","","34045","1616725175"
"Lommel","Lommel","51.2317","5.3110","Belgium","BE","BEL","Flanders","","34044","1056200489"
"Pagani","Pagani","40.7417","14.6167","Italy","IT","ITA","Campania","","34044","1380508448"
"Crown Point","Crown Point","41.4143","-87.3457","United States","US","USA","Indiana","","34042","1840007091"
"Sint-Pieters-Leeuw","Sint-Pieters-Leeuw","50.7833","4.2500","Belgium","BE","BEL","Flanders","","34038","1056770935"
"Arteijo","Arteijo","43.3044","-8.5114","Spain","ES","ESP","Galicia","","34038","1724272253"
"Westlake","Westlake","41.4524","-81.9294","United States","US","USA","Ohio","","34036","1840003420"
"Aldaya","Aldaya","39.4639","-0.4628","Spain","ES","ESP","Valencia","","34035","1724676507"
"São Domingos do Maranhão","Sao Domingos do Maranhao","-5.5758","-44.3850","Brazil","BR","BRA","Maranhão","minor","34034","1076192320"
"Palapag","Palapag","12.5470","125.1160","Philippines","PH","PHL","Northern Samar","","34034","1608117306"
"Puqiancun","Puqiancun","20.0289","110.5769","China","CN","CHN","Hainan","","34027","1156572519"
"Kearney","Kearney","40.7011","-99.0833","United States","US","USA","Nebraska","","34024","1840000957"
"Jalajala","Jalajala","14.3540","121.3240","Philippines","PH","PHL","Rizal","","34017","1608617458"
"Rūdarpur","Rudarpur","26.4293","83.6104","India","IN","IND","Uttar Pradesh","","34014","1356844988"
"Mirnyy","Mirnyy","62.5500","113.9667","Russia","RU","RUS","Sakha (Yakutiya)","minor","34013","1643007406"
"San Juan Nepomuceno","San Juan Nepomuceno","9.9500","-75.0833","Colombia","CO","COL","Bolívar","minor","34012","1170645816"
"Minamishiro","Minamishiro","36.0227","139.7227","Japan","JP","JPN","Saitama","","34012","1392934140"
"Majagual","Majagual","8.5000","-74.6667","Colombia","CO","COL","Sucre","minor","34010","1170046110"
"Syracuse","Syracuse","41.0859","-112.0698","United States","US","USA","Utah","","34009","1840021352"
"Dīvāndarreh","Divandarreh","35.9158","47.0228","Iran","IR","IRN","Kordestān","minor","34007","1364126275"
"Quinchía","Quinchia","5.3379","-75.7296","Colombia","CO","COL","Risaralda","minor","34005","1170201227"
"Oneşti","Onesti","46.2586","26.7692","Romania","RO","ROU","Bacău","","34005","1642860854"
"Gibraltar","Gibraltar","36.1400","-5.3500","Gibraltar","GI","GIB","","primary","34003","1292385245"
"Eastpointe","Eastpointe","42.4657","-82.9461","United States","US","USA","Michigan","","34003","1840002420"
"Koryazhma","Koryazhma","61.3167","47.1333","Russia","RU","RUS","Arkhangel’skaya Oblast’","minor","34002","1643316632"
"Vác","Vac","47.7753","19.1311","Hungary","HU","HUN","Pest","minor","34001","1348810997"
"Zhegaozhen","Zhegaozhen","31.7827","117.7553","China","CN","CHN","Anhui","","34000","1156357704"
"Tamra","Tamra","32.8536","35.1978","Israel","IL","ISR","Northern","","34000","1376012882"
"Ankazomiriotra","Ankazomiriotra","-19.6604","46.5348","Madagascar","MG","MDG","Antananarivo","","34000","1450000270"
"Maromandia","Maromandia","-14.2040","48.0828","Madagascar","MG","MDG","Mahajanga","","34000","1450666158"
"Mahasoabe","Mahasoabe","-21.5895","47.2204","Madagascar","MG","MDG","Fianarantsoa","","34000","1450903895"
"Lushoto","Lushoto","-4.7928","38.2911","Tanzania","TZ","TZA","Tanga","","34000","1834431227"
"Uelzen","Uelzen","52.9647","10.5658","Germany","DE","DEU","Lower Saxony","minor","33991","1276042012"
"Nurlat","Nurlat","54.4333","50.8000","Russia","RU","RUS","Tatarstan","","33990","1643326238"
"Letchworth","Letchworth","51.9780","-0.2300","United Kingdom","GB","GBR","Hertfordshire","","33986","1826971219"
"Kallidaikurichi","Kallidaikurichi","8.6859","77.4659","India","IN","IND","Tamil Nādu","","33984","1356664693"
"Menen","Menen","50.8000","3.1167","Belgium","BE","BEL","Flanders","","33982","1056841514"
"Shariff Aguak","Shariff Aguak","6.8647","124.4417","Philippines","PH","PHL","","","33982","1608346338"
"San Quintin","San Quintin","15.9844","120.8150","Philippines","PH","PHL","Pangasinan","","33980","1608250761"
"Vassouras","Vassouras","-22.4039","-43.6628","Brazil","BR","BRA","Rio de Janeiro","minor","33976","1076049981"
"City of Orange","City of Orange","40.7681","-74.2348","United States","US","USA","New Jersey","","33973","1840131615"
"Angri","Angri","40.7431","14.5694","Italy","IT","ITA","Campania","","33972","1380361443"
"Peyziwat","Peyziwat","39.4955","76.7428","China","CN","CHN","Xinjiang","minor","33971","1156141748"
"Milaor","Milaor","13.5956","123.1781","Philippines","PH","PHL","Camarines Sur","","33963","1608100026"
"Kignan","Kignan","11.8553","-6.0164","Mali","ML","MLI","Sikasso","","33962","1466387933"
"Sharypovo","Sharypovo","55.5333","89.2000","Russia","RU","RUS","Krasnoyarskiy Kray","minor","33961","1643451385"
"Cieszyn","Cieszyn","49.7484","18.6332","Poland","PL","POL","Śląskie","minor","33958","1616089679"
"Sibagat","Sibagat","8.8200","125.6900","Philippines","PH","PHL","Agusan del Sur","","33957","1608693755"
"Acatlán de Osorio","Acatlan de Osorio","18.2086","-98.0575","Mexico","MX","MEX","Puebla","","33954","1484340141"
"Lochem","Lochem","52.1606","6.4158","Netherlands","NL","NLD","Gelderland","minor","33948","1528747792"
"Kakata","Kakata","6.5300","-10.3517","Liberia","LR","LBR","Margibi","admin","33945","1430656307"
"Likino-Dulevo","Likino-Dulevo","55.7167","38.9500","Russia","RU","RUS","Moskovskaya Oblast’","","33945","1643014243"
"Lanciano","Lanciano","42.2312","14.3905","Italy","IT","ITA","Abruzzo","","33944","1380596606"
"North Providence","North Providence","41.8616","-71.4575","United States","US","USA","Rhode Island","","33940","1840106198"
"Annigeri","Annigeri","15.4251","75.4335","India","IN","IND","Karnātaka","","33937","1356141254"
"San José Poaquil","San Jose Poaquil","14.8167","-90.9000","Guatemala","GT","GTM","Chimaltenango","minor","33932","1320659437"
"San Juan Evangelista","San Juan Evangelista","17.8833","-95.1333","Mexico","MX","MEX","Veracruz","minor","33929","1484667360"
"Bassin Bleu","Bassin Bleu","19.7833","-72.8000","Haiti","HT","HTI","Nord-Ouest","","33926","1332244969"
"Pulgaon","Pulgaon","20.7260","78.3170","India","IN","IND","Mahārāshtra","","33925","1356747554"
"Weatherford","Weatherford","32.7536","-97.7723","United States","US","USA","Texas","","33924","1840022041"
"Starokostiantyniv","Starokostiantyniv","49.7556","27.2208","Ukraine","UA","UKR","Khmelnytska Oblast","","33921","1804538955"
"Hemer","Hemer","51.3833","7.7667","Germany","DE","DEU","North Rhine-Westphalia","","33916","1276327126"
"Oued el Alleug","Oued el Alleug","36.5500","2.7833","Algeria","DZ","DZA","Tipaza","","33915","1012058750"
"Billingham","Billingham","54.6100","-1.2700","United Kingdom","GB","GBR","Stockton-on-Tees","","33915","1826138343"
"Impfondo","Impfondo","1.6186","18.0622","Congo (Brazzaville)","CG","COG","Likouala","admin","33911","1178021926"
"Zhuqi","Zhuqi","23.5065","120.6021","Taiwan","TW","TWN","Chiayi","","33906","1158917918"
"Aznakayevo","Aznakayevo","54.8500","53.1000","Russia","RU","RUS","Tatarstan","","33905","1643955098"
"Salt","Salt","41.9761","2.7881","Spain","ES","ESP","Catalonia","","33904","1724677327"
"Curralinho","Curralinho","-1.8139","-49.7950","Brazil","BR","BRA","Pará","minor","33903","1076735826"
"Initao","Initao","8.5000","124.3167","Philippines","PH","PHL","Misamis Oriental","","33902","1608853525"
"Mulavūr","Mulavur","10.0111","76.6056","India","IN","IND","Kerala","","33901","1356159981"
"Adrano","Adrano","37.6625","14.8356","Italy","IT","ITA","Sicilia","","33899","1380203916"
"Lupi Viejo","Lupi Viejo","13.7908","122.9092","Philippines","PH","PHL","Camarines Sur","","33897","1608378429"
"Réo","Reo","12.3167","-2.4667","Burkina Faso","BF","BFA","Centre-Ouest","minor","33893","1854684997"
"Woodridge","Woodridge","41.7370","-88.0409","United States","US","USA","Illinois","","33889","1840011411"
"Navan","Navan","53.6528","-6.6814","Ireland","IE","IRL","Meath","","33886","1372720842"
"Guying","Guying","38.0887","114.5560","China","CN","CHN","Hebei","","33884","1156014074"
"Timbío","Timbio","2.3445","-76.6839","Colombia","CO","COL","Cauca","minor","33883","1170815311"
"Zhaitangcun","Zhaitangcun","24.5010","112.4296","China","CN","CHN","Guangdong","","33876","1156138159"
"Toda Bhīm","Toda Bhim","26.9167","76.8167","India","IN","IND","Rājasthān","","33876","1356092473"
"Byādgi","Byadgi","14.6733","75.4868","India","IN","IND","Karnātaka","","33875","1356354161"
"Itiúba","Itiuba","-10.6908","-39.8528","Brazil","BR","BRA","Bahia","minor","33872","1076953529"
"Lianga","Lianga","8.6330","126.0932","Philippines","PH","PHL","Surigao del Sur","minor","33869","1608000757"
"Gubkinskiy","Gubkinskiy","66.4333","76.5000","Russia","RU","RUS","Yamalo-Nenetskiy Avtonomnyy Okrug","","33869","1643018972"
"Tabango","Tabango","11.3067","124.3714","Philippines","PH","PHL","Leyte","","33868","1608467512"
"Desamparados","Desamparados","9.8967","-84.0706","Costa Rica","CR","CRI","San José","","33866","1188280055"
"Petrovaradin","Petrovaradin","45.2500","19.8667","Serbia","RS","SRB","Novi Sad","minor","33865","1688320028"
"Palmeira","Palmeira","-25.4289","-50.0058","Brazil","BR","BRA","Paraná","minor","33855","1076227836"
"Sneek","Sneek","53.0325","5.6600","Netherlands","NL","NLD","Fryslân","minor","33855","1528519107"
"São Luís de Montes Belos","Sao Luis de Montes Belos","-16.5250","-50.3719","Brazil","BR","BRA","Goiás","minor","33852","1076530689"
"Selmane","Selmane","35.6833","4.7833","Algeria","DZ","DZA","M’sila","","33851","1012696148"
"Chaodongcun","Chaodongcun","25.0183","111.1683","China","CN","CHN","Guangxi","","33850","1156501027"
"Nuoro","Nuoro","40.3201","9.3281","Italy","IT","ITA","Sardegna","minor","33850","1380476722"
"Baclaran","Baclaran","14.5319","120.9942","Philippines","PH","PHL","Parañaque","","33850","1608042950"
"Kingman","Kingman","35.2170","-114.0105","United States","US","USA","Arizona","","33850","1840021043"
"Rheinfelden (Baden)","Rheinfelden (Baden)","47.5611","7.7917","Germany","DE","DEU","Baden-Württemberg","","33849","1276547516"
"Beni Tamou","Beni Tamou","36.5333","2.8167","Algeria","DZ","DZA","Blida","","33846","1012892793"
"Oeiras do Pará","Oeiras do Para","-2.0028","-49.8539","Brazil","BR","BRA","Pará","minor","33844","1076592894"
"Leawood","Leawood","38.9075","-94.6258","United States","US","USA","Kansas","","33844","1840001638"
"Dao","Dao","11.3800","122.6300","Philippines","PH","PHL","Capiz","","33842","1608336072"
"Camiri","Camiri","-20.1000","-63.5333","Bolivia","BO","BOL","Santa Cruz","","33838","1068205873"
"Camiri","Camiri","-20.0968","-63.5217","Bolivia","BO","BOL","Santa Cruz","","33838","1068637731"
"Bell Ville","Bell Ville","-32.6333","-62.6833","Argentina","AR","ARG","Córdoba","minor","33835","1032028928"
"Golungo Alto","Golungo Alto","-9.1333","14.7667","Angola","AO","AGO","Cuanza-Norte","","33834","1024406694"
"Jasło","Jaslo","49.7478","21.4714","Poland","PL","POL","Podkarpackie","minor","33830","1616015306"
"Cibolo","Cibolo","29.5634","-98.2115","United States","US","USA","Texas","","33829","1840019639"
"San Martín Sacatepéquez","San Martin Sacatepequez","14.8246","-91.6425","Guatemala","GT","GTM","Quetzaltenango","minor","33826","1320569817"
"Strumica","Strumica","41.4375","22.6431","North Macedonia","MK","MKD","Strumica","admin","33825","1807799132"
"Deer Park","Deer Park","29.6898","-95.1151","United States","US","USA","Texas","","33823","1840019621"
"Harima","Harima","34.7167","134.8667","Japan","JP","JPN","Hyōgo","","33822","1392000863"
"Waikabubak","Waikabubak","-9.6358","119.4131","Indonesia","ID","IDN","Nusa Tenggara Timur","minor","33821","1360399705"
"IJsselstein","IJsselstein","52.0200","5.0422","Netherlands","NL","NLD","Utrecht","minor","33819","1528645762"
"Parras de la Fuente","Parras de la Fuente","25.4403","-102.1792","Mexico","MX","MEX","Coahuila","minor","33817","1484273682"
"Tobias Fornier","Tobias Fornier","10.5178","121.9450","Philippines","PH","PHL","Antique","","33816","1608748452"
"Buxin","Buxin","23.9523","120.5349","Taiwan","TW","TWN","Changhua","","33816","1158336542"
"San Antonio de los Baños","San Antonio de los Banos","22.8889","-82.4989","Cuba","CU","CUB","Artemisa","minor","33811","1192374010"
"Bad Nauheim","Bad Nauheim","50.3667","8.7500","Germany","DE","DEU","Hesse","","33809","1276664999"
"Río Verde Arriba","Rio Verde Arriba","19.3200","-70.5700","Dominican Republic","DO","DOM","Cibao Sur","","33809","1214786012"
"Radebeul","Radebeul","51.1000","13.6500","Germany","DE","DEU","Saxony","","33804","1276277969"
"Inhambupe","Inhambupe","-11.7839","-38.3528","Brazil","BR","BRA","Bahia","minor","33790","1076169385"
"Newbury","Newbury","51.4010","-1.3230","United Kingdom","GB","GBR","West Berkshire","","33790","1826103829"
"Kadungapuram","Kadungapuram","11.0167","76.0667","India","IN","IND","Kerala","","33790","1356879773"
"Somoto","Somoto","13.4833","-86.5833","Nicaragua","NI","NIC","Madriz","admin","33788","1558605178"
"Naguilian","Naguilian","17.0200","121.8500","Philippines","PH","PHL","Isabela","","33788","1608878667"
"Xinzhancun","Xinzhancun","43.8667","127.3333","China","CN","CHN","Jilin","","33787","1156563468"
"Crema","Crema","45.3667","9.6833","Italy","IT","ITA","Lombardy","","33786","1380590695"
"Beni Slimane","Beni Slimane","36.2270","3.3060","Algeria","DZ","DZA","Médéa","","33779","1012480319"
"Ghazaouet","Ghazaouet","35.1000","-1.8500","Algeria","DZ","DZA","Tlemcen","","33774","1012991522"
"Englewood","Englewood","39.6468","-104.9942","United States","US","USA","Colorado","","33774","1840020211"
"Braço do Norte","Braco do Norte","-28.2750","-49.1658","Brazil","BR","BRA","Santa Catarina","minor","33773","1076735238"
"Bangaon","Bangaon","25.8673","86.5115","India","IN","IND","Bihār","","33770","1356596247"
"Nejapa","Nejapa","13.8167","-89.2333","El Salvador","SV","SLV","San Salvador","","33766","1222106178"
"Walla Walla","Walla Walla","46.0671","-118.3368","United States","US","USA","Washington","","33766","1840021174"
"Puerto Rico","Puerto Rico","1.9142","-75.1450","Colombia","CO","COL","Caquetá","minor","33765","1170209030"
"Carmel","Carmel","41.3899","-73.7239","United States","US","USA","New York","","33761","1840057833"
"Aranda de Duero","Aranda de Duero","41.6833","-3.6833","Spain","ES","ESP","Castille-Leon","","33757","1724218741"
"Narsīpatnam","Narsipatnam","17.6650","82.6140","India","IN","IND","Andhra Pradesh","","33757","1356577178"
"Zhmerynka","Zhmerynka","49.0500","28.1000","Ukraine","UA","UKR","Vinnytska Oblast","minor","33754","1804771070"
"Nautanwa","Nautanwa","27.4300","83.4200","India","IN","IND","Uttar Pradesh","","33753","1356061939"
"Catmon","Catmon","10.6700","123.9500","Philippines","PH","PHL","Cebu","","33745","1608086129"
"Várzea da Palma","Varzea da Palma","-17.5978","-44.7308","Brazil","BR","BRA","Minas Gerais","minor","33744","1076481562"
"Tekes","Tekes","43.1903","81.7778","China","CN","CHN","Xinjiang","minor","33740","1156184217"
"Mankoeng","Mankoeng","-23.8860","29.7180","South Africa","ZA","ZAF","Limpopo","","33738","1710970576"
"Zacatlán","Zacatlan","19.9319","-97.9600","Mexico","MX","MEX","Puebla","minor","33736","1484132726"
"Kadingilan","Kadingilan","7.6003","124.9097","Philippines","PH","PHL","Bukidnon","","33735","1608332793"
"Saint George’s","Saint George's","12.0500","-61.7500","Grenada","GD","GRD","Saint George","primary","33734","1308891766"
"Ojiya","Ojiya","37.3144","138.7951","Japan","JP","JPN","Niigata","","33729","1392003354"
"El Ksar","El Ksar","34.3900","8.8000","Tunisia","TN","TUN","Gafsa","","33729","1788855302"
"Jaguaribe","Jaguaribe","-5.8908","-38.6219","Brazil","BR","BRA","Ceará","minor","33726","1076039425"
"Chilecito","Chilecito","-29.1667","-67.5000","Argentina","AR","ARG","La Rioja","minor","33724","1032078195"
"Kovin","Kovin","44.7475","20.9761","Serbia","RS","SRB","Kovin","admin","33722","1688830508"
"Kaippakanchēri","Kaippakancheri","10.9380","75.9870","India","IN","IND","Kerala","","33721","1356036784"
"Capoocan","Capoocan","11.2944","124.6419","Philippines","PH","PHL","Leyte","","33721","1608022763"
"Āzezo","Azezo","12.5586","37.4308","Ethiopia","ET","ETH","Āmara","","33719","1231317573"
"Karaağaç","Karaagac","36.5667","36.1333","Turkey","TR","TUR","Hatay","","33718","1792377763"
"Léo","Leo","11.1000","-2.1000","Burkina Faso","BF","BFA","Centre-Ouest","minor","33717","1854225723"
"Zapotiltic","Zapotiltic","19.6270","-103.4170","Mexico","MX","MEX","Jalisco","minor","33713","1484535008"
"Midsalip","Midsalip","8.0328","123.3147","Philippines","PH","PHL","Zamboanga del Sur","","33711","1608000929"
"Grodzisk Mazowiecki","Grodzisk Mazowiecki","52.1089","20.6250","Poland","PL","POL","Mazowieckie","minor","33708","1616204400"
"Vemalwāda","Vemalwada","18.4667","78.8833","India","IN","IND","Andhra Pradesh","","33706","1356119137"
"Dupnitsa","Dupnitsa","42.2650","23.1185","Bulgaria","BG","BGR","Kyustendil","","33705","1100440807"
"Statesboro","Statesboro","32.4375","-81.7751","United States","US","USA","Georgia","","33705","1840015801"
"Xiaotangzhuang","Xiaotangzhuang","40.3997","116.7650","China","CN","CHN","Beijing","","33702","1156104577"
"Irvine","Irvine","55.6201","-4.6614","United Kingdom","GB","GBR","North Ayrshire","","33698","1826965925"
"Roldanillo","Roldanillo","4.4167","-76.1500","Colombia","CO","COL","Valle del Cauca","minor","33697","1170267836"
