"Tupanatinga","Tupanatinga","-8.7528","-37.3400","Brazil","BR","BRA","Pernambuco","minor","20801","1076649310"
"Mariāni","Mariani","26.6700","94.3300","India","IN","IND","Assam","","20801","1356109974"
"Conceição da Feira","Conceicao da Feira","-12.5058","-38.9989","Brazil","BR","BRA","Bahia","minor","20800","1076395046"
"Malaba","Malaba","0.6444","34.2606","Uganda","UG","UGA","Tororo","","20800","1800629392"
"Chelak","Chelak","39.9203","66.8611","Uzbekistan","UZ","UZB","Samarqand","","20800","1860308280"
"Banting","Banting","5.7167","120.9000","Philippines","PH","PHL","Sulu","","20799","1608676732"
"Ambondro","Ambondro","-25.2500","45.8333","Madagascar","MG","MDG","Toliara","","20796","1450087173"
"Werdau","Werdau","50.7333","12.3833","Germany","DE","DEU","Saxony","","20793","1276717054"
"General Belgrano","General Belgrano","-35.7667","-58.5000","Argentina","AR","ARG","Buenos Aires","minor","20791","1032451126"
"Stadtlohn","Stadtlohn","51.9925","6.9150","Germany","DE","DEU","North Rhine-Westphalia","","20791","1276897939"
"Alta","Alta","17.2500","74.5700","India","IN","IND","Mahārāshtra","","20791","1356990654"
"Louisville","Louisville","39.9710","-105.1441","United States","US","USA","Colorado","","20788","1840020179"
"Bad Waldsee","Bad Waldsee","47.9211","9.7519","Germany","DE","DEU","Baden-Württemberg","","20786","1276818086"
"Ibicoara","Ibicoara","-13.4108","-41.2850","Brazil","BR","BRA","Bahia","minor","20785","1076421535"
"Maghull","Maghull","53.5174","-2.9449","United Kingdom","GB","GBR","Sefton","","20785","1826082081"
"Peringanād","Peringanad","9.1525","76.6988","India","IN","IND","Kerala","","20785","1356161266"
"Joinville-le-Pont","Joinville-le-Pont","48.8214","2.4728","France","FR","FRA","Île-de-France","","20784","1250524493"
"Cordeiro","Cordeiro","-22.0289","-42.3608","Brazil","BR","BRA","Rio de Janeiro","minor","20783","1076177058"
"North Liberty","North Liberty","41.7438","-91.6112","United States","US","USA","Iowa","","20782","1840008179"
"Jicomé","Jicome","19.6500","-70.9500","Dominican Republic","DO","DOM","Cibao Noroeste","","20777","1214269436"
"Alaplı","Alapli","41.1806","31.3861","Turkey","TR","TUR","Zonguldak","minor","20777","1792284635"
"North Bellmore","North Bellmore","40.6904","-73.5390","United States","US","USA","New York","","20776","1840005240"
"Sestu","Sestu","39.2994","9.0918","Italy","IT","ITA","Sardegna","","20773","1380888807"
"Hauppauge","Hauppauge","40.8211","-73.2109","United States","US","USA","New York","","20772","1840005077"
"Villanueva","Villanueva","10.4456","-75.2761","Colombia","CO","COL","Bolívar","minor","20769","1170676204"
"Leek","Leek","53.1080","-2.0234","United Kingdom","GB","GBR","Staffordshire","","20768","1826058750"
"Samacá","Samaca","5.5000","-73.4833","Colombia","CO","COL","Boyacá","minor","20767","1170064917"
"Algete","Algete","40.5978","-3.5003","Spain","ES","ESP","Madrid","","20767","1724204700"
"Gavarr","Gavarr","40.3667","45.1333","Armenia","AM","ARM","Geghark’unik’","admin","20765","1051983153"
"Barhampur","Barhampur","26.3042","86.4729","India","IN","IND","Bihār","","20764","1356142503"
"Pirkkala","Pirkkala","61.4667","23.6500","Finland","FI","FIN","Pirkanmaa","minor","20763","1246586300"
"Genç","Genc","38.7500","40.5560","Turkey","TR","TUR","Bingöl","minor","20763","1792927831"
"Colfontaine","Colfontaine","50.4138","3.8555","Belgium","BE","BEL","Wallonia","","20762","1056047515"
"West Hempstead","West Hempstead","40.6959","-73.6507","United States","US","USA","New York","","20762","1840005282"
"Pālkonda","Palkonda","18.6000","83.7500","India","IN","IND","Andhra Pradesh","","20760","1356333362"
"Ul","Ul","40.8192","-8.4990","Portugal","PT","PRT","Aveiro","","20760","1620891097"
"Oliveira de Azemeis","Oliveira de Azemeis","40.8400","-8.4764","Portugal","PT","PRT","Aveiro","minor","20760","1620421310"
"Chaves","Chaves","-0.1600","-49.9878","Brazil","BR","BRA","Pará","minor","20757","1076482622"
"Fate","Fate","32.9430","-96.3858","United States","US","USA","Texas","","20757","1840020715"
"Yermal","Yermal","13.1675","74.7619","India","IN","IND","Karnātaka","","20756","1356106761"
"Luacano","Luacano","-11.2167","21.6500","Angola","AO","AGO","Moxico","","20755","1024333482"
"Coolbaugh","Coolbaugh","41.1837","-75.4386","United States","US","USA","Pennsylvania","","20754","1840145213"
"Illapel","Illapel","-31.6333","-71.1667","Chile","CL","CHL","Coquimbo","minor","20751","1152446656"
"Valljkkod","Valljkkod","9.2300","76.7711","India","IN","IND","Kerala","","20750","1356160312"
"Ino","Ino","33.5500","133.4333","Japan","JP","JPN","Kōchi","","20750","1392013071"
"Banganapalle","Banganapalle","15.3167","78.2333","India","IN","IND","Andhra Pradesh","","20749","1356257354"
"Mino","Mino","35.5448","136.9076","Japan","JP","JPN","Gifu","","20749","1392884993"
"Jindřichŭv Hradec","Jindrichuv Hradec","49.1442","15.0031","Czechia","CZ","CZE","Jihočeský Kraj","","20747","1203413811"
"Supaul","Supaul","25.9469","86.2497","India","IN","IND","Bihār","","20747","1356341294"
"Kuknūr","Kuknur","15.4900","75.9914","India","IN","IND","Karnātaka","","20747","1356472470"
"Midway","Midway","30.4169","-87.0229","United States","US","USA","Florida","","20745","1840143881"
"Stamford","Stamford","52.6560","-0.4840","United Kingdom","GB","GBR","Lincolnshire","","20742","1826765558"
"Narwar","Narwar","25.6439","77.9129","India","IN","IND","Madhya Pradesh","","20742","1356644280"
"Bandar-e Gaz","Bandar-e Gaz","36.7739","53.9481","Iran","IR","IRN","Golestān","minor","20742","1364226344"
"Requena","Requena","39.4861","-1.1017","Spain","ES","ESP","Valencia","","20740","1724453990"
"Sceaux","Sceaux","48.7786","2.2906","France","FR","FRA","Île-de-France","","20740","1250623371"
"Mathukumnel","Mathukumnel","9.2167","76.4583","India","IN","IND","Kerala","","20740","1356161202"
"Leigh-on-Sea","Leigh-on-Sea","51.5425","0.6535","United Kingdom","GB","GBR","Southend-on-Sea","","20737","1826850305"
"Castel San Pietro Terme","Castel San Pietro Terme","44.3978","11.5894","Italy","IT","ITA","Emilia-Romagna","","20737","1380181797"
"Kempston","Kempston","52.1140","-0.4970","United Kingdom","GB","GBR","Bedford","","20736","1826007274"
"Sonbarsa","Sonbarsa","25.7640","84.4890","India","IN","IND","Uttar Pradesh","","20735","1356138641"
"Penzance","Penzance","50.1190","-5.5370","United Kingdom","GB","GBR","Cornwall","","20734","1826600240"
"Tittagudi","Tittagudi","11.4167","79.1167","India","IN","IND","Tamil Nādu","","20734","1356200149"
"Anagni","Anagni","41.7500","13.1500","Italy","IT","ITA","Lazio","","20734","1380482139"
"Monsummano","Monsummano","43.8667","10.8167","Italy","IT","ITA","Tuscany","","20731","1380798376"
"Zhangatas","Zhangatas","43.5705","69.7335","Kazakhstan","KZ","KAZ","Zhambyl","minor","20731","1398375093"
"Iriona","Iriona","15.9691","-85.0933","Honduras","HN","HND","Colón","","20730","1340981910"
"Hexiang","Hexiang","19.5286","109.6353","China","CN","CHN","Hainan","","20729","1156312038"
"Gannavaram","Gannavaram","16.5333","80.8000","India","IN","IND","Andhra Pradesh","","20728","1356037826"
"Enger","Enger","52.1333","8.5667","Germany","DE","DEU","North Rhine-Westphalia","","20724","1276241559"
"Kiseljak","Kiseljak","43.9500","18.0833","Bosnia and Herzegovina","BA","BIH","Bosnia and Herzegovina, Federation of","minor","20722","1070130357"
"Achampet","Achampet","16.3990","78.6370","India","IN","IND","Andhra Pradesh","","20721","1356144571"
"Moḩammadābād","Mohammadabad","28.6517","59.0158","Iran","IR","IRN","Kermān","minor","20720","1364372718"
"Boscombe","Boscombe","50.7250","-1.8400","United Kingdom","GB","GBR","Bournemouth, Christchurch and Poole","","20719","1826070994"
"Great Linford","Great Linford","52.0680","-0.7637","United Kingdom","GB","GBR","Milton Keynes","","20719","1826297411"
"Palestina de los Altos","Palestina de los Altos","14.9333","-91.7000","Guatemala","GT","GTM","Quetzaltenango","minor","20719","1320342960"
"Beruri","Beruri","-3.9022","-61.3714","Brazil","BR","BRA","Amazonas","minor","20718","1076241200"
"Arnaud","Arnaud","18.4481","-73.3870","Haiti","HT","HTI","Nippes","","20718","1332859176"
"Limerick","Limerick","40.2323","-75.5344","United States","US","USA","Pennsylvania","","20718","1840035062"
"Oliveira dos Brejinhos","Oliveira dos Brejinhos","-12.3169","-42.8958","Brazil","BR","BRA","Bahia","minor","20715","1076923541"
"Hanmayingcun","Hanmayingcun","41.2636","117.8596","China","CN","CHN","Hebei","","20713","1156451257"
"Goodlands","Goodlands","-20.0350","57.6431","Mauritius","MU","MUS","Rivière du Rempart","","20712","1480043599"
"Lebedinovka","Lebedinovka","42.8800","74.6800","Kyrgyzstan","KG","KGZ","Chüy","minor","20709","1417855889"
"Tolosa","Tolosa","11.0633","125.0353","Philippines","PH","PHL","Leyte","","20708","1608095230"
"Grayslake","Grayslake","42.3405","-88.0338","United States","US","USA","Illinois","","20707","1840011150"
"Divino","Divino","-20.6139","-42.1489","Brazil","BR","BRA","Minas Gerais","minor","20706","1076414519"
"Elvas","Elvas","38.8800","-7.1628","Portugal","PT","PRT","Portalegre","minor","20706","1620193707"
"Oktyabrsk","Oktyabrsk","53.1667","48.6667","Russia","RU","RUS","Samarskaya Oblast’","","20703","1643865779"
"Wade Hampton","Wade Hampton","34.8821","-82.3336","United States","US","USA","South Carolina","","20703","1840035800"
"Montrose","Montrose","38.4689","-107.8590","United States","US","USA","Colorado","","20703","1840020251"
"Ménaka","Menaka","15.9167","2.4000","Mali","ML","MLI","Gao","minor","20702","1466373205"
"Vranov nad Topľou","Vranov nad Topl'ou","48.8806","21.6731","Slovakia","SK","SVK","Prešov","minor","20702","1703513512"
"São João Batista","Sao Joao Batista","-2.9553","-44.8069","Brazil","BR","BRA","Maranhão","minor","20701","1076543208"
"Guaratinga","Guaratinga","-16.5856","-39.7819","Brazil","BR","BRA","Bahia","minor","20700","1076729766"
"Kolāras","Kolaras","25.2193","77.6117","India","IN","IND","Madhya Pradesh","","20700","1356103434"
"Lockport","Lockport","43.1698","-78.6956","United States","US","USA","New York","","20699","1840000370"
"Luna","Luna","16.9700","121.7300","Philippines","PH","PHL","Isabela","","20697","1608621353"
"Campestre","Campestre","-21.7108","-46.2458","Brazil","BR","BRA","Minas Gerais","minor","20696","1076284455"
"Olho d’Água das Flores","Olho d'Agua das Flores","-9.5358","-37.2939","Brazil","BR","BRA","Alagoas","minor","20695","1076043896"
"Valkeakoski","Valkeakoski","61.2667","24.0333","Finland","FI","FIN","Pirkanmaa","minor","20694","1246028934"
"Chithara","Chithara","8.8025","76.9792","India","IN","IND","Kerala","","20694","1356162331"
"Marquette","Marquette","46.5440","-87.4082","United States","US","USA","Michigan","","20691","1840003923"
"Horwich","Horwich","53.5920","-2.5400","United Kingdom","GB","GBR","Bolton","","20690","1826931583"
"Montecatini Terme","Montecatini Terme","43.8828","10.7711","Italy","IT","ITA","Tuscany","","20690","1380958897"
"São João de Pirabas","Sao Joao de Pirabas","-0.7689","-47.1739","Brazil","BR","BRA","Pará","","20689","1076536958"
"Baroda","Baroda","25.5000","76.6500","India","IN","IND","Madhya Pradesh","","20688","1356959440"
"San Julián","San Julian","-16.9064","-62.6169","Bolivia","BO","BOL","Santa Cruz","","20687","1068794197"
"Baie-Comeau","Baie-Comeau","49.2167","-68.1500","Canada","CA","CAN","Quebec","","20687","1124859576"
"Halluin","Halluin","50.7836","3.1256","France","FR","FRA","Hauts-de-France","","20684","1250891444"
"Bussolengo","Bussolengo","45.4667","10.8500","Italy","IT","ITA","Veneto","","20684","1380760419"
"Soye","Soye","14.2281","-4.2783","Mali","ML","MLI","Mopti","","20684","1466578669"
"Lingolsheim","Lingolsheim","48.5600","7.6800","France","FR","FRA","Grand Est","","20683","1250119295"
"Schifferstadt","Schifferstadt","49.3833","8.3667","Germany","DE","DEU","Rhineland-Palatinate","","20682","1276776055"
"Zaouiet Sousse","Zaouiet Sousse","35.7833","10.6333","Tunisia","TN","TUN","Sousse","","20681","1788010481"
"Failsworth","Failsworth","53.5102","-2.1575","United Kingdom","GB","GBR","Oldham","","20680","1826332679"
"Recanati","Recanati","43.3986","13.5525","Italy","IT","ITA","Marche","","20679","1380935619"
"West Pensacola","West Pensacola","30.4263","-87.2679","United States","US","USA","Florida","","20679","1840013915"
"Cornaredo","Cornaredo","45.4882","9.0247","Italy","IT","ITA","Lombardy","","20678","1380437222"
"Northfield","Northfield","44.4550","-93.1698","United States","US","USA","Minnesota","","20678","1840007891"
"Forest Lake","Forest Lake","45.2536","-92.9582","United States","US","USA","Minnesota","","20678","1840007808"
"Altinho","Altinho","-8.4900","-36.0589","Brazil","BR","BRA","Pernambuco","minor","20674","1076882089"
"Wasquehal","Wasquehal","50.6694","3.1308","France","FR","FRA","Hauts-de-France","","20674","1250237697"
"Kirkstall","Kirkstall","53.8160","-1.6020","United Kingdom","GB","GBR","Leeds","","20673","1826151628"
"Tullahoma","Tullahoma","35.3721","-86.2172","United States","US","USA","Tennessee","","20672","1840015410"
"Wuustwezel","Wuustwezel","51.3922","4.5942","Belgium","BE","BEL","Flanders","","20671","1056525110"
"Tirebolu","Tirebolu","41.0056","38.8167","Turkey","TR","TUR","Giresun","minor","20671","1792367671"
"Profesor Salvador Mazza","Profesor Salvador Mazza","-22.0500","-63.7000","Argentina","AR","ARG","Salta","","20670","1032887089"
"Wachtberg","Wachtberg","50.6167","7.1333","Germany","DE","DEU","North Rhine-Westphalia","","20670","1276189631"
"Działdowo","Dzialdowo","53.2333","20.1833","Poland","PL","POL","Warmińsko-Mazurskie","minor","20670","1616181805"
"Bozoum","Bozoum","6.3172","16.3783","Central African Republic","CF","CAF","Ouham-Pendé","admin","20665","1140416562"
"Guadalupe","Guadalupe","9.9494","-84.0512","Costa Rica","CR","CRI","San José","","20663","1188603819"
"İsmayıllı","Ismayilli","40.7847","48.1514","Azerbaijan","AZ","AZE","İsmayıllı","admin","20660","1031380246"
"Lagoa do Itaenga","Lagoa do Itaenga","-7.9167","-35.3333","Brazil","BR","BRA","Pernambuco","","20659","1076975552"
"Muttatōdi","Muttatodi","12.5417","75.0194","India","IN","IND","Kerala","","20658","1356499864"
"Meinerzhagen","Meinerzhagen","51.1167","7.6333","Germany","DE","DEU","North Rhine-Westphalia","","20653","1276363054"
"Makokou","Makokou","0.5667","12.8667","Gabon","GA","GAB","Ogooué-Ivindo","admin","20653","1266939354"
"Nidderau","Nidderau","50.2500","8.9000","Germany","DE","DEU","Hesse","","20652","1276730067"
"Ås","As","59.6667","10.8000","Norway","NO","NOR","Viken","minor","20652","1578160935"
"Banaue","Banaue","16.9119","121.0614","Philippines","PH","PHL","Ifugao","","20652","1608712825"
"Los Llanos de Aridane","Los Llanos de Aridane","28.6500","-17.9000","Spain","ES","ESP","Canary Islands","","20648","1724727479"
"Métouia","Metouia","33.9667","10.0000","Tunisia","TN","TUN","Gabès","","20648","1788442482"
"Melena del Sur","Melena del Sur","22.7814","-82.1486","Cuba","CU","CUB","Mayabeque","minor","20646","1192175478"
"Piazza Armerina","Piazza Armerina","37.3833","14.3667","Italy","IT","ITA","Sicilia","","20642","1380975145"
"Vinjamūr","Vinjamur","15.1167","79.4167","India","IN","IND","Andhra Pradesh","","20639","1356585127"
"Lieto","Lieto","60.5050","22.4583","Finland","FI","FIN","Varsinais-Suomi","minor","20637","1246293271"
"Saco","Saco","43.5390","-70.4624","United States","US","USA","Maine","","20636","1840000343"
"El Hammadia","El Hammadia","35.9833","4.7500","Algeria","DZ","DZA","Bordj Bou Arréridj","","20635","1012053807"
"Kladovo","Kladovo","44.6039","22.6072","Serbia","RS","SRB","Kladovo","admin","20635","1688823592"
"San Isidro","San Isidro","10.0299","-84.0431","Costa Rica","CR","CRI","Heredia","","20633","1188832612"
"Ripley","Ripley","53.0500","-1.4070","United Kingdom","GB","GBR","Derbyshire","","20633","1826520155"
"South St. Paul","South St. Paul","44.8877","-93.0411","United States","US","USA","Minnesota","","20633","1840008948"
"Concarneau","Concarneau","47.8761","-3.9178","France","FR","FRA","Bretagne","","20632","1250014863"
"Parramos","Parramos","14.6078","-90.8031","Guatemala","GT","GTM","Chimaltenango","minor","20632","1320705427"
"Lubalo","Lubalo","-9.1500","19.2833","Angola","AO","AGO","Lunda-Norte","","20631","1024568664"
"Bagou","Bagou","10.8147","2.7164","Benin","BJ","BEN","Alibori","","20631","1204993446"
"Miandrivazo","Miandrivazo","-19.5239","45.4573","Madagascar","MG","MDG","Toliara","","20631","1450332104"
"Sidi Rahal","Sidi Rahal","33.7897","-7.1575","Morocco","MA","MAR","Casablanca-Settat","","20628","1504637195"
"Yanagawamachi-saiwaichō","Yanagawamachi-saiwaicho","37.8500","140.6000","Japan","JP","JPN","Fukushima","","20626","1392598487"
"Sour","Sour","36.0006","0.3414","Algeria","DZ","DZA","Mostaganem","","20625","1012308440"
"Elko","Elko","40.8381","-115.7678","United States","US","USA","Nevada","","20624","1840020120"
"Kāmalāpuram","Kamalapuram","14.5833","78.6500","India","IN","IND","Andhra Pradesh","","20623","1356435309"
"Santa Teresa","Santa Teresa","-19.9358","-40.6000","Brazil","BR","BRA","Espírito Santo","minor","20622","1076719847"
"Denain","Denain","50.3294","3.3958","France","FR","FRA","Hauts-de-France","","20622","1250726384"
"Groveland","Groveland","28.6098","-81.8246","United States","US","USA","Florida","","20621","1840014056"
"Arroyo Seco","Arroyo Seco","-33.1667","-60.5000","Argentina","AR","ARG","Santa Fe","","20620","1032882258"
"Pueblo Nuevo","Pueblo Nuevo","13.3833","-86.4833","Nicaragua","NI","NIC","Estelí","minor","20620","1558373095"
"Chachahuantla","Chachahuantla","20.2756","-98.1503","Mexico","MX","MEX","Puebla","","20619","1484829941"
"Pahuatlán de Valle","Pahuatlan de Valle","20.2756","-98.1503","Mexico","MX","MEX","Puebla","minor","20619","1484531785"
"Iisalmi","Iisalmi","63.5567","27.1883","Finland","FI","FIN","Pohjois-Savo","minor","20618","1246230947"
"Shafter","Shafter","35.4794","-119.2013","United States","US","USA","California","","20618","1840021735"
"Maraú","Marau","-14.1039","-39.0149","Brazil","BR","BRA","Bahia","minor","20617","1076616022"
"Bockum","Bockum","51.3333","6.5667","Germany","DE","DEU","North Rhine-Westphalia","","20617","1276162253"
"Isernia","Isernia","41.6028","14.2397","Italy","IT","ITA","Molise","","20617","1380050497"
"Parma Heights","Parma Heights","41.3865","-81.7637","United States","US","USA","Ohio","","20616","1840003407"
"Kleppe","Kleppe","58.7667","5.6667","Norway","NO","NOR","Rogaland","minor","20615","1578765733"
"Hardi","Hardi","26.0785","86.6809","India","IN","IND","Bihār","","20611","1356259959"
"Huércal-Overa","Huercal-Overa","37.3833","-1.9333","Spain","ES","ESP","Andalusia","","20609","1724061354"
"Na Klang","Na Klang","17.3072","102.1889","Thailand","TH","THA","Nong Bua Lamphu","minor","20609","1764000026"
"Pittsburg","Pittsburg","37.4129","-94.6985","United States","US","USA","Kansas","","20606","1840001697"
"Bethany","Bethany","35.5071","-97.6418","United States","US","USA","Oklahoma","","20606","1840019153"
"Târnăveni","Tarnaveni","46.3297","24.2700","Romania","RO","ROU","Mureş","","20604","1642275183"
"Pleasantville","Pleasantville","39.3900","-74.5169","United States","US","USA","New Jersey","","20604","1840001535"
"Al Qays","Al Qays","28.4833","30.7833","Egypt","EG","EGY","Al Minyā","","20603","1818728041"
"Tân Phong","Tan Phong","19.7322","105.7817","Vietnam","VN","VNM","Thanh Hóa","","20603","1704432456"
"Botevgrad","Botevgrad","42.9000","23.7800","Bulgaria","BG","BGR","Sofia","","20602","1100788799"
"Fougères","Fougeres","48.3525","-1.1986","France","FR","FRA","Bretagne","minor","20602","1250890838"
"Paraíso","Paraiso","9.8322","-83.8461","Costa Rica","CR","CRI","Cartago","","20601","1188699728"
"Celbridge","Celbridge","53.3416","-6.5442","Ireland","IE","IRL","Kildare","","20601","1372142356"
"Ghafurov","Ghafurov","40.2200","69.7300","Tajikistan","TJ","TJK","Sughd","minor","20600","1762485684"
"Yakkabog‘","Yakkabog`","38.9800","66.6800","Uzbekistan","UZ","UZB","Qashqadaryo","","20600","1860608586"
"Schwanewede","Schwanewede","53.2333","8.6000","Germany","DE","DEU","Lower Saxony","","20599","1276874322"
"Sunbāţ","Sunbat","30.8057","31.2070","Egypt","EG","EGY","Al Gharbīyah","","20599","1818102859"
"Bañolas","Banolas","42.1194","2.7664","Spain","ES","ESP","Catalonia","","20599","1724632297"
"Arlington","Arlington","48.1701","-122.1442","United States","US","USA","Washington","","20599","1840018378"
"Patuvilāyi","Patuvilayi","11.8667","75.5194","India","IN","IND","Kerala","","20598","1356027894"
"Tepexi de Rodríguez","Tepexi de Rodriguez","18.5833","-97.9333","Mexico","MX","MEX","Puebla","","20598","1484944836"
"Somanya","Somanya","6.1055","-0.0150","Ghana","GH","GHA","Eastern","","20596","1288817361"
"Bulnes","Bulnes","-36.7425","-72.2983","Chile","CL","CHL","Ñuble","","20595","1152653950"
"Altoona","Altoona","41.6483","-93.4783","United States","US","USA","Iowa","","20592","1840007065"
"Goris","Goris","39.5111","46.3417","Armenia","AM","ARM","Syunik’","","20591","1051724931"
"Manbengtang","Manbengtang","22.1460","100.9360","China","CN","CHN","Yunnan","","20591","1156707030"
"Bouguenais","Bouguenais","47.1800","-1.6236","France","FR","FRA","Pays de la Loire","","20590","1250502155"
"Jatāra","Jatara","25.0096","79.0487","India","IN","IND","Madhya Pradesh","","20590","1356197815"
"Câmpia Turzii","Campia Turzii","46.5486","23.8800","Romania","RO","ROU","Cluj","","20590","1642507537"
"Gjøvik","Gjovik","60.7957","10.6916","Norway","NO","NOR","Innlandet","minor","20589","1578892271"
"Kawambwa","Kawambwa","-9.7914","29.0789","Zambia","ZM","ZMB","Luapula","","20589","1894964184"
"Sāvda","Savda","21.1500","75.8800","India","IN","IND","Mahārāshtra","","20584","1356393885"
"Riverview","Riverview","46.0613","-64.8052","Canada","CA","CAN","New Brunswick","","20584","1124000112"
"Kapay","Kapay","8.0800","124.4000","Philippines","PH","PHL","Lanao del Sur","","20581","1608601607"
"Nuenen","Nuenen","51.4667","5.5500","Netherlands","NL","NLD","Noord-Brabant","minor","20580","1528177816"
"Lillehammer","Lillehammer","61.1161","10.4578","Norway","NO","NOR","Innlandet","minor","20580","1578724478"
"Kekem","Kekem","5.1667","10.0333","Cameroon","CM","CMR","Ouest","","20579","1120134625"
"Rosolini","Rosolini","36.8167","14.9500","Italy","IT","ITA","Sicilia","","20577","1380289458"
"Toktogul","Toktogul","41.8826","72.9372","Kyrgyzstan","KG","KGZ","Jalal-Abad","minor","20577","1417791878"
"Chapulhuacán","Chapulhuacan","21.1547","-98.9039","Mexico","MX","MEX","Hidalgo","","20577","1484747290"
"Buftea","Buftea","44.5700","25.9500","Romania","RO","ROU","Ilfov","","20577","1642134624"
"Palo del Colle","Palo del Colle","41.0500","16.7000","Italy","IT","ITA","Puglia","","20575","1380083467"
"Romano di Lombardia","Romano di Lombardia","45.5167","9.7500","Italy","IT","ITA","Lombardy","","20575","1380769763"
"Hashtrūd","Hashtrud","37.4758","47.0497","Iran","IR","IRN","Āz̄arbāyjān-e Sharqī","minor","20572","1364790184"
"Qagan Us","Qagan Us","36.3972","98.0122","China","CN","CHN","Qinghai","minor","20570","1156989781"
"Mbala","Mbala","-8.8333","31.3833","Zambia","ZM","ZMB","Northern","","20570","1894671312"
"Foya Tangia","Foya Tangia","8.2713","-10.2283","Liberia","LR","LBR","Lofa","","20569","1430908591"
"Şā al Ḩajar","Sa al Hajar","30.9647","30.7683","Egypt","EG","EGY","Al Gharbīyah","","20568","1818595696"
"Buy","Buy","58.4833","41.5333","Russia","RU","RUS","Kostromskaya Oblast’","minor","20564","1643121343"
"Baza","Baza","37.4833","-2.7667","Spain","ES","ESP","Andalusia","","20562","1724271422"
"Coswig","Coswig","51.1333","13.5833","Germany","DE","DEU","Saxony","","20561","1276791212"
"Dumbarton","Dumbarton","55.9500","-4.5667","United Kingdom","GB","GBR","West Dunbartonshire","","20560","1826077098"
"Lugait","Lugait","8.3411","124.2592","Philippines","PH","PHL","Misamis Oriental","","20559","1608172910"
"‘Adrā","`Adra","33.6041","36.5146","Syria","SY","SYR","Rīf Dimashq","","20559","1760640037"
"Chintalapalle","Chintalapalle","15.0400","76.2000","India","IN","IND","Karnātaka","","20558","1356016287"
"Hlohovec","Hlohovec","48.4311","17.8031","Slovakia","SK","SVK","Trnava","minor","20556","1703788561"
"Mödling","Modling","48.0833","16.2667","Austria","AT","AUT","Niederösterreich","minor","20555","1040024396"
"Sultanpur","Sultanpur","31.2235","75.2041","India","IN","IND","Punjab","","20553","1356067050"
"Honnāli","Honnali","14.2399","75.6474","India","IN","IND","Karnātaka","","20549","1356028341"
"Merrifield","Merrifield","38.8731","-77.2426","United States","US","USA","Virginia","","20549","1840006019"
"Zest’aponi","Zest'aponi","42.1092","43.0360","Georgia","GE","GEO","Imereti","minor","20548","1268512465"
"La Resolana","La Resolana","19.3425","-104.2878","Mexico","MX","MEX","Jalisco","minor","20548","1484556709"
"Shoreham-by-Sea","Shoreham-by-Sea","50.8340","-0.2730","United Kingdom","GB","GBR","West Sussex","","20547","1826260470"
"South Milwaukee","South Milwaukee","42.9120","-87.8627","United States","US","USA","Wisconsin","","20547","1840003032"
"Chã Grande","Cha Grande","-8.2378","-35.4619","Brazil","BR","BRA","Pernambuco","minor","20546","1076188673"
"Palma del Río","Palma del Rio","37.7000","-5.2833","Spain","ES","ESP","Andalusia","","20546","1724000025"
"Namioka","Namioka","40.7000","140.5833","Japan","JP","JPN","Aomori","","20543","1392091224"
"Vakon","Vakon","6.5167","2.5667","Benin","BJ","BEN","Ouémé","","20541","1204060141"
"Arsk","Arsk","56.1000","49.8833","Russia","RU","RUS","Tatarstan","","20540","1643889493"
"Santa Elena","Santa Elena","-30.9500","-59.8000","Argentina","AR","ARG","Entre Ríos","","20538","1032467373"
"Sunchales","Sunchales","-30.9333","-61.5667","Argentina","AR","ARG","Santa Fe","","20537","1032630690"
"Ravelo","Ravelo","-18.7833","-65.5500","Bolivia","BO","BOL","Potosí","","20536","1068581754"
"Batī","Bati","11.1833","40.0167","Ethiopia","ET","ETH","Āmara","","20536","1231243570"
"Le Creusot","Le Creusot","46.8014","4.4411","France","FR","FRA","Bourgogne-Franche-Comté","","20536","1250722828"
"Gainsborough","Gainsborough","53.4016","-0.7732","United Kingdom","GB","GBR","Lincolnshire","","20536","1826888621"
"Colleferro","Colleferro","41.7287","13.0031","Italy","IT","ITA","Lazio","","20536","1380286659"
"Carquefou","Carquefou","47.2975","-1.4914","France","FR","FRA","Pays de la Loire","","20535","1250000265"
"Jefferson","Jefferson","41.0003","-74.5531","United States","US","USA","New Jersey","","20535","1840081740"
"Laboulaye","Laboulaye","-34.1167","-63.4000","Argentina","AR","ARG","Córdoba","minor","20534","1032996866"
"Codlea","Codlea","45.6969","25.4439","Romania","RO","ROU","Braşov","","20534","1642573857"
"Carmen de Patagones","Carmen de Patagones","-40.7833","-62.9667","Argentina","AR","ARG","Buenos Aires","minor","20533","1032352587"
"Quemado de Güines","Quemado de Guines","22.7900","-80.2561","Cuba","CU","CUB","Villa Clara","minor","20533","1192892274"
"Guadalupe Nuevo","Guadalupe Nuevo","14.5587","121.0446","Philippines","PH","PHL","Makati","","20533","1608843390"
"Piqua","Piqua","40.1506","-84.2441","United States","US","USA","Ohio","","20533","1840009467"
"Aomar","Aomar","36.5000","3.7667","Algeria","DZ","DZA","Bouira","","20532","1012376964"
"Maniyamturuttu","Maniyamturuttu","9.7943","76.4179","India","IN","IND","Kerala","","20532","1356162319"
"Torhout","Torhout","51.0500","3.1000","Belgium","BE","BEL","Flanders","","20530","1056225493"
"Lami","Lami","-18.1167","178.4167","Fiji","FJ","FJI","Rewa","","20529","1242263735"
"Sonkach","Sonkach","22.9717","76.3467","India","IN","IND","Madhya Pradesh","","20529","1356679131"
"Bladel","Bladel","51.3667","5.2167","Netherlands","NL","NLD","Noord-Brabant","minor","20529","1528208371"
"Tamallalt","Tamallalt","31.8289","-7.5261","Morocco","MA","MAR","Marrakech-Safi","","20528","1504009378"
"Hythe","Hythe","50.8690","-1.3990","United Kingdom","GB","GBR","Hampshire","","20526","1826893817"
"Žďár nad Sázavou","Zd'ar nad Sazavou","49.5628","15.9392","Czechia","CZ","CZE","Vysočina","","20525","1203204559"
"Lannion","Lannion","48.7333","-3.4542","France","FR","FRA","Bretagne","minor","20525","1250528188"
"Vadamadurai","Vadamadurai","10.4408","78.0978","India","IN","IND","Tamil Nādu","","20524","1356094891"
"La Paz","La Paz","-34.7617","-56.2233","Uruguay","UY","URY","Canelones","","20524","1858113046"
"Madipakkam","Madipakkam","12.9623","80.1986","India","IN","IND","Tamil Nādu","","20523","1356832025"
"Chennimalai","Chennimalai","11.1638","77.6039","India","IN","IND","Tamil Nādu","","20522","1356565627"
"Baião","Baiao","41.1667","-8.0333","Portugal","PT","PRT","Porto","minor","20522","1620277576"
"Bala","Bala","39.5539","33.1211","Turkey","TR","TUR","Ankara","minor","20521","1792542315"
"Lower Southampton","Lower Southampton","40.1541","-74.9903","United States","US","USA","Pennsylvania","","20520","1840151113"
"Carlos Barbosa","Carlos Barbosa","-29.2978","-51.5039","Brazil","BR","BRA","Rio Grande do Sul","minor","20519","1076670550"
"Bohumín","Bohumin","49.9042","18.3575","Czechia","CZ","CZE","Moravskoslezský Kraj","","20519","1203275330"
"Cobourg","Cobourg","43.9667","-78.1667","Canada","CA","CAN","Ontario","","20519","1124831257"
"Ōhara","Ohara","35.2508","140.3886","Japan","JP","JPN","Chiba","","20518","1392804589"
"Atoyac de Álvarez","Atoyac de Alvarez","17.2000","-100.4333","Mexico","MX","MEX","Guerrero","minor","20515","1484657833"
"Colonia General Felipe Ángeles","Colonia General Felipe Angeles","23.9167","-104.6000","Mexico","MX","MEX","Durango","","20511","1484647102"
"Ortaköy","Ortakoy","38.7361","34.0403","Turkey","TR","TUR","Aksaray","minor","20511","1792138980"
"Cauto Cristo","Cauto Cristo","20.5571","-76.4727","Cuba","CU","CUB","Granma","","20510","1192943802"
"Trecate","Trecate","45.4333","8.7333","Italy","IT","ITA","Piedmont","","20510","1380882788"
"Nishigō","Nishigo","37.1417","140.1554","Japan","JP","JPN","Fukushima","","20508","1392003125"
"Bibai","Bibai","43.3333","141.8500","Japan","JP","JPN","Hokkaidō","","20507","1392376631"
"Bekalta","Bekalta","35.6167","11.0000","Tunisia","TN","TUN","Monastir","","20506","1788338192"
"Muhammadābād","Muhammadabad","27.3333","79.5000","India","IN","IND","Uttar Pradesh","","20504","1356064172"
"Horten","Horten","59.4172","10.4834","Norway","NO","NOR","Vestfold og Telemark","","20504","1578000515"
"Pendembu","Pendembu","8.0981","-10.6943","Sierra Leone","SL","SLE","Eastern","","20502","1694288658"
"North Bay Shore","North Bay Shore","40.7602","-73.2617","United States","US","USA","New York","","20501","1840005055"
"Tielt","Tielt","51.0000","3.3167","Belgium","BE","BEL","Flanders","minor","20500","1056782112"
"Khampat","Khampat","23.7823","94.1442","Burma","MM","MMR","Sagaing","","20500","1104599399"
"Shimogamo","Shimogamo","34.6795","138.9453","Japan","JP","JPN","Shizuoka","","20499","1392351063"
"Cranbrook","Cranbrook","49.5097","-115.7667","Canada","CA","CAN","British Columbia","","20499","1124937794"
"Vyškov","Vyskov","49.2775","16.9989","Czechia","CZ","CZE","Jihomoravský Kraj","","20498","1203012353"
"Nellimarla","Nellimarla","18.1667","83.4333","India","IN","IND","Andhra Pradesh","","20498","1356634988"
"Pantanaw","Pantanaw","16.9850","95.4656","Burma","MM","MMR","Ayeyarwady","","20497","1104041074"
"Grottaferrata","Grottaferrata","41.8000","12.6667","Italy","IT","ITA","Lazio","","20494","1380288930"
"Lubartów","Lubartow","51.4667","22.6000","Poland","PL","POL","Lubelskie","minor","20494","1616620144"
"Libertyville","Libertyville","42.2870","-87.9670","United States","US","USA","Illinois","","20493","1840011161"
"Adrian","Adrian","41.8994","-84.0447","United States","US","USA","Michigan","","20493","1840003226"
"Binondo","Binondo","14.6000","120.9670","Philippines","PH","PHL","Manila","","20491","1608318528"
"San Bernardino","San Bernardino","-25.3044","-57.2938","Paraguay","PY","PRY","Cordillera","","20491","1600530109"
"Nahorkatiya","Nahorkatiya","27.2891","95.3418","India","IN","IND","Assam","","20490","1356217812"
"Khvānsār","Khvansar","33.2208","50.3153","Iran","IR","IRN","Eşfahān","minor","20490","1364250256"
"Sapang Dalaga","Sapang Dalaga","8.5500","123.5700","Philippines","PH","PHL","Misamis Occidental","","20490","1608409297"
"South Burlington","South Burlington","44.4622","-73.2202","United States","US","USA","Vermont","","20488","1840002311"
"Westbrook","Westbrook","43.6954","-70.3539","United States","US","USA","Maine","","20484","1840000329"
"La Chapelle-sur-Erdre","La Chapelle-sur-Erdre","47.2997","-1.5517","France","FR","FRA","Pays de la Loire","","20483","1250918236"
"Capanema","Capanema","-25.6719","-53.8089","Brazil","BR","BRA","Paraná","minor","20481","1076374663"
"Alza","Alza","43.3139","-1.9347","Spain","ES","ESP","Basque Country","","20480","1724062777"
"Peritoró","Peritoro","-4.3828","-44.3328","Brazil","BR","BRA","Maranhão","minor","20479","1076656373"
"Saint-Pol-sur-Mer","Saint-Pol-sur-Mer","51.0314","2.3439","France","FR","FRA","Hauts-de-France","","20479","1250034563"
"Posušje","Posusje","43.4722","17.3267","Bosnia and Herzegovina","BA","BIH","Bosnia and Herzegovina, Federation of","minor","20477","1070546280"
"Becerril","Becerril","9.7000","-73.2833","Colombia","CO","COL","Cesar","minor","20477","1170989688"
"Kremenets","Kremenets","50.1081","25.7275","Ukraine","UA","UKR","Ternopilska Oblast","minor","20476","1804050857"
"Bhojpur Kadīm","Bhojpur Kadim","25.5841","84.1265","India","IN","IND","Bihār","","20474","1356907861"
"Plaisance-du-Touch","Plaisance-du-Touch","43.5667","1.2972","France","FR","FRA","Occitanie","","20471","1250061109"
"Kurshab","Kurshab","40.6664","73.1367","Kyrgyzstan","KG","KGZ","Osh","","20471","1417161123"
"Longjumeau","Longjumeau","48.6943","2.2958","France","FR","FRA","Île-de-France","","20470","1250686935"
"Dülken","Dulken","51.2522","6.3353","Germany","DE","DEU","North Rhine-Westphalia","","20469","1276245345"
"Reçani","Recani","31.2859","-4.2751","Morocco","MA","MAR","Drâa-Tafilalet","","20469","1504410951"
"Khotkovo","Khotkovo","56.2500","38.0000","Russia","RU","RUS","Moskovskaya Oblast’","","20468","1643642751"
"El Gara","El Gara","33.1119","-7.4058","Morocco","MA","MAR","Casablanca-Settat","","20467","1504734362"
"Golden","Golden","39.7406","-105.2118","United States","US","USA","Colorado","","20467","1840020197"
"Timaná","Timana","1.9833","-75.9500","Colombia","CO","COL","Huila","minor","20463","1170667913"
"Magsaysay","Magsaysay","8.0300","123.9200","Philippines","PH","PHL","Lanao del Norte","","20463","1608966155"
"Mindouli","Mindouli","-4.2747","14.3575","Congo (Brazzaville)","CG","COG","Pool","","20462","1178845448"
"Omagh","Omagh","54.5980","-7.3090","United Kingdom","GB","GBR","Fermanagh and Omagh","","20458","1826686995"
"Kizhāttūr","Kizhattur","11.0500","76.2167","India","IN","IND","Kerala","","20457","1356639498"
"Sidney","Sidney","40.2891","-84.1667","United States","US","USA","Ohio","","20457","1840009429"
"Atarfe","Atarfe","37.2229","-3.6899","Spain","ES","ESP","Andalusia","","20455","1724936353"
"Sidi Jaber","Sidi Jaber","32.3833","-6.4167","Morocco","MA","MAR","Béni Mellal-Khénifra","","20455","1504230672"
"Kawayan","Kawayan","11.7000","124.3700","Philippines","PH","PHL","Biliran","","20455","1608294088"
"Costas de Cão","Costas de Cao","38.6640","-9.2000","Portugal","PT","PRT","Setúbal","","20454","1620036170"
"Caparica","Caparica","38.6683","-9.1900","Portugal","PT","PRT","Setúbal","","20454","1620293677"
"Painesville","Painesville","41.7240","-81.2536","United States","US","USA","Ohio","","20453","1840000542"
"San Martín","San Martin","8.0472","-73.5153","Colombia","CO","COL","Cesar","minor","20452","1170564282"
"Saint-Cyr-l’École","Saint-Cyr-l'Ecole","48.8008","2.0633","France","FR","FRA","Île-de-France","","20451","1250975407"
"Fröndenberg","Frondenberg","51.4719","7.7658","Germany","DE","DEU","North Rhine-Westphalia","","20450","1276071190"
"Haßloch","Hassloch","49.3631","8.2558","Germany","DE","DEU","Rhineland-Palatinate","","20450","1276280419"
"Mường Lay","Muong Lay","22.0678","103.1506","Vietnam","VN","VNM","Điện Biên","","20450","1704853058"
"Buckhall","Buckhall","38.7239","-77.4476","United States","US","USA","Virginia","","20447","1840026707"
"Paraisópolis","Paraisopolis","-22.5539","-45.7800","Brazil","BR","BRA","Minas Gerais","minor","20445","1076153372"
"Puerto Quito","Puerto Quito","0.1272","-79.2531","Ecuador","EC","ECU","Pichincha","","20445","1218847413"
"La Celle-Saint-Cloud","La Celle-Saint-Cloud","48.8411","2.1344","France","FR","FRA","Île-de-France","","20440","1250819039"
"Keevallur","Keevallur","11.9167","75.5500","India","IN","IND","Kerala","","20440","1356069889"
"Culpeper","Culpeper","38.4704","-78.0001","United States","US","USA","Virginia","","20437","1840006169"
"’Aïn el Bell","'Ain el Bell","34.3500","3.2167","Algeria","DZ","DZA","Djelfa","","20436","1012893320"
"Sysert","Sysert","56.5000","60.8167","Russia","RU","RUS","Sverdlovskaya Oblast’","minor","20436","1643162244"
"Fara","Fara","11.5333","-2.7667","Burkina Faso","BF","BFA","Boucle du Mouhoun","","20434","1854783851"
"Faversham","Faversham","51.3177","0.8928","United Kingdom","GB","GBR","Kent","","20434","1826000093"
"Susaki","Susaki","33.3925","133.2931","Japan","JP","JPN","Kōchi","","20429","1392572991"
"Mealhada","Mealhada","40.3781","-8.4514","Portugal","PT","PRT","Aveiro","minor","20428","1620589603"
"Laï","Lai","9.4000","16.3000","Chad","TD","TCD","Tandjilé","admin","20428","1148360693"
"Jarājūs","Jarajus","25.8681","32.7566","Egypt","EG","EGY","Qinā","","20427","1818408605"
"Cinfães","Cinfaes","41.0667","-8.0833","Portugal","PT","PRT","Viseu","minor","20427","1620729048"
"Conde","Conde","-11.8139","-37.6108","Brazil","BR","BRA","Bahia","minor","20426","1076912261"
"Pak Phanang","Pak Phanang","8.3511","100.2020","Thailand","TH","THA","Nakhon Si Thammarat","minor","20425","1764714642"
"Itatira","Itatira","-4.6072","-39.6541","Brazil","BR","BRA","Ceará","minor","20424","1076647761"
"Baud","Baud","20.8400","84.3200","India","IN","IND","Odisha","","20424","1356005442"
"Aígio","Aigio","38.2506","22.0811","Greece","GR","GRC","Dytikí Elláda","minor","20422","1300238679"
"Sandwich","Sandwich","41.7137","-70.4851","United States","US","USA","Massachusetts","","20422","1840053505"
"Nizhniy Lomov","Nizhniy Lomov","53.5167","43.6667","Russia","RU","RUS","Penzenskaya Oblast’","","20421","1643956972"
"Chepo","Chepo","9.1678","-79.0935","Panama","PA","PAN","Panamá","minor","20420","1591679968"
"Koipādi","Koipadi","12.5846","74.9404","India","IN","IND","Kerala","","20418","1356281624"
"Zhetigen","Zhetigen","43.6743","77.1082","Kazakhstan","KZ","KAZ","Almaty","","20418","1398248461"
"Dolyna","Dolyna","48.9706","24.0111","Ukraine","UA","UKR","Ivano-Frankivska Oblast","minor","20417","1804692275"
"Frankfort","Frankfort","41.4892","-87.8363","United States","US","USA","Illinois","","20417","1840011486"
"Lambari","Lambari","-21.9758","-45.3500","Brazil","BR","BRA","Minas Gerais","minor","20414","1076960133"
"Kuala Pembuang","Kuala Pembuang","-3.3871","112.5434","Indonesia","ID","IDN","Kalimantan Tengah","minor","20413","1360736097"
"Campo Magro","Campo Magro","-25.3689","-49.4508","Brazil","BR","BRA","Paraná","minor","20409","1076716501"
"Lomita","Lomita","33.7933","-118.3175","United States","US","USA","California","","20409","1840020489"
"Phichit","Phichit","16.4431","100.3467","Thailand","TH","THA","Phichit","admin","20408","1764024236"
"Jaboticatubas","Jaboticatubas","-19.5139","-43.7450","Brazil","BR","BRA","Minas Gerais","minor","20406","1076147511"
"Pariyāram","Pariyaram","12.0732","75.2917","India","IN","IND","Kerala","","20405","1356466017"
"San Lorenzo","San Lorenzo","1.5039","-77.2178","Colombia","CO","COL","Nariño","minor","20403","1170168710"
"Lichtenfels","Lichtenfels","50.1333","11.0333","Germany","DE","DEU","Bavaria","minor","20403","1276573026"
"Reggane","Reggane","26.7203","0.1728","Algeria","DZ","DZA","Adrar","","20402","1012709576"
"’Aïn el Hammam","'Ain el Hammam","36.5714","4.3097","Algeria","DZ","DZA","Tizi Ouzou","","20401","1012595495"
"Iztapa","Iztapa","13.9331","-90.7075","Guatemala","GT","GTM","Escuintla","minor","20401","1320160535"
"Follonica","Follonica","42.9189","10.7614","Italy","IT","ITA","Tuscany","","20399","1380824134"
"Buritis","Buritis","-15.6178","-46.4228","Brazil","BR","BRA","Minas Gerais","minor","20396","1076783642"
"Korntal-Münchingen","Korntal-Munchingen","48.8306","9.1214","Germany","DE","DEU","Baden-Württemberg","","20394","1276087969"
"Donggou","Donggou","19.5911","110.9239","China","CN","CHN","Hainan","","20393","1156098481"
"Mitry-Mory","Mitry-Mory","48.9833","2.6167","France","FR","FRA","Île-de-France","","20393","1250583978"
"Ochtrup","Ochtrup","52.2056","7.1903","Germany","DE","DEU","North Rhine-Westphalia","","20392","1276195349"
"Uetze","Uetze","52.4661","10.2039","Germany","DE","DEU","Lower Saxony","","20392","1276620577"
"Komárom","Komarom","47.7400","18.1217","Hungary","HU","HUN","Komárom-Esztergom","minor","20391","1348857421"
"Puduppalli Kunnam","Puduppalli Kunnam","9.1500","76.4833","India","IN","IND","Kerala","","20390","1356160286"
"Sukhodilsk","Sukhodilsk","48.3500","39.7167","Ukraine","UA","UKR","Luhanska Oblast","","20390","1804091595"
"Neustrelitz","Neustrelitz","53.3647","13.0636","Germany","DE","DEU","Mecklenburg-Western Pomerania","","20385","1276001058"
"Chokkampatti","Chokkampatti","9.1259","77.3634","India","IN","IND","Tamil Nādu","","20383","1356214229"
"Meadowbrook","Meadowbrook","37.4301","-77.4740","United States","US","USA","Virginia","","20383","1840024786"
"Bruges","Bruges","44.8836","-0.6114","France","FR","FRA","Nouvelle-Aquitaine","","20382","1250426923"
"Beforona","Beforona","-18.9719","48.5759","Madagascar","MG","MDG","Toamasina","","20380","1450730932"
"Koło","Kolo","52.2000","18.6333","Poland","PL","POL","Wielkopolskie","minor","20380","1616148045"
"Longbangcun","Longbangcun","22.8833","106.3333","China","CN","CHN","Guangxi","","20378","1156546755"
"Jaguaruna","Jaguaruna","-28.6150","-49.0258","Brazil","BR","BRA","Santa Catarina","minor","20375","1076644928"
"Barki Saria","Barki Saria","24.1759","85.8894","India","IN","IND","Jhārkhand","","20375","1356112723"
"Rāmnagar Farsāhi","Ramnagar Farsahi","25.8904","87.1284","India","IN","IND","Bihār","","20374","1356975268"
"Porto Real","Porto Real","-22.4200","-44.2900","Brazil","BR","BRA","Rio de Janeiro","minor","20373","1076140508"
"Sandhurst","Sandhurst","51.3490","-0.8000","United Kingdom","GB","GBR","Hampshire","","20373","1826474175"
"Samboan","Samboan","9.5288","123.3064","Philippines","PH","PHL","Cebu","","20373","1608765850"
"Sokal","Sokal","50.4833","24.2833","Ukraine","UA","UKR","Lvivska Oblast","","20373","1804008451"
"Makakilo","Makakilo","21.3591","-158.0813","United States","US","USA","Hawaii","","20372","1840137080"
"Alatsinainy-Bakaro","Alatsinainy-Bakaro","-19.3230","47.6813","Madagascar","MG","MDG","Antananarivo","","20370","1450565382"
"Calella","Calella","41.6128","2.6575","Spain","ES","ESP","Catalonia","","20369","1724567421"
"Kūttampala","Kuttampala","12.1216","75.4829","India","IN","IND","Kerala","","20369","1356575276"
"Feltre","Feltre","46.0167","11.9000","Italy","IT","ITA","Veneto","","20369","1380882091"
"Portland","Portland","27.8942","-97.3278","United States","US","USA","Texas","","20369","1840021006"
"San Pablo Tacachico","San Pablo Tacachico","13.9833","-89.3333","El Salvador","SV","SLV","La Libertad","","20366","1222464650"
"Kanaya","Kanaya","34.8345","138.1267","Japan","JP","JPN","Shizuoka","","20364","1392413235"
"North Amityville","North Amityville","40.7005","-73.4119","United States","US","USA","New York","","20364","1840005053"
"Rosas","Rosas","42.2631","3.1831","Spain","ES","ESP","Catalonia","","20362","1724996343"
"Yangping","Yangping","27.7352","100.6070","China","CN","CHN","Yunnan","","20360","1156821978"
"Giengen an der Brenz","Giengen an der Brenz","48.6217","10.2450","Germany","DE","DEU","Baden-Württemberg","","20358","1276782990"
"Cormano","Cormano","45.5500","9.1667","Italy","IT","ITA","Lombardy","","20356","1380158299"
"Hernani","Hernani","43.2667","-1.9667","Spain","ES","ESP","Basque Country","","20355","1724313794"
"Rothwell","Rothwell","53.7485","-1.4780","United Kingdom","GB","GBR","Leeds","","20354","1826415325"
"Karaiyāmpudūr","Karaiyampudur","11.0077","77.2942","India","IN","IND","Tamil Nādu","","20354","1356166236"
"Frøyland","Froyland","58.9167","5.8500","Norway","NO","NOR","Rogaland","","20353","1578422189"
"Høyland","Hoyland","58.6833","5.5833","Norway","NO","NOR","Rogaland","","20353","1578521396"
"Hazlet","Hazlet","40.4265","-74.1712","United States","US","USA","New Jersey","","20353","1840081651"
"Mělník","Melnik","50.3519","14.4750","Czechia","CZ","CZE","Středočeský Kraj","","20350","1203735988"
"Blankenberge","Blankenberge","51.3000","3.1167","Belgium","BE","BEL","Flanders","","20349","1056155354"
"Sartalillo","Sartalillo","9.9759","-84.0232","Costa Rica","CR","CRI","Cartago","","20349","1188001617"
"Kihihi","Kihihi","-0.7489","29.7003","Uganda","UG","UGA","Kanungu","","20349","1800948354"
"Flores","Flores","-7.8658","-37.9750","Brazil","BR","BRA","Pernambuco","minor","20347","1076955448"
"Grande-Synthe","Grande-Synthe","51.0139","2.3028","France","FR","FRA","Hauts-de-France","","20347","1250318038"
"Whitpain","Whitpain","40.1578","-75.2769","United States","US","USA","Pennsylvania","","20347","1840145445"
"Middle","Middle","39.0852","-74.8337","United States","US","USA","New Jersey","","20347","1840081576"
"Deal","Deal","51.2226","1.4006","United Kingdom","GB","GBR","Kent","","20342","1826000065"
"Harpālpur","Harpalpur","25.2877","79.3328","India","IN","IND","Madhya Pradesh","","20341","1356366238"
"Bratunac","Bratunac","44.1839","19.3308","Bosnia and Herzegovina","BA","BIH","Srpska, Republika","minor","20340","1070077267"
"Lower Allen","Lower Allen","40.2082","-76.9287","United States","US","USA","Pennsylvania","","20340","1840035428"
"Yellowknife","Yellowknife","62.4709","-114.4053","Canada","CA","CAN","Northwest Territories","admin","20340","1124208917"
"Makhtal","Makhtal","16.5012","77.5156","India","IN","IND","Andhra Pradesh","","20339","1356006714"
"Mundra","Mundra","22.8500","69.7300","India","IN","IND","Gujarāt","","20338","1356047064"
"Tala Yfassene","Tala Yfassene","36.4583","5.0889","Algeria","DZ","DZA","Sétif","","20337","1012098651"
"Huanuni","Huanuni","-18.2900","-66.8383","Bolivia","BO","BOL","Oruro","","20336","1068902608"
"Kashkar-Kyshtak","Kashkar-Kyshtak","40.6223","72.8310","Kyrgyzstan","KG","KGZ","Osh","","20334","1417542891"
"Marblehead","Marblehead","42.4992","-70.8639","United States","US","USA","Massachusetts","","20334","1840053532"
"Gyömrő","Gyomro","47.4353","19.3986","Hungary","HU","HUN","Pest","","20332","1348769818"
"Trentola","Trentola","40.9762","14.1773","Italy","IT","ITA","Campania","","20331","1380538043"
"Dan Gorayo","Dan Gorayo","8.7269","49.3416","Somalia","SO","SOM","Bari","","20331","1706372631"
"Monroe","Monroe","41.9155","-83.3849","United States","US","USA","Michigan","","20330","1840003987"
"Peterlee","Peterlee","54.7600","-1.3300","United Kingdom","GB","GBR","Durham","","20329","1826513639"
"Monte Azul","Monte Azul","-15.1553","-42.8589","Brazil","BR","BRA","Minas Gerais","minor","20328","1076346009"
"Santa María Chilchotla","Santa Maria Chilchotla","18.2333","-96.8167","Mexico","MX","MEX","Oaxaca","minor","20328","1484011437"
"Dharmkot","Dharmkot","30.9456","75.2324","India","IN","IND","Punjab","","20326","1356137820"
"Sarreguemines","Sarreguemines","49.1100","7.0700","France","FR","FRA","Grand Est","minor","20324","1250256927"
"Benicasim","Benicasim","40.0553","0.0642","Spain","ES","ESP","Valencia","","20322","1724830248"
"Nesoddtangen","Nesoddtangen","59.8086","10.6556","Norway","NO","NOR","Viken","minor","20322","1578569253"
"Duderstadt","Duderstadt","51.5125","10.2597","Germany","DE","DEU","Lower Saxony","","20320","1276392919"
"Farāshband","Farashband","28.8617","52.0936","Iran","IR","IRN","Fārs","minor","20320","1364248167"
"Farum","Farum","55.8099","12.3623","Denmark","DK","DNK","Hovedstaden","minor","20317","1208077125"
"Fangasso","Fangasso","13.5333","-4.4500","Mali","ML","MLI","Ségou","","20317","1466346303"
"L’Isle-sur-la-Sorgue","L'Isle-sur-la-Sorgue","43.9199","5.0549","France","FR","FRA","Provence-Alpes-Côte d’Azur","","20315","1250006499"
"Baihar","Baihar","22.1013","80.5497","India","IN","IND","Madhya Pradesh","","20314","1356452972"
"Wednesbury","Wednesbury","52.5520","-2.0190","United Kingdom","GB","GBR","Sandwell","","20313","1826941396"
"Xincheng","Xincheng","24.0514","121.6083","Taiwan","TW","TWN","Hualien","","20308","1158118718"
"Santa Rosa","Santa Rosa","-26.8873","-56.8490","Paraguay","PY","PRY","Misiones","","20306","1600899720"
"Rawicz","Rawicz","51.6092","16.8575","Poland","PL","POL","Wielkopolskie","minor","20305","1616333894"
"Katākos","Katakos","25.3339","87.6715","India","IN","IND","Bihār","","20304","1356127564"
"Senta","Senta","45.9314","20.0900","Serbia","RS","SRB","Senta","admin","20302","1688368364"
"Diyadin","Diyadin","39.5400","43.6772","Turkey","TR","TUR","Ağrı","minor","20302","1792559543"
"Telgte","Telgte","51.9819","7.7856","Germany","DE","DEU","North Rhine-Westphalia","","20301","1276981111"
"Santa Rita","Santa Rita","15.2001","-87.8841","Honduras","HN","HND","Yoro","","20301","1340894551"
"Khowrzūq","Khowrzuq","32.7783","51.6478","Iran","IR","IRN","Eşfahān","","20301","1364753903"
"Las Vigas de Ramírez","Las Vigas de Ramirez","19.6369","-97.1000","Mexico","MX","MEX","Veracruz","minor","20300","1484942376"
"Chandragiri","Chandragiri","13.5833","79.3167","India","IN","IND","Andhra Pradesh","","20299","1356092797"
"Gryfino","Gryfino","53.2531","14.4875","Poland","PL","POL","Zachodniopomorskie","minor","20297","1616595491"
"East Hemet","East Hemet","33.7301","-116.9410","United States","US","USA","California","","20292","1840028370"
"Sidi Chiker","Sidi Chiker","31.7453","-8.7069","Morocco","MA","MAR","Marrakech-Safi","","20291","1504682316"
"Bellshill","Bellshill","55.8160","-4.0260","United Kingdom","GB","GBR","North Lanarkshire","","20290","1826995667"
"Tobe","Tobe","33.7500","132.8000","Japan","JP","JPN","Ehime","","20290","1392744694"
"Tak","Tak","16.8711","99.1250","Thailand","TH","THA","Tak","admin","20290","1764055292"
"Lennox","Lennox","33.9380","-118.3586","United States","US","USA","California","","20289","1840017923"
"Abejorral","Abejorral","5.7894","-75.4281","Colombia","CO","COL","Antioquia","minor","20287","1170508965"
"São Felipe","Sao Felipe","-12.8469","-39.0889","Brazil","BR","BRA","Bahia","minor","20283","1076363237"
"Tidili Masfiywat","Tidili Masfiywat","31.4667","-7.6167","Morocco","MA","MAR","Marrakech-Safi","","20283","1504563620"
"San Martin De Porres","San Martin De Porres","14.4817","121.0425","Philippines","PH","PHL","Parañaque","","20283","1608242946"
"Bīrpur","Birpur","25.5209","85.4614","India","IN","IND","Bihār","","20281","1356162092"
"Salgado","Salgado","-11.0319","-37.4750","Brazil","BR","BRA","Sergipe","minor","20279","1076036946"
"Inírida","Inirida","3.8653","-67.9239","Colombia","CO","COL","Guainía","admin","20279","1170563591"
"Cândido Mendes","Candido Mendes","-1.4467","-45.7167","Brazil","BR","BRA","Maranhão","minor","20278","1076905087"
"Shisui","Shisui","35.7167","140.2667","Japan","JP","JPN","Chiba","","20278","1392687208"
"Lalín","Lalin","42.6500","-8.1167","Spain","ES","ESP","Galicia","","20277","1724795282"
"Chorozinho","Chorozinho","-4.3003","-38.4978","Brazil","BR","BRA","Ceará","minor","20274","1076780139"
"Reichenbach/Vogtland","Reichenbach/Vogtland","50.6167","12.3000","Germany","DE","DEU","Saxony","","20273","1276903490"
"Shāmgarh","Shamgarh","25.8935","86.8759","India","IN","IND","Bihār","","20273","1356015242"
"Nyon","Nyon","46.3833","6.2333","Switzerland","CH","CHE","Vaud","","20272","1756289111"
"Teculután","Teculutan","14.9831","-89.5667","Guatemala","GT","GTM","Zacapa","minor","20272","1320018661"
"Simití","Simiti","7.9667","-73.9500","Colombia","CO","COL","Bolívar","minor","20271","1170040846"
"Concordia","Concordia","6.0490","-75.9090","Colombia","CO","COL","Antioquia","minor","20271","1170368496"
"Tenjo","Tenjo","4.9167","-74.1667","Colombia","CO","COL","Cundinamarca","minor","20269","1170657903"
"Minturno","Minturno","41.2667","13.7500","Italy","IT","ITA","Lazio","","20268","1380600468"
