"Watsa","Watsa","3.0372","29.5355","Congo (Kinshasa)","CD","COD","Haut-Uélé","","24516","1180367451"
"Homer Glen","Homer Glen","41.6043","-87.9497","United States","US","USA","Illinois","","24516","1840011483"
"Cordeirópolis","Cordeiropolis","-22.4819","-47.4569","Brazil","BR","BRA","São Paulo","minor","24514","1076452499"
"Melrose Park","Melrose Park","41.9030","-87.8636","United States","US","USA","Illinois","","24513","1840011296"
"Amatán","Amatan","17.3667","-92.8167","Mexico","MX","MEX","Chiapas","minor","24512","1484881501"
"Belvidere","Belvidere","42.2543","-88.8649","United States","US","USA","Illinois","","24510","1840006971"
"Pelham","Pelham","33.3114","-86.7573","United States","US","USA","Alabama","","24510","1840014826"
"Sánchez","Sanchez","19.2289","-69.6119","Dominican Republic","DO","DOM","Cibao Nordeste","","24509","1214869405"
"Akivīdu","Akividu","16.5812","81.3747","India","IN","IND","Andhra Pradesh","","24506","1356405611"
"Aklvidu","Aklvidu","16.6000","81.3833","India","IN","IND","Andhra Pradesh","","24506","1356049380"
"Ronnenberg","Ronnenberg","52.3194","9.6556","Germany","DE","DEU","Lower Saxony","","24505","1276210070"
"Qualiano","Qualiano","40.9167","14.1500","Italy","IT","ITA","Campania","","24501","1380575538"
"Zdolbuniv","Zdolbuniv","50.5094","26.2597","Ukraine","UA","UKR","Rivnenska Oblast","","24501","1804680410"
"Hulbuk","Hulbuk","37.8050","69.6464","Tajikistan","TJ","TJK","Khatlon","minor","24500","1762158333"
"Bereket","Bereket","39.2431","55.5169","Turkmenistan","TM","TKM","Balkan","","24500","1795808351"
"G‘uzor","G`uzor","38.6208","66.2481","Uzbekistan","UZ","UZB","Qashqadaryo","minor","24500","1860850796"
"Andhra Thārhi","Andhra Tharhi","26.3771","86.3341","India","IN","IND","Bihār","","24497","1356372709"
"Nij Khari","Nij Khari","22.0929","88.4288","India","IN","IND","West Bengal","","24496","1356997742"
"Dongxiaozhai","Dongxiaozhai","40.1672","118.0699","China","CN","CHN","Hebei","","24495","1156890376"
"Tirumuruganpūndi","Tirumuruganpundi","11.1649","77.3084","India","IN","IND","Tamil Nādu","","24495","1356163710"
"Parambatt Kavu","Parambatt Kavu","11.3268","75.8906","India","IN","IND","Kerala","","24495","1356064484"
"Ocara","Ocara","-4.4908","-38.5969","Brazil","BR","BRA","Ceará","minor","24493","1076000009"
"Markkleeberg","Markkleeberg","51.2778","12.3833","Germany","DE","DEU","Saxony","","24488","1276805845"
"Orly","Orly","48.7439","2.3928","France","FR","FRA","Île-de-France","","24488","1250660007"
"Tulsīpur","Tulsipur","27.5500","82.4200","India","IN","IND","Uttar Pradesh","","24488","1356203063"
"Pindwāra","Pindwara","24.7945","73.0550","India","IN","IND","Rājasthān","","24487","1356740431"
"Dhāmnagar","Dhamnagar","20.9141","86.4468","India","IN","IND","Odisha","","24486","1356990724"
"Ấp Khánh Hòa","Ap Khanh Hoa","10.6333","105.2167","Vietnam","VN","VNM","An Giang","","24486","1704618066"
"Mahdīshahr","Mahdishahr","35.7144","53.3569","Iran","IR","IRN","Semnān","minor","24485","1364801554"
"World Golf Village","World Golf Village","29.9654","-81.4896","United States","US","USA","Florida","","24485","1840039162"
"Kaynarca","Kaynarca","41.0308","30.3075","Turkey","TR","TUR","Sakarya","minor","24483","1792029703"
"Hanerik","Hanerik","39.2627","76.4190","China","CN","CHN","Xinjiang","","24481","1156567163"
"Khajurāho","Khajuraho","24.8500","79.9250","India","IN","IND","Madhya Pradesh","","24481","1356993147"
"Fairfax","Fairfax","38.8531","-77.2997","United States","US","USA","Virginia","","24478","1840001650"
"Traun","Traun","48.2217","14.2397","Austria","AT","AUT","Oberösterreich","","24477","1040684469"
"Soledad","Soledad","36.4432","-121.3426","United States","US","USA","California","","24476","1840021635"
"Mimoso do Sul","Mimoso do Sul","-21.0639","-41.3658","Brazil","BR","BRA","Espírito Santo","minor","24475","1076302164"
"Decatur","Decatur","33.7711","-84.2963","United States","US","USA","Georgia","","24470","1840014777"
"Purwā","Purwa","26.4700","80.7800","India","IN","IND","Uttar Pradesh","","24467","1356463206"
"San Agustín Loxicha","San Agustin Loxicha","16.0167","-96.6167","Mexico","MX","MEX","Oaxaca","","24467","1484509506"
"Saginaw","Saginaw","32.8657","-97.3654","United States","US","USA","Texas","","24467","1840022046"
"Zion","Zion","42.4603","-87.8511","United States","US","USA","Illinois","","24466","1840010114"
"Baar","Baar","47.1956","8.5264","Switzerland","CH","CHE","Zug","","24464","1756858308"
"Warstein","Warstein","51.4500","8.3500","Germany","DE","DEU","North Rhine-Westphalia","","24464","1276854914"
"Slavutych","Slavutych","51.5206","30.7569","Ukraine","UA","UKR","Kyivska Oblast","","24464","1804529063"
"Sahaspur","Sahaspur","29.1208","78.6208","India","IN","IND","Uttar Pradesh","","24463","1356358964"
"Cartaxo","Cartaxo","39.1619","-8.7864","Portugal","PT","PRT","Santarém","minor","24462","1620745841"
"Isernhagen-Süd","Isernhagen-Sud","52.4342","9.8572","Germany","DE","DEU","Lower Saxony","","24459","1276610067"
"Canton","Canton","42.1750","-71.1264","United States","US","USA","Massachusetts","","24459","1840053673"
"Faribault","Faribault","44.2996","-93.2789","United States","US","USA","Minnesota","","24458","1840007889"
"Sahāwar","Sahawar","27.8000","78.8500","India","IN","IND","Uttar Pradesh","","24457","1356246628"
"Nasukarasuyama","Nasukarasuyama","36.6569","140.1514","Japan","JP","JPN","Tochigi","","24456","1392480551"
"Wetzikon","Wetzikon","47.3208","8.7931","Switzerland","CH","CHE","Zürich","","24452","1756078126"
"Attendorn","Attendorn","51.1289","7.9022","Germany","DE","DEU","North Rhine-Westphalia","","24452","1276325506"
"Igaraçu do Tietê","Igaracu do Tiete","-22.5092","-48.5578","Brazil","BR","BRA","São Paulo","minor","24451","1076166440"
"Calw","Calw","48.7167","8.7333","Germany","DE","DEU","Baden-Württemberg","minor","24448","1276416126"
"Eisenhüttenstadt","Eisenhuttenstadt","52.1450","14.6728","Germany","DE","DEU","Brandenburg","","24447","1276902561"
"Zungeru","Zungeru","9.8128","6.1558","Nigeria","NG","NGA","Niger","","24447","1566658964"
"Vinnamāla","Vinnamala","13.9074","79.9086","India","IN","IND","Andhra Pradesh","","24446","1356425707"
"Būndu","Bundu","23.1609","85.5901","India","IN","IND","Jhārkhand","","24445","1356307063"
"Tamahú","Tamahu","15.3333","-90.1667","Guatemala","GT","GTM","Alta Verapaz","minor","24444","1320032339"
"Felixstowe","Felixstowe","51.9639","1.3514","United Kingdom","GB","GBR","Suffolk","","24441","1826193047"
"Qabāţīyah","Qabatiyah","32.4104","35.2809","West Bank","XW","XWB","","","24439","1934173704"
"Napindan","Napindan","14.5403","121.0961","Philippines","PH","PHL","Taguig","","24437","1608393325"
"Eysines","Eysines","44.8853","-0.6500","France","FR","FRA","Nouvelle-Aquitaine","","24436","1250067454"
"Arad","Arad","31.2603","35.2147","Israel","IL","ISR","Southern","","24436","1376674296"
"Channagiri","Channagiri","14.0240","75.9258","India","IN","IND","Karnātaka","","24435","1356077835"
"’Aïn Boucif","'Ain Boucif","35.8912","3.1585","Algeria","DZ","DZA","Médéa","","24434","1012875475"
"Gaz","Gaz","32.8061","51.6206","Iran","IR","IRN","Eşfahān","","24433","1364058076"
"Vilankulo","Vilankulo","-22.0000","35.3167","Mozambique","MZ","MOZ","Inhambane","","24433","1508379289"
"Zhuangwei","Zhuangwei","24.7702","121.8023","Taiwan","TW","TWN","Yilan","","24433","1158013111"
"Riverside","Riverside","39.7835","-84.1219","United States","US","USA","Ohio","","24432","1840012490"
"Balarāmpur","Balarampur","23.1200","86.2200","India","IN","IND","West Bengal","","24431","1356300676"
"Yokadouma","Yokadouma","3.5167","15.0500","Cameroon","CM","CMR","Est","","24430","1120416546"
"Garcia Hernandez","Garcia Hernandez","9.6144","124.2946","Philippines","PH","PHL","Bohol","","24430","1608000451"
"Benbrook","Benbrook","32.6788","-97.4637","United States","US","USA","Texas","","24430","1840019425"
"São Sebastião do Caí","Sao Sebastiao do Cai","-29.5869","-51.3758","Brazil","BR","BRA","Rio Grande do Sul","minor","24428","1076903891"
"Três Coroas","Tres Coroas","-29.5169","-50.7778","Brazil","BR","BRA","Rio Grande do Sul","minor","24425","1076520525"
"Clinton","Clinton","41.8435","-90.2412","United States","US","USA","Iowa","","24425","1840000507"
"Żagań","Zagan","51.6167","15.3167","Poland","PL","POL","Lubuskie","minor","24424","1616067846"
"Cazones de Herrera","Cazones de Herrera","20.7044","-97.3106","Mexico","MX","MEX","Veracruz","minor","24421","1484665627"
"Mola di Bari","Mola di Bari","41.0667","17.0833","Italy","IT","ITA","Puglia","","24416","1380831006"
"Armiansk","Armiansk","46.1074","33.6919","Ukraine","UA","UKR","Krym, Avtonomna Respublika","","24415","1804358362"
"Pedra Azul","Pedra Azul","-16.0050","-41.2969","Brazil","BR","BRA","Minas Gerais","minor","24410","1076967714"
"Oirase","Oirase","40.5992","141.3977","Japan","JP","JPN","Aomori","","24407","1392003070"
"Ramain","Ramain","7.9700","124.3500","Philippines","PH","PHL","Lanao del Sur","","24406","1608918458"
"Fray Bentos","Fray Bentos","-33.1333","-58.3000","Uruguay","UY","URY","Río Negro","admin","24406","1858727525"
"Minas Novas","Minas Novas","-17.2189","-42.5900","Brazil","BR","BRA","Minas Gerais","minor","24405","1076593448"
"Ashwarāopeta","Ashwaraopeta","17.2500","81.1333","India","IN","IND","Andhra Pradesh","","24405","1356588318"
"Los Barrios","Los Barrios","36.1833","-5.4833","Spain","ES","ESP","Andalusia","","24404","1724279475"
"Tirutturaippūndi","Tirutturaippundi","10.5300","79.6500","India","IN","IND","Tamil Nādu","","24404","1356134060"
"Abim","Abim","2.7019","33.6600","Uganda","UG","UGA","Abim","admin","24400","1800199589"
"Upper Providence","Upper Providence","40.1654","-75.4888","United States","US","USA","Pennsylvania","","24398","1840145447"
"Garhara","Garhara","25.4407","85.9983","India","IN","IND","Bihār","","24397","1356014568"
"Panmana","Panmana","8.9333","76.6167","India","IN","IND","Kerala","","24397","1356160499"
"Buturlinovka","Buturlinovka","50.8333","40.5833","Russia","RU","RUS","Voronezhskaya Oblast’","","24397","1643165289"
"Oak Harbor","Oak Harbor","48.2964","-122.6333","United States","US","USA","Washington","","24396","1840019779"
"Oak Ridge","Oak Ridge","28.4727","-81.4169","United States","US","USA","Florida","","24395","1840029062"
"Itambé","Itambe","-15.2450","-40.6239","Brazil","BR","BRA","Bahia","minor","24394","1076307665"
"Ngorkou","Ngorkou","15.6597","-3.7158","Mali","ML","MLI","Tombouctou","","24381","1466990785"
"Kings Norton","Kings Norton","52.4072","-1.9272","United Kingdom","GB","GBR","Birmingham","","24380","1826743792"
"Santa Ana","Santa Ana","16.8069","-89.8272","Guatemala","GT","GTM","Petén","minor","24380","1320569617"
"Tbeng Meanchey","Tbeng Meanchey","13.8167","104.9667","Cambodia","KH","KHM","Preah Vihear","admin","24380","1116207762"
"Ponca City","Ponca City","36.7235","-97.0677","United States","US","USA","Oklahoma","","24377","1840020345"
"Gyál","Gyal","47.3822","19.2136","Hungary","HU","HUN","Pest","minor","24376","1348670361"
"Les Irois","Les Irois","18.4049","-74.4528","Haiti","HT","HTI","Grand’Anse","","24374","1332919321"
"Alicia","Alicia","9.8957","124.4415","Philippines","PH","PHL","Bohol","","24374","1608855246"
"Asan","Asan","25.7300","74.3300","India","IN","IND","Rājasthān","","24370","1356771102"
"Buzen","Buzen","33.6114","131.1303","Japan","JP","JPN","Fukuoka","","24369","1392003411"
"Bacolod","Bacolod","8.1892","124.0238","Philippines","PH","PHL","Lanao del Norte","","24367","1608296127"
"Putten","Putten","52.2592","5.6069","Netherlands","NL","NLD","Gelderland","minor","24365","1528973473"
"Lice","Lice","38.4500","40.6500","Turkey","TR","TUR","Diyarbakır","minor","24364","1792106480"
"Wandlitz","Wandlitz","52.7500","13.4497","Germany","DE","DEU","Brandenburg","","24363","1276059066"
"Martos","Martos","37.7167","-3.9667","Spain","ES","ESP","Andalusia","","24363","1724000251"
"Valente","Valente","-11.4119","-39.4619","Brazil","BR","BRA","Bahia","minor","24362","1076278646"
"Preah Vihear","Preah Vihear","13.8047","104.9783","Cambodia","KH","KHM","Preah Vihear","","24360","1116000285"
"Middleborough","Middleborough","41.8803","-70.8745","United States","US","USA","Massachusetts","","24360","1840070288"
"Hirrīyat Raznah","Hirriyat Raznah","30.6028","31.5372","Egypt","EG","EGY","Ash Sharqīyah","","24359","1818867916"
"Kenndié","Kenndie","14.7006","-3.4178","Mali","ML","MLI","Mopti","","24359","1466329959"
"Duncan","Duncan","48.7787","-123.7079","Canada","CA","CAN","British Columbia","","24358","1124316061"
"Birkirkara","Birkirkara","35.8967","14.4625","Malta","MT","MLT","Birkirkara","admin","24356","1470754290"
"Puerto Guzmán","Puerto Guzman","0.9667","-76.5833","Colombia","CO","COL","Putumayo","minor","24355","1170853414"
"Hennenman","Hennenman","-27.9667","27.0333","South Africa","ZA","ZAF","Free State","","24355","1710476156"
"Übach-Palenberg","Ubach-Palenberg","50.9197","6.1194","Germany","DE","DEU","North Rhine-Westphalia","","24354","1276712019"
"Nagarpāra","Nagarpara","25.4155","86.8832","India","IN","IND","Bihār","","24354","1356562948"
"Ambohimasina","Ambohimasina","-19.6506","46.7341","Madagascar","MG","MDG","Antananarivo","","24352","1450467942"
"Taquarituba","Taquarituba","-23.5328","-49.2439","Brazil","BR","BRA","São Paulo","minor","24350","1076078451"
"Ruvo di Puglia","Ruvo di Puglia","41.1173","16.4837","Italy","IT","ITA","Puglia","","24347","1380946552"
"Nova Xavantina","Nova Xavantina","-14.6728","-52.3528","Brazil","BR","BRA","Mato Grosso","minor","24345","1076345710"
"Paruthūr","Paruthur","10.8174","76.1178","India","IN","IND","Kerala","","24345","1356096328"
"Sundarnagar","Sundarnagar","31.5300","76.8800","India","IN","IND","Himāchal Pradesh","","24344","1356852734"
"Porto de Mós","Porto de Mos","39.6000","-8.8167","Portugal","PT","PRT","Leiria","minor","24342","1620575221"
"Ibimirim","Ibimirim","-8.5408","-37.6903","Brazil","BR","BRA","Pernambuco","minor","24340","1076028075"
"Saidpur","Saidpur","25.5500","83.1800","India","IN","IND","Uttar Pradesh","","24338","1356124209"
"Freudenstadt","Freudenstadt","48.4633","8.4111","Germany","DE","DEU","Baden-Württemberg","minor","24337","1276092007"
"Varel","Varel","53.3969","8.1361","Germany","DE","DEU","Lower Saxony","","24335","1276834869"
"Sagbayan","Sagbayan","9.9200","124.1000","Philippines","PH","PHL","Bohol","","24335","1608415406"
"Horquetas","Horquetas","10.3195","-83.9647","Costa Rica","CR","CRI","Heredia","","24331","1188000133"
"Canhotinho","Canhotinho","-8.8819","-36.1908","Brazil","BR","BRA","Pernambuco","minor","24329","1076691166"
"Las Margaritas","Las Margaritas","16.3153","-91.9817","Mexico","MX","MEX","Chiapas","minor","24326","1484007496"
"Singarāyakonda","Singarayakonda","15.2500","80.0203","India","IN","IND","Andhra Pradesh","","24324","1356627403"
"Bloomington","Bloomington","34.0601","-117.4013","United States","US","USA","California","","24324","1840017799"
"Tadjmout","Tadjmout","33.8667","2.5167","Algeria","DZ","DZA","Laghouat","","24320","1012533662"
"Pallapatti","Pallapatti","9.4664","77.8219","India","IN","IND","Tamil Nādu","","24319","1356214211"
"Iringal","Iringal","11.5667","75.6000","India","IN","IND","Kerala","","24318","1356107069"
"Xinxing","Xinxing","47.1601","123.8000","China","CN","CHN","Heilongjiang","minor","24317","1156085832"
"Gose","Gose","34.4633","135.7403","Japan","JP","JPN","Nara","","24317","1392003367"
"Portogruaro","Portogruaro","45.7833","12.8333","Italy","IT","ITA","Veneto","","24314","1380545268"
"Sarykemer","Sarykemer","43.0106","71.5172","Kazakhstan","KZ","KAZ","Zhambyl","minor","24314","1398707771"
"Lucena","Lucena","10.8800","122.6000","Philippines","PH","PHL","Iloilo","","24314","1608674517"
"Ipixuna","Ipixuna","-7.0508","-71.6950","Brazil","BR","BRA","Amazonas","minor","24311","1076079764"
"Farragut","Farragut","35.8731","-84.1821","United States","US","USA","Tennessee","","24309","1840016171"
"Greenfield","Greenfield","39.7937","-85.7738","United States","US","USA","Indiana","","24308","1840014673"
"Bijāwar","Bijawar","24.6235","79.4899","India","IN","IND","Madhya Pradesh","","24306","1356698004"
"Patterson","Patterson","37.4758","-121.1536","United States","US","USA","California","","24306","1840020290"
"Cedros","Cedros","14.5956","-87.1186","Honduras","HN","HND","Francisco Morazán","","24305","1340514859"
"Velūr","Velur","11.1114","78.0048","India","IN","IND","Tamil Nādu","","24305","1356119135"
"Qazi Ahmad","Qazi Ahmad","26.4083","68.1564","Pakistan","PK","PAK","Sindh","","24305","1586364391"
"Cantanhede","Cantanhede","-3.6328","-44.3769","Brazil","BR","BRA","Maranhão","minor","24303","1076238888"
"Wadsworth","Wadsworth","41.0279","-81.7323","United States","US","USA","Ohio","","24302","1840010294"
"Oud-Beijerland","Oud-Beijerland","51.8200","4.4200","Netherlands","NL","NLD","Zuid-Holland","minor","24301","1528064011"
"Qianwangcun","Qianwangcun","29.2283","121.3483","China","CN","CHN","Zhejiang","","24300","1156114517"
"Koloriāng","Koloriang","27.9167","93.3500","India","IN","IND","","","24300","1356182527"
"Pinheiral","Pinheiral","-22.5128","-44.0008","Brazil","BR","BRA","Rio de Janeiro","minor","24298","1076878276"
"Curacaví","Curacavi","-33.4000","-71.1500","Chile","CL","CHL","Región Metropolitana","","24298","1152178936"
"Dakṣiṇkāli̇̄","Daksinkali","27.6089","85.2672","Nepal","NP","NPL","","","24297","1524170564"
"Ajim","Ajim","33.7167","10.7500","Tunisia","TN","TUN","Médenine","","24294","1788666202"
"Auburn","Auburn","44.0851","-70.2492","United States","US","USA","Maine","","24294","1840000319"
"Mandan","Mandan","46.8290","-100.8870","United States","US","USA","North Dakota","","24293","1840000199"
"Rădăuţi","Radauti","47.8425","25.9192","Romania","RO","ROU","Suceava","","24292","1642696175"
"Saint-Laurent-du-Maroni","Saint-Laurent-du-Maroni","5.4976","-54.0325","French Guiana","GF","GUF","","minor","24287","1254543638"
"Kiên Lương","Kien Luong","10.2856","104.6444","Vietnam","VN","VNM","Kiến Giang","minor","24287","1704518749"
"Icod de los Vinos","Icod de los Vinos","28.3500","-16.7000","Spain","ES","ESP","Canary Islands","","24285","1724332990"
"Baheri","Baheri","25.9426","86.0471","India","IN","IND","Bihār","","24284","1356549569"
"Mahārājgani","Maharajgani","26.1075","84.5025","India","IN","IND","Bihār","","24282","1356944079"
"Zhuchangba","Zhuchangba","26.6615","106.5485","China","CN","CHN","Guizhou","","24281","1156067473"
"Almansa","Almansa","38.0000","52.0000","Spain","ES","ESP","Castille-La Mancha","","24281","1724819701"
"Volksrust","Volksrust","-27.3667","29.8833","South Africa","ZA","ZAF","Mpumalanga","","24281","1710664906"
"Satuba","Satuba","-9.5628","-35.8239","Brazil","BR","BRA","Alagoas","minor","24278","1076759300"
"Nueva Paz","Nueva Paz","22.7667","-81.7500","Cuba","CU","CUB","Mayabeque","minor","24277","1192235992"
"Kalach-na-Donu","Kalach-na-Donu","48.7000","43.5167","Russia","RU","RUS","Volgogradskaya Oblast’","minor","24277","1643990894"
"Unecha","Unecha","52.8461","32.6767","Russia","RU","RUS","Bryanskaya Oblast’","minor","24274","1643789718"
"Carlow","Carlow","52.8306","-6.9317","Ireland","IE","IRL","Carlow","admin","24272","1372096982"
"Borre","Borre","59.3819","10.4380","Norway","NO","NOR","Vestfold og Telemark","","24272","1578001449"
"Katrineholm","Katrineholm","59.0000","16.2000","Sweden","SE","SWE","Södermanland","minor","24271","1752643787"
"Łomianki","Lomianki","52.3333","20.8833","Poland","PL","POL","Mazowieckie","","24270","1616717475"
"Ayanavelikulangara Tekku","Ayanavelikulangara Tekku","9.0436","76.5199","India","IN","IND","Kerala","","24268","1356160520"
"Senador Pompeu","Senador Pompeu","-5.5878","-39.3719","Brazil","BR","BRA","Ceará","minor","24266","1076883393"
"Noto","Noto","36.8833","15.0833","Italy","IT","ITA","Sicilia","","24264","1380605437"
"Mograne","Mograne","34.4167","-6.4333","Morocco","MA","MAR","Rabat-Salé-Kénitra","","24263","1504174936"
"Le Bouscat","Le Bouscat","44.8651","-0.5996","France","FR","FRA","Nouvelle-Aquitaine","","24262","1250100380"
"Umga","Umga","24.6396","84.5577","India","IN","IND","Bihār","","24261","1356143590"
"Zhangshanying","Zhangshanying","40.4775","115.8508","China","CN","CHN","Beijing","","24259","1156139595"
"Tamorot","Tamorot","34.9333","-4.7833","Morocco","MA","MAR","Tanger-Tétouan-Al Hoceïma","","24258","1504592587"
"Morozovsk","Morozovsk","48.3667","41.8333","Russia","RU","RUS","Rostovskaya Oblast’","minor","24258","1643038040"
"São Geraldo do Araguaia","Sao Geraldo do Araguaia","-6.4008","-48.5550","Brazil","BR","BRA","Pará","minor","24255","1076057827"
"Ennis","Ennis","52.8463","-8.9807","Ireland","IE","IRL","Clare","admin","24253","1372255646"
"Saint-Nicolas","Saint-Nicolas","50.6302","5.5373","Belgium","BE","BEL","Wallonia","","24251","1056730951"
"Montegnée","Montegnee","50.6333","5.5333","Belgium","BE","BEL","Wallonia","","24251","1056874689"
"Lukaya","Lukaya","-0.1508","31.8744","Uganda","UG","UGA","Kalungu","","24250","1800343653"
"Tocopilla","Tocopilla","-22.0889","-70.1958","Chile","CL","CHL","Antofagasta","minor","24247","1152050254"
"Palmetto Bay","Palmetto Bay","25.6219","-80.3221","United States","US","USA","Florida","","24247","1840018335"
"Benua Baru","Benua Baru","0.9878","117.9800","Indonesia","ID","IDN","Kalimantan Timur","minor","24245","1360503352"
"Hudson","Hudson","45.4500","-74.1500","Canada","CA","CAN","Quebec","","24245","1124590540"
"Mau","Mau","26.2658","78.6711","India","IN","IND","Madhya Pradesh","","24244","1356185503"
"Mahaiza","Mahaiza","-19.9016","46.8060","Madagascar","MG","MDG","Antananarivo","","24244","1450126479"
"Dahecun","Dahecun","32.8956","108.7584","China","CN","CHN","Shaanxi","","24243","1156009331"
"San Juan Nepomuceno","San Juan Nepomuceno","-26.1117","-55.9353","Paraguay","PY","PRY","Caazapá","","24243","1600809234"
"Valparaíso","Valparaiso","-21.2278","-50.8678","Brazil","BR","BRA","São Paulo","minor","24241","1076354357"
"El Salto","El Salto","23.7823","-105.3585","Mexico","MX","MEX","Durango","minor","24241","1484463833"
"El Factor","El Factor","19.3200","-69.8800","Dominican Republic","DO","DOM","Cibao Nordeste","","24240","1214790750"
"Mayāng Imphāl","Mayang Imphal","24.6000","93.9000","India","IN","IND","Manipur","","24239","1356895176"
"Carutapera","Carutapera","-1.1950","-46.0200","Brazil","BR","BRA","Maranhão","minor","24238","1076275757"
"Mairena del Alcor","Mairena del Alcor","37.3667","-5.7333","Spain","ES","ESP","Andalusia","","24238","1724398748"
"uMhlanga Rocks","uMhlanga Rocks","-29.7333","31.0708","South Africa","ZA","ZAF","KwaZulu-Natal","","24238","1710763964"
"Mekla","Mekla","36.6833","4.2667","Algeria","DZ","DZA","Tizi Ouzou","","24237","1012384530"
"Nova Soure","Nova Soure","-11.2328","-38.4828","Brazil","BR","BRA","Bahia","minor","24236","1076178035"
"Ganzhu","Ganzhu","26.9483","116.3714","China","CN","CHN","Jiangxi","","24236","1156775624"
"Vēttakkāranpudūr","Vettakkaranpudur","10.5637","76.9166","India","IN","IND","Tamil Nādu","","24235","1356521161"
"Qiaomaichuan","Qiaomaichuan","39.7866","113.8239","China","CN","CHN","Shanxi","","24233","1156487658"
"Foum el Anser","Foum el Anser","32.3718","-6.2613","Morocco","MA","MAR","Béni Mellal-Khénifra","","24232","1504049816"
"South Plainfield","South Plainfield","40.5748","-74.4152","United States","US","USA","New Jersey","","24231","1840001334"
"Haaksbergen","Haaksbergen","52.1547","6.7419","Netherlands","NL","NLD","Overijssel","minor","24229","1528342884"
"Freha","Freha","36.7500","4.3167","Algeria","DZ","DZA","Tizi Ouzou","","24228","1012372550"
"Chester-le-Street","Chester-le-Street","54.8594","-1.5699","United Kingdom","GB","GBR","Durham","","24227","1826470602"
"Środa Wielkopolska","Sroda Wielkopolska","52.2333","17.2833","Poland","PL","POL","Wielkopolskie","minor","24225","1616107812"
"Jan Kempdorp","Jan Kempdorp","-27.9194","24.8361","South Africa","ZA","ZAF","North West","","24220","1710866811"
"El Congo","El Congo","13.9000","-89.4833","El Salvador","SV","SLV","Santa Ana","","24219","1222555785"
"Frederickson","Frederickson","47.0916","-122.3603","United States","US","USA","Washington","","24219","1840037551"
"Cabrera","Cabrera","19.6426","-69.9049","Dominican Republic","DO","DOM","Cibao Nordeste","","24218","1214117944"
"Gotvand","Gotvand","32.2433","48.8136","Iran","IR","IRN","Khūzestān","minor","24216","1364528412"
"Farnley","Farnley","53.7876","-1.6159","United Kingdom","GB","GBR","Leeds","","24213","1826992459"
"Ambalamanasy II","Ambalamanasy II","-14.5255","49.5885","Madagascar","MG","MDG","Antsiranana","","24211","1450605901"
"Ibi","Ibi","38.6272","-0.5753","Spain","ES","ESP","Valencia","","24210","1724086250"
"Debaltseve","Debaltseve","48.3333","38.4000","Ukraine","UA","UKR","Donetska Oblast","","24209","1804770987"
"Canarana","Canarana","-11.6850","-41.7689","Brazil","BR","BRA","Bahia","minor","24206","1076773196"
"Calliaqua","Calliaqua","13.1308","-61.1928","Saint Vincent and the Grenadines","VC","VCT","Saint George","","24205","1670040822"
"Soure","Soure","-0.7169","-48.5228","Brazil","BR","BRA","Pará","minor","24204","1076147572"
"Donmatías","Donmatias","6.4833","-75.4333","Colombia","CO","COL","Antioquia","minor","24201","1170287770"
"Westmont","Westmont","41.7948","-87.9742","United States","US","USA","Illinois","","24201","1840011414"
"Boulsa","Boulsa","12.6667","-0.5833","Burkina Faso","BF","BFA","Centre-Nord","minor","24200","1854535753"
"Buwenge","Buwenge","0.6503","33.1703","Uganda","UG","UGA","Jinja","","24200","1800722293"
"Aioun","Aioun","16.6614","-9.6150","Mauritania","MR","MRT","Hodh el Gharbi","admin","24199","1478255260"
"Nāravārikuppam","Naravarikuppam","13.1913","80.1847","India","IN","IND","Tamil Nādu","","24196","1356579086"
"Halikner","Halikner","17.8500","77.2700","India","IN","IND","Karnātaka","","24196","1356022552"
"Johnston","Johnston","41.6910","-93.7234","United States","US","USA","Iowa","","24196","1840008170"
"Kauswagan","Kauswagan","8.1917","124.0847","Philippines","PH","PHL","Lanao del Norte","","24193","1608069927"
"Ortigueira","Ortigueira","-24.2078","-50.9489","Brazil","BR","BRA","Paraná","minor","24192","1076897299"
"Quatro Barras","Quatro Barras","-25.3658","-49.0769","Brazil","BR","BRA","Paraná","minor","24191","1076060644"
"Fossano","Fossano","44.5500","7.7333","Italy","IT","ITA","Piedmont","","24190","1380823812"
"Souk Tlet El Gharb","Souk Tlet El Gharb","34.6211","-6.1336","Morocco","MA","MAR","Rabat-Salé-Kénitra","","24190","1504595315"
"Lagonglong","Lagonglong","8.8000","124.7800","Philippines","PH","PHL","Misamis Oriental","","24190","1608442449"
"Maksi","Maksi","23.2600","76.1457","India","IN","IND","Madhya Pradesh","","24189","1356073929"
"Mogalturru","Mogalturru","16.4167","81.6000","India","IN","IND","Andhra Pradesh","","24189","1356138893"
"Boquim","Boquim","-11.1469","-37.6208","Brazil","BR","BRA","Sergipe","minor","24188","1076424081"
"Machachi","Machachi","-0.5100","-78.5700","Ecuador","EC","ECU","Pichincha","minor","24188","1218716306"
"Columbus","Columbus","41.4366","-97.3565","United States","US","USA","Nebraska","","24188","1840003345"
"Hingham","Hingham","42.2176","-70.8854","United States","US","USA","Massachusetts","","24185","1840053569"
"Novo Mesto","Novo Mesto","45.8000","15.1667","Slovenia","SI","SVN","Novo Mesto","admin","24183","1705849587"
"Cullera","Cullera","39.1639","-0.2517","Spain","ES","ESP","Andalusia","","24181","1724054051"
"Magenta","Magenta","45.4603","8.8766","Italy","IT","ITA","Lombardy","","24178","1380833063"
"Liberty Triangle","Liberty Triangle","29.0760","-82.2191","United States","US","USA","Florida","","24178","1840152944"
"San Enrique","San Enrique","10.4200","122.8500","Philippines","PH","PHL","Negros Occidental","","24177","1608409119"
"Skawina","Skawina","49.9833","19.8333","Poland","PL","POL","Małopolskie","","24177","1616660724"
"Forquilha","Forquilha","-3.7978","-40.2608","Brazil","BR","BRA","Ceará","minor","24173","1076612158"
"Helleland","Helleland","58.8333","5.6000","Norway","NO","NOR","Rogaland","","24173","1578920333"
"San Fernando","San Fernando","12.3200","122.6000","Philippines","PH","PHL","Romblon","","24171","1608719636"
"Golborne","Golborne","53.4758","-2.5943","United Kingdom","GB","GBR","Wigan","","24169","1826407882"
"Sehnde","Sehnde","52.3161","9.9642","Germany","DE","DEU","Lower Saxony","","24167","1276201782"
"Caibiran","Caibiran","11.5700","124.5800","Philippines","PH","PHL","Biliran","","24167","1608798672"
"Wałcz","Walcz","53.2667","16.4667","Poland","PL","POL","Zachodniopomorskie","minor","24167","1616129049"
"Ukkāyapalle","Ukkayapalle","14.4898","78.8927","India","IN","IND","Andhra Pradesh","","24165","1356294356"
"Kosigi","Kosigi","15.8500","77.2667","India","IN","IND","Andhra Pradesh","","24165","1356175415"
"Jaruco","Jaruco","23.0428","-82.0094","Cuba","CU","CUB","Mayabeque","minor","24162","1192724464"
"Angatuba","Angatuba","-23.4903","-48.4128","Brazil","BR","BRA","São Paulo","minor","24161","1076790515"
"Ōguchi","Oguchi","35.3325","136.9078","Japan","JP","JPN","Aichi","","24160","1392003283"
"Setti Fatma","Setti Fatma","31.2256","-7.6758","Morocco","MA","MAR","Marrakech-Safi","","24159","1504468462"
"Yoqne‘am ‘Illit","Yoqne`am `Illit","32.6594","35.1100","Israel","IL","ISR","Northern","","24158","1376262404"
"Pingtang","Pingtang","26.0677","107.4035","China","CN","CHN","Guizhou","","24156","1156261379"
"Marín","Marin","42.3933","-8.7000","Spain","ES","ESP","Galicia","","24154","1724759253"
"Macia","Macia","-25.0333","33.1000","Mozambique","MZ","MOZ","Gaza","","24153","1508558129"
"Liushui","Liushui","32.5959","108.7479","China","CN","CHN","Shaanxi","","24149","1156827365"
"West Memphis","West Memphis","35.1530","-90.1996","United States","US","USA","Arkansas","","24147","1840015448"
"Meyrin","Meyrin","46.2167","6.0667","Switzerland","CH","CHE","Genève","","24144","1756962454"
"Heiloo","Heiloo","52.6000","4.7167","Netherlands","NL","NLD","Noord-Holland","minor","24144","1528757776"
"Jüchen","Juchen","51.1011","6.5017","Germany","DE","DEU","North Rhine-Westphalia","","24141","1276318248"
"Rioblanco","Rioblanco","3.5000","-75.8333","Colombia","CO","COL","Tolima","minor","24139","1170893363"
"Baharly","Baharly","38.4303","57.4369","Turkmenistan","TM","TKM","Ahal","","24139","1795475430"
"Itaporã","Itapora","-22.0789","-54.7889","Brazil","BR","BRA","Mato Grosso do Sul","minor","24137","1076866825"
"Rodez","Rodez","44.3506","2.5750","France","FR","FRA","Occitanie","minor","24136","1250807687"
"Zaprešić","Zapresic","45.8500","15.8000","Croatia","HR","HRV","Zagrebačka Županija","minor","24133","1191023090"
"Lexington","Lexington","33.9890","-81.2202","United States","US","USA","South Carolina","","24132","1840016724"
"Marsella","Marsella","4.9167","-75.7500","Colombia","CO","COL","Risaralda","minor","24131","1170787775"
"Isa","Isa","32.0569","130.6131","Japan","JP","JPN","Kagoshima","","24131","1392003324"
"Nixa","Nixa","37.0453","-93.2959","United States","US","USA","Missouri","","24131","1840008789"
"Marple","Marple","39.9654","-75.3657","United States","US","USA","Pennsylvania","","24130","1840100266"
"Salvaterra","Salvaterra","-0.7528","-48.5169","Brazil","BR","BRA","Pará","minor","24129","1076162949"
"Korostyshiv","Korostyshiv","50.3167","29.0667","Ukraine","UA","UKR","Zhytomyrska Oblast","","24129","1804003590"
"Collinsville","Collinsville","38.6770","-90.0063","United States","US","USA","Illinois","","24126","1840007423"
"Loha","Loha","18.9623","77.1309","India","IN","IND","Mahārāshtra","","24125","1356853431"
"Shelbyville","Shelbyville","35.4987","-86.4517","United States","US","USA","Tennessee","","24125","1840015412"
"Oleshky","Oleshky","46.6167","32.7167","Ukraine","UA","UKR","Khersonska Oblast","minor","24124","1804351272"
"Tiruvattār","Tiruvattar","8.3307","77.2673","India","IN","IND","Tamil Nādu","","24119","1356205250"
"Anjozorobe","Anjozorobe","-18.3952","47.8834","Madagascar","MG","MDG","Antananarivo","","24117","1450597043"
"San Agustin","San Agustin","12.5689","122.1314","Philippines","PH","PHL","Romblon","","24115","1608747283"
"Sundararaopeta","Sundararaopeta","16.5193","80.6305","India","IN","IND","Andhra Pradesh","","24112","1356283197"
"Vrbas","Vrbas","45.5667","19.6500","Serbia","RS","SRB","Vrbas","admin","24112","1688145915"
"Takelsa","Takelsa","36.7833","10.6333","Tunisia","TN","TUN","Nabeul","","24109","1788957675"
"Wekiwa Springs","Wekiwa Springs","28.6984","-81.4251","United States","US","USA","Florida","","24109","1840029016"
"Paraopeba","Paraopeba","-19.2739","-44.4039","Brazil","BR","BRA","Minas Gerais","minor","24107","1076363838"
"Ţayyibat al Imām","Tayyibat al Imam","35.2659","36.7122","Syria","SY","SYR","Ḩamāh","","24105","1760649932"
"Bontoc","Bontoc","17.0900","120.9772","Philippines","PH","PHL","Mountain","admin","24104","1608526537"
"Plymstock","Plymstock","50.3569","-4.0900","United Kingdom","GB","GBR","Plymouth","","24103","1826596908"
"Espera Feliz","Espera Feliz","-20.6500","-41.9069","Brazil","BR","BRA","Minas Gerais","minor","24102","1076630023"
"Jaisinghpur","Jaisinghpur","26.6318","84.7855","India","IN","IND","Bihār","","24101","1356757347"
"Ryde","Ryde","50.7271","-1.1618","United Kingdom","GB","GBR","Isle of Wight","","24100","1826600816"
"Medjez el Bab","Medjez el Bab","36.6436","9.6042","Tunisia","TN","TUN","Béja","","24100","1788828392"
"Emporia","Emporia","38.4028","-96.1932","United States","US","USA","Kansas","","24098","1840001652"
"As Sulayyil","As Sulayyil","20.4623","45.5722","Saudi Arabia","SA","SAU","Ar Riyāḑ","","24097","1682960661"
"Barnstaple","Barnstaple","51.0800","-4.0600","United Kingdom","GB","GBR","Devon","","24094","1826606982"
"Areia Branca","Areia Branca","-4.9558","-37.1369","Brazil","BR","BRA","Rio Grande do Norte","minor","24093","1076509200"
"Qiloane","Qiloane","-29.3625","27.6319","Lesotho","LS","LSO","Maseru","","24093","1426291915"
"Viçosa","Vicosa","-9.3714","-36.2408","Brazil","BR","BRA","Alagoas","minor","24092","1076265503"
"Cogua","Cogua","5.0667","-73.9833","Colombia","CO","COL","Cundinamarca","minor","24092","1170991139"
"Monte Sião","Monte Siao","-22.4328","-46.5728","Brazil","BR","BRA","Minas Gerais","minor","24089","1076832513"
"Korbach","Korbach","51.2833","8.8667","Germany","DE","DEU","Hesse","minor","24089","1276822678"
"Lagoa Grande","Lagoa Grande","-8.9969","-40.2719","Brazil","BR","BRA","Pernambuco","minor","24088","1076319673"
"Fresno","Fresno","29.5357","-95.4696","United States","US","USA","Texas","","24087","1840018266"
"Mirandola","Mirandola","44.8873","11.0660","Italy","IT","ITA","Emilia-Romagna","","24085","1380556207"
"Deyr","Deyr","27.8403","51.9400","Iran","IR","IRN","Būshehr","minor","24083","1364059934"
"Montevarchi","Montevarchi","43.5234","11.5679","Italy","IT","ITA","Tuscany","","24081","1380447263"
"Vicente López","Vicente Lopez","-34.5333","-58.4750","Argentina","AR","ARG","Buenos Aires","","24078","1032549688"
"Santa María Colotepec","Santa Maria Colotepec","15.8833","-96.9167","Mexico","MX","MEX","Oaxaca","minor","24076","1484824159"
"Zernograd","Zernograd","46.8500","40.3167","Russia","RU","RUS","Rostovskaya Oblast’","minor","24076","1643009335"
"Ormskirk","Ormskirk","53.5665","-2.8869","United Kingdom","GB","GBR","Lancashire","","24073","1826066553"
"Goiás","Goias","-15.9339","-50.1400","Brazil","BR","BRA","Goiás","minor","24071","1076649363"
"Middletown","Middletown","39.4450","-75.7183","United States","US","USA","Delaware","","24071","1840005581"
"Mórfou","Morfou","35.1981","32.9939","Cyprus","CY","CYP","Lefkosía","","24070","1196086957"
"Zaragoza","Zaragoza","7.4940","-74.8710","Colombia","CO","COL","Antioquia","minor","24067","1170606958"
"Laon","Laon","49.5639","3.6244","France","FR","FRA","Hauts-de-France","minor","24066","1250552164"
"Bay Point","Bay Point","38.0329","-121.9615","United States","US","USA","California","","24065","1840028316"
"Sangrāmpur","Sangrampur","26.4752","84.6898","India","IN","IND","Bihār","","24064","1356149238"
"Papillion","Papillion","41.1511","-96.0665","United States","US","USA","Nebraska","","24063","1840009328"
"Balete","Balete","14.0200","121.1000","Philippines","PH","PHL","Batangas","","24055","1608299609"
"Quezon","Quezon","16.4894","121.2639","Philippines","PH","PHL","Nueva Vizcaya","","24055","1608056116"
"Skoura","Skoura","31.0606","-6.5556","Morocco","MA","MAR","Drâa-Tafilalet","","24053","1504320897"
"Boo","Boo","59.3333","18.2833","Sweden","SE","SWE","Stockholm","","24052","1752145853"
"Coral Terrace","Coral Terrace","25.7464","-80.3049","United States","US","USA","Florida","","24051","1840029028"
"Senboku","Senboku","39.7017","140.7315","Japan","JP","JPN","Akita","","24045","1392802025"
"Arttuvāttala","Arttuvattala","9.5167","76.3167","India","IN","IND","Kerala","","24043","1356160622"
"Mina","Mina","10.9300","122.5800","Philippines","PH","PHL","Iloilo","","24042","1608196122"
"Tangcun","Tangcun","37.4172","115.8410","China","CN","CHN","Hebei","","24041","1156775872"
"Rita","Rita","10.4337","-83.7530","Costa Rica","CR","CRI","Limón","","24041","1188000230"
"Whitehaven","Whitehaven","54.5480","-3.5855","United Kingdom","GB","GBR","Cumbria","","24040","1826916205"
"Siswa","Siswa","26.7027","84.9133","India","IN","IND","Bihār","","24039","1356948136"
"Sūleswaranpatti","Suleswaranpatti","10.6388","77.0084","India","IN","IND","Tamil Nādu","","24038","1356170691"
"Tegina","Tegina","10.0706","6.1906","Nigeria","NG","NGA","Niger","","24037","1566672639"
"Sakai","Sakai","36.1085","139.7949","Japan","JP","JPN","Ibaraki","","24035","1392827163"
"Sanando","Sanando","12.9672","-6.4083","Mali","ML","MLI","Ségou","","24033","1466012809"
"Saint-Lin--Laurentides","Saint-Lin--Laurentides","45.8500","-73.7667","Canada","CA","CAN","Quebec","","24030","1124906585"
"Kourou","Kourou","5.1600","-52.6499","French Guiana","GF","GUF","","minor","24029","1254317561"
"Severouralsk","Severouralsk","60.1500","59.9667","Russia","RU","RUS","Sverdlovskaya Oblast’","minor","24029","1643560617"
"White Bear Lake","White Bear Lake","45.0656","-93.0150","United States","US","USA","Minnesota","","24026","1840010005"
"Independência","Independencia","-5.3958","-40.3089","Brazil","BR","BRA","Ceará","minor","24024","1076432999"
"Ipala","Ipala","14.6191","-89.6226","Guatemala","GT","GTM","Chiquimula","minor","24024","1320436052"
"Pontinha","Pontinha","38.7678","-9.1994","Portugal","PT","PRT","Lisboa","","24023","1620897359"
"Kościan","Koscian","52.0833","16.6500","Poland","PL","POL","Wielkopolskie","minor","24022","1616047191"
"Veranópolis","Veranopolis","-28.9358","-51.5489","Brazil","BR","BRA","Rio Grande do Sul","minor","24021","1076303764"
"Siófok","Siofok","46.9000","18.0500","Hungary","HU","HUN","Somogy","minor","24021","1348589938"
"Atar","Atar","20.5167","-13.0500","Mauritania","MR","MRT","Adrar","admin","24021","1478064510"
"Gardner","Gardner","38.8122","-94.9275","United States","US","USA","Kansas","","24020","1840001636"
"Yādiki","Yadiki","15.0500","77.8800","India","IN","IND","Andhra Pradesh","","24018","1356425691"
"Tehri","Tehri","30.3800","78.4800","India","IN","IND","Uttarākhand","","24014","1356223714"
"Soamanandrariny","Soamanandrariny","-19.6510","47.2792","Madagascar","MG","MDG","Antananarivo","","24003","1450764328"
"Ambatotsipihina","Ambatotsipihina","-19.6514","47.7505","Madagascar","MG","MDG","Antananarivo","","24003","1450556369"
"Sheghnān","Sheghnan","37.6167","71.4500","Afghanistan","AF","AFG","Badakhshān","","24000","1004187710"
"East Retford","East Retford","53.3228","-0.9431","United Kingdom","GB","GBR","Nottinghamshire","","24000","1826529962"
"Maheshwar","Maheshwar","22.1100","75.3500","India","IN","IND","Madhya Pradesh","","24000","1356130674"
"Payipira","Payipira","10.0250","76.5569","India","IN","IND","Kerala","","24000","1356160218"
"Bcharré","Bcharre","34.2511","36.0111","Lebanon","LB","LBN","Liban-Nord","minor","24000","1422518205"
"Ambohimandroso","Ambohimandroso","-19.5239","47.4320","Madagascar","MG","MDG","Antananarivo","","24000","1450713375"
"Lopary","Lopary","-23.1973","47.6714","Madagascar","MG","MDG","Fianarantsoa","","24000","1450854735"
"Antanimieva","Antanimieva","-22.2457","43.7711","Madagascar","MG","MDG","Toliara","","24000","1450718789"
"Miarinarivo","Miarinarivo","-17.6447","49.1723","Madagascar","MG","MDG","Toamasina","","24000","1450268766"
"Tsiatosika","Tsiatosika","-21.2021","48.2257","Madagascar","MG","MDG","Fianarantsoa","","24000","1450500490"
"Antonibe","Antonibe","-15.1195","47.3928","Madagascar","MG","MDG","Mahajanga","","24000","1450316334"
"La Palma","La Palma","14.3167","-89.1667","El Salvador","SV","SLV","Chalatenango","","24000","1222549274"
"Chirilagua","Chirilagua","13.2167","-88.1386","El Salvador","SV","SLV","San Miguel","","24000","1222360893"
"Badou","Badou","7.5833","0.6000","Togo","TG","TGO","Plateaux","","24000","1768728398"
"Niamtougou","Niamtougou","9.7667","1.1000","Togo","TG","TGO","Kara","","24000","1768703422"
"Itigi","Itigi","-5.7000","34.4833","Tanzania","TZ","TZA","Singida","","24000","1834524806"
"Butaleja","Butaleja","0.9250","33.9450","Uganda","UG","UGA","Butaleja","admin","24000","1800859767"
"Chinobod","Chinobod","40.8767","71.9725","Uzbekistan","UZ","UZB","Andijon","","24000","1860184702"
"Jalolquduq","Jalolquduq","40.7194","72.6428","Uzbekistan","UZ","UZB","Andijon","","24000","1860303427"
"Brambleton","Brambleton","38.9803","-77.5323","United States","US","USA","Virginia","","23999","1840024497"
"Conil de la Frontera","Conil de la Frontera","36.2667","-6.0833","Spain","ES","ESP","Andalusia","","23996","1724051704"
"Caazapá","Caazapa","-26.2000","-56.3800","Paraguay","PY","PRY","Caazapá","admin","23996","1600103814"
"North Potomac","North Potomac","39.0955","-77.2373","United States","US","USA","Maryland","","23994","1840005835"
"Quellón","Quellon","-43.0992","-73.5961","Chile","CL","CHL","Los Lagos","","23992","1152502358"
"Maxcanú","Maxcanu","20.5833","-89.9833","Mexico","MX","MEX","Yucatán","minor","23991","1484052886"
"Kazincbarcika","Kazincbarcika","48.2531","20.6456","Hungary","HU","HUN","Borsod-Abaúj-Zemplén","minor","23990","1348628122"
"Sikandarpur","Sikandarpur","26.0333","84.0500","India","IN","IND","Uttar Pradesh","","23986","1356747004"
"Westerstede","Westerstede","53.2500","7.9167","Germany","DE","DEU","Lower Saxony","minor","23984","1276738053"
"South Elgin","South Elgin","41.9906","-88.3135","United States","US","USA","Illinois","","23984","1840013564"
"Elmwood Park","Elmwood Park","41.9225","-87.8163","United States","US","USA","Illinois","","23982","1840011272"
"Jardim","Jardim","-21.4800","-56.1378","Brazil","BR","BRA","Mato Grosso do Sul","minor","23981","1076077588"
"Cachoeira do Arari","Cachoeira do Arari","-1.0108","-48.9628","Brazil","BR","BRA","Pará","minor","23981","1076292118"
"Rolling Meadows","Rolling Meadows","42.0747","-88.0252","United States","US","USA","Illinois","","23981","1840009185"
"Burlington","Burlington","40.0641","-74.8394","United States","US","USA","New Jersey","","23981","1840001477"
"Cavinti","Cavinti","14.2450","121.5070","Philippines","PH","PHL","Laguna","","23980","1608823208"
"Taiyangxi","Taiyangxi","30.8500","111.0000","China","CN","CHN","Hubei","","23979","1156848142"
"Pennādam","Pennadam","11.4039","79.2416","India","IN","IND","Tamil Nādu","","23979","1356183893"
"Bloomingdale","Bloomingdale","27.8784","-82.2624","United States","US","USA","Florida","","23979","1840014150"
"San Pedro","San Pedro","9.9332","-84.0470","Costa Rica","CR","CRI","San José","","23977","1188342624"
"Huilong","Huilong","28.1887","106.2086","China","CN","CHN","Sichuan","","23976","1156888209"
"Huilongping","Huilongping","28.1889","106.2086","China","CN","CHN","Guizhou","","23976","1156854943"
"Laranjeiras","Laranjeiras","-10.8061","-37.1717","Brazil","BR","BRA","Sergipe","minor","23975","1076042749"
"Rickmansworth","Rickmansworth","51.6383","-0.4659","United Kingdom","GB","GBR","Hertfordshire","","23973","1826881978"
"Kamiamakusa","Kamiamakusa","32.5875","130.4306","Japan","JP","JPN","Kumamoto","","23973","1392003074"
"General Emilio Aguinaldo","General Emilio Aguinaldo","14.1800","120.8000","Philippines","PH","PHL","Cavite","","23973","1608472178"
"Peshtera","Peshtera","42.0330","24.3000","Bulgaria","BG","BGR","Pazardzhik","minor","23972","1100868605"
"Solon","Solon","41.3865","-81.4400","United States","US","USA","Ohio","","23970","1840003413"
"Dabaga","Dabaga","17.2682","8.1012","Niger","NE","NER","Agadez","","23969","1562964626"
"Embarcación","Embarcacion","-23.2167","-64.1000","Argentina","AR","ARG","Salta","","23964","1032320491"
"Shāhpur","Shahpur","21.2374","76.2256","India","IN","IND","Madhya Pradesh","","23964","1356036035"
"Staßfurt","Stassfurt","51.8667","11.5667","Germany","DE","DEU","Saxony-Anhalt","","23963","1276438491"
"Altea","Altea","38.5986","-0.0519","Spain","ES","ESP","Valencia","","23963","1724509426"
"Laguna Salada","Laguna Salada","19.6500","-71.0833","Dominican Republic","DO","DOM","Cibao Noroeste","","23962","1214529360"
"Acton","Acton","42.4843","-71.4378","United States","US","USA","Massachusetts","","23961","1840053471"
"São Gonçalo do Sapucaí","Sao Goncalo do Sapucai","-21.8919","-45.5950","Brazil","BR","BRA","Minas Gerais","minor","23959","1076119475"
"Bom Jesus","Bom Jesus","-18.2150","-49.7419","Brazil","BR","BRA","Goiás","minor","23958","1076683582"
"Littleover","Littleover","52.9060","-1.5050","United Kingdom","GB","GBR","Derby","","23958","1826553059"
"Santa Quitéria do Maranhão","Santa Quiteria do Maranhao","-3.5158","-42.5469","Brazil","BR","BRA","Maranhão","minor","23957","1076783910"
"Newport","Newport","50.7010","-1.2883","United Kingdom","GB","GBR","Isle of Wight","","23957","1826718687"
"Raritan","Raritan","40.5070","-74.8662","United States","US","USA","New Jersey","","23957","1840143543"
"Wil","Wil","47.4664","9.0497","Switzerland","CH","CHE","Sankt Gallen","minor","23955","1756263917"
"Plainsboro","Plainsboro","40.3377","-74.5879","United States","US","USA","New Jersey","","23954","1840081691"
"Goirle","Goirle","51.5203","5.0671","Netherlands","NL","NLD","Noord-Brabant","minor","23952","1528485242"
"Neduvattūr","Neduvattur","8.9931","76.7500","India","IN","IND","Kerala","","23951","1356161436"
"Alfter","Alfter","50.7356","7.0092","Germany","DE","DEU","North Rhine-Westphalia","","23949","1276256549"
"Ambohimahamasina","Ambohimahamasina","-21.9339","47.1858","Madagascar","MG","MDG","Fianarantsoa","","23949","1450478240"
"Pilar do Sul","Pilar do Sul","-23.8128","-47.7158","Brazil","BR","BRA","São Paulo","minor","23948","1076254637"
"Urucurituba","Urucurituba","-3.1308","-58.1550","Brazil","BR","BRA","Amazonas","minor","23945","1076213551"
"Kingston","Kingston","41.9295","-73.9968","United States","US","USA","New York","","23942","1840000493"
"Easley","Easley","34.8188","-82.5827","United States","US","USA","South Carolina","","23942","1840013526"
"Itaporanga","Itaporanga","-7.3039","-38.1500","Brazil","BR","BRA","Paraíba","minor","23940","1076874618"
"Starnberg","Starnberg","47.9972","11.3406","Germany","DE","DEU","Bavaria","minor","23940","1276454637"
"Arbroath","Arbroath","56.5610","-2.5860","United Kingdom","GB","GBR","Angus","","23940","1826263581"
"Tsawwassen","Tsawwassen","49.0436","-123.0985","Canada","CA","CAN","British Columbia","","23940","1124987555"
"Willoughby","Willoughby","41.6459","-81.4084","United States","US","USA","Ohio","","23934","1840000547"
"Bulusan","Bulusan","12.7522","124.1356","Philippines","PH","PHL","Sorsogon","","23932","1608161228"
"São João da Ponte","Sao Joao da Ponte","-15.9289","-44.0078","Brazil","BR","BRA","Minas Gerais","minor","23930","1076581475"
"Belo Oriente","Belo Oriente","-19.2200","-42.4839","Brazil","BR","BRA","Minas Gerais","minor","23928","1076586666"
"Sighişoara","Sighisoara","46.2169","24.7911","Romania","RO","ROU","Mureş","","23927","1642947204"
"Solin","Solin","43.5394","16.4831","Croatia","HR","HRV","Splitsko-Dalmatinska Županija","minor","23926","1191452143"
"Mapoteng","Mapoteng","-29.1097","27.9739","Lesotho","LS","LSO","Berea","","23926","1426371012"
"Wijk bij Duurstede","Wijk bij Duurstede","51.9742","5.3417","Netherlands","NL","NLD","Utrecht","minor","23925","1528933907"
"Puyappalli","Puyappalli","8.9000","76.7500","India","IN","IND","Kerala","","23924","1356161642"
"Limbach-Oberfrohna","Limbach-Oberfrohna","50.8667","12.7500","Germany","DE","DEU","Saxony","","23923","1276772007"
"Jucás","Jucas","-6.5250","-39.5278","Brazil","BR","BRA","Ceará","minor","23922","1076754978"
"El Zulia","El Zulia","7.9333","-72.6000","Colombia","CO","COL","Norte de Santander","minor","23921","1170321590"
"Douar Bou Tlelis","Douar Bou Tlelis","35.5730","-0.9000","Algeria","DZ","DZA","Oran","","23920","1012670068"
"Koulikoro","Koulikoro","12.8833","-7.5500","Mali","ML","MLI","Koulikoro","admin","23919","1466411645"
"Chandlers Ford","Chandlers Ford","50.9840","-1.3792","United Kingdom","GB","GBR","Hampshire","","23918","1826991193"
"Hajdúszoboszló","Hajduszoboszlo","47.4500","21.3833","Hungary","HU","HUN","Hajdú-Bihar","minor","23918","1348837635"
"Manlio Fabio Altamirano","Manlio Fabio Altamirano","19.1003","-96.3411","Mexico","MX","MEX","Veracruz","minor","23918","1484739619"
"Umbaúba","Umbauba","-11.3828","-37.6578","Brazil","BR","BRA","Sergipe","minor","23917","1076584847"
"Irauçuba","Iraucuba","-3.7458","-39.7828","Brazil","BR","BRA","Ceará","minor","23915","1076060392"
"Mnasra","Mnasra","34.3603","-6.5508","Morocco","MA","MAR","Tanger-Tétouan-Al Hoceïma","","23915","1504815098"
"Sendamangalam","Sendamangalam","11.2825","78.2339","India","IN","IND","Tamil Nādu","","23913","1356633926"
"Sudbury","Sudbury","52.0417","0.7282","United Kingdom","GB","GBR","Suffolk","","23912","1826131737"
"Zolochiv","Zolochiv","49.8075","24.9031","Ukraine","UA","UKR","Lvivska Oblast","minor","23912","1804914979"
"Hatonuevo","Hatonuevo","11.0694","-72.7669","Colombia","CO","COL","La Guajira","minor","23911","1170166285"
"São João do Paraíso","Sao Joao do Paraiso","-15.3139","-42.0139","Brazil","BR","BRA","Minas Gerais","minor","23910","1076830423"
"Buritizeiro","Buritizeiro","-17.3508","-44.9619","Brazil","BR","BRA","Minas Gerais","minor","23910","1076067806"
"Pompei","Pompei","40.7500","14.5000","Italy","IT","ITA","Campania","","23910","1380397251"
"San Nicolas","San Nicolas","13.9283","120.9510","Philippines","PH","PHL","Batangas","","23908","1608000052"
"Porto Franco","Porto Franco","-6.3378","-47.3989","Brazil","BR","BRA","Maranhão","minor","23903","1076451922"
"Zwedru","Zwedru","6.0667","-8.1333","Liberia","LR","LBR","Grand Gedeh","admin","23903","1430130578"
"Miguel Pereira","Miguel Pereira","-22.4539","-43.4689","Brazil","BR","BRA","Rio de Janeiro","minor","23902","1076793723"
"Tacaratu","Tacaratu","-9.1058","-38.1500","Brazil","BR","BRA","Pernambuco","minor","23902","1076482640"
"Fălticeni","Falticeni","47.4597","26.3000","Romania","RO","ROU","Suceava","","23902","1642953328"
"Paxtakor Shahri","Paxtakor Shahri","40.3153","67.9544","Uzbekistan","UZ","UZB","Jizzax","minor","23900","1860664894"
"Katy","Katy","29.7905","-95.8353","United States","US","USA","Texas","","23900","1840019648"
"Brotas","Brotas","-22.2839","-48.1269","Brazil","BR","BRA","São Paulo","minor","23898","1076744263"
"Mejorada del Campo","Mejorada del Campo","40.3967","-3.3858","Spain","ES","ESP","Madrid","","23897","1724293748"
"Gungu","Gungu","-5.7333","19.3167","Congo (Kinshasa)","CD","COD","Kwilu","","23893","1180524206"
"Tantoyuca","Tantoyuca","21.3500","-98.2333","Mexico","MX","MEX","Veracruz","minor","23893","1484205572"
"Lebedyn","Lebedyn","50.5831","34.4822","Ukraine","UA","UKR","Sumska Oblast","","23892","1804576509"
"Hadžići","Hadzici","43.8236","18.2211","Bosnia and Herzegovina","BA","BIH","Bosnia and Herzegovina, Federation of","minor","23891","1070884568"
"Montgeron","Montgeron","48.7039","2.4605","France","FR","FRA","Île-de-France","","23890","1250766213"
"Mātābhānga","Matabhanga","26.3300","89.2200","India","IN","IND","West Bengal","","23890","1356999276"
"Xiawuqi","Xiawuqi","39.6156","117.0553","China","CN","CHN","Tianjin","","23889","1156221062"
"Mulgund","Mulgund","15.2807","75.5213","India","IN","IND","Karnātaka","","23889","1356406320"
"Cibitoke","Cibitoke","-2.8886","29.1200","Burundi","BI","BDI","Cibitoke","admin","23885","1108176356"
"Maimón","Maimon","18.7700","-70.3300","Dominican Republic","DO","DOM","Cibao Sur","","23885","1214149201"
"Caversham","Caversham","51.4670","-0.9730","United Kingdom","GB","GBR","Reading","","23885","1826445684"
"Seveso","Seveso","45.6434","9.1374","Italy","IT","ITA","Lombardy","","23882","1380704433"
"Nóqui","Noqui","-5.8681","13.4325","Angola","AO","AGO","Zaire","","23880","1024465001"
"Macaparana","Macaparana","-7.5550","-35.4528","Brazil","BR","BRA","Pernambuco","minor","23879","1076657327"
