"Sürmene","Surmene","40.9142","40.1125","Turkey","TR","TUR","Trabzon","minor","25950","1792859106"
"Gressier","Gressier","18.5409","-72.5268","Haiti","HT","HTI","Ouest","","25947","1332282683"
"Pando","Pando","-34.7167","-55.9583","Uruguay","UY","URY","Canelones","","25947","1858276269"
"Lodi","Lodi","40.8784","-74.0814","United States","US","USA","New Jersey","","25946","1840003535"
"Mathibestad","Mathibestad","-25.2760","28.1780","South Africa","ZA","ZAF","North West","","25945","1710645736"
"Montgomery","Montgomery","40.2411","-75.2318","United States","US","USA","Pennsylvania","","25945","1840142129"
"Fish Hawk","Fish Hawk","27.8511","-82.2164","United States","US","USA","Florida","","25945","1840028982"
"Socorro","Socorro","9.6180","125.9660","Philippines","PH","PHL","Surigao del Norte","","25942","1608166420"
"Dolores","Dolores","-36.3167","-57.6667","Argentina","AR","ARG","Buenos Aires","minor","25940","1032650497"
"São Joaquim","Sao Joaquim","-28.2939","-49.9319","Brazil","BR","BRA","Santa Catarina","minor","25939","1076398960"
"Boscoreale","Boscoreale","40.7750","14.4750","Italy","IT","ITA","Campania","","25939","1380991443"
"Santa Ana","Santa Ana","9.3190","-74.5700","Colombia","CO","COL","Magdalena","minor","25938","1170325175"
"Bournville","Bournville","52.4299","-1.9355","United Kingdom","GB","GBR","Birmingham","","25938","1826130836"
"Friedrichsdorf","Friedrichsdorf","50.2556","8.6397","Germany","DE","DEU","Hesse","","25937","1276577829"
"Masrakh","Masrakh","26.1054","84.8026","India","IN","IND","Bihār","","25936","1356006359"
"San Sebastián Coatán","San Sebastian Coatan","15.7333","-91.5667","Guatemala","GT","GTM","Huehuetenango","minor","25935","1320533592"
"Putignano","Putignano","40.8492","17.1225","Italy","IT","ITA","Puglia","","25935","1380734552"
"Sidi Abdel Aziz","Sidi Abdel Aziz","33.0494","-8.6886","Morocco","MA","MAR","Casablanca-Settat","","25935","1504001788"
"Eaubonne","Eaubonne","48.9922","2.2806","France","FR","FRA","Île-de-France","","25934","1250854033"
"Gembloux","Gembloux","50.5610","4.6970","Belgium","BE","BEL","Wallonia","","25933","1056071343"
"Mannachchanellūr","Mannachchanellur","10.9078","78.7022","India","IN","IND","Tamil Nādu","","25931","1356064239"
"Maevatanana","Maevatanana","-16.9470","46.8292","Madagascar","MG","MDG","Mahajanga","minor","25928","1450402111"
"Kostomuksha","Kostomuksha","64.5833","30.6000","Russia","RU","RUS","Kareliya","minor","25928","1643774276"
"Krishnāpuram","Krishnapuram","9.1500","76.5000","India","IN","IND","Kerala","","25927","1356161008"
"Dano","Dano","11.1436","-3.0628","Burkina Faso","BF","BFA","Sud-Ouest","minor","25922","1854971871"
"Jaynagar-Majilpur","Jaynagar-Majilpur","22.1752","88.4201","India","IN","IND","West Bengal","","25922","1356557030"
"Cesenatico","Cesenatico","44.2012","12.4007","Italy","IT","ITA","Emilia-Romagna","","25921","1380296104"
"Azacualpa","Azacualpa","14.7167","-88.1000","Honduras","HN","HND","Santa Bárbara","","25920","1340612681"
"El Grullo","El Grullo","19.8000","-104.2000","Mexico","MX","MEX","Jalisco","minor","25920","1484796823"
"San Juan de Alicante","San Juan de Alicante","38.4014","-0.4367","Spain","ES","ESP","Valencia","","25918","1724403338"
"Hjørring","Hjorring","57.4663","9.9889","Denmark","DK","DNK","Nordjylland","minor","25917","1208371956"
"Tubize","Tubize","50.6930","4.2047","Belgium","BE","BEL","Wallonia","","25914","1056180721"
"Finote Selam","Finote Selam","10.7000","37.2667","Ethiopia","ET","ETH","Āmara","","25913","1231472850"
"Yanaul","Yanaul","56.2833","54.9333","Russia","RU","RUS","Bashkortostan","minor","25908","1643998426"
"Colleyville","Colleyville","32.8913","-97.1486","United States","US","USA","Texas","","25906","1840019430"
"Schleswig","Schleswig","54.5186","9.5653","Germany","DE","DEU","Schleswig-Holstein","minor","25904","1276884755"
"Haoping","Haoping","32.5933","108.6117","China","CN","CHN","Shaanxi","","25903","1156912101"
"San Martín","San Martin","3.6944","-73.6936","Colombia","CO","COL","Meta","minor","25902","1170677493"
"Puerto Escondido","Puerto Escondido","15.8619","-97.0672","Mexico","MX","MEX","Oaxaca","","25902","1484644846"
"Lučenec","Lucenec","48.3314","19.6708","Slovakia","SK","SVK","Banská Bystrica","minor","25902","1703222138"
"El Jícaro","El Jicaro","13.7167","-86.1333","Nicaragua","NI","NIC","Nueva Segovia","minor","25901","1558370447"
"Milagres","Milagres","-7.3128","-38.9458","Brazil","BR","BRA","Ceará","minor","25900","1076727569"
"Formosa do Rio Preto","Formosa do Rio Preto","-11.0478","-45.1928","Brazil","BR","BRA","Bahia","minor","25899","1076368552"
"Gandujie","Gandujie","35.8908","102.3272","China","CN","CHN","Qinghai","","25899","1156419174"
"Gilarchāt","Gilarchat","22.0703","88.4455","India","IN","IND","West Bengal","","25897","1356659506"
"Imperial Beach","Imperial Beach","32.5693","-117.1180","United States","US","USA","California","","25897","1840019353"
"Jodhpur","Jodhpur","21.8800","70.0300","India","IN","IND","Gujarāt","","25892","1356596981"
"Miramas","Miramas","43.5822","5.0019","France","FR","FRA","Provence-Alpes-Côte d’Azur","","25891","1250908076"
"Cavaillon","Cavaillon","43.8375","5.0381","France","FR","FRA","Provence-Alpes-Côte d’Azur","","25890","1250337002"
"Teniente Primero Manuel Irala Fernández","Teniente Primero Manuel Irala Fernandez","-22.8174","-59.5820","Paraguay","PY","PRY","Presidente Hayes","","25890","1600002648"
"El Quetzal","El Quetzal","14.7667","-91.8167","Guatemala","GT","GTM","San Marcos","minor","25888","1320885818"
"Noicattaro","Noicattaro","41.0333","16.9833","Italy","IT","ITA","Puglia","","25885","1380444548"
"Galatina","Galatina","40.1667","18.1667","Italy","IT","ITA","Puglia","","25885","1380914504"
"Kibeho","Kibeho","-2.6333","29.5500","Rwanda","RW","RWA","Southern Province","","25885","1646397419"
"Dhrol","Dhrol","22.5700","70.4200","India","IN","IND","Gujarāt","","25883","1356860668"
"Ōmachi","Omachi","36.5030","137.8511","Japan","JP","JPN","Nagano","","25883","1392979595"
"Sofiyivs’ka Borshchahivka","Sofiyivs'ka Borshchahivka","50.4114","30.3692","Ukraine","UA","UKR","Kyivska Oblast","","25882","1804314606"
"Xishan","Xishan","23.0590","115.5564","China","CN","CHN","Guangdong","","25881","1156094430"
"Vimercate","Vimercate","45.6167","9.3667","Italy","IT","ITA","Lombardy","","25876","1380150179"
"Vesala","Vesala","12.1620","75.4956","India","IN","IND","Kerala","","25875","1356416535"
"Jharka","Jharka","26.3047","85.6686","India","IN","IND","Bihār","","25875","1356515264"
"Fonte Boa","Fonte Boa","-2.5139","-66.0917","Brazil","BR","BRA","Amazonas","minor","25871","1076851330"
"Moscow","Moscow","46.7308","-116.9986","United States","US","USA","Idaho","","25868","1840019868"
"Ballenger Creek","Ballenger Creek","39.3807","-77.4206","United States","US","USA","Maryland","","25866","1840031490"
"Santa Isabel do Rio Negro","Santa Isabel do Rio Negro","-0.4139","-65.0192","Brazil","BR","BRA","Amazonas","minor","25865","1076252354"
"Perunkalattu","Perunkalattu","12.9182","80.0824","India","IN","IND","Tamil Nādu","","25864","1356132023"
"Geretsried","Geretsried","47.8667","11.4667","Germany","DE","DEU","Bavaria","","25863","1276737058"
"Ban Pa Sak","Ban Pa Sak","16.8477","100.2563","Thailand","TH","THA","Phitsanulok","","25863","1764248083"
"Kotal","Kotal","31.7570","76.8729","India","IN","IND","Himāchal Pradesh","","25860","1356841795"
"Port Alfred","Port Alfred","-33.5917","26.8875","South Africa","ZA","ZAF","Eastern Cape","","25859","1710920478"
"Gokarn","Gokarn","14.5500","74.3167","India","IN","IND","Karnātaka","","25851","1356619240"
"Ciudad Altamirano","Ciudad Altamirano","18.3472","-100.6531","Mexico","MX","MEX","Guerrero","minor","25850","1484274706"
"Triggiano","Triggiano","41.0667","16.9167","Italy","IT","ITA","Puglia","","25847","1380774515"
"Cəlilabad","Calilabad","39.2042","48.4958","Azerbaijan","AZ","AZE","Cəlilabad","admin","25846","1031242117"
"Dondon","Dondon","19.5273","-72.2434","Haiti","HT","HTI","Nord","","25846","1332640840"
"Jászberény","Jaszbereny","47.5000","19.9167","Hungary","HU","HUN","Jász-Nagykun-Szolnok","minor","25844","1348347095"
"Terrytown","Terrytown","29.9014","-90.0279","United States","US","USA","Louisiana","","25844","1840013990"
"Fort Washington","Fort Washington","38.7339","-77.0069","United States","US","USA","Maryland","","25843","1840005953"
"Artvin","Artvin","41.1833","41.8181","Turkey","TR","TUR","Artvin","admin","25841","1792320984"
"El Progreso","El Progreso","14.3500","-89.8500","Guatemala","GT","GTM","Jutiapa","minor","25839","1320689547"
"Vitez","Vitez","44.1585","17.7885","Bosnia and Herzegovina","BA","BIH","Bosnia and Herzegovina, Federation of","minor","25836","1070182317"
"Nagai","Nagai","38.1075","140.0405","Japan","JP","JPN","Yamagata","","25836","1392003142"
"Assèmini","Assemini","39.2897","9.0048","Italy","IT","ITA","Sardegna","","25835","1380936771"
"Andasibe","Andasibe","-17.3589","49.0781","Madagascar","MG","MDG","Toamasina","","25831","1450830509"
"Polasara","Polasara","19.6939","84.8140","India","IN","IND","Odisha","","25829","1356234116"
"San Vicente de Cañete","San Vicente de Canete","-13.0833","-76.4000","Peru","PE","PER","Lima","","25829","1604901496"
"Shenley Brook End","Shenley Brook End","52.0090","-0.7890","United Kingdom","GB","GBR","Milton Keynes","","25828","1826086234"
"Kārkala","Karkala","13.2000","74.9830","India","IN","IND","Karnātaka","","25824","1356095325"
"Key West","Key West","24.5642","-81.7775","United States","US","USA","Florida","","25824","1840015161"
"Grandview","Grandview","38.8802","-94.5227","United States","US","USA","Missouri","","25821","1840008532"
"Lanaken","Lanaken","50.8925","5.6497","Belgium","BE","BEL","Flanders","","25818","1056538435"
"Onda","Onda","39.9625","-0.2639","Spain","ES","ESP","Valencia","","25817","1724421220"
"Vignola","Vignola","44.4808","11.0022","Italy","IT","ITA","Emilia-Romagna","","25814","1380248860"
"Vayakkalattu","Vayakkalattu","8.5285","77.1035","India","IN","IND","Kerala","","25813","1356161925"
"Consett","Consett","54.8500","-1.8300","United Kingdom","GB","GBR","Durham","","25812","1826586872"
"Biarritz","Biarritz","43.4800","-1.5600","France","FR","FRA","Nouvelle-Aquitaine","","25810","1250324713"
"Rockaway","Rockaway","40.9602","-74.4988","United States","US","USA","New Jersey","","25810","1840000951"
"Coín","Coin","36.6667","-4.7500","Spain","ES","ESP","Andalusia","","25809","1724570414"
"Rāman","Raman","29.9504","74.9619","India","IN","IND","Punjab","","25807","1356018297"
"Derby","Derby","37.5571","-97.2551","United States","US","USA","Kansas","","25801","1840007569"
"Marco","Marco","-3.1239","-40.1469","Brazil","BR","BRA","Ceará","minor","25799","1076214721"
"Samaná","Samana","5.5833","-74.9167","Colombia","CO","COL","Caldas","minor","25798","1170332815"
"Marshfield","Marshfield","42.1140","-70.7151","United States","US","USA","Massachusetts","","25795","1840053681"
"Kadamalaikkundu","Kadamalaikkundu","9.8110","77.5039","India","IN","IND","Tamil Nādu","","25794","1356209842"
"Brunoy","Brunoy","48.6979","2.5044","France","FR","FRA","Île-de-France","","25792","1250815725"
"Koko","Koko","11.4232","4.5170","Nigeria","NG","NGA","Kebbi","","25792","1566646210"
"Lādkhed","Ladkhed","20.3200","77.7700","India","IN","IND","Mahārāshtra","","25791","1356677977"
"Nechí","Nechi","8.1000","-74.7833","Colombia","CO","COL","Antioquia","minor","25790","1170181619"
"Kunisakimachi-tsurugawa","Kunisakimachi-tsurugawa","33.5633","131.7322","Japan","JP","JPN","Ōita","","25790","1392098659"
"Maintirano","Maintirano","-18.0666","44.0167","Madagascar","MG","MDG","Mahajanga","minor","25788","1450625023"
"Mungaoli","Mungaoli","24.4084","78.0959","India","IN","IND","Madhya Pradesh","","25787","1356116361"
"Chhota Udepur","Chhota Udepur","22.3056","74.0139","India","IN","IND","Gujarāt","","25787","1356960185"
"Fort Hood","Fort Hood","31.1357","-97.7834","United States","US","USA","Texas","","25786","1840073932"
"Oulad Yaïch","Oulad Yaich","32.4167","-6.3333","Morocco","MA","MAR","Béni Mellal-Khénifra","","25785","1504233317"
"Tubay","Tubay","9.1600","125.5200","Philippines","PH","PHL","Agusan del Norte","","25785","1608372831"
"Villanueva de la Serena","Villanueva de la Serena","38.9667","-5.8000","Spain","ES","ESP","Extremadura","","25784","1724363816"
"Santo Cristo","Santo Cristo","14.6603","121.0300","Philippines","PH","PHL","Quezon","","25783","1608708630"
"Warrington","Warrington","40.2489","-75.1580","United States","US","USA","Pennsylvania","","25782","1840035400"
"Pura","Pura","15.6248","120.6480","Philippines","PH","PHL","Tarlac","","25781","1608629577"
"El Cerrito","El Cerrito","37.9196","-122.3025","United States","US","USA","California","","25781","1840020275"
"Temerin","Temerin","45.4167","19.8833","Serbia","RS","SRB","Temerin","admin","25780","1688171551"
"Karavaram","Karavaram","8.7127","76.9524","India","IN","IND","Kerala","","25779","1356161402"
"Conversano","Conversano","40.9667","17.1167","Italy","IT","ITA","Puglia","","25779","1380054683"
"Koba","Koba","21.2844","72.8763","India","IN","IND","Gujarāt","","25778","1356068970"
"Arapoti","Arapoti","-24.1578","-49.8269","Brazil","BR","BRA","Paraná","minor","25777","1076793835"
"Bishunpur Sundar","Bishunpur Sundar","26.0579","86.9833","India","IN","IND","Bihār","","25773","1356224656"
"Seondha","Seondha","26.1542","78.7812","India","IN","IND","Madhya Pradesh","","25773","1356928095"
"Wągrowiec","Wagrowiec","52.8000","17.2000","Poland","PL","POL","Wielkopolskie","minor","25773","1616366641"
"Lower Providence","Lower Providence","40.1485","-75.4266","United States","US","USA","Pennsylvania","","25773","1840142132"
"De Witt","De Witt","43.0501","-76.0710","United States","US","USA","New York","","25773","1840087377"
"Pāveh","Paveh","35.0433","46.3550","Iran","IR","IRN","Kermānshāh","minor","25771","1364382725"
"Natividad","Natividad","16.0422","120.7953","Philippines","PH","PHL","Pangasinan","","25771","1608325844"
"Zakopane","Zakopane","49.3000","19.9500","Poland","PL","POL","Małopolskie","minor","25770","1616298051"
"Rockville Centre","Rockville Centre","40.6643","-73.6383","United States","US","USA","New York","","25770","1840005320"
"Cherukolattur","Cherukolattur","11.1881","75.9173","India","IN","IND","Kerala","","25767","1356811904"
"Staunton","Staunton","38.1593","-79.0611","United States","US","USA","Virginia","","25765","1840001670"
"Hénin-Beaumont","Henin-Beaumont","50.4217","2.9508","France","FR","FRA","Hauts-de-France","","25764","1250614137"
"Chinna Salem","Chinna Salem","11.6342","78.8741","India","IN","IND","Tamil Nādu","","25761","1356043149"
"Talisayan","Talisayan","8.9917","124.8833","Philippines","PH","PHL","Misamis Oriental","","25761","1608510465"
"Sebastian","Sebastian","27.7822","-80.4819","United States","US","USA","Florida","","25759","1840015984"
"Santa Maria","Santa Maria","17.4700","121.7500","Philippines","PH","PHL","Isabela","","25758","1608195670"
"Firmat","Firmat","-33.4500","-61.4833","Argentina","AR","ARG","Santa Fe","","25757","1032869120"
"Břevnov","Brevnov","50.0844","14.3631","Czechia","CZ","CZE","Středočeský Kraj","","25756","1203462593"
"Vorkādi","Vorkadi","12.7598","74.9311","India","IN","IND","Kerala","","25756","1356320545"
"Koper","Koper","45.5500","13.7333","Slovenia","SI","SVN","Koper","admin","25753","1705478862"
"Coffs Harbour","Coffs Harbour","-30.3022","153.1189","Australia","AU","AUS","New South Wales","","25752","1036320442"
"San Antonio del Sur","San Antonio del Sur","20.0569","-74.8078","Cuba","CU","CUB","Guantánamo","minor","25752","1192849948"
"Ginan","Ginan","35.3896","136.7825","Japan","JP","JPN","Gifu","","25752","1392003216"
"Tecax","Tecax","20.2019","-89.2881","Mexico","MX","MEX","Yucatán","","25751","1484782521"
"Béma","Bema","15.0411","-9.3533","Mali","ML","MLI","Kayes","","25749","1466764417"
"Yinajia","Yinajia","26.8333","105.7000","China","CN","CHN","Guizhou","","25745","1156264480"
"Felipe Carrillo Puerto","Felipe Carrillo Puerto","19.5786","-88.0453","Mexico","MX","MEX","Quintana Roo","minor","25744","1484914299"
"Allendale","Allendale","42.9845","-85.9499","United States","US","USA","Michigan","","25741","1840004345"
"Arida","Arida","34.0833","135.1333","Japan","JP","JPN","Wakayama","","25737","1392003442"
"Le Ray","Le Ray","44.0771","-75.7975","United States","US","USA","New York","","25736","1840087600"
"Lourinhã","Lourinha","39.2425","-9.3122","Portugal","PT","PRT","Lisboa","minor","25735","1620671850"
"Tabina","Tabina","7.4655","123.4086","Philippines","PH","PHL","Zamboanga del Sur","","25734","1608883183"
"Mpophomeni","Mpophomeni","-29.5670","30.1820","South Africa","ZA","ZAF","KwaZulu-Natal","","25732","1710050186"
"Bandar-e Deylam","Bandar-e Deylam","30.0550","50.1653","Iran","IR","IRN","Būshehr","minor","25730","1364497361"
"Mytilíni","Mytilini","39.1000","26.5500","Greece","GR","GRC","Vóreio Aigaío","admin","25729","1300101706"
"Kirkburton","Kirkburton","53.6100","-1.7030","United Kingdom","GB","GBR","Kirklees","","25728","1826025784"
"Ban Piang Luang","Ban Piang Luang","19.6826","98.6260","Thailand","TH","THA","Chiang Mai","","25725","1764002589"
"Güroymak","Guroymak","38.5769","42.0211","Turkey","TR","TUR","Bitlis","minor","25724","1792781278"
"Lincoln","Lincoln","43.1300","-79.4300","Canada","CA","CAN","Ontario","","25719","1124001767"
"Kłodzko","Klodzko","50.4386","16.6550","Poland","PL","POL","Dolnośląskie","minor","25717","1616824014"
"Santeramo in Colle","Santeramo in Colle","40.8000","16.7667","Italy","IT","ITA","Puglia","","25713","1380194006"
"Tarangnan","Tarangnan","11.9000","124.7500","Philippines","PH","PHL","Samar","","25713","1608797331"
"Nanpingcun","Nanpingcun","39.8081","114.0473","China","CN","CHN","Shanxi","","25710","1156273464"
"An Nazlah","An Nazlah","29.3063","30.6513","Egypt","EG","EGY","Al Fayyūm","","25710","1818972698"
"Idstein","Idstein","50.2214","8.2697","Germany","DE","DEU","Hesse","","25709","1276320507"
"Skopin","Skopin","53.8167","39.5500","Russia","RU","RUS","Ryazanskaya Oblast’","minor","25708","1643315805"
"Kommunar","Kommunar","59.6333","30.4000","Russia","RU","RUS","Leningradskaya Oblast’","","25706","1643122289"
"Jardín América","Jardin America","-27.0500","-55.2333","Argentina","AR","ARG","Misiones","","25705","1032722458"
"Vichy","Vichy","46.1278","3.4267","France","FR","FRA","Auvergne-Rhône-Alpes","minor","25702","1250084403"
"Zhutailing","Zhutailing","27.4028","113.0614","China","CN","CHN","Hunan","","25700","1156737555"
"Mogtédo","Mogtedo","12.2833","-0.8333","Burkina Faso","BF","BFA","Plateau-Central","","25699","1854602237"
"Palm City","Palm City","27.1735","-80.2862","United States","US","USA","Florida","","25699","1840014192"
"Haisyn","Haisyn","48.8103","29.3842","Ukraine","UA","UKR","Vinnytska Oblast","minor","25698","1804988265"
"Carahue","Carahue","-38.7089","-73.1647","Chile","CL","CHL","Araucanía","","25696","1152919462"
"Horb am Neckar","Horb am Neckar","48.4453","8.6911","Germany","DE","DEU","Baden-Württemberg","","25695","1276353248"
"Coulsdon","Coulsdon","51.3211","-0.1386","United Kingdom","GB","GBR","Croydon","","25695","1826373748"
"Nova Prata","Nova Prata","-28.7839","-51.6100","Brazil","BR","BRA","Rio Grande do Sul","minor","25692","1076463045"
"Verl","Verl","51.8831","8.5167","Germany","DE","DEU","North Rhine-Westphalia","","25691","1276182306"
"Diébougou","Diebougou","10.9667","-3.2500","Burkina Faso","BF","BFA","Sud-Ouest","minor","25688","1854858995"
"Espigão D’Oeste","Espigao D'Oeste","-11.5247","-61.0128","Brazil","BR","BRA","Rondônia","minor","25688","1076120982"
"Safīpur","Safipur","26.7300","80.3500","India","IN","IND","Uttar Pradesh","","25688","1356233932"
"Nāgod","Nagod","24.5692","80.5881","India","IN","IND","Madhya Pradesh","","25688","1356118219"
"Scandiano","Scandiano","44.5925","10.6878","Italy","IT","ITA","Emilia-Romagna","","25686","1380786805"
"Ipatovo","Ipatovo","45.7167","42.0000","Russia","RU","RUS","Stavropol’skiy Kray","minor","25682","1643097291"
"Columbine","Columbine","39.5879","-105.0694","United States","US","USA","Colorado","","25681","1840135257"
"Medford","Medford","40.8220","-72.9859","United States","US","USA","New York","","25681","1840005043"
"Netāpur Tānda","Netapur Tanda","16.8321","79.4356","India","IN","IND","Andhra Pradesh","","25678","1356170706"
"Pereira Barreto","Pereira Barreto","-20.6383","-51.1092","Brazil","BR","BRA","São Paulo","minor","25677","1076105088"
"Malanguan","Malanguan","40.1899","117.7001","China","CN","CHN","Hebei","","25675","1156614706"
"Fenoarivo","Fenoarivo","-18.9344","47.4346","Madagascar","MG","MDG","Antananarivo","","25675","1450445815"
"Santa Lucia La Reforma","Santa Lucia La Reforma","15.1333","-91.2333","Guatemala","GT","GTM","Totonicapán","minor","25668","1320776973"
"Fort Beaufort","Fort Beaufort","-32.7789","26.6353","South Africa","ZA","ZAF","Eastern Cape","","25668","1710185168"
"Alençon","Alencon","48.4306","0.0931","France","FR","FRA","Normandie","minor","25667","1250000395"
"Tosa","Tosa","33.5000","133.4333","Japan","JP","JPN","Kōchi","","25665","1392003205"
"Galt","Galt","38.2698","-121.3004","United States","US","USA","California","","25665","1840020247"
"Batabanó","Batabano","22.7167","-82.2833","Cuba","CU","CUB","Mayabeque","minor","25664","1192995527"
"Villanueva","Villanueva","12.9636","-86.8147","Nicaragua","NI","NIC","Chinandega","minor","25660","1558614186"
"Tōin","Toin","35.0667","136.6000","Japan","JP","JPN","Mie","","25658","1392003067"
"Sagara","Sagara","34.6863","138.1987","Japan","JP","JPN","Shizuoka","","25656","1392914586"
"Bessemer","Bessemer","33.3712","-86.9728","United States","US","USA","Alabama","","25655","1840013732"
"Siqbā","Siqba","33.5189","36.3831","Syria","SY","SYR","Rīf Dimashq","","25654","1760248579"
"Muret","Muret","43.4611","1.3267","France","FR","FRA","Occitanie","minor","25653","1250231707"
"Koulamoutou","Koulamoutou","-1.1333","12.4833","Gabon","GA","GAB","Ogooué-Lolo","admin","25651","1266049565"
"Kanchanaburi","Kanchanaburi","14.0194","99.5311","Thailand","TH","THA","Kanchanaburi","admin","25651","1764455558"
"Voorschoten","Voorschoten","52.1333","4.4500","Netherlands","NL","NLD","Zuid-Holland","minor","25650","1528045631"
"Doba","Doba","8.6600","16.8500","Chad","TD","TCD","Logone Oriental","admin","25650","1148367091"
"Ḩaql","Haql","29.2833","34.9333","Saudi Arabia","SA","SAU","Al Jawf","","25649","1682704031"
"Yolombó","Yolombo","6.5978","-75.0122","Colombia","CO","COL","Antioquia","minor","25647","1170796377"
"Foughala","Foughala","34.7167","5.3167","Algeria","DZ","DZA","Biskra","","25645","1012886441"
"São Sebastião da Boa Vista","Sao Sebastiao da Boa Vista","-1.7178","-49.5408","Brazil","BR","BRA","Pará","minor","25643","1076028346"
"Altavas","Altavas","11.5383","122.4869","Philippines","PH","PHL","Aklan","","25639","1608142591"
"Helmstedt","Helmstedt","52.2281","11.0106","Germany","DE","DEU","Lower Saxony","minor","25633","1276360393"
"Polysayevo","Polysayevo","54.6014","86.2486","Russia","RU","RUS","Kemerovskaya Oblast’","","25631","1643007659"
"Pace","Pace","30.6188","-87.1667","United States","US","USA","Florida","","25630","1840013919"
"Phulpur","Phulpur","24.9487","90.2495","Bangladesh","BD","BGD","Mymensingh","","25628","1050550788"
"Pérama","Perama","37.9667","23.5667","Greece","GR","GRC","Attikí","minor","25628","1300559034"
"Nanminda","Nanminda","11.4222","75.8319","India","IN","IND","Kerala","","25628","1356022785"
"Palma","Palma","-10.7833","40.4833","Mozambique","MZ","MOZ","Cabo Delgado","","25627","1508033717"
"Keşlə","Kesla","40.3978","49.8986","Azerbaijan","AZ","AZE","Bakı","","25626","1031163051"
"Rinteln","Rinteln","52.1906","9.0814","Germany","DE","DEU","Lower Saxony","","25626","1276137941"
"Brilon","Brilon","51.3956","8.5678","Germany","DE","DEU","North Rhine-Westphalia","","25624","1276723318"
"Immokalee","Immokalee","26.4253","-81.4251","United States","US","USA","Florida","","25624","1840014230"
"Samut Songkhram","Samut Songkhram","13.4097","100.0017","Thailand","TH","THA","Samut Songkhram","admin","25623","1764305010"
"Francavilla al Mare","Francavilla al Mare","42.4181","14.2919","Italy","IT","ITA","Abruzzo","","25622","1380658126"
"Newberg","Newberg","45.3075","-122.9601","United States","US","USA","Oregon","","25622","1840019957"
"Alegria","Alegria","9.7243","123.3402","Philippines","PH","PHL","Cebu","","25620","1608812207"
"Busuanga","Busuanga","12.1335","119.9363","Philippines","PH","PHL","Palawan","","25617","1608290614"
"Saint-Ouen-l’Aumône","Saint-Ouen-l'Aumone","49.0447","2.1111","France","FR","FRA","Île-de-France","","25614","1250836014"
"Igaci","Igaci","-9.5369","-36.6336","Brazil","BR","BRA","Alagoas","minor","25613","1076358024"
"Starkville","Starkville","33.4608","-88.8297","United States","US","USA","Mississippi","","25611","1840015713"
"Utena","Utena","55.5000","25.6000","Lithuania","LT","LTU","Utena","admin","25608","1440298742"
"Kāko","Kako","25.2259","85.0642","India","IN","IND","Bihār","","25605","1356818795"
"Farnham","Farnham","51.2150","-0.7990","United Kingdom","GB","GBR","Surrey","","25604","1826338893"
"Inkster","Inkster","42.2935","-83.3148","United States","US","USA","Michigan","","25602","1840003983"
"Valdagno","Valdagno","45.6500","11.3000","Italy","IT","ITA","Veneto","","25601","1380223912"
"Migdal Ha‘Emeq","Migdal Ha`Emeq","32.6714","35.2406","Israel","IL","ISR","Northern","","25600","1376279434"
"Porto Sant’Elpidio","Porto Sant'Elpidio","43.2586","13.7585","Italy","IT","ITA","Marche","","25600","1380059589"
"Sliedrecht","Sliedrecht","51.8222","4.7744","Netherlands","NL","NLD","Zuid-Holland","minor","25597","1528494904"
"Vaterstetten","Vaterstetten","48.1050","11.7706","Germany","DE","DEU","Bavaria","","25596","1276137898"
"El Tarf","El Tarf","36.7670","8.3170","Algeria","DZ","DZA","El Tarf","admin","25594","1012205687"
"Velenje","Velenje","46.3625","15.1144","Slovenia","SI","SVN","Velenje","admin","25594","1705929589"
"Moses Lake","Moses Lake","47.1279","-119.2759","United States","US","USA","Washington","","25594","1840019817"
"Genet","Genet","9.0500","38.5000","Ethiopia","ET","ETH","Oromīya","","25593","1231301779"
"Mount Gambier","Mount Gambier","-37.8294","140.7828","Australia","AU","AUS","South Australia","","25591","1036932780"
"Öhringen","Ohringen","49.2000","9.5000","Germany","DE","DEU","Baden-Württemberg","","25591","1276641265"
"Tarkeshwar","Tarkeshwar","21.0957","72.8225","India","IN","IND","Gujarāt","","25589","1356454132"
"Sirumugai","Sirumugai","11.3214","77.0052","India","IN","IND","Tamil Nādu","","25585","1356143655"
"South Bradenton","South Bradenton","27.4612","-82.5822","United States","US","USA","Florida","","25585","1840029076"
"Chainpura","Chainpura","25.5200","86.3100","India","IN","IND","Bihār","","25584","1356314597"
"Ligang","Ligang","22.8011","120.5070","Taiwan","TW","TWN","Pingtung","","25582","1158548477"
"Nocatee","Nocatee","30.0927","-81.4095","United States","US","USA","Florida","","25581","1840028805"
"Cliffside Park","Cliffside Park","40.8222","-73.9879","United States","US","USA","New Jersey","","25580","1840003537"
"Bilston","Bilston","52.5660","-2.0730","United Kingdom","GB","GBR","Wolverhampton","","25576","1826253660"
"Nagar","Nagar","27.4247","77.0995","India","IN","IND","Rājasthān","","25572","1356030258"
"Happy Valley","Happy Valley","45.4358","-122.5081","United States","US","USA","Oregon","","25572","1840019950"
"Haiwei","Haiwei","19.4261","108.8145","China","CN","CHN","Hainan","","25568","1156252846"
"Villeneuve-la-Garenne","Villeneuve-la-Garenne","48.9372","2.3278","France","FR","FRA","Île-de-France","","25566","1250937070"
"São João Nepomuceno","Sao Joao Nepomuceno","-21.5400","-43.0108","Brazil","BR","BRA","Minas Gerais","minor","25565","1076117412"
"Pszczyna","Pszczyna","49.9833","18.9500","Poland","PL","POL","Śląskie","minor","25565","1616839287"
"Bandiagara","Bandiagara","14.3500","-3.6111","Mali","ML","MLI","Mopti","minor","25564","1466492811"
"Kami","Kami","33.6000","133.6833","Japan","JP","JPN","Kōchi","","25562","1392003485"
"Raghunāthpur","Raghunathpur","23.5500","86.6700","India","IN","IND","West Bengal","","25561","1356379674"
"Kireyevsk","Kireyevsk","53.9333","37.9333","Russia","RU","RUS","Tul’skaya Oblast’","minor","25560","1643694623"
"Vijāpur","Vijapur","23.5700","72.7500","India","IN","IND","Gujarāt","","25558","1356813215"
"Jericoacoara","Jericoacoara","-2.8000","-40.4833","Brazil","BR","BRA","Ceará","minor","25555","1076587991"
"Xenia","Xenia","39.6829","-83.9413","United States","US","USA","Ohio","","25555","1840003790"
"Aracoiaba","Aracoiaba","-4.3708","-38.8139","Brazil","BR","BRA","Ceará","minor","25553","1076829052"
"Abay","Abay","49.6311","72.8539","Kazakhstan","KZ","KAZ","Qaraghandy","minor","25550","1398353856"
"Ipameri","Ipameri","-17.7219","-48.1600","Brazil","BR","BRA","Goiás","minor","25548","1076781326"
"Rottweil","Rottweil","48.1681","8.6247","Germany","DE","DEU","Baden-Württemberg","minor","25548","1276117708"
"Niramaruthūr","Niramaruthur","10.9267","75.9033","India","IN","IND","Kerala","","25547","1356622948"
"Solano","Solano","0.6983","-75.2539","Colombia","CO","COL","Caquetá","minor","25546","1170616766"
"New Milton","New Milton","50.7600","-1.6500","United Kingdom","GB","GBR","Hampshire","","25546","1826998764"
"Poranki","Poranki","16.4743","80.7128","India","IN","IND","Andhra Pradesh","","25545","1356863929"
"Shāhedshahr","Shahedshahr","35.5731","51.0869","Iran","IR","IRN","Tehrān","","25544","1364463020"
"Karayazı","Karayazi","39.7039","42.1486","Turkey","TR","TUR","Erzurum","minor","25543","1792839665"
"Oltiariq","Oltiariq","40.3917","71.4767","Uzbekistan","UZ","UZB","Farg‘ona","minor","25543","1860439845"
"Licey al Medio","Licey al Medio","19.4300","-70.6200","Dominican Republic","DO","DOM","Cibao Norte","","25539","1214865144"
"Miranda","Miranda","-20.2408","-56.3778","Brazil","BR","BRA","Mato Grosso do Sul","minor","25536","1076310888"
"Obertshausen","Obertshausen","50.0667","8.8333","Germany","DE","DEU","Hesse","","25531","1276455006"
"Tougué","Tougue","11.4400","-11.6700","Guinea","GN","GIN","Labé","minor","25531","1324920258"
"Tipo-Tipo","Tipo-Tipo","6.5300","122.1700","Philippines","PH","PHL","Basilan","","25531","1608266318"
"Falconara Marittima","Falconara Marittima","43.6296","13.3968","Italy","IT","ITA","Marche","","25530","1380000141"
"Jacutinga","Jacutinga","-22.2858","-46.6119","Brazil","BR","BRA","Minas Gerais","minor","25525","1076374873"
"Tarpon Springs","Tarpon Springs","28.1493","-82.7623","United States","US","USA","Florida","","25522","1840015980"
"Weingarten","Weingarten","47.8092","9.6444","Germany","DE","DEU","Baden-Württemberg","","25521","1276346018"
"Salor","Salor","41.3833","69.3583","Uzbekistan","UZ","UZB","Toshkent","","25521","1860292312"
"Mar de Ajó","Mar de Ajo","-36.7203","-56.6878","Argentina","AR","ARG","Buenos Aires","","25520","1032066406"
"Montbéliard","Montbeliard","47.5100","6.8000","France","FR","FRA","Bourgogne-Franche-Comté","minor","25516","1250390358"
"Adra","Adra","36.7478","-3.0161","Spain","ES","ESP","Andalusia","","25515","1724071055"
"Ayuquitan","Ayuquitan","9.4644","123.2237","Philippines","PH","PHL","Negros Oriental","","25513","1608812083"
"Enna","Enna","37.5667","14.2667","Italy","IT","ITA","Sicilia","minor","25512","1380519522"
"Lopez Jaena","Lopez Jaena","8.5500","123.7667","Philippines","PH","PHL","Misamis Occidental","","25507","1608136774"
"Manyoni","Manyoni","-5.7500","34.8333","Tanzania","TZ","TZA","Singida","","25505","1834963293"
"Sankt Wendel","Sankt Wendel","49.4667","7.1667","Germany","DE","DEU","Saarland","minor","25503","1276025539"
"Nettappākkam","Nettappakkam","11.8663","79.6327","India","IN","IND","Tamil Nādu","","25503","1356202164"
"Okemos","Okemos","42.7057","-84.4135","United States","US","USA","Michigan","","25503","1840004502"
"Roseto degli Abruzzi","Roseto degli Abruzzi","42.6833","14.0167","Italy","IT","ITA","Abruzzo","","25501","1380181304"
"Bhīkhi","Bhikhi","30.0700","75.5300","India","IN","IND","Punjab","","25500","1356512688"
"Al ‘Awwāmīyah","Al `Awwamiyah","26.5914","49.9795","Saudi Arabia","SA","SAU","Ash Sharqīyah","","25500","1682093940"
"Ciying","Ciying","25.3607","103.9100","China","CN","CHN","Yunnan","","25497","1156074510"
"Mimasaka","Mimasaka","35.0086","134.1486","Japan","JP","JPN","Okayama","","25497","1392001207"
"Stevens Point","Stevens Point","44.5241","-89.5507","United States","US","USA","Wisconsin","","25497","1840002320"
"Fujikawaguchiko","Fujikawaguchiko","35.4973","138.7549","Japan","JP","JPN","Yamanashi","","25495","1392003259"
"Santa Helena","Santa Helena","-24.8600","-54.3328","Brazil","BR","BRA","Paraná","minor","25492","1076079430"
"Guaçuí","Guacui","-20.7758","-41.6789","Brazil","BR","BRA","Espírito Santo","minor","25492","1076047001"
"Tomares","Tomares","37.3764","-6.0458","Spain","ES","ESP","Andalusia","","25488","1724916166"
"Oldbury","Oldbury","52.5050","-2.0159","United Kingdom","GB","GBR","Sandwell","","25488","1826772887"
"Kyonpyaw","Kyonpyaw","17.3000","95.2000","Burma","MM","MMR","Ayeyarwady","","25488","1104964864"
"Exeter","Exeter","40.3139","-75.8340","United States","US","USA","Pennsylvania","","25488","1840144085"
"Peekskill","Peekskill","41.2884","-73.9227","United States","US","USA","New York","","25484","1840000783"
"Menaceur","Menaceur","36.4920","2.2208","Algeria","DZ","DZA","Tipaza","","25480","1012903347"
"Wetteren","Wetteren","51.0000","3.8833","Belgium","BE","BEL","Flanders","","25477","1056973131"
"Bungku","Bungku","-2.5333","121.9667","Indonesia","ID","IDN","Sulawesi Tengah","minor","25477","1360661164"
"Treinta y Tres","Treinta y Tres","-33.2333","-54.3833","Uruguay","UY","URY","Treinta y Tres","admin","25477","1858879204"
"Salem","Salem","37.2864","-80.0555","United States","US","USA","Virginia","","25477","1840001719"
"Bačka Palanka","Backa Palanka","45.2500","19.4000","Serbia","RS","SRB","Bačka Palanka","admin","25476","1688918464"
"Hudson","Hudson","42.7639","-71.4072","United States","US","USA","New Hampshire","","25476","1840055034"
"Astorga","Astorga","-23.2328","-51.6658","Brazil","BR","BRA","Paraná","minor","25475","1076827455"
"Sobrado","Sobrado","-9.4550","-40.8228","Brazil","BR","BRA","Bahia","minor","25475","1076105336"
"Mimata","Mimata","31.7306","131.1250","Japan","JP","JPN","Miyazaki","","25474","1392003371"
"Mannadipattu","Mannadipattu","11.9842","79.6321","India","IN","IND","Tamil Nādu","","25473","1356207761"
"Salaga","Salaga","8.5508","-0.5187","Ghana","GH","GHA","Savannah","","25472","1288387076"
"Tupaciguara","Tupaciguara","-18.5928","-48.7050","Brazil","BR","BRA","Minas Gerais","minor","25470","1076623546"
"Andalucía","Andalucia","4.1667","-76.1667","Colombia","CO","COL","Valle del Cauca","minor","25467","1170644836"
"Thatcham","Thatcham","51.4050","-1.2640","United Kingdom","GB","GBR","West Berkshire","","25466","1826803857"
"Veenoord","Veenoord","52.9875","6.2914","Netherlands","NL","NLD","Fryslân","","25464","1528771829"
"Vistahermosa","Vistahermosa","3.1239","-73.7514","Colombia","CO","COL","Meta","minor","25461","1170088623"
"Mill Creek East","Mill Creek East","47.8361","-122.1877","United States","US","USA","Washington","","25461","1840041996"
"Elassóna","Elassona","39.8833","22.1833","Greece","GR","GRC","Thessalía","minor","25459","1300625964"
"Biłgoraj","Bilgoraj","50.5500","22.7333","Poland","PL","POL","Lubelskie","minor","25459","1616554572"
"West Whittier-Los Nietos","West Whittier-Los Nietos","33.9759","-118.0689","United States","US","USA","California","","25459","1840074745"
"Āgaro","Agaro","7.8558","36.5858","Ethiopia","ET","ETH","Oromīya","","25458","1231182793"
"Bathnāha","Bathnaha","26.6433","85.5747","India","IN","IND","Bihār","","25458","1356561919"
"Bailey's Crossroads","Bailey's Crossroads","38.8477","-77.1305","United States","US","USA","Virginia","","25458","1840037327"
"Avon Lake","Avon Lake","41.4944","-82.0159","United States","US","USA","Ohio","","25456","1840000642"
"Unisan","Unisan","13.8413","121.9752","Philippines","PH","PHL","Quezon","","25448","1608135212"
"Reading","Reading","42.5351","-71.1056","United States","US","USA","Massachusetts","","25448","1840053484"
"San Pedro Masahuat","San Pedro Masahuat","13.5500","-89.0333","El Salvador","SV","SLV","La Paz","","25446","1222970423"
"Reedley","Reedley","36.5988","-119.4471","United States","US","USA","California","","25446","1840020320"
"São José do Norte","Sao Jose do Norte","-32.0150","-52.0419","Brazil","BR","BRA","Rio Grande do Sul","minor","25443","1076411252"
"Pauri","Pauri","30.1500","78.7800","India","IN","IND","Uttarākhand","","25440","1356678121"
"Nittedal","Nittedal","60.0731","10.8722","Norway","NO","NOR","Viken","minor","25440","1578894489"
"Tumbao","Tumbao","7.1200","124.3800","Philippines","PH","PHL","Maguindanao","","25439","1608047878"
"Anagé","Anage","-14.6119","-41.1358","Brazil","BR","BRA","Bahia","minor","25438","1076575935"
"Três Passos","Tres Passos","-27.4558","-53.9319","Brazil","BR","BRA","Rio Grande do Sul","minor","25436","1076641723"
"West Chicago","West Chicago","41.8960","-88.2253","United States","US","USA","Illinois","","25434","1840010165"
"San José","San Jose","1.6967","-78.2453","Colombia","CO","COL","Nariño","minor","25433","1170557399"
"Rocha","Rocha","-34.4833","-54.3500","Uruguay","UY","URY","Rocha","admin","25422","1858936449"
"Limonar","Limonar","22.9561","-81.4086","Cuba","CU","CUB","Matanzas","minor","25421","1192446751"
"Kīranūr","Kiranur","11.6920","79.2899","India","IN","IND","Tamil Nādu","","25420","1356113043"
"Omigawa","Omigawa","35.8500","140.6167","Japan","JP","JPN","Chiba","","25420","1392326697"
"Northdale","Northdale","28.1058","-82.5263","United States","US","USA","Florida","","25420","1840029107"
"Nyanza","Nyanza","-2.3500","29.7333","Rwanda","RW","RWA","Southern Province","admin","25417","1646257566"
"Caloto","Caloto","3.0333","-76.4167","Colombia","CO","COL","Cauca","minor","25416","1170219131"
"Longbridge","Longbridge","52.3950","-1.9790","United Kingdom","GB","GBR","Birmingham","","25410","1826461714"
"Maplewood","Maplewood","40.7330","-74.2712","United States","US","USA","New Jersey","","25406","1840081750"
"Roth","Roth","49.2461","11.0911","Germany","DE","DEU","Bavaria","","25405","1276856142"
"Armilla","Armilla","37.1500","-3.6167","Spain","ES","ESP","Andalusia","","25405","1724964261"
"Leandro N. Alem","Leandro N. Alem","-27.6000","-55.3333","Argentina","AR","ARG","Misiones","minor","25404","1032046721"
"Castelnau-le-Lez","Castelnau-le-Lez","43.6369","3.9019","France","FR","FRA","Occitanie","","25404","1250544217"
"Rouached","Rouached","36.4583","6.0397","Algeria","DZ","DZA","Mila","","25399","1012806548"
"Nagtipunan","Nagtipunan","16.2200","121.6000","Philippines","PH","PHL","Quirino","","25399","1608561096"
"Craíbas","Craibas","-9.6178","-36.7678","Brazil","BR","BRA","Alagoas","minor","25397","1076030109"
"Karpinsk","Karpinsk","59.7667","59.9833","Russia","RU","RUS","Sverdlovskaya Oblast’","minor","25396","1643966398"
"Pudsey","Pudsey","53.7970","-1.6630","United Kingdom","GB","GBR","Leeds","","25393","1826326804"
"Chengannūr","Chengannur","9.3157","76.6151","India","IN","IND","Kerala","","25391","1356007942"
"Miyaki","Miyaki","33.3250","130.4547","Japan","JP","JPN","Saga","","25386","1392003521"
"Lamu","Lamu","-2.2620","40.9197","Kenya","KE","KEN","Lamu","admin","25385","1404163131"
"Demba","Demba","-5.5000","22.2667","Congo (Kinshasa)","CD","COD","Kasaï Central","","25384","1180021198"
"Jilikŭl","Jilikul","37.4928","68.5286","Tajikistan","TJ","TJK","Khatlon","minor","25382","1762222147"
"Showţ","Showt","39.2197","44.7722","Iran","IR","IRN","Āz̄arbāyjān-e Gharbī","minor","25381","1364959512"
"Aleysk","Aleysk","52.5000","82.7833","Russia","RU","RUS","Altayskiy Kray","","25380","1643212700"
"Coração de Jesus","Coracao de Jesus","-16.6850","-44.3650","Brazil","BR","BRA","Minas Gerais","minor","25377","1076466441"
"Luzilândia","Luzilandia","-3.4578","-42.3700","Brazil","BR","BRA","Piauí","minor","25375","1076062219"
"Mahwah","Mahwah","41.0816","-74.1856","United States","US","USA","New Jersey","","25375","1840081806"
"Gagarin","Gagarin","55.5500","35.0167","Russia","RU","RUS","Smolenskaya Oblast’","minor","25374","1643316239"
"Zhongcun","Zhongcun","35.3615","107.9791","China","CN","CHN","Gansu","","25372","1156544277"
"Ellwangen","Ellwangen","48.9611","10.1306","Germany","DE","DEU","Baden-Württemberg","","25372","1276278127"
"Cherbourg","Cherbourg","49.6300","-1.6200","France","FR","FRA","Normandie","minor","25370","1250026751"
"Diego Martin","Diego Martin","10.7167","-61.5667","Trinidad and Tobago","TT","TTO","Diego Martin","admin","25370","1780534918"
"De Pere","De Pere","44.4308","-88.0785","United States","US","USA","Wisconsin","","25368","1840002348"
"Nonāhi","Nonahi","26.7892","85.6482","India","IN","IND","Bihār","","25366","1356112270"
"Legnago","Legnago","45.1929","11.3115","Italy","IT","ITA","Veneto","","25366","1380904282"
"Arriaga","Arriaga","16.2361","-93.8995","Mexico","MX","MEX","Chiapas","minor","25366","1484409481"
"Upminster","Upminster","51.5557","0.2512","United Kingdom","GB","GBR","Havering","","25361","1826720044"
"Louis Trichardt","Louis Trichardt","-23.0500","29.9000","South Africa","ZA","ZAF","Limpopo","","25360","1710514527"
"Llanelli","Llanelli","51.6840","-4.1630","United Kingdom","GB","GBR","Carmarthenshire","","25359","1826934854"
"Wiehl","Wiehl","50.9500","7.5333","Germany","DE","DEU","North Rhine-Westphalia","","25356","1276813101"
"San Miguel","San Miguel","10.0000","124.3200","Philippines","PH","PHL","Bohol","","25356","1608318281"
"Yanyan","Yanyan","24.3240","116.3142","China","CN","CHN","Guangdong","","25355","1156483148"
"Ottumwa","Ottumwa","41.0195","-92.4186","United States","US","USA","Iowa","","25352","1840009339"
"Brandon","Brandon","32.2778","-89.9896","United States","US","USA","Mississippi","","25352","1840013825"
"Denison","Denison","33.7672","-96.5808","United States","US","USA","Texas","","25347","1840019317"
"Santo Tomás","Santo Tomas","13.6333","-89.1333","El Salvador","SV","SLV","San Salvador","","25344","1222067749"
"Corsicana","Corsicana","32.0824","-96.4665","United States","US","USA","Texas","","25344","1840019505"
"Béthune","Bethune","50.5303","2.6408","France","FR","FRA","Hauts-de-France","minor","25342","1250837552"
"Delitzsch","Delitzsch","51.5264","12.3425","Germany","DE","DEU","Saxony","","25341","1276928962"
"San Giovanni Lupatoto","San Giovanni Lupatoto","45.3833","11.0333","Italy","IT","ITA","Veneto","","25341","1380942958"
"Raisio","Raisio","60.4858","22.1692","Finland","FI","FIN","Varsinais-Suomi","minor","25331","1246206941"
"Busselton","Busselton","-33.6478","115.3458","Australia","AU","AUS","Western Australia","","25329","1036911902"
"Westhoughton","Westhoughton","53.5490","-2.5290","United Kingdom","GB","GBR","Bolton","","25329","1826134453"
"Rakovski","Rakovski","42.3000","24.9667","Bulgaria","BG","BGR","Plovdiv","","25326","1100163147"
"Salamanca","Salamanca","-31.7667","-70.9667","Chile","CL","CHL","Coquimbo","","25326","1152804087"
"Yamagata","Yamagata","35.5061","136.7811","Japan","JP","JPN","Gifu","","25325","1392860202"
"Pinal de Amoles","Pinal de Amoles","21.1342","-99.4586","Mexico","MX","MEX","Querétaro","minor","25325","1484630305"
"Moscháto","Moschato","37.9500","23.6667","Greece","GR","GRC","Attikí","minor","25322","1300869464"
"Timurni","Timurni","22.3712","77.2274","India","IN","IND","Madhya Pradesh","","25321","1356057503"
"Ditzingen","Ditzingen","48.8264","9.0667","Germany","DE","DEU","Baden-Württemberg","","25318","1276272726"
"Vynohradiv","Vynohradiv","48.1497","23.0250","Ukraine","UA","UKR","Zakarpatska Oblast","minor","25317","1804673048"
"Torrelodones","Torrelodones","40.5756","-3.9292","Spain","ES","ESP","Madrid","","25316","1724434250"
"Jevargi","Jevargi","17.0139","76.7732","India","IN","IND","Karnātaka","","25316","1356918542"
"Requena","Requena","-5.0569","-73.8515","Peru","PE","PER","Loreto","","25313","1604712979"
"Saintes","Saintes","45.7464","-0.6333","France","FR","FRA","Nouvelle-Aquitaine","minor","25312","1250181820"
"Harbel","Harbel","6.2833","-10.3500","Liberia","LR","LBR","Margibi","","25309","1430289576"
"Ulongué","Ulongue","-14.7167","34.3667","Mozambique","MZ","MOZ","Tete","","25309","1508479155"
"Bozkır","Bozkir","37.1886","32.2456","Turkey","TR","TUR","Konya","minor","25307","1792736010"
"Lüdinghausen","Ludinghausen","51.7667","7.4333","Germany","DE","DEU","North Rhine-Westphalia","","25306","1276526583"
"Sangerhausen","Sangerhausen","51.4667","11.3000","Germany","DE","DEU","Saxony-Anhalt","minor","25300","1276588418"
"Krasnoznamensk","Krasnoznamensk","55.6008","37.0358","Russia","RU","RUS","Moskovskaya Oblast’","minor","25300","1643985194"
"Farkhor","Farkhor","37.5000","69.4000","Tajikistan","TJ","TJK","Khatlon","minor","25300","1762773904"
"Pfungstadt","Pfungstadt","49.8056","8.6044","Germany","DE","DEU","Hesse","","25299","1276568312"
"Giv‘at Shemu’él","Giv`at Shemu'el","32.0781","34.8489","Israel","IL","ISR","Central","","25298","1376429803"
"Lengir","Lengir","42.1819","69.8878","Kazakhstan","KZ","KAZ","Türkistan","minor","25298","1398031838"
"Oupeye","Oupeye","50.7100","5.6449","Belgium","BE","BEL","Wallonia","","25297","1056414303"
"Kovancılar","Kovancilar","38.7217","39.8672","Turkey","TR","TUR","Elazığ","minor","25295","1792035505"
"Espelkamp","Espelkamp","52.3772","8.6328","Germany","DE","DEU","North Rhine-Westphalia","","25294","1276996942"
"Caledonia","Caledonia","42.7986","-87.8762","United States","US","USA","Wisconsin","","25292","1840010091"
"Sugar Hill","Sugar Hill","34.1080","-84.0558","United States","US","USA","Georgia","","25285","1840015615"
"Salzkotten","Salzkotten","51.6708","8.6047","Germany","DE","DEU","North Rhine-Westphalia","","25283","1276941056"
"Mercer Island","Mercer Island","47.5661","-122.2320","United States","US","USA","Washington","","25282","1840019830"
"Arzignano","Arzignano","45.5203","11.3397","Italy","IT","ITA","Veneto","","25280","1380567531"
"Lafayette","Lafayette","37.8919","-122.1189","United States","US","USA","California","","25277","1840020284"
"Belén de Umbría","Belen de Umbria","5.2000","-75.8667","Colombia","CO","COL","Risaralda","minor","25276","1170015614"
"Lennestadt","Lennestadt","51.1236","8.0681","Germany","DE","DEU","North Rhine-Westphalia","","25275","1276165009"
"Holt","Holt","42.6416","-84.5308","United States","US","USA","Michigan","","25275","1840004501"
"La Unión","La Union","1.6019","-77.1317","Colombia","CO","COL","Nariño","minor","25270","1170740769"
"Bābra","Babra","21.8442","71.3042","India","IN","IND","Gujarāt","","25270","1356030434"
"Denizciler","Denizciler","36.6500","36.2167","Turkey","TR","TUR","Hatay","","25270","1792282618"
"Budai","Budai","23.3600","120.1700","Taiwan","TW","TWN","Chiayi","","25267","1158993335"
"Tanabi","Tanabi","-20.6258","-49.6489","Brazil","BR","BRA","São Paulo","minor","25265","1076368132"
"Kirkby in Ashfield","Kirkby in Ashfield","53.0990","-1.2450","United Kingdom","GB","GBR","Nottinghamshire","","25265","1826272364"
"Seriate","Seriate","45.6847","9.7178","Italy","IT","ITA","Lombardy","","25264","1380929157"
"Merkānam","Merkanam","12.1942","79.9435","India","IN","IND","Tamil Nādu","","25263","1356108640"
"Villarrobledo","Villarrobledo","39.2667","-2.6000","Spain","ES","ESP","Castille-La Mancha","","25262","1724704168"
"Arbaoua","Arbaoua","34.9000","-5.9167","Morocco","MA","MAR","Rabat-Salé-Kénitra","","25261","1504079088"
"Camillus","Camillus","43.0539","-76.3056","United States","US","USA","New York","","25260","1840004331"
"Mequon","Mequon","43.2352","-87.9839","United States","US","USA","Wisconsin","","25259","1840037989"
"Wādi","Wadi","17.0700","76.9800","India","IN","IND","Karnātaka","","25258","1356659332"
"Mariano Comense","Mariano Comense","45.7000","9.1833","Italy","IT","ITA","Lombardy","","25258","1380489297"
"Chocontá","Choconta","5.1467","-73.6825","Colombia","CO","COL","Cundinamarca","minor","25257","1170690374"
"Thetford","Thetford","52.4100","0.7400","United Kingdom","GB","GBR","Norfolk","","25257","1826591780"
"Vsetín","Vsetin","49.3386","17.9961","Czechia","CZ","CZE","Zlínský Kraj","","25255","1203549413"
"Dyatkovo","Dyatkovo","53.6000","34.3333","Russia","RU","RUS","Bryanskaya Oblast’","","25255","1643789328"
"Vierzon","Vierzon","47.2225","2.0694","France","FR","FRA","Centre-Val de Loire","minor","25254","1250535432"
"Kawlin","Kawlin","23.7903","95.6806","Burma","MM","MMR","Sagaing","","25254","1104689863"
"Albergaria-a-Velha","Albergaria-a-Velha","40.6936","-8.4806","Portugal","PT","PRT","Aveiro","minor","25252","1620890833"
"Acatlán","Acatlan","20.2333","-103.5333","Mexico","MX","MEX","Jalisco","minor","25250","1484516807"
"Topoľčany","Topol'cany","48.5500","18.1833","Slovakia","SK","SVK","Nitra","minor","25249","1703972339"
"Cândido Sales","Candido Sales","-15.5050","-41.2389","Brazil","BR","BRA","Bahia","minor","25247","1076675409"
"Chardonnières","Chardonnieres","18.2742","-74.1659","Haiti","HT","HTI","Sud","","25240","1332544802"
"Fengruncun","Fengruncun","34.7714","109.7123","China","CN","CHN","Shaanxi","","25236","1156760227"
"Talugtug","Talugtug","15.7789","120.8111","Philippines","PH","PHL","Nueva Ecija","","25236","1608248844"
"Camalaniugan","Camalaniugan","18.2756","121.6756","Philippines","PH","PHL","Cagayan","","25236","1608820417"
"Chiromo","Chiromo","-16.5500","35.1332","Malawi","MW","MWI","Nsanje","","25235","1454972056"
"Ganshoren","Ganshoren","50.8667","4.3167","Belgium","BE","BEL","Brussels-Capital Region","","25234","1056018953"
"Ilaiyānkudi","Ilaiyankudi","9.6271","78.6247","India","IN","IND","Tamil Nādu","","25233","1356621144"
"Mudgal","Mudgal","16.0119","76.4420","India","IN","IND","Karnātaka","","25233","1356762864"
"Atlatlahucan","Atlatlahucan","18.9350","-98.9000","Mexico","MX","MEX","Morelos","minor","25232","1484784884"
"Oulad Said","Oulad Said","32.6320","-8.8456","Morocco","MA","MAR","Casablanca-Settat","","25231","1504360657"
"Bacoli","Bacoli","40.8000","14.0833","Italy","IT","ITA","Campania","","25230","1380169390"
"Miahuatlán","Miahuatlan","18.5667","-97.4333","Mexico","MX","MEX","Puebla","minor","25228","1484649521"
"Allen","Allen","12.5013","124.2820","Philippines","PH","PHL","Northern Samar","","25228","1608146334"
"Petershagen","Petershagen","52.3833","8.9667","Germany","DE","DEU","North Rhine-Westphalia","","25226","1276300392"
"Tipasa","Tipasa","36.5919","2.4494","Algeria","DZ","DZA","Tipaza","admin","25225","1012866308"
"Mananjary","Mananjary","-21.2167","48.3333","Madagascar","MG","MDG","Fianarantsoa","","25222","1450681595"
"Wumayingcun","Wumayingcun","38.0094","116.8032","China","CN","CHN","Hebei","","25220","1156529040"
"Sandoná","Sandona","1.2833","-77.4667","Colombia","CO","COL","Nariño","minor","25220","1170586561"
"Dickinson","Dickinson","46.8918","-102.7925","United States","US","USA","North Dakota","","25216","1840000192"
"Hazelwood","Hazelwood","38.7931","-90.3899","United States","US","USA","Missouri","","25214","1840007453"
"Apiaí","Apiai","-24.5097","-48.8428","Brazil","BR","BRA","São Paulo","minor","25211","1076258648"
"Norco","Norco","33.9252","-117.5498","United States","US","USA","California","","25211","1840020554"
"Norden","Norden","53.5967","7.2056","Germany","DE","DEU","Lower Saxony","","25210","1276766299"
"Workington","Workington","54.6365","-3.5549","United Kingdom","GB","GBR","Cumbria","","25207","1826107196"
"Guéné","Guene","11.7306","3.2242","Benin","BJ","BEN","Atacora","","25206","1204326206"
"Orosháza","Oroshaza","46.5678","20.6428","Hungary","HU","HUN","Békés","minor","25206","1348070535"
"Uruçuí","Urucui","-7.2333","-44.5500","Brazil","BR","BRA","Piauí","minor","25203","1076915022"
"Maaseik","Maaseik","51.1019","5.7856","Belgium","BE","BEL","Flanders","minor","25201","1056459643"
"Brodósqui","Brodosqui","-20.9908","-47.6589","Brazil","BR","BRA","São Paulo","minor","25201","1076955012"
"North Laurel","North Laurel","39.1285","-76.8476","United States","US","USA","Maryland","","25201","1840031495"
"Walker","Walker","42.9853","-85.7446","United States","US","USA","Michigan","","25201","1840002925"
"Dinuba","Dinuba","36.5453","-119.3987","United States","US","USA","California","","25201","1840019044"
"Saranga","Saranga","22.5400","88.2100","India","IN","IND","West Bengal","","25200","1356064506"
"Somoniyon","Somoniyon","38.4422","68.7769","Tajikistan","TJ","TJK","Nohiyahoi Tobei Jumhurí","minor","25200","1762902089"
"Taquari","Taquari","-29.8000","-51.8597","Brazil","BR","BRA","Rio Grande do Sul","minor","25198","1076188300"
