"Iraquara","Iraquara","-12.2489","-41.6189","Brazil","BR","BRA","Bahia","minor","23879","1076405932"
"Peringuzha","Peringuzha","9.9667","76.4167","India","IN","IND","Kerala","","23878","1356137734"
"Yanbu","Yanbu","22.7544","120.5724","Taiwan","TW","TWN","Pingtung","","23878","1158818026"
"Karian","Karian","25.8594","86.0104","India","IN","IND","Bihār","","23873","1356125443"
"Strathroy-Caradoc","Strathroy-Caradoc","42.9575","-81.6167","Canada","CA","CAN","Ontario","","23871","1124000831"
"Subaykhān","Subaykhan","34.8530","40.5999","Syria","SY","SYR","Dayr az Zawr","","23867","1760638226"
"Arnold","Arnold","39.0437","-76.4974","United States","US","USA","Maryland","","23866","1840005907"
"Seaford","Seaford","50.7700","0.1000","United Kingdom","GB","GBR","East Sussex","","23864","1826426946"
"Buôn Trấp","Buon Trap","12.4833","108.0167","Vietnam","VN","VNM","Đắk Lắk","minor","23863","1704599387"
"Koilkuntla","Koilkuntla","15.2333","78.3167","India","IN","IND","Andhra Pradesh","","23859","1356024299"
"Matriz de Camarajibe","Matriz de Camarajibe","-9.1519","-35.5328","Brazil","BR","BRA","Alagoas","minor","23857","1076079879"
"Dunleary","Dunleary","53.3000","-6.1400","Ireland","IE","IRL","Dún Laoghaire-Rathdown","admin","23857","1372038958"
"Ourikela","Ourikela","12.1097","-5.0628","Mali","ML","MLI","Sikasso","","23855","1466900028"
"Mansfield","Mansfield","42.0163","-71.2187","United States","US","USA","Massachusetts","","23855","1840070235"
"Lihe","Lihe","33.9312","105.2682","China","CN","CHN","Gansu","","23852","1156262615"
"Herohalli","Herohalli","12.9911","77.4873","India","IN","IND","Karnātaka","","23851","1356020701"
"Magallanes","Magallanes","14.1800","120.7500","Philippines","PH","PHL","Cavite","","23851","1608040710"
"Somerset","Somerset","40.5083","-74.5010","United States","US","USA","New Jersey","","23851","1840005375"
"Mirandela","Mirandela","41.4833","-7.1833","Portugal","PT","PRT","Bragança","minor","23850","1620845288"
"Oadby","Oadby","52.5987","-1.0763","United Kingdom","GB","GBR","Leicestershire","","23849","1826422379"
"Raymore","Raymore","38.8029","-94.4583","United States","US","USA","Missouri","","23849","1840009787"
"Oulad Salmane","Oulad Salmane","34.3356","-6.4604","Morocco","MA","MAR","Rabat-Salé-Kénitra","","23848","1504113014"
"Zegzel","Zegzel","34.8407","-2.3543","Morocco","MA","MAR","Oriental","","23846","1504844688"
"Hopa","Hopa","41.3903","41.4194","Turkey","TR","TUR","Artvin","minor","23846","1792630144"
"Pilar de la Horadada","Pilar de la Horadada","37.8667","-0.7833","Spain","ES","ESP","Valencia","","23844","1724816403"
"Jurh","Jurh","44.6833","120.5167","China","CN","CHN","Inner Mongolia","","23842","1156183699"
"Gelnhausen","Gelnhausen","50.2000","9.1667","Germany","DE","DEU","Hesse","","23841","1276351264"
"Ksar el Hirane","Ksar el Hirane","33.7833","3.1500","Algeria","DZ","DZA","Laghouat","","23841","1012639478"
"Carás","Caras","-9.0472","-77.7433","Peru","PE","PER","Ancash","","23841","1604139629"
"Az Zuwāydah","Az Zuwaydah","31.4395","34.3805","Gaza Strip","XG","XGZ","","","23841","1916190557"
"Cranford","Cranford","40.6564","-74.3036","United States","US","USA","New Jersey","","23841","1840081744"
"Mulakumūd","Mulakumud","8.2681","77.2860","India","IN","IND","Tamil Nādu","","23835","1356207389"
"Cruzeiro do Oeste","Cruzeiro do Oeste","-23.7850","-53.0728","Brazil","BR","BRA","Paraná","minor","23831","1076303901"
"Honda","Honda","5.2042","-74.7417","Colombia","CO","COL","Tolima","minor","23830","1170848069"
"Annūr","Annur","11.2325","77.1069","India","IN","IND","Tamil Nādu","","23828","1356154050"
"Makhmūr","Makhmur","35.7833","43.5833","Iraq","IQ","IRQ","Arbīl","minor","23828","1368589887"
"Pickerington","Pickerington","39.8890","-82.7678","United States","US","USA","Ohio","","23828","1840009528"
"Vilaseca de Solcina","Vilaseca de Solcina","41.1108","1.1450","Spain","ES","ESP","Catalonia","","23826","1724103527"
"Ozëry","Ozery","54.8500","38.5667","Russia","RU","RUS","Moskovskaya Oblast’","","23826","1643008708"
"Diest","Diest","50.9847","5.0514","Belgium","BE","BEL","Flanders","","23824","1056065349"
"San Miguel Ocotenco","San Miguel Ocotenco","19.0666","-97.4525","Mexico","MX","MEX","Puebla","","23824","1484616570"
"Ciudad Serdán","Ciudad Serdan","18.9833","-97.4500","Mexico","MX","MEX","Puebla","minor","23824","1484943496"
"Pão de Açúcar","Pao de Acucar","-9.7478","-37.4369","Brazil","BR","BRA","Alagoas","minor","23823","1076453534"
"Atotonilco el Grande","Atotonilco el Grande","20.6667","-98.6667","Mexico","MX","MEX","Hidalgo","","23823","1484578299"
"Phetchabun","Phetchabun","16.4169","101.1533","Thailand","TH","THA","Phetchabun","admin","23823","1764518331"
"Quesada","Quesada","14.2667","-90.0333","Guatemala","GT","GTM","Jutiapa","minor","23822","1320537682"
"Kasongo-Lunda","Kasongo-Lunda","-6.4783","16.8166","Congo (Kinshasa)","CD","COD","Kwango","","23820","1180706751"
"Encruzilhada do Sul","Encruzilhada do Sul","-30.5439","-52.5219","Brazil","BR","BRA","Rio Grande do Sul","minor","23819","1076248019"
"Squamish","Squamish","49.7017","-123.1589","Canada","CA","CAN","British Columbia","","23819","1124005958"
"Thorold","Thorold","43.1167","-79.2000","Canada","CA","CAN","Ontario","","23816","1124718251"
"Husum","Husum","54.4667","9.0500","Germany","DE","DEU","Schleswig-Holstein","minor","23814","1276973778"
"Firuzoba","Firuzoba","40.3000","70.4000","Tajikistan","TJ","TJK","Sughd","","23813","1762567325"
"Carandaí","Carandai","-20.9539","-43.8058","Brazil","BR","BRA","Minas Gerais","minor","23812","1076288590"
"Kuju","Kuju","23.7254","85.5102","India","IN","IND","Jhārkhand","","23812","1356020297"
"Kalawit","Kalawit","7.9051","122.5279","Philippines","PH","PHL","Zamboanga del Norte","","23812","1608843662"
"Dongsheng","Dongsheng","36.9996","105.0029","China","CN","CHN","Gansu","","23809","1156107612"
"Hungund","Hungund","16.0621","76.0586","India","IN","IND","Karnātaka","","23808","1356140443"
"Kumar Khad","Kumar Khad","26.5918","86.2640","India","IN","IND","Bihār","","23806","1356386794"
"Catigbian","Catigbian","9.8300","124.0300","Philippines","PH","PHL","Bohol","","23805","1608374807"
"Southold","Southold","41.0432","-72.4185","United States","US","USA","New York","","23801","1840058507"
"Chiroqchi","Chiroqchi","39.0336","66.5739","Uzbekistan","UZ","UZB","Qashqadaryo","","23800","1860377999"
"Burlington","Burlington","40.8071","-91.1247","United States","US","USA","Iowa","","23800","1840007164"
"Raahe","Raahe","64.6833","24.4667","Finland","FI","FIN","Pohjois-Pohjanmaa","minor","23797","1246712185"
"Sulya","Sulya","12.5610","75.3874","India","IN","IND","Karnātaka","","23796","1356024884"
"Misato","Misato","38.5444","141.0567","Japan","JP","JPN","Miyagi","","23796","1392003276"
"Bithar","Bithar","26.6294","85.7697","India","IN","IND","Bihār","","23795","1356656447"
"Thiene","Thiene","45.7072","11.4786","Italy","IT","ITA","Veneto","","23794","1380849890"
"Frontignan","Frontignan","43.4483","3.7561","France","FR","FRA","Occitanie","","23788","1250857388"
"Bayonet Point","Bayonet Point","28.3254","-82.6834","United States","US","USA","Florida","","23787","1840014117"
"Lawang Bato","Lawang Bato","14.7300","120.9961","Philippines","PH","PHL","Valenzuela","","23786","1608444502"
"Fada","Fada","17.1833","21.5833","Chad","TD","TCD","Ennedi-Ouest","admin","23786","1148787282"
"Gaojiayingcun","Gaojiayingcun","40.8814","114.9662","China","CN","CHN","Hebei","","23784","1156556102"
"Ituango","Ituango","7.1717","-75.7642","Colombia","CO","COL","Antioquia","minor","23784","1170490299"
"Dole","Dole","47.0931","5.4906","France","FR","FRA","Bourgogne-Franche-Comté","minor","23784","1250000209"
"Dākor","Dakor","22.7500","73.1500","India","IN","IND","Gujarāt","","23784","1356953206"
"Vallabh Vidyanagar","Vallabh Vidyanagar","22.5600","72.9500","India","IN","IND","Gujarāt","","23783","1356072969"
"Stepanavan","Stepanavan","41.0096","44.3841","Armenia","AM","ARM","Lorri","","23782","1051221961"
"El Tejar","El Tejar","14.6500","-90.8000","Guatemala","GT","GTM","Chimaltenango","minor","23780","1320344068"
"Stroitel","Stroitel","50.7833","36.4833","Russia","RU","RUS","Belgorodskaya Oblast’","minor","23780","1643765660"
"Agrestina","Agrestina","-8.4500","-35.9500","Brazil","BR","BRA","Pernambuco","minor","23779","1076512287"
"Tirumala","Tirumala","13.6833","79.3500","India","IN","IND","Andhra Pradesh","","23778","1356345138"
"Hoh Ereg","Hoh Ereg","41.0955","111.4408","China","CN","CHN","Inner Mongolia","minor","23776","1156060937"
"Kāgal","Kagal","16.5800","74.3200","India","IN","IND","Mahārāshtra","","23775","1356920535"
"Ishiki","Ishiki","34.8167","137.0333","Japan","JP","JPN","Aichi","","23775","1392332263"
"Vélingara","Velingara","13.1500","-14.1167","Senegal","SN","SEN","Kolda","","23775","1686799000"
"Beşikdüzü","Besikduzu","41.0494","39.2353","Turkey","TR","TUR","Trabzon","minor","23774","1792243437"
"Roseburg","Roseburg","43.2231","-123.3520","United States","US","USA","Oregon","","23773","1840020034"
"Baliguian","Baliguian","7.8088","122.1452","Philippines","PH","PHL","Zamboanga del Norte","","23771","1608476966"
"Webster Groves","Webster Groves","38.5866","-90.3544","United States","US","USA","Missouri","","23771","1840010744"
"Belton","Belton","31.0525","-97.4790","United States","US","USA","Texas","","23769","1840019556"
"Fountain Hills","Fountain Hills","33.6073","-111.7398","United States","US","USA","Arizona","","23768","1840021945"
"Akwatia","Akwatia","6.0402","-0.8088","Ghana","GH","GHA","Eastern","","23766","1288226088"
"Basankusu","Basankusu","1.2222","19.8028","Congo (Kinshasa)","CD","COD","Équateur","","23764","1180515335"
"Manari","Manari","-8.9639","-37.6278","Brazil","BR","BRA","Pernambuco","minor","23763","1076507706"
"Verukulambu","Verukulambu","8.2953","77.2939","India","IN","IND","Tamil Nādu","","23763","1356207396"
"Oldebroek","Oldebroek","52.4667","5.9167","Netherlands","NL","NLD","Gelderland","minor","23760","1528582577"
"De Aar","De Aar","-30.6500","24.0167","South Africa","ZA","ZAF","Northern Cape","","23760","1710551900"
"Santa Apolonia","Santa Apolonia","14.7833","-90.9667","Guatemala","GT","GTM","Chimaltenango","minor","23751","1320348479"
"Candoni","Candoni","9.8200","122.6000","Philippines","PH","PHL","Negros Occidental","","23751","1608991604"
"Burgos","Burgos","16.0465","119.8568","Philippines","PH","PHL","Pangasinan","","23749","1608000110"
"Highland","Highland","41.5483","-87.4588","United States","US","USA","Indiana","","23749","1840010226"
"Havlíčkŭv Brod","Havlickuv Brod","49.6078","15.5808","Czechia","CZ","CZE","Vysočina","","23746","1203272361"
"Limbuhan","Limbuhan","11.8836","124.0497","Philippines","PH","PHL","Masbate","","23744","1608489510"
"Chantilly","Chantilly","38.8868","-77.4453","United States","US","USA","Virginia","","23744","1840006016"
"Hachimantai","Hachimantai","39.9561","141.0711","Japan","JP","JPN","Iwate","","23742","1392427072"
"Elukone","Elukone","8.9667","76.7167","India","IN","IND","Kerala","","23741","1356164044"
"Lālgudi","Lalgudi","10.8712","78.8197","India","IN","IND","Tamil Nādu","","23740","1356119022"
"Avanigadda","Avanigadda","16.0197","80.9200","India","IN","IND","Andhra Pradesh","","23737","1356495520"
"Bīrpur","Birpur","26.5082","87.0119","India","IN","IND","Bihār","","23736","1356129226"
"Nocera Superiore","Nocera Superiore","40.7417","14.6722","Italy","IT","ITA","Campania","","23736","1380320885"
"Vizela","Vizela","41.3833","-8.3000","Portugal","PT","PRT","Porto","","23736","1620166206"
"Munster","Munster","41.5468","-87.5040","United States","US","USA","Indiana","","23733","1840009262"
"Huntingdon","Huntingdon","52.3364","-0.1717","United Kingdom","GB","GBR","Cambridgeshire","","23732","1826796900"
"Mummidivaram","Mummidivaram","16.6500","82.1167","India","IN","IND","Andhra Pradesh","","23732","1356969235"
"Fria","Fria","10.3804","-13.5500","Guinea","GN","GIN","Boké","minor","23729","1324583144"
"Döbeln","Dobeln","51.1194","13.1128","Germany","DE","DEU","Saxony","","23728","1276060973"
"Karachayevsk","Karachayevsk","43.7731","41.9169","Russia","RU","RUS","Karachayevo-Cherkesiya","minor","23728","1643606721"
"Alice Springs","Alice Springs","-23.7000","133.8700","Australia","AU","AUS","Northern Territory","","23726","1036830397"
"San Giovanni la Punta","San Giovanni la Punta","37.5833","15.1000","Italy","IT","ITA","Sicilia","","23725","1380384622"
"Kościerzyna","Koscierzyna","54.1167","17.9833","Poland","PL","POL","Pomorskie","minor","23723","1616544683"
"Lebu","Lebu","-37.6000","-73.6667","Chile","CL","CHL","Biobío","minor","23722","1152064207"
"Nørresundby","Norresundby","57.0483","9.9352","Denmark","DK","DNK","Nordjylland","","23718","1208465908"
"La Reforma","La Reforma","14.8000","-91.8167","Guatemala","GT","GTM","San Marcos","minor","23717","1320422188"
"Puduva","Puduva","9.9770","76.2260","India","IN","IND","Kerala","","23717","1356422902"
"San Fernando","San Fernando","34.2886","-118.4362","United States","US","USA","California","","23716","1840021861"
"Aurora","Aurora","-6.9428","-38.9678","Brazil","BR","BRA","Ceará","minor","23714","1076635506"
"Dasungezhuang","Dasungezhuang","40.0839","116.9219","China","CN","CHN","Beijing","","23712","1156916192"
"Brookings","Brookings","44.3022","-96.7859","United States","US","USA","South Dakota","","23710","1840002506"
"Devikolam","Devikolam","10.0626","77.1040","India","IN","IND","Kerala","","23709","1356502036"
"Muluppilagadu","Muluppilagadu","11.8000","75.4500","India","IN","IND","Kerala","","23709","1356715065"
"Karavalūr","Karavalur","8.9833","76.9250","India","IN","IND","Kerala","","23709","1356161616"
"Ouardenine","Ouardenine","35.7200","10.6700","Tunisia","TN","TUN","Monastir","","23707","1788833416"
"Şarkışla","Sarkisla","39.3500","36.4000","Turkey","TR","TUR","Sivas","minor","23707","1792917755"
"Ōji","Oji","34.5892","135.7233","Japan","JP","JPN","Nara","","23706","1392003206"
"Tangalan","Tangalan","11.7775","122.2603","Philippines","PH","PHL","Aklan","","23704","1608572229"
"Stanmore","Stanmore","51.6180","-0.3140","United Kingdom","GB","GBR","Harrow","","23700","1826094735"
"Nesher","Nesher","32.7711","35.0394","Israel","IL","ISR","Haifa","","23700","1376735055"
"Salqīn","Salqin","36.1387","36.4524","Syria","SY","SYR","Idlib","minor","23700","1760573067"
"Chinoz","Chinoz","40.9375","68.7578","Uzbekistan","UZ","UZB","Toshkent","","23700","1860346487"
"Shama","Shama","5.0041","-1.6421","Ghana","GH","GHA","Western","","23699","1288704035"
"Sezze","Sezze","41.5000","13.0667","Italy","IT","ITA","Lazio","","23697","1380311446"
"Miantso","Miantso","-18.7169","47.1323","Madagascar","MG","MDG","Antananarivo","","23691","1450952879"
"Maldegem","Maldegem","51.2000","3.4333","Belgium","BE","BEL","Flanders","","23689","1056438653"
"Droylsden","Droylsden","53.4828","-2.1582","United Kingdom","GB","GBR","Tameside","","23689","1826178927"
"San Juan Otzolotepec","San Juan Otzolotepec","17.2984","-95.4918","Mexico","MX","MEX","Oaxaca","","23686","1484001857"
"Taylors","Taylors","34.9157","-82.3124","United States","US","USA","South Carolina","","23686","1840013498"
"Tianmingsi","Tianmingsi","32.9784","107.2947","China","CN","CHN","Shaanxi","","23683","1156080284"
"Le Kremlin-Bicêtre","Le Kremlin-Bicetre","48.8100","2.3581","France","FR","FRA","Île-de-France","","23678","1250286015"
"Sīlappādi","Silappadi","10.3940","78.0078","India","IN","IND","Tamil Nādu","","23678","1356224423"
"Anūpshahr","Anupshahr","28.3700","78.2700","India","IN","IND","Uttar Pradesh","","23676","1356171567"
"Farmington","Farmington","44.6572","-93.1687","United States","US","USA","Minnesota","","23675","1840007853"
"Sanaur","Sanaur","30.3018","76.4579","India","IN","IND","Punjab","","23674","1356895790"
"Santo Antônio do Sudoeste","Santo Antonio do Sudoeste","-26.0700","-53.7228","Brazil","BR","BRA","Paraná","minor","23673","1076623893"
"Dalyoni Bolo","Dalyoni Bolo","39.7422","68.9944","Tajikistan","TJ","TJK","Sughd","","23670","1762004498"
"Borne","Borne","52.3000","6.7500","Netherlands","NL","NLD","Overijssel","minor","23668","1528920797"
"San Lorenzo","San Lorenzo","12.3667","-85.6667","Nicaragua","NI","NIC","Boaco","minor","23666","1558007382"
"Orleães","Orleaes","-28.3589","-49.2908","Brazil","BR","BRA","Santa Catarina","minor","23661","1076528540"
"La Valette-du-Var","La Valette-du-Var","43.1383","5.9831","France","FR","FRA","Provence-Alpes-Côte d’Azur","","23660","1250438884"
"Bonito","Bonito","-21.1333","-56.4833","Brazil","BR","BRA","Mato Grosso do Sul","minor","23659","1076969524"
"Independencia","Independencia","-16.5000","-66.5833","Bolivia","BO","BOL","Cochabamba","","23658","1068644397"
"Ālangulam","Alangulam","8.8640","77.4994","India","IN","IND","Tamil Nādu","","23658","1356105551"
"Yellāpur","Yellapur","14.9637","74.7093","India","IN","IND","Karnātaka","","23658","1356002309"
"Hodonín","Hodonin","48.8489","17.1325","Czechia","CZ","CZE","Jihomoravský Kraj","","23657","1203626632"
"Yuanchang","Yuanchang","23.6420","120.3229","Taiwan","TW","TWN","Yunlin","","23656","1158471732"
"Kunnada","Kunnada","9.2333","76.6667","India","IN","IND","Kerala","","23655","1356161078"
"North Lynnwood","North Lynnwood","47.8533","-122.2762","United States","US","USA","Washington","","23653","1840037895"
"Perry Barr","Perry Barr","52.5249","-1.9042","United Kingdom","GB","GBR","Birmingham","","23652","1826464543"
"Sredneuralsk","Sredneuralsk","56.9833","60.4667","Russia","RU","RUS","Sverdlovskaya Oblast’","","23651","1643770147"
"Griffin","Griffin","33.2418","-84.2748","United States","US","USA","Georgia","","23650","1840013776"
"Mosbach","Mosbach","49.3522","9.1467","Germany","DE","DEU","Baden-Württemberg","minor","23647","1276659317"
"Marshall","Marshall","32.5370","-94.3515","United States","US","USA","Texas","","23646","1840020739"
"Araquari","Araquari","-26.3700","-48.7219","Brazil","BR","BRA","Santa Catarina","minor","23645","1076471476"
"Rajpur","Rajpur","21.9402","75.1361","India","IN","IND","Madhya Pradesh","","23645","1356678902"
"Montgomery","Montgomery","40.4260","-74.6791","United States","US","USA","New Jersey","","23643","1840081698"
"Freeport","Freeport","42.2891","-89.6346","United States","US","USA","Illinois","","23636","1840008083"
"Fernley","Fernley","39.5627","-119.1906","United States","US","USA","Nevada","","23631","1840020214"
"Ahualulco de Mercado","Ahualulco de Mercado","20.6167","-103.8667","Mexico","MX","MEX","Jalisco","minor","23630","1484137273"
"Bang Sao Thong","Bang Sao Thong","13.5950","100.8304","Thailand","TH","THA","Samut Prakan","minor","23630","1764260674"
"Chandrakona","Chandrakona","22.7300","87.5200","India","IN","IND","West Bengal","","23629","1356507688"
"Tecali","Tecali","18.9000","-97.9667","Mexico","MX","MEX","Puebla","minor","23625","1484035847"
"Pitogo","Pitogo","10.1210","124.5530","Philippines","PH","PHL","Bohol","","23625","1608889123"
"Taupo","Taupo","-38.6900","176.0800","New Zealand","NZ","NZL","Waikato","","23622","1554654784"
"Beni Amrane","Beni Amrane","36.6667","3.5833","Algeria","DZ","DZA","Boumerdes","","23621","1012420167"
"Berhoum","Berhoum","35.6500","5.0333","Algeria","DZ","DZA","M’sila","","23620","1012036999"
"Gosforth","Gosforth","55.0070","-1.6230","United Kingdom","GB","GBR","Newcastle upon Tyne","","23620","1826878501"
"Melíssia","Melissia","38.0500","23.8333","Greece","GR","GRC","Attikí","minor","23618","1300481194"
"Cartersville","Cartersville","34.1644","-84.8009","United States","US","USA","Georgia","","23617","1840014701"
"Columbus","Columbus","33.5088","-88.4096","United States","US","USA","Mississippi","","23616","1840014807"
"Mannamturuttu","Mannamturuttu","9.9008","76.3900","India","IN","IND","Kerala","","23615","1356675718"
"Santa Gertrudes","Santa Gertrudes","-22.4569","-47.5300","Brazil","BR","BRA","São Paulo","minor","23611","1076580877"
"Ladera Ranch","Ladera Ranch","33.5492","-117.6417","United States","US","USA","California","","23609","1840028333"
"Dunaharaszti","Dunaharaszti","47.3553","19.0844","Hungary","HU","HUN","Pest","","23604","1348702931"
"Yesagyo","Yesagyo","21.6333","95.2414","Burma","MM","MMR","Magway","","23603","1104030863"
"Jacksonville Beach","Jacksonville Beach","30.2782","-81.4045","United States","US","USA","Florida","","23601","1840015032"
"Kenmore","Kenmore","47.7516","-122.2489","United States","US","USA","Washington","","23594","1840018423"
"Luninyets","Luninyets","52.2500","26.8000","Belarus","BY","BLR","Brestskaya Voblasts’","minor","23592","1112500648"
"Leutkirch im Allgäu","Leutkirch im Allgau","47.8256","10.0222","Germany","DE","DEU","Baden-Württemberg","","23588","1276589635"
"Tapiales","Tapiales","-34.7058","-58.5047","Argentina","AR","ARG","Buenos Aires","","23586","1032831289"
"Ōgawara","Ogawara","38.0494","140.7308","Japan","JP","JPN","Miyagi","","23586","1392003441"
"Kulgam","Kulgam","33.6400","75.0200","India","IN","IND","Jammu and Kashmīr","","23584","1356729904"
"Shamsābād","Shamsabad","27.5364","79.4394","India","IN","IND","Uttar Pradesh","","23584","1356620177"
"Uvarovo","Uvarovo","51.9833","42.2667","Russia","RU","RUS","Tambovskaya Oblast’","minor","23584","1643354757"
"Truro","Truro","45.3647","-63.2800","Canada","CA","CAN","Nova Scotia","","23583","1124952899"
"Kyeintali","Kyeintali","18.0061","94.4900","Burma","MM","MMR","Rakhine State","","23581","1104621866"
"Oostkamp","Oostkamp","51.1500","3.2333","Belgium","BE","BEL","Flanders","","23580","1056412742"
"Newton Abbot","Newton Abbot","50.5290","-3.6100","United Kingdom","GB","GBR","Devon","","23580","1826126497"
"Kébila","Kebila","11.2833","-7.0333","Mali","ML","MLI","Sikasso","","23580","1466884363"
"Bedford","Bedford","42.9406","-71.5302","United States","US","USA","New Hampshire","","23580","1840054623"
"Lustenau","Lustenau","47.4297","9.6597","Austria","AT","AUT","Vorarlberg","","23579","1040745157"
"Perungudi","Perungudi","8.2792","77.6031","India","IN","IND","Tamil Nādu","","23579","1356205314"
"Alhama de Murcia","Alhama de Murcia","37.8514","-1.4264","Spain","ES","ESP","Murcia","","23578","1724947627"
"Ðakovo","Dakovo","45.3083","18.4106","Croatia","HR","HRV","Osječko-Baranjska Županija","minor","23577","1191845338"
"Argostóli","Argostoli","38.1733","20.4908","Greece","GR","GRC","Ionía Nísia","minor","23574","1300532537"
"San Martín Totolán","San Martin Totolan","19.9852","-102.6802","Mexico","MX","MEX","Michoacán","","23573","1484775588"
"Cerro Azul","Cerro Azul","21.1920","-97.7409","Mexico","MX","MEX","Veracruz","minor","23573","1484720981"
"Kottūru","Kotturu","17.0436","81.7705","India","IN","IND","Andhra Pradesh","","23572","1356707907"
"Amstetten","Amstetten","48.1167","14.8667","Austria","AT","AUT","Niederösterreich","minor","23569","1040466200"
"San Ignacio de Velasco","San Ignacio de Velasco","-16.3667","-60.9500","Bolivia","BO","BOL","Santa Cruz","","23569","1068082737"
"Eustis","Eustis","28.8563","-81.6771","United States","US","USA","Florida","","23567","1840014054"
"Muscatine","Muscatine","41.4195","-91.0680","United States","US","USA","Iowa","","23567","1840008202"
"Tamandaré","Tamandare","-8.7600","-35.1050","Brazil","BR","BRA","Pernambuco","minor","23561","1076348637"
"Monsefú","Monsefu","-6.8778","-79.8719","Peru","PE","PER","Lambayeque","","23561","1604406976"
"Toda Rai Singh","Toda Rai Singh","26.0167","75.4833","India","IN","IND","Rājasthān","","23559","1356092474"
"Pēravūr","Peravur","11.8962","75.7342","India","IN","IND","Kerala","","23558","1356038725"
"Bauta","Bauta","22.9919","-82.5492","Cuba","CU","CUB","Artemisa","minor","23557","1192335041"
"Castiglione delle Stiviere","Castiglione delle Stiviere","45.4000","10.5000","Italy","IT","ITA","Lombardy","","23556","1380170299"
"Heverlee","Heverlee","50.8600","4.6900","Belgium","BE","BEL","Flanders","","23555","1056173324"
"Gollapūdi","Gollapudi","16.5412","80.5784","India","IN","IND","Andhra Pradesh","","23555","1356285137"
"Dhing","Dhing","26.4679","92.4734","India","IN","IND","Assam","","23554","1356100928"
"Staraya Kupavna","Staraya Kupavna","55.8000","38.1667","Russia","RU","RUS","Moskovskaya Oblast’","","23553","1643193878"
"Moguer","Moguer","37.0000","16.0000","Spain","ES","ESP","Andalusia","","23551","1724821530"
"Ma‘alot Tarshīḥā","Ma`alot Tarshiha","33.0167","35.2708","Israel","IL","ISR","Northern","","23550","1376992708"
"Codajás","Codajas","-3.8369","-62.0569","Brazil","BR","BRA","Amazonas","minor","23549","1076405566"
"Tata","Tata","47.6500","18.3167","Hungary","HU","HUN","Komárom-Esztergom","minor","23549","1348967161"
"Belsand","Belsand","26.4436","85.4008","India","IN","IND","Bihār","","23548","1356075716"
"Gerede","Gerede","40.8006","32.1986","Turkey","TR","TUR","Bolu","minor","23547","1792755001"
"Bambuí","Bambui","-20.0058","-45.9769","Brazil","BR","BRA","Minas Gerais","minor","23546","1076477568"
"Van Buren","Van Buren","35.4483","-94.3528","United States","US","USA","Arkansas","","23545","1840015397"
"Couëron","Coueron","47.2156","-1.7228","France","FR","FRA","Pays de la Loire","","23541","1250732111"
"Kérkyra","Kerkyra","39.6239","19.9214","Greece","GR","GRC","Ionía Nísia","admin","23541","1300093403"
"Bishopbriggs","Bishopbriggs","55.9046","-4.2250","United Kingdom","GB","GBR","East Dunbartonshire","","23540","1826547421"
"São Miguel","Sao Miguel","-6.2119","-38.4969","Brazil","BR","BRA","Rio Grande do Norte","minor","23537","1076653158"
"Khelil","Khelil","36.1756","5.0292","Algeria","DZ","DZA","Bordj Bou Arréridj","","23537","1012421543"
"Nyūzen","Nyuzen","36.9335","137.5021","Japan","JP","JPN","Toyama","","23537","1392959152"
"Xiaojiangcun","Xiaojiangcun","24.6168","112.5945","China","CN","CHN","Guangdong","","23536","1156552216"
"Xiaping","Xiaping","24.6725","112.6106","China","CN","CHN","Guangdong","","23536","1156076147"
"El Paso","El Paso","9.6622","-73.7519","Colombia","CO","COL","Cesar","minor","23534","1170404892"
"Dillenburg","Dillenburg","50.7333","8.2833","Germany","DE","DEU","Hesse","","23533","1276583007"
"Jaleshwar","Jaleshwar","26.6500","85.8000","Nepal","NP","NPL","","","23533","1524945108"
"Corinto","Corinto","-18.3808","-44.4558","Brazil","BR","BRA","Minas Gerais","minor","23532","1076610293"
"Ayt Mohamed","Ayt Mohamed","32.5667","-6.9833","Morocco","MA","MAR","Béni Mellal-Khénifra","","23531","1504703331"
"Yangi Marg‘ilon","Yangi Marg`ilon","40.4311","71.7183","Uzbekistan","UZ","UZB","Farg‘ona","","23531","1860305931"
"Dumaran","Dumaran","10.5300","119.7700","Philippines","PH","PHL","Palawan","","23528","1608027520"
"Honāvar","Honavar","14.2809","74.4450","India","IN","IND","Karnātaka","","23527","1356841107"
"General Pánfilo Natera","General Panfilo Natera","22.6650","-102.1097","Mexico","MX","MEX","Zacatecas","minor","23526","1484662922"
"Amherstburg","Amherstburg","42.1000","-83.0833","Canada","CA","CAN","Ontario","","23524","1124696938"
"Roissy-en-Brie","Roissy-en-Brie","48.7906","2.6519","France","FR","FRA","Île-de-France","","23521","1250233189"
"East San Gabriel","East San Gabriel","34.1157","-118.0791","United States","US","USA","California","","23521","1840028311"
"Canalete","Canalete","8.7900","-76.2411","Colombia","CO","COL","Córdoba","minor","23520","1170068172"
"Chester","Chester","37.3531","-77.4342","United States","US","USA","Virginia","","23519","1840006410"
"Cupira","Cupira","-8.6169","-35.9500","Brazil","BR","BRA","Pernambuco","minor","23518","1076298613"
"Ban Phru","Ban Phru","6.9514","100.4723","Thailand","TH","THA","Songkhla","","23518","1764608441"
"Sastamala","Sastamala","61.3417","22.9083","Finland","FI","FIN","Pirkanmaa","minor","23515","1246526086"
"Aţ Ţafīlah","At Tafilah","30.8375","35.6044","Jordan","JO","JOR","Aţ Ţafīlah","admin","23512","1400134505"
"Pesochin","Pesochin","49.9594","36.1108","Ukraine","UA","UKR","Kharkivska Oblast","","23509","1804680478"
"Loon op Zand","Loon op Zand","51.6275","5.0758","Netherlands","NL","NLD","Noord-Brabant","","23504","1528312573"
"Kadavūr","Kadavur","9.3436","76.5347","India","IN","IND","Kerala","","23502","1356160856"
"Mujuí dos Campos","Mujui dos Campos","-2.6847","-54.6403","Brazil","BR","BRA","Pará","minor","23501","1076330861"
"Quaraí","Quarai","-30.3878","-56.4508","Brazil","BR","BRA","Rio Grande do Sul","minor","23500","1076203994"
"Arukutti","Arukutti","9.8309","76.4270","India","IN","IND","Kerala","","23500","1356343619"
"Miyoshi","Miyoshi","34.0260","133.8072","Japan","JP","JPN","Tokushima","","23500","1392003203"
"Muang Sing","Muang Sing","21.2000","101.1500","Laos","LA","LAO","Louangnamtha","minor","23500","1418291138"
"Suonan","Suonan","35.6633","103.3900","China","CN","CHN","Gansu","minor","23499","1156421160"
"Nāyanakulam","Nayanakulam","9.9611","78.1371","India","IN","IND","Tamil Nādu","","23499","1356236129"
"Karataş","Karatas","36.5625","35.3803","Turkey","TR","TUR","Adana","minor","23499","1792800632"
"Ringsted","Ringsted","55.4411","11.8094","Denmark","DK","DNK","Sjælland","minor","23498","1208027536"
"Pakil","Pakil","14.3800","121.4800","Philippines","PH","PHL","Laguna","","23495","1608247786"
"Port Laoise","Port Laoise","53.0309","-7.3008","Ireland","IE","IRL","Laois","admin","23494","1372726111"
"Gersthofen","Gersthofen","48.4167","10.8667","Germany","DE","DEU","Bavaria","","23492","1276965949"
"Jocotenango","Jocotenango","14.5819","-90.7436","Guatemala","GT","GTM","Sacatepéquez","minor","23492","1320436479"
"Clinton","Clinton","41.1395","-112.0656","United States","US","USA","Utah","","23492","1840018736"
"Cuyo","Cuyo","10.8500","121.0200","Philippines","PH","PHL","Palawan","","23489","1608896568"
"Padre Burgos","Padre Burgos","13.9226","121.8116","Philippines","PH","PHL","Quezon","minor","23488","1608396818"
"Eastmont","Eastmont","47.8968","-122.1818","United States","US","USA","Washington","","23486","1840139116"
"Fleet","Fleet","51.2834","-0.8456","United Kingdom","GB","GBR","Hampshire","","23485","1826039041"
"Matinha","Matinha","-3.1006","-45.0336","Brazil","BR","BRA","Maranhão","minor","23482","1076345021"
"Oued el Djemaa","Oued el Djemaa","35.7972","0.6814","Algeria","DZ","DZA","Relizane","","23480","1012676002"
"Koili Simra","Koili Simra","25.4714","87.2175","India","IN","IND","Bihār","","23480","1356758777"
"Yugawara","Yugawara","35.1500","139.0667","Japan","JP","JPN","Kanagawa","","23480","1392003107"
"Carmo do Cajuru","Carmo do Cajuru","-20.1839","-44.7708","Brazil","BR","BRA","Minas Gerais","minor","23479","1076104600"
"Kaltenkirchen","Kaltenkirchen","53.8397","9.9603","Germany","DE","DEU","Schleswig-Holstein","","23478","1276286164"
"Chanaur","Chanaur","25.8510","86.6739","India","IN","IND","Bihār","","23478","1356786394"
"Bloemendaal","Bloemendaal","52.4000","4.6000","Netherlands","NL","NLD","Noord-Holland","","23478","1528509651"
"Gauripur","Gauripur","26.0800","89.9700","India","IN","IND","Assam","","23477","1356178626"
"Francisco Sá","Francisco Sa","-16.4777","-43.4943","Brazil","BR","BRA","Minas Gerais","minor","23476","1076078241"
"Khārupatia","Kharupatia","26.5184","92.1472","India","IN","IND","Assam","","23473","1356360922"
"Monte Caseros","Monte Caseros","-30.2500","-57.6500","Argentina","AR","ARG","Corrientes","minor","23470","1032051417"
"Maharlika Village","Maharlika Village","14.4974","121.0555","Philippines","PH","PHL","Taguig","","23470","1608284292"
"Bonoufla","Bonoufla","7.1291","-6.4742","Côte d’Ivoire","CI","CIV","Sassandra-Marahoué","","23467","1384583177"
"Kidsgrove","Kidsgrove","53.0874","-2.2478","United Kingdom","GB","GBR","Staffordshire","","23467","1826529951"
"Kyenjojo","Kyenjojo","0.6100","30.6442","Uganda","UG","UGA","Kyenjojo","admin","23467","1800420914"
"Ḑank","Dank","23.5505","56.2573","Oman","OM","OMN","Az̧ Z̧āhirah","","23466","1512330290"
"Muggiò","Muggio","45.5864","9.2259","Italy","IT","ITA","Lombardy","","23464","1380948758"
"Gazojak","Gazojak","41.1833","61.4000","Turkmenistan","TM","TKM","Lebap","","23454","1795672645"
"Sinj","Sinj","43.7017","16.6369","Croatia","HR","HRV","Splitsko-Dalmatinska Županija","minor","23452","1191337250"
"Champlin","Champlin","45.1702","-93.3903","United States","US","USA","Minnesota","","23450","1840006746"
"Beni Rached","Beni Rached","36.2806","1.5161","Algeria","DZ","DZA","Chlef","","23449","1012344039"
"Madangir","Madangir","28.3553","76.9327","India","IN","IND","Delhi","","23448","1356085874"
"Rosemont","Rosemont","38.5478","-121.3553","United States","US","USA","California","","23448","1840018844"
"Kėdainiai","Kedainiai","55.2833","23.9667","Lithuania","LT","LTU","Kėdainiai","admin","23447","1440351434"
"Minamikarasuyama","Minamikarasuyama","35.6683","139.6012","Japan","JP","JPN","Tōkyō","","23445","1392533228"
"Cherry Hill","Cherry Hill","38.5696","-77.2895","United States","US","USA","Virginia","","23443","1840026712"
"L’Assomption","L'Assomption","45.8333","-73.4167","Canada","CA","CAN","Quebec","","23442","1124500862"
"Chrudim","Chrudim","49.9511","15.7956","Czechia","CZ","CZE","Pardubický Kraj","","23441","1203309920"
"Brent","Brent","30.4727","-87.2495","United States","US","USA","Florida","","23441","1840013913"
"Rāmpura","Rampura","24.4670","75.4400","India","IN","IND","Madhya Pradesh","","23439","1356066695"
"Sonneberg","Sonneberg","50.3500","11.1667","Germany","DE","DEU","Thuringia","minor","23435","1276304773"
"Nasu","Nasu","37.0198","140.1210","Japan","JP","JPN","Tochigi","","23435","1392003453"
"Dáfni","Dafni","37.9500","23.7333","Greece","GR","GRC","Attikí","minor","23431","1300695604"
"Netphen","Netphen","50.9147","8.1000","Germany","DE","DEU","North Rhine-Westphalia","","23430","1276020652"
"Sakhipur","Sakhipur","24.3199","90.1694","Bangladesh","BD","BGD","Dhaka","","23429","1050079670"
"Elburg","Elburg","52.4500","5.8333","Netherlands","NL","NLD","Gelderland","minor","23429","1528998186"
"Lubliniec","Lubliniec","50.6833","18.6833","Poland","PL","POL","Śląskie","minor","23427","1616573478"
"Kilindoni","Kilindoni","-7.9167","39.6500","Tanzania","TZ","TZA","Coast","","23426","1834982666"
"Badnāwar","Badnawar","23.0218","75.2327","India","IN","IND","Madhya Pradesh","","23424","1356417675"
"Raul Soares","Raul Soares","-20.1019","-42.4528","Brazil","BR","BRA","Minas Gerais","minor","23423","1076014594"
"Douzhangzhuang","Douzhangzhuang","39.3986","116.9417","China","CN","CHN","Tianjin","","23421","1156581706"
"Pissila","Pissila","13.1667","-0.8167","Burkina Faso","BF","BFA","Centre-Nord","","23420","1854949911"
"Maychew","Maychew","12.7833","39.5333","Ethiopia","ET","ETH","Tigray","","23419","1231612323"
"Hannoversch Münden","Hannoversch Munden","51.4167","9.6500","Germany","DE","DEU","Lower Saxony","","23418","1276002967"
"Kailāshahar","Kailashahar","24.3300","92.0200","India","IN","IND","Tripura","","23418","1356074575"
"Sattahip","Sattahip","12.6664","100.9007","Thailand","TH","THA","Chon Buri","minor","23418","1764518101"
"Blue Island","Blue Island","41.6578","-87.6811","United States","US","USA","Illinois","","23416","1840007028"
"Upper Allen","Upper Allen","40.1800","-76.9808","United States","US","USA","Pennsylvania","","23415","1840151634"
"San Buenaventura","San Buenaventura","27.0625","-101.5467","Mexico","MX","MEX","Coahuila","minor","23413","1484100040"
"Lisle","Lisle","41.7918","-88.0888","United States","US","USA","Illinois","","23413","1840011401"
"Srvanampatti","Srvanampatti","11.0764","77.0045","India","IN","IND","Tamil Nādu","","23412","1356160163"
"Santa Rosa de Viterbo","Santa Rosa de Viterbo","-21.4728","-47.3628","Brazil","BR","BRA","São Paulo","minor","23411","1076895582"
"Teguise","Teguise","29.0500","-13.5667","Spain","ES","ESP","Canary Islands","","23411","1724648198"
"Niskayuna","Niskayuna","42.8030","-73.8729","United States","US","USA","New York","","23405","1840058350"
"Al ‘Azīzīyah","Al `Aziziyah","32.5308","13.0211","Libya","LY","LBY","Al Jafārah","admin","23399","1434450111"
"Bình Hòa","Binh Hoa","10.9353","106.8614","Vietnam","VN","VNM","Bình Dương","","23398","1704275105"
"Burhar","Burhar","23.2149","81.5320","India","IN","IND","Madhya Pradesh","","23395","1356555241"
"Salzwedel","Salzwedel","52.8500","11.1500","Germany","DE","DEU","Saxony-Anhalt","minor","23394","1276222011"
"Gālīkesh","Galikesh","37.2728","55.4328","Iran","IR","IRN","Golestān","minor","23394","1364497413"
"Ban Thoet Thai","Ban Thoet Thai","20.3084","99.6445","Thailand","TH","THA","Chiang Rai","","23392","1764807861"
"Pottstown","Pottstown","40.2508","-75.6445","United States","US","USA","Pennsylvania","","23392","1840001373"
"Pindoretama","Pindoretama","-4.0278","-38.3058","Brazil","BR","BRA","Ceará","minor","23391","1076655483"
"Svilajnac","Svilajnac","44.2167","21.2000","Serbia","RS","SRB","Svilajnac","admin","23391","1688007802"
"Kafr Shukr","Kafr Shukr","30.5470","31.2673","Egypt","EG","EGY","Al Minūfīyah","","23390","1818036288"
"Makouda","Makouda","36.7833","4.0667","Algeria","DZ","DZA","Boumerdes","","23388","1012786926"
"Meda","Meda","45.6667","9.1667","Italy","IT","ITA","Lombardy","","23388","1380159582"
"Sluis","Sluis","51.3089","3.3883","Netherlands","NL","NLD","Zeeland","","23386","1528332351"
"Río Hondo","Rio Hondo","15.0464","-89.5847","Guatemala","GT","GTM","Zacapa","minor","23384","1320228061"
"Teorama","Teorama","8.4333","-72.2833","Colombia","CO","COL","Norte de Santander","minor","23381","1170297865"
"Ponda","Ponda","15.4034","74.0152","India","IN","IND","Goa","","23381","1356252428"
"Weilheim","Weilheim","47.8333","11.1500","Germany","DE","DEU","Bavaria","minor","23378","1276001381"
"Selimpaşa","Selimpasa","41.0540","28.3670","Turkey","TR","TUR","İstanbul","","23378","1792042372"
"Kitzingen","Kitzingen","49.7333","10.1667","Germany","DE","DEU","Bavaria","minor","23377","1276000007"
"Albenga","Albenga","44.0491","8.2130","Italy","IT","ITA","Liguria","","23376","1380307501"
"Almeirim","Almeirim","39.2090","-8.6164","Portugal","PT","PRT","Santarém","minor","23376","1620738863"
"Glassboro","Glassboro","39.7014","-75.1113","United States","US","USA","New Jersey","","23375","1840003789"
"Zarautz","Zarautz","43.2833","-2.1667","Spain","ES","ESP","Basque Country","","23370","1724056021"
"Giulianova","Giulianova","42.7525","13.9567","Italy","IT","ITA","Abruzzo","","23369","1380913817"
"El Hajeb","El Hajeb","33.6928","-5.3711","Morocco","MA","MAR","Fès-Meknès","","23369","1504718907"
"Vanimēl","Vanimel","11.7197","75.6990","India","IN","IND","Kerala","","23368","1356026032"
"Gamay","Gamay","12.3800","125.3000","Philippines","PH","PHL","Northern Samar","","23367","1608289207"
"Bultfontein","Bultfontein","-28.2869","26.1506","South Africa","ZA","ZAF","Free State","","23365","1710911314"
"Buri Ram","Buri Ram","14.9942","103.1022","Thailand","TH","THA","Buri Ram","admin","23364","1764141031"
"Caniço","Canico","32.6412","-16.8504","Portugal","PT","PRT","Madeira","","23361","1620433583"
"Fairhope","Fairhope","30.5209","-87.8813","United States","US","USA","Alabama","","23360","1840002039"
"Barbasa","Barbasa","11.1961","122.0389","Philippines","PH","PHL","Antique","","23359","1608243064"
"Beni Khalled","Beni Khalled","36.6500","10.6000","Tunisia","TN","TUN","Nabeul","","23356","1788038432"
"Quảng Trị","Quang Tri","16.7469","107.1940","Vietnam","VN","VNM","Quảng Trị","","23356","1704089491"
"Dighwa","Dighwa","26.2437","84.7532","India","IN","IND","Bihār","","23353","1356125108"
"Sakleshpur","Sakleshpur","12.8930","75.7250","India","IN","IND","Karnātaka","","23352","1356540508"
"Montecchio Maggiore","Montecchio Maggiore","45.5037","11.4120","Italy","IT","ITA","Veneto","","23351","1380200882"
"Takehara","Takehara","34.3417","132.9069","Japan","JP","JPN","Hiroshima","","23350","1392241539"
"Piteå","Pitea","65.3333","21.5000","Sweden","SE","SWE","Norrbotten","minor","23350","1752869095"
"Maple Heights","Maple Heights","41.4094","-81.5625","United States","US","USA","Ohio","","23350","1840000611"
"Sāndwa","Sandwa","27.7500","74.1667","India","IN","IND","Rājasthān","","23348","1356786916"
"Avellaneda","Avellaneda","-29.1175","-59.6583","Argentina","AR","ARG","Santa Fe","","23341","1032387319"
"Tazhava","Tazhava","9.0833","76.5333","India","IN","IND","Kerala","","23341","1356161101"
"Madappalli","Madappalli","9.0833","76.5333","India","IN","IND","Kerala","","23341","1356163101"
"Sokolo","Sokolo","14.7328","-6.1219","Mali","ML","MLI","Ségou","","23338","1466033359"
"Maigo","Maigo","8.1500","123.9700","Philippines","PH","PHL","Lanao del Norte","","23337","1608670705"
"Warburg","Warburg","51.5000","9.1697","Germany","DE","DEU","North Rhine-Westphalia","","23336","1276612246"
"Piravanthūr","Piravanthur","9.0500","76.9167","India","IN","IND","Kerala","","23336","1356161296"
"Watauga","Watauga","32.8719","-97.2515","United States","US","USA","Texas","","23336","1840022049"
"Saint-Ghislain","Saint-Ghislain","50.4500","3.8167","Belgium","BE","BEL","Wallonia","","23335","1056129350"
"Mandāwa","Mandawa","28.0554","75.1483","India","IN","IND","Rājasthān","","23335","1356190708"
"Copiague","Copiague","40.6707","-73.3922","United States","US","USA","New York","","23332","1840005031"
"Coronel Vivida","Coronel Vivida","-25.9800","-52.5678","Brazil","BR","BRA","Paraná","minor","23331","1076806010"
"Antanimasaka","Antanimasaka","-16.2355","46.5121","Madagascar","MG","MDG","Mahajanga","","23331","1450865141"
"Keflavík","Keflavik","64.0167","-22.5667","Iceland","IS","ISL","Reykjanesbær","","23329","1352901945"
"Dongshi","Dongshi","23.4748","120.1769","Taiwan","TW","TWN","Chiayi","","23327","1158540364"
"Zemst","Zemst","50.9722","4.4222","Belgium","BE","BEL","Flanders","","23325","1056199870"
"Berehove","Berehove","48.2056","22.6472","Ukraine","UA","UKR","Zakarpatska Oblast","minor","23325","1804040318"
"Godalming","Godalming","51.1855","-0.6155","United Kingdom","GB","GBR","Surrey","","23324","1826220347"
"Collipulli","Collipulli","-37.9500","-72.4333","Chile","CL","CHL","Araucanía","","23321","1152908869"
"Nagold","Nagold","48.5519","8.7256","Germany","DE","DEU","Baden-Württemberg","","23321","1276622142"
"Ambohimiadana","Ambohimiadana","-19.2438","47.7758","Madagascar","MG","MDG","Antananarivo","","23320","1450165876"
"Horgen","Horgen","47.2608","8.5975","Switzerland","CH","CHE","Zürich","","23319","1756066280"
"Wertheim","Wertheim","49.7589","9.5175","Germany","DE","DEU","Baden-Württemberg","","23319","1276150823"
"Minja","Minja","12.7083","74.9500","India","IN","IND","Kerala","","23318","1356323464"
"Westerly","Westerly","41.3635","-71.7899","United States","US","USA","Rhode Island","","23318","1840026106"
"Dalmine","Dalmine","45.6500","9.6000","Italy","IT","ITA","Lombardy","","23316","1380355124"
"Sai Mai","Sai Mai","13.9207","100.6455","Thailand","TH","THA","Krung Thep Maha Nakhon","minor","23316","1764423311"
"Capinzal","Capinzal","-27.3439","-51.6119","Brazil","BR","BRA","Santa Catarina","minor","23314","1076789641"
"Pelitli","Pelitli","40.9833","39.8000","Turkey","TR","TUR","Trabzon","","23314","1792308015"
"Edgewater","Edgewater","28.9594","-80.9406","United States","US","USA","Florida","","23314","1840014043"
"Jieshang","Jieshang","26.2663","104.6671","China","CN","CHN","Guizhou","","23311","1156442745"
"Ron","Ron","15.6700","75.7300","India","IN","IND","Karnātaka","","23311","1356685730"
"Ikeda","Ikeda","35.4423","136.5730","Japan","JP","JPN","Gifu","","23310","1392003225"
"Calbiga","Calbiga","11.6300","125.0200","Philippines","PH","PHL","Samar","","23310","1608755840"
"Bazhajiemicun","Bazhajiemicun","38.8944","77.6367","China","CN","CHN","Xinjiang","","23308","1156091216"
"Waverly","Waverly","42.7401","-84.6354","United States","US","USA","Michigan","","23301","1840006924"
"Moskva","Moskva","37.6567","69.6292","Tajikistan","TJ","TJK","Khatlon","minor","23300","1762027698"
"Tecumseh","Tecumseh","42.2431","-82.9256","Canada","CA","CAN","Ontario","","23300","1124720869"
"Santo Tomé","Santo Tome","-28.5500","-56.0500","Argentina","AR","ARG","Corrientes","minor","23299","1032959342"
"Tugatog","Tugatog","14.6629","120.9690","Philippines","PH","PHL","Malabon","","23296","1608956003"
"Tobatí","Tobati","-25.2611","-57.0833","Paraguay","PY","PRY","Cordillera","","23295","1600471923"
"Bordj Ghdir","Bordj Ghdir","35.9000","4.8900","Algeria","DZ","DZA","Bordj Bou Arréridj","","23289","1012287793"
"Añatuya","Anatuya","-28.4667","-62.8333","Argentina","AR","ARG","Santiago del Estero","minor","23286","1032511298"
"Goumori","Goumori","11.1833","2.2833","Benin","BJ","BEN","Alibori","","23286","1204178150"
"Aldeias Altas","Aldeias Altas","-4.6278","-43.4708","Brazil","BR","BRA","Maranhão","minor","23286","1076098052"
"La Cruz de Río Grande","La Cruz de Rio Grande","13.1167","-84.1833","Nicaragua","NI","NIC","Costa Caribe Sur","minor","23284","1558703104"
"Poxoréo","Poxoreo","-15.8369","-54.3889","Brazil","BR","BRA","Mato Grosso","minor","23283","1076239905"
"Carambeí","Carambei","-24.9178","-50.0969","Brazil","BR","BRA","Paraná","minor","23283","1076138552"
"San Rafael Abajo","San Rafael Abajo","9.8943","-84.0837","Costa Rica","CR","CRI","San José","","23283","1188603380"
"Whitefield","Whitefield","53.5521","-2.2992","United Kingdom","GB","GBR","Bury","","23283","1826701535"
"Kedavūr","Kedavur","11.4167","75.9333","India","IN","IND","Kerala","","23283","1356370793"
"Český Těšín","Cesky Tesin","49.7461","18.6261","Czechia","CZ","CZE","Moravskoslezský Kraj","","23282","1203518530"
"Senftenberg","Senftenberg","51.5167","14.0167","Germany","DE","DEU","Brandenburg","minor","23282","1276241839"
"Piastów","Piastow","52.1833","20.8500","Poland","PL","POL","Mazowieckie","","23281","1616118197"
"West Goshen","West Goshen","39.9756","-75.5927","United States","US","USA","Pennsylvania","","23281","1840133853"
"San José","San Jose","1.4744","-77.0836","Colombia","CO","COL","Nariño","minor","23279","1170922261"
"Quedlinburg","Quedlinburg","51.7917","11.1472","Germany","DE","DEU","Saxony-Anhalt","","23277","1276672547"
"Rathfarnham","Rathfarnham","53.3006","-6.2828","Ireland","IE","IRL","South Dublin","","23276","1372740372"
"Monteros","Monteros","-27.1667","-65.5000","Argentina","AR","ARG","Tucumán","minor","23274","1032530967"
"Bingley","Bingley","53.8460","-1.8360","United Kingdom","GB","GBR","Bradford","","23274","1826460602"
"Teodoro Sampaio","Teodoro Sampaio","-22.5325","-52.1675","Brazil","BR","BRA","São Paulo","minor","23273","1076720221"
"Mūlampilli","Mulampilli","10.1083","76.4167","India","IN","IND","Kerala","","23272","1356125679"
"Union Hill-Novelty Hill","Union Hill-Novelty Hill","47.6788","-122.0284","United States","US","USA","Washington","","23272","1840074663"
"Telica","Telica","12.5167","-86.8667","Nicaragua","NI","NIC","León","minor","23266","1558515596"
"Vreden","Vreden","52.0333","6.8333","Germany","DE","DEU","North Rhine-Westphalia","","23265","1276296218"
"Cockeysville","Cockeysville","39.4804","-76.6294","United States","US","USA","Maryland","","23265","1840005680"
"Krychaw","Krychaw","53.7194","31.7139","Belarus","BY","BLR","Mahilyowskaya Voblasts’","minor","23264","1112203208"
"Les Lilas","Les Lilas","48.8800","2.4200","France","FR","FRA","Île-de-France","","23262","1250804499"
"Tekāri","Tekari","24.9425","84.8427","India","IN","IND","Bihār","","23259","1356622953"
"Cajidiocan","Cajidiocan","12.3700","122.6800","Philippines","PH","PHL","Romblon","","23259","1608803885"
"La Higuerita","La Higuerita","19.4833","-104.6500","Mexico","MX","MEX","Jalisco","","23258","1484769959"
"La Huerta","La Huerta","19.4844","-104.6438","Mexico","MX","MEX","Jalisco","minor","23258","1484366583"
"Maibog","Maibog","10.1500","125.0000","Philippines","PH","PHL","Southern Leyte","","23256","1608524831"
"Karben","Karben","50.2322","8.7681","Germany","DE","DEU","Hesse","","23253","1276723734"
"Alliston","Alliston","44.1500","-79.8667","Canada","CA","CAN","Ontario","","23253","1124831787"
"Dammarie-lè-Lys","Dammarie-le-Lys","48.5177","2.6402","France","FR","FRA","Île-de-France","","23252","1250036813"
"Tsaratanana","Tsaratanana","-21.1788","47.6384","Madagascar","MG","MDG","Fianarantsoa","","23252","1450726969"
"Neusäß","Neusass","48.4000","10.8333","Germany","DE","DEU","Bavaria","","23251","1276057547"
"Kant","Kant","42.8833","74.8500","Kyrgyzstan","KG","KGZ","Chüy","minor","23249","1417254104"
"Píritu","Piritu","10.0395","-65.0304","Venezuela","VE","VEN","Anzoátegui","minor","23248","1862835516"
"Rastede","Rastede","53.2500","8.2000","Germany","DE","DEU","Lower Saxony","","23247","1276294384"
"Bad Kissingen","Bad Kissingen","50.2000","10.0667","Germany","DE","DEU","Bavaria","minor","23245","1276216676"
"Santo Antônio de Posse","Santo Antonio de Posse","-22.6058","-46.9189","Brazil","BR","BRA","São Paulo","minor","23244","1076962973"
"Überlingen","Uberlingen","47.7667","9.1650","Germany","DE","DEU","Baden-Württemberg","","23240","1276778071"
"Motul","Motul","21.1667","-89.4667","Mexico","MX","MEX","Yucatán","","23240","1484505595"
"Morris","Morris","40.7959","-74.4945","United States","US","USA","New Jersey","","23239","1840081723"
"North Salt Lake","North Salt Lake","40.8439","-111.9187","United States","US","USA","Utah","","23239","1840020144"
"Grande Saline","Grande Saline","19.2500","-72.7833","Haiti","HT","HTI","Artibonite","","23236","1332897755"
"Mine","Mine","34.1631","131.2083","Japan","JP","JPN","Yamaguchi","","23236","1392003146"
"Montgomery","Montgomery","41.5399","-74.2073","United States","US","USA","New York","","23235","1840004875"
"Xunjiansi","Xunjiansi","23.9586","103.1939","China","CN","CHN","Yunnan","","23234","1156252865"
"Friesoythe","Friesoythe","53.0206","7.8586","Germany","DE","DEU","Lower Saxony","","23234","1276189033"
"Vaikam","Vaikam","9.7500","76.3928","India","IN","IND","Kerala","","23234","1356130026"
"Mantua","Mantua","22.2908","-84.2875","Cuba","CU","CUB","Pinar del Río","","23233","1192303406"
"Kūn Puhāl","Kun Puhal","33.0058","76.5334","India","IN","IND","Himāchal Pradesh","","23229","1356702868"
"Rock Springs","Rock Springs","41.5947","-109.2209","United States","US","USA","Wyoming","","23229","1840020101"
"Calamba","Calamba","8.5583","123.6417","Philippines","PH","PHL","Misamis Occidental","","23227","1608994208"
"Wareham","Wareham","41.7662","-70.6999","United States","US","USA","Massachusetts","","23226","1840053578"
"Loanda","Loanda","-22.9228","-53.1369","Brazil","BR","BRA","Paraná","minor","23225","1076974194"
"Samrāla","Samrala","30.8360","76.1932","India","IN","IND","Punjab","","23218","1356562174"
"Mizdah","Mizdah","31.4450","12.9831","Libya","LY","LBY","Al Jabal al Gharbī","","23216","1434622990"
"Linda","Linda","39.1241","-121.5421","United States","US","USA","California","","23215","1840018800"
"Kedia","Kedia","23.7945","85.5872","India","IN","IND","Jhārkhand","","23213","1356181237"
"Culion","Culion","11.8944","120.0186","Philippines","PH","PHL","Palawan","","23213","1608889308"
"Sheybān","Sheyban","31.4061","48.7944","Iran","IR","IRN","Khūzestān","","23211","1364776996"
"Nakashunbetsu","Nakashunbetsu","43.5500","144.9667","Japan","JP","JPN","Hokkaidō","","23211","1392557467"
"Polonne","Polonne","50.1200","27.5078","Ukraine","UA","UKR","Khmelnytska Oblast","","23211","1804361206"
"Athens","Athens","39.3270","-82.0987","United States","US","USA","Ohio","","23211","1840007355"
"Fergus","Fergus","43.7070","-80.3777","Canada","CA","CAN","Ontario","","23209","1124116076"
"Kelīshād va Sūdarjān","Kelishad va Sudarjan","32.5489","51.5286","Iran","IR","IRN","Eşfahān","","23203","1364528827"
"Pātakākāni","Patakakani","16.3400","80.4908","India","IN","IND","Andhra Pradesh","","23201","1356288383"
"Sevan","Sevan","40.5550","44.9536","Armenia","AM","ARM","Geghark’unik’","","23200","1051586680"
"Amarapura","Amarapura","21.9000","96.0500","Burma","MM","MMR","Mandalay","","23200","1104567036"
"Manambūr","Manambur","8.7206","76.7635","India","IN","IND","Kerala","","23198","1356161690"
"Touboro","Touboro","7.7708","15.3567","Cameroon","CM","CMR","Nord","","23196","1120000456"
"Puenteareas","Puenteareas","42.1667","-8.5000","Spain","ES","ESP","Galicia","","23196","1724337811"
"Tekman","Tekman","39.6450","41.5083","Turkey","TR","TUR","Erzurum","minor","23195","1792042705"
"Wilmington","Wilmington","42.5609","-71.1654","United States","US","USA","Massachusetts","","23195","1840053495"
"Tranquebar","Tranquebar","11.0292","79.8494","India","IN","IND","Tamil Nādu","","23191","1356342738"
