"Gardelegen","Gardelegen","52.5264","11.3925","Germany","DE","DEU","Saxony-Anhalt","","21926","1276557570"
"Artémida","Artemida","37.9667","24.0000","Greece","GR","GRC","Attikí","","21924","1300514768"
"Nakagusuku","Nakagusuku","26.2678","127.7914","Japan","JP","JPN","Okinawa","","21924","1392003297"
"Sandbach","Sandbach","53.1460","-2.3670","United Kingdom","GB","GBR","Cheshire East","","21923","1826911682"
"Duarte","Duarte","34.1610","-117.9504","United States","US","USA","California","","21921","1840019246"
"Samba Cango","Samba Cango","-9.1000","15.5500","Angola","AO","AGO","Malanje","","21918","1024281729"
"New Hartford","New Hartford","43.0586","-75.2821","United States","US","USA","New York","","21916","1840004206"
"Chalchihuitán","Chalchihuitan","17.0333","-92.6167","Mexico","MX","MEX","Chiapas","","21915","1484099582"
"Axapusco","Axapusco","19.7194","-98.7972","Mexico","MX","MEX","México","minor","21915","1484580584"
"Neuilly-Plaisance","Neuilly-Plaisance","48.8619","2.5064","France","FR","FRA","Île-de-France","","21914","1250086555"
"Gōtsuchō","Gotsucho","35.0117","132.2178","Japan","JP","JPN","Shimane","","21913","1392030464"
"West Carson","West Carson","33.8229","-118.2931","United States","US","USA","California","","21909","1840028405"
"Al Fuḩayş","Al Fuhays","32.0167","35.7667","Jordan","JO","JOR","Al Balqā’","minor","21908","1400712553"
"Krathum Baen","Krathum Baen","13.6631","100.2572","Thailand","TH","THA","Samut Sakhon","minor","21904","1764425264"
"Ituberá","Itubera","-13.7319","-39.1489","Brazil","BR","BRA","Bahia","minor","21902","1076882481"
"Pak Tin Pa","Pak Tin Pa","22.3364","114.1667","Hong Kong","HK","HKG","","","21902","1344000101"
"Shiroishi","Shiroishi","33.1814","130.1433","Japan","JP","JPN","Saga","","21902","1392003123"
"Bungotakada","Bungotakada","33.5561","131.4469","Japan","JP","JPN","Ōita","","21901","1392003392"
"San Buenaventura","San Buenaventura","13.5333","-88.3833","El Salvador","SV","SLV","Usulután","","21901","1222825674"
"São Miguel do Araguaia","Sao Miguel do Araguaia","-13.2750","-50.1628","Brazil","BR","BRA","Goiás","minor","21900","1076063801"
"Sayada","Sayada","35.9500","0.1333","Algeria","DZ","DZA","Mostaganem","","21900","1012091747"
"Kāchhāri","Kachhari","22.0808","88.6511","India","IN","IND","West Bengal","","21900","1356308388"
"Darreh Shahr","Darreh Shahr","33.1431","47.3794","Iran","IR","IRN","Īlām","minor","21900","1364154593"
"Membakut","Membakut","5.4748","115.8030","Malaysia","MY","MYS","Sabah","","21900","1458057986"
"Berëzovskiy","Berezovskiy","55.6167","86.2500","Russia","RU","RUS","Kemerovskaya Oblast’","","21900","1643773270"
"Árta","Arta","39.1650","20.9875","Greece","GR","GRC","Ípeiros","minor","21895","1300006848"
"Béguédo","Beguedo","11.7833","-0.7333","Burkina Faso","BF","BFA","Centre-Est","","21894","1854929240"
"Eislingen","Eislingen","48.6933","9.7067","Germany","DE","DEU","Baden-Württemberg","","21894","1276267974"
"São Francisco de Paula","Sao Francisco de Paula","-29.4478","-50.5839","Brazil","BR","BRA","Rio Grande do Sul","minor","21893","1076280018"
"Sainte-Foy-lès-Lyon","Sainte-Foy-les-Lyon","45.7300","4.8000","France","FR","FRA","Auvergne-Rhône-Alpes","","21893","1250537092"
"Muzambinho","Muzambinho","-21.3758","-46.5258","Brazil","BR","BRA","Minas Gerais","minor","21891","1076230022"
"Vanthli","Vanthli","21.4778","70.3306","India","IN","IND","Gujarāt","","21891","1356168407"
"Silvassa","Silvassa","20.2708","73.0050","India","IN","IND","Dādra and Nagar Haveli and Damān and Diu","","21890","1356217846"
"Manor","Manor","39.9848","-76.4216","United States","US","USA","Pennsylvania","","21888","1840147751"
"Kueneng","Kueneng","-29.0161","27.9981","Lesotho","LS","LSO","Berea","","21887","1426216569"
"Pio XII","Pio XII","-3.8939","-45.1700","Brazil","BR","BRA","Maranhão","minor","21886","1076588816"
"Póvoa de Lanhoso","Povoa de Lanhoso","41.5667","-8.2667","Portugal","PT","PRT","Braga","minor","21886","1620452875"
"Caranavi","Caranavi","-15.8333","-67.5667","Bolivia","BO","BOL","La Paz","","21883","1068233708"
"Klamath Falls","Klamath Falls","42.2195","-121.7754","United States","US","USA","Oregon","","21879","1840020054"
"Frameries","Frameries","50.4088","3.8906","Belgium","BE","BEL","Wallonia","","21878","1056190283"
"Göd","God","47.6906","19.1344","Hungary","HU","HUN","Pest","","21876","1348600580"
"Casablanca","Casablanca","-33.3167","-71.4167","Chile","CL","CHL","Región Metropolitana","","21874","1152471983"
"Mantes-la-Ville","Mantes-la-Ville","48.9750","1.7117","France","FR","FRA","Île-de-France","","21874","1250672481"
"Shinhidaka","Shinhidaka","42.2500","142.5667","Japan","JP","JPN","Hokkaidō","","21873","1392000645"
"Montigny-lès-Metz","Montigny-les-Metz","49.1006","6.1539","France","FR","FRA","Grand Est","","21869","1250863295"
"Maghalleen","Maghalleen","-30.0942","27.4189","Lesotho","LS","LSO","Mohale’s Hoek","","21869","1426440371"
"Parsippany","Parsippany","40.8645","-74.4135","United States","US","USA","New Jersey","","21869","1840033373"
"Sedalia","Sedalia","38.7059","-93.2340","United States","US","USA","Missouri","","21869","1840009724"
"Arcueil","Arcueil","48.8075","2.3361","France","FR","FRA","Île-de-France","","21868","1250317790"
"Shelby","Shelby","35.2904","-81.5451","United States","US","USA","North Carolina","","21868","1840015426"
"Günzburg","Gunzburg","48.4527","10.2713","Germany","DE","DEU","Bavaria","minor","21865","1276986738"
"Ossett","Ossett","53.6800","-1.5800","United Kingdom","GB","GBR","Wakefield","","21861","1826407870"
"Mühldorf","Muhldorf","48.2456","12.5228","Germany","DE","DEU","Bavaria","minor","21860","1276623949"
"Millau","Millau","44.0986","3.0783","France","FR","FRA","Occitanie","minor","21859","1250699654"
"Nogent-sur-Oise","Nogent-sur-Oise","49.2756","2.4683","France","FR","FRA","Hauts-de-France","","21859","1250139539"
"Nogales","Nogales","-32.7350","-71.2025","Chile","CL","CHL","Valparaíso","","21856","1152042866"
"Darien","Darien","41.7448","-87.9822","United States","US","USA","Illinois","","21855","1840007045"
"Renfrew","Renfrew","55.8780","-4.3890","United Kingdom","GB","GBR","Renfrewshire","","21854","1826588626"
"Gigaquit","Gigaquit","9.5947","125.6975","Philippines","PH","PHL","Surigao del Norte","","21849","1608408271"
"Tongzhou","Tongzhou","25.7000","106.9333","China","CN","CHN","Guizhou","","21848","1156096766"
"Kafr Qāsim","Kafr Qasim","32.1142","34.9772","Israel","IL","ISR","Central","","21848","1376925215"
"Binnish","Binnish","35.9566","36.7138","Syria","SY","SYR","Idlib","minor","21848","1760335847"
"Lino Lakes","Lino Lakes","45.1679","-93.0830","United States","US","USA","Minnesota","","21847","1840008902"
"Rajauli","Rajauli","24.6449","85.5003","India","IN","IND","Bihār","","21846","1356490411"
"Mata Grande","Mata Grande","-9.1178","-37.7339","Brazil","BR","BRA","Alagoas","minor","21844","1076215597"
"Lihuzhuang","Lihuzhuang","39.6210","117.8190","China","CN","CHN","Hebei","","21844","1156775869"
"Mbandjok","Mbandjok","4.4500","11.9000","Cameroon","CM","CMR","Centre","","21841","1120826552"
"Montereau-faut-Yonne","Montereau-faut-Yonne","48.3853","2.9508","France","FR","FRA","Île-de-France","","21840","1250284749"
"Lindlar","Lindlar","51.0167","7.3833","Germany","DE","DEU","North Rhine-Westphalia","","21836","1276176624"
"Māngrol","Mangrol","25.3300","76.5200","India","IN","IND","Rājasthān","","21836","1356021018"
"Ōtsuki","Otsuki","35.6106","138.9400","Japan","JP","JPN","Yamanashi","","21835","1392398648"
"Davlekanovo","Davlekanovo","54.2167","55.0333","Russia","RU","RUS","Bashkortostan","minor","21834","1643452201"
"Koçarlı","Kocarli","37.7608","27.7061","Turkey","TR","TUR","Aydın","minor","21832","1792415821"
"Los Palmitos","Los Palmitos","9.3811","-75.2714","Colombia","CO","COL","Sucre","minor","21831","1170000253"
"Khadyzhensk","Khadyzhensk","44.4256","39.5319","Russia","RU","RUS","Krasnodarskiy Kray","","21829","1643592689"
"Machico","Machico","32.7000","-16.7667","Portugal","PT","PRT","Madeira","","21828","1620563649"
"Woodlawn","Woodlawn","38.7332","-77.1149","United States","US","USA","Virginia","","21828","1840145210"
"Bujie","Bujie","28.0269","105.0517","China","CN","CHN","Yunnan","minor","21827","1156451135"
"Priego de Córdoba","Priego de Cordoba","37.4333","-4.1833","Spain","ES","ESP","Andalusia","","21826","1724212027"
"Kepsut","Kepsut","39.6889","28.1522","Turkey","TR","TUR","Balıkesir","minor","21825","1792135429"
"Mangalvedha","Mangalvedha","17.5167","75.4667","India","IN","IND","Mahārāshtra","","21824","1356014228"
"Yoshioka","Yoshioka","36.4474","139.0097","Japan","JP","JPN","Gunma","","21824","1392003196"
"Danwān","Danwan","25.5292","84.4598","India","IN","IND","Bihār","","21823","1356873543"
"Puttige","Puttige","12.6191","75.0129","India","IN","IND","Kerala","","21823","1356978185"
"Massapequa","Massapequa","40.6676","-73.4706","United States","US","USA","New York","","21822","1840005274"
"Kizhakkemanād","Kizhakkemanad","9.0174","76.6509","India","IN","IND","Kerala","","21820","1356160705"
"Ginosa","Ginosa","40.5000","16.7500","Italy","IT","ITA","Puglia","","21820","1380281287"
"Sheldon","Sheldon","52.4500","-1.7666","United Kingdom","GB","GBR","Solihull","","21817","1826299810"
"Mehnatobod","Mehnatobod","37.7167","69.5500","Tajikistan","TJ","TJK","Khatlon","","21816","1762901629"
"Merrick","Merrick","40.6515","-73.5535","United States","US","USA","New York","","21816","1840005238"
"Ginebra","Ginebra","3.7500","-76.1667","Colombia","CO","COL","Valle del Cauca","minor","21815","1170109956"
"De Meern","De Meern","52.0781","5.0281","Netherlands","NL","NLD","Utrecht","","21815","1528629821"
"Ma’mūnīyeh","Ma'muniyeh","35.3050","50.4975","Iran","IR","IRN","Markazī","","21814","1364067553"
"Azambuja","Azambuja","39.0667","-8.8667","Portugal","PT","PRT","Lisboa","minor","21814","1620393026"
"Carbondale","Carbondale","37.7221","-89.2237","United States","US","USA","Illinois","","21813","1840007560"
"Pascagoula","Pascagoula","30.3666","-88.5506","United States","US","USA","Mississippi","","21812","1840015018"
"Suwanee","Suwanee","34.0508","-84.0686","United States","US","USA","Georgia","","21811","1840015616"
"Pallippuram","Pallippuram","10.8406","76.1118","India","IN","IND","Kerala","","21809","1356465364"
"Amtali","Amtali","22.1189","90.2210","Bangladesh","BD","BGD","Barishal","","21808","1050553814"
"Orobó","Orobo","-7.7450","-35.6019","Brazil","BR","BRA","Pernambuco","minor","21808","1076292886"
"Glauchau","Glauchau","50.8233","12.5444","Germany","DE","DEU","Saxony","","21807","1276610130"
"Muzhakkunnu","Muzhakkunnu","11.9528","75.6694","India","IN","IND","Kerala","","21807","1356679086"
"Pueblo Juárez","Pueblo Juarez","17.7000","-93.2000","Mexico","MX","MEX","Chiapas","","21807","1484543161"
"Dubnica nad Váhom","Dubnica nad Vahom","48.9606","18.1739","Slovakia","SK","SVK","Nitra","","21805","1703468923"
"Kreuzlingen","Kreuzlingen","47.6458","9.1783","Switzerland","CH","CHE","Thurgau","minor","21801","1756463563"
"Płońsk","Plonsk","52.6231","20.3706","Poland","PL","POL","Mazowieckie","minor","21800","1616662594"
"Looc","Looc","12.2605","121.9926","Philippines","PH","PHL","Romblon","","21799","1608317666"
"Rio Rico","Rio Rico","31.4957","-110.9885","United States","US","USA","Arizona","","21798","1840027004"
"Falmouth","Falmouth","50.1500","-5.0700","United Kingdom","GB","GBR","Cornwall","","21797","1826117124"
"Palmas de Monte Alto","Palmas de Monte Alto","-14.2672","-43.1619","Brazil","BR","BRA","Bahia","minor","21796","1076381491"
"Silver Firs","Silver Firs","47.8635","-122.1497","United States","US","USA","Washington","","21796","1840037898"
"Poço Verde","Poco Verde","-10.7078","-38.1828","Brazil","BR","BRA","Sergipe","minor","21794","1076944490"
"Millburn","Millburn","40.7394","-74.3240","United States","US","USA","New Jersey","","21793","1840081751"
"Santa Lucía Utatlán","Santa Lucia Utatlan","14.7667","-91.2667","Guatemala","GT","GTM","Sololá","minor","21790","1320410768"
"Yate","Yate","51.5402","-2.4110","United Kingdom","GB","GBR","South Gloucestershire","","21789","1826350658"
"Morinda","Morinda","30.7900","76.5000","India","IN","IND","Punjab","","21788","1356124805"
"Lakeside","Lakeside","32.8560","-116.9040","United States","US","USA","California","","21788","1840018025"
"Four Square Mile","Four Square Mile","39.6808","-104.8880","United States","US","USA","Colorado","","21788","1840153139"
"Polkowice","Polkowice","51.5000","16.0667","Poland","PL","POL","Dolnośląskie","minor","21786","1616214914"
"Hazebrouck","Hazebrouck","50.7250","2.5392","France","FR","FRA","Hauts-de-France","","21785","1250140504"
"Charo","Charo","19.7500","-101.0500","Mexico","MX","MEX","Michoacán","","21784","1484226531"
"Aḑ Ḑabyah","Ad Dabyah","13.6967","44.7308","Yemen","YE","YEM","Aḑ Ḑāli‘","","21783","1887145945"
"Aḑ Ḑāli‘","Ad Dali`","13.6957","44.7314","Yemen","YE","YEM","Aḑ Ḑāli‘","admin","21783","1887607369"
"Puruk Cahu","Puruk Cahu","-0.6384","114.5677","Indonesia","ID","IDN","Kalimantan Tengah","minor","21781","1360025620"
"Magdalena","Magdalena","20.9167","-103.9500","Mexico","MX","MEX","Jalisco","minor","21781","1484476169"
"Tūnēri","Tuneri","11.6833","75.6167","India","IN","IND","Kerala","","21780","1356884388"
"Had Oulad Issa","Had Oulad Issa","32.9519","-8.6982","Morocco","MA","MAR","Casablanca-Settat","","21779","1504891592"
"Ambatomanoina","Ambatomanoina","-18.3110","47.6253","Madagascar","MG","MDG","Antananarivo","","21779","1450369214"
"Hassi Maameche","Hassi Maameche","35.8611","0.7250","Algeria","DZ","DZA","Mostaganem","","21778","1012261877"
"Xanten","Xanten","51.6622","6.4539","Germany","DE","DEU","North Rhine-Westphalia","","21776","1276917094"
"Sidi Amrane","Sidi Amrane","33.5000","6.0167","Algeria","DZ","DZA","Ouargla","","21772","1012838935"
"Surpur","Surpur","23.1895","73.8928","India","IN","IND","Gujarāt","","21772","1356886310"
"Bhānpura","Bhanpura","24.5108","75.7483","India","IN","IND","Madhya Pradesh","","21772","1356689479"
"Geertruidenberg","Geertruidenberg","51.7008","4.8603","Netherlands","NL","NLD","Noord-Brabant","","21770","1528001604"
"Chatra Gobraura","Chatra Gobraura","26.4973","86.2179","India","IN","IND","Bihār","","21769","1356380636"
"El Callao","El Callao","7.3463","-61.8271","Venezuela","VE","VEN","Bolívar","minor","21769","1862703627"
"Holiday","Holiday","28.1864","-82.7429","United States","US","USA","Florida","","21768","1840014114"
"Kayanza","Kayanza","-2.9167","29.6167","Burundi","BI","BDI","Kayanza","admin","21767","1108413426"
"Waghäusel","Waghausel","49.2500","8.5167","Germany","DE","DEU","Baden-Württemberg","","21766","1276002094"
"Maniche","Maniche","18.3450","-73.7772","Haiti","HT","HTI","Sud","","21766","1332014296"
"Mailavaram","Mailavaram","16.7833","80.6333","India","IN","IND","Andhra Pradesh","","21763","1356149702"
"Makó","Mako","46.2200","20.4789","Hungary","HU","HUN","Csongrád-Csanád","minor","21759","1348716786"
"Seia","Seia","40.4203","-7.7033","Portugal","PT","PRT","Guarda","minor","21755","1620376674"
"Seligenstadt","Seligenstadt","50.0333","8.9667","Germany","DE","DEU","Hesse","","21752","1276356108"
"Flörsheim","Florsheim","50.0167","8.4333","Germany","DE","DEU","Hesse","","21751","1276463362"
"Otopeni","Otopeni","44.5500","26.0700","Romania","RO","ROU","Ilfov","","21750","1642216985"
"Geseke","Geseke","51.6500","8.5167","Germany","DE","DEU","North Rhine-Westphalia","","21749","1276815446"
"Oberwingert","Oberwingert","47.5170","8.7690","Switzerland","CH","CHE","Zürich","","21748","1756012377"
"Shendurjana","Shendurjana","21.5217","78.2908","India","IN","IND","Mahārāshtra","","21748","1356166995"
"Penonomé","Penonome","8.5187","-80.3553","Panama","PA","PAN","Coclé","admin","21748","1591602960"
"Bato","Bato","13.6000","124.3000","Philippines","PH","PHL","Catanduanes","","21748","1608668224"
"Sarai Ranjan","Sarai Ranjan","25.7671","85.7245","India","IN","IND","Bihār","","21747","1356097254"
"Cagwait","Cagwait","8.9181","126.3017","Philippines","PH","PHL","Surigao del Sur","","21747","1608922741"
"Puerto Triunfo","Puerto Triunfo","5.8667","-74.6500","Colombia","CO","COL","Antioquia","minor","21745","1170980494"
"Bānapur","Banapur","19.7789","85.1703","India","IN","IND","Odisha","","21745","1356666995"
"Yucca Valley","Yucca Valley","34.1234","-116.4216","United States","US","USA","California","","21744","1840022726"
"Zoersel","Zoersel","51.2675","4.7126","Belgium","BE","BEL","Flanders","","21739","1056874458"
"Guipos","Guipos","7.7350","123.3231","Philippines","PH","PHL","Zamboanga del Sur","","21738","1608106395"
"Chimoré","Chimore","-16.9833","-65.1333","Bolivia","BO","BOL","Cochabamba","","21736","1068769137"
"Anamalais","Anamalais","10.5830","76.9344","India","IN","IND","Tamil Nādu","","21736","1356352228"
"Sori","Sori","10.7281","2.7825","Benin","BJ","BEN","Alibori","","21735","1204061306"
"Shanywathit","Shanywathit","17.4244","97.8878","Burma","MM","MMR","Kayin State","","21735","1104224930"
"Stadtallendorf","Stadtallendorf","50.8333","9.0167","Germany","DE","DEU","Hesse","","21733","1276032217"
"Kalleribhāgam","Kalleribhagam","9.0500","76.5500","India","IN","IND","Kerala","","21732","1356160604"
"Massarosa","Massarosa","43.8667","10.3333","Italy","IT","ITA","Tuscany","","21732","1380676955"
"Vāmanapuram","Vamanapuram","8.7251","76.9012","India","IN","IND","Kerala","","21729","1356161917"
"Miguelópolis","Miguelopolis","-20.1794","-48.0319","Brazil","BR","BRA","São Paulo","minor","21728","1076327986"
"Comalapa","Comalapa","15.6500","-92.1500","Mexico","MX","MEX","Chiapas","minor","21727","1484741837"
"New Castle","New Castle","40.9956","-80.3458","United States","US","USA","Pennsylvania","","21727","1840000938"
"Zabré","Zabre","11.1833","-0.6333","Burkina Faso","BF","BFA","Centre-Est","","21726","1854284230"
"Mezdra","Mezdra","43.1500","23.7000","Bulgaria","BG","BGR","Vratsa","","21726","1100715931"
"Yaojiazhuangcun","Yaojiazhuangcun","40.7437","114.9286","China","CN","CHN","Hebei","","21726","1156566980"
"Yaojiafen","Yaojiafen","40.6669","115.0586","China","CN","CHN","Hebei","","21726","1156288547"
"Erval d’Oeste","Erval d'Oeste","-27.1939","-51.4950","Brazil","BR","BRA","Santa Catarina","minor","21724","1076008886"
"Idukki","Idukki","9.8500","76.9700","India","IN","IND","Kerala","","21724","1356499130"
"Tixtla de Guerrero","Tixtla de Guerrero","17.5667","-99.4000","Mexico","MX","MEX","Guerrero","minor","21720","1484176714"
"Semikarakorsk","Semikarakorsk","47.5167","40.8000","Russia","RU","RUS","Rostovskaya Oblast’","minor","21719","1643808895"
"Vendram","Vendram","16.5620","81.4696","India","IN","IND","Andhra Pradesh","","21718","1356457139"
"Wädenswil","Wadenswil","47.2303","8.6722","Switzerland","CH","CHE","Zürich","","21716","1756533832"
"Güimar","Guimar","28.3150","-16.4100","Spain","ES","ESP","Canary Islands","","21716","1724294895"
"Dax","Dax","43.7100","-1.0500","France","FR","FRA","Nouvelle-Aquitaine","minor","21716","1250059757"
"Moularès","Moulares","34.4833","8.2667","Tunisia","TN","TUN","Gafsa","","21716","1788693734"
"Amposta","Amposta","40.7106","0.5808","Spain","ES","ESP","Catalonia","","21715","1724566001"
"Pachino","Pachino","36.7167","15.1000","Italy","IT","ITA","Sicilia","","21714","1380098905"
"Bankoumana","Bankoumana","12.4214","-7.6075","Mali","ML","MLI","Koulikoro","","21714","1466961300"
"Caransebeş","Caransebes","45.4214","22.2219","Romania","RO","ROU","Caraş-Severin","","21714","1642355893"
"Boumia","Boumia","32.7228","-5.1053","Morocco","MA","MAR","Drâa-Tafilalet","","21713","1504947716"
"São João da Madeira","Sao Joao da Madeira","40.9000","-8.5000","Portugal","PT","PRT","Aveiro","minor","21713","1620177884"
"Guapiaçu","Guapiacu","-20.7950","-49.2200","Brazil","BR","BRA","São Paulo","minor","21711","1076397497"
"Port Alberni","Port Alberni","49.2339","-124.8050","Canada","CA","CAN","British Columbia","","21711","1124952808"
"Harvey","Harvey","29.8876","-90.0666","United States","US","USA","Louisiana","","21710","1840013985"
"Kozakai-chō","Kozakai-cho","34.8000","137.3667","Japan","JP","JPN","Aichi","minor","21708","1392853711"
"Pampierstad","Pampierstad","-27.7760","24.6900","South Africa","ZA","ZAF","North West","","21707","1710316384"
"Selden","Selden","40.8714","-73.0466","United States","US","USA","New York","","21707","1840005093"
"Chāgallu","Chagallu","16.9833","81.6667","India","IN","IND","Andhra Pradesh","","21703","1356269485"
"Sombrerete","Sombrerete","23.6333","-103.6397","Mexico","MX","MEX","Zacatecas","minor","21702","1484007324"
"Springwater","Springwater","44.4333","-79.7333","Canada","CA","CAN","Ontario","","21701","1124001298"
"Eyl","Eyl","7.9667","49.8500","Somalia","SO","SOM","Nugaal","","21700","1706929381"
"American Canyon","American Canyon","38.1796","-122.2583","United States","US","USA","California","","21698","1840018834"
"Assaré","Assare","-6.8739","-39.8750","Brazil","BR","BRA","Ceará","minor","21697","1076082622"
"Paramirim","Paramirim","-13.4425","-42.2389","Brazil","BR","BRA","Bahia","minor","21695","1076772548"
"Qādirganj","Qadirganj","24.9138","85.5926","India","IN","IND","Bihār","","21692","1356603581"
"Port Hueneme","Port Hueneme","34.1618","-119.2036","United States","US","USA","California","","21691","1840020475"
"Crowborough","Crowborough","51.0600","0.1600","United Kingdom","GB","GBR","East Sussex","","21690","1826550710"
"Kadiapattanam","Kadiapattanam","8.1312","77.3067","India","IN","IND","Tamil Nādu","","21684","1356216354"
"Can-Avid","Can-Avid","12.0000","125.4500","Philippines","PH","PHL","Eastern Samar","","21682","1608000580"
"Pāmpur","Pampur","34.0200","74.9300","India","IN","IND","Jammu and Kashmīr","","21680","1356574456"
"Al Karak","Al Karak","31.1833","35.7000","Jordan","JO","JOR","Al Karak","admin","21678","1400073941"
"Sirat","Sirat","35.7800","0.1919","Algeria","DZ","DZA","Mostaganem","","21677","1012574636"
"Montmorency","Montmorency","48.9906","2.3228","France","FR","FRA","Île-de-France","","21677","1250939076"
"Hurricane","Hurricane","37.1487","-113.3517","United States","US","USA","Utah","","21677","1840018936"
"Ocotlán de Morelos","Ocotlan de Morelos","16.7914","-96.6750","Mexico","MX","MEX","Oaxaca","minor","21676","1484002311"
"Tigbao","Tigbao","7.8205","123.2277","Philippines","PH","PHL","Zamboanga del Sur","","21675","1608240626"
"San Luis Talpa","San Luis Talpa","13.4667","-89.0833","El Salvador","SV","SLV","La Paz","","21675","1222408635"
"Chantenay-sur-Loire","Chantenay-sur-Loire","47.2070","-1.5950","France","FR","FRA","Pays de la Loire","","21671","1250824236"
"Senda","Senda","24.4017","87.9875","India","IN","IND","West Bengal","","21668","1356727951"
"Kami","Kami","38.5718","141.8548","Japan","JP","JPN","Miyagi","","21666","1392003486"
"Zantiébougou","Zantiebougou","11.2308","-7.2703","Mali","ML","MLI","Sikasso","","21666","1466324443"
"Ibicaraí","Ibicarai","-14.8650","-39.5878","Brazil","BR","BRA","Bahia","minor","21665","1076929128"
"Fleury-les-Aubrais","Fleury-les-Aubrais","47.9312","1.9210","France","FR","FRA","Centre-Val de Loire","","21664","1250087554"
"Achères","Acheres","48.9602","2.0684","France","FR","FRA","Île-de-France","","21663","1250623309"
"Bailleston","Bailleston","55.8474","-4.1147","United Kingdom","GB","GBR","Glasgow City","","21663","1826233581"
"Gros Islet","Gros Islet","14.0810","-60.9530","Saint Lucia","LC","LCA","Gros-Islet","","21660","1662587230"
"Nangavaram","Nangavaram","10.8692","78.5392","India","IN","IND","Tamil Nādu","","21658","1356221132"
"Kobilo","Kobilo","15.9251","-13.5242","Senegal","SN","SEN","Matam","","21656","1686275678"
"Himora","Himora","14.2861","36.6097","Ethiopia","ET","ETH","Tigray","","21653","1231449720"
"Pāpanāsam","Papanasam","10.9273","79.2708","India","IN","IND","Tamil Nādu","","21653","1356776070"
"Lohutí","Lohuti","40.2500","70.1333","Tajikistan","TJ","TJK","Sughd","","21652","1762012091"
"Jaipur Chuhar","Jaipur Chuhar","25.4187","86.8352","India","IN","IND","Bihār","","21651","1356592786"
"Anūppur","Anuppur","23.1034","81.6908","India","IN","IND","Madhya Pradesh","","21651","1356181149"
"Kānke","Kanke","23.4348","85.3206","India","IN","IND","Jhārkhand","","21650","1356589149"
"Sarzana","Sarzana","44.1136","9.9600","Italy","IT","ITA","Liguria","","21650","1380361026"
"Piraí do Sul","Pirai do Sul","-24.5258","-49.9489","Brazil","BR","BRA","Paraná","minor","21647","1076395519"
"Lentini","Lentini","37.2833","15.0000","Italy","IT","ITA","Sicilia","","21646","1380237919"
"San Jacinto","San Jacinto","9.8311","-75.1219","Colombia","CO","COL","Bolívar","minor","21644","1170354916"
"Rāja Pākar","Raja Pakar","25.7350","85.3376","India","IN","IND","Bihār","","21644","1356105062"
"Tiruvankod","Tiruvankod","8.2452","77.3010","India","IN","IND","Tamil Nādu","","21644","1356090947"
"Zossen","Zossen","52.2167","13.4497","Germany","DE","DEU","Brandenburg","","21643","1276905478"
"Ōkuchi-shinohara","Okuchi-shinohara","32.0500","130.6167","Japan","JP","JPN","Kagoshima","","21643","1392160008"
"Riachão das Neves","Riachao das Neves","-11.7458","-44.9100","Brazil","BR","BRA","Bahia","minor","21642","1076225070"
"Willowbrook","Willowbrook","33.9209","-118.2356","United States","US","USA","California","","21642","1840019220"
"Isla-Cristina","Isla-Cristina","37.1992","-7.3214","Spain","ES","ESP","Andalusia","","21641","1724215419"
"Kumla","Kumla","59.1333","15.1333","Sweden","SE","SWE","Örebro","minor","21640","1752201206"
"Howick","Howick","-29.4667","30.2333","South Africa","ZA","ZAF","KwaZulu-Natal","","21639","1710825371"
"St. John","St. John","41.4429","-87.4697","United States","US","USA","Indiana","","21639","1840010221"
"Oulad Embarek","Oulad Embarek","32.2833","-6.4667","Morocco","MA","MAR","Béni Mellal-Khénifra","","21636","1504452976"
"Tlaltenango de Sánchez Román","Tlaltenango de Sanchez Roman","21.7815","-103.3059","Mexico","MX","MEX","Zacatecas","minor","21636","1484361545"
"São Miguel do Guaporé","Sao Miguel do Guapore","-11.6936","-62.7114","Brazil","BR","BRA","Rondônia","minor","21635","1076548430"
"Mercato San Severino","Mercato San Severino","40.7831","14.7348","Italy","IT","ITA","Campania","","21634","1380511383"
"Herent","Herent","50.9081","4.6706","Belgium","BE","BEL","Flanders","","21632","1056180575"
"Hockenheim","Hockenheim","49.3181","8.5472","Germany","DE","DEU","Baden-Württemberg","","21631","1276940967"
"Orzesze","Orzesze","50.1500","18.7500","Poland","PL","POL","Śląskie","","21631","1616872368"
"Jiuru","Jiuru","22.7333","120.4833","Taiwan","TW","TWN","Pingtung","","21631","1158362617"
"Bavly","Bavly","54.3833","53.2833","Russia","RU","RUS","Tatarstan","","21628","1643213721"
"Pushkar","Pushkar","26.4877","74.5559","India","IN","IND","Rājasthān","","21626","1356618005"
"Valinda","Valinda","34.0400","-117.9300","United States","US","USA","California","","21626","1840019213"
"Zărneşti","Zarnesti","45.5667","25.3333","Romania","RO","ROU","Braşov","","21624","1642971107"
"Ayamonte","Ayamonte","37.2000","-7.4000","Spain","ES","ESP","Andalusia","","21622","1724119454"
"Mashiko","Mashiko","36.4673","140.0934","Japan","JP","JPN","Tochigi","","21621","1392280086"
"Nøtterøy","Notteroy","59.2011","10.4078","Norway","NO","NOR","Vestfold og Telemark","","21621","1578114950"
"Tsetserleg","Tsetserleg","47.4769","101.4503","Mongolia","MN","MNG","Arhangay","admin","21620","1496397451"
"Novopokrovka","Novopokrovka","42.8686","74.7368","Kyrgyzstan","KG","KGZ","Chüy","","21619","1417819015"
"Sainte-Suzanne","Sainte-Suzanne","19.5834","-72.0889","Haiti","HT","HTI","Nord-Est","","21617","1332623138"
"Scugog","Scugog","44.0900","-78.9360","Canada","CA","CAN","Ontario","","21617","1124000741"
"Pájara","Pajara","28.3511","-14.1075","Spain","ES","ESP","Canary Islands","","21614","1724377413"
"Bela Vista","Bela Vista","-22.1089","-56.5208","Brazil","BR","BRA","Mato Grosso do Sul","minor","21613","1076965093"
"Nueva Granada","Nueva Granada","9.8031","-74.3903","Colombia","CO","COL","Magdalena","minor","21612","1170955196"
"Birmingham","Birmingham","42.5446","-83.2166","United States","US","USA","Michigan","","21612","1840002438"
"Dickinson","Dickinson","29.4548","-95.0589","United States","US","USA","Texas","","21612","1840019667"
"Nerupperichchal","Nerupperichchal","11.1610","77.3740","India","IN","IND","Tamil Nādu","","21611","1356163852"
"Schwetzingen","Schwetzingen","49.3833","8.5667","Germany","DE","DEU","Baden-Württemberg","","21609","1276516691"
"Amarpātan","Amarpatan","24.3137","80.9770","India","IN","IND","Madhya Pradesh","","21609","1356524463"
"Savigliano","Savigliano","44.6500","7.6333","Italy","IT","ITA","Piedmont","","21609","1380258510"
"Lakato","Lakato","-19.1775","48.4408","Madagascar","MG","MDG","Toamasina","","21609","1450863135"
"Xinzhai","Xinzhai","26.6959","106.9964","China","CN","CHN","Guizhou","","21607","1156424497"
"South Euclid","South Euclid","41.5240","-81.5245","United States","US","USA","Ohio","","21606","1840003414"
"Paraguaçu","Paraguacu","-21.5331","-45.7664","Brazil","BR","BRA","Minas Gerais","minor","21605","1076438228"
"Vicente Noble","Vicente Noble","18.3833","-71.1833","Dominican Republic","DO","DOM","Enriquillo","","21605","1214778645"
"Kopřivnice","Koprivnice","49.5994","18.1447","Czechia","CZ","CZE","Moravskoslezský Kraj","","21604","1203847096"
"Voiron","Voiron","45.3642","5.5906","France","FR","FRA","Auvergne-Rhône-Alpes","","21604","1250058509"
"Ashtarak","Ashtarak","40.2975","44.3617","Armenia","AM","ARM","Aragatsotn","admin","21600","1051714712"
"Ādra","Adra","23.5000","86.6700","India","IN","IND","West Bengal","","21600","1356918249"
"San Fernando","San Fernando","12.4858","123.7628","Philippines","PH","PHL","Masbate","","21600","1608341558"
"G‘azalkent","G`azalkent","41.5625","69.7750","Uzbekistan","UZ","UZB","Toshkent","","21600","1860474160"
"Cuilapan de Guerrero","Cuilapan de Guerrero","16.9972","-96.7817","Mexico","MX","MEX","Oaxaca","minor","21597","1484534441"
"Senaki","Senaki","42.2689","42.0678","Georgia","GE","GEO","Samegrelo-Zemo Svaneti","minor","21596","1268594062"
"Chapala","Chapala","20.2961","-103.1911","Mexico","MX","MEX","Jalisco","minor","21596","1484011650"
"Seynod","Seynod","45.8897","6.0967","France","FR","FRA","Auvergne-Rhône-Alpes","","21595","1250597397"
"M’Chedallah","M'Chedallah","36.3667","4.2667","Algeria","DZ","DZA","Bouira","","21593","1012963260"
"Rosario de Lerma","Rosario de Lerma","-24.9833","-65.5833","Argentina","AR","ARG","Salta","minor","21592","1032672697"
"Łaziska Górne","Laziska Gorne","50.1500","18.8500","Poland","PL","POL","Śląskie","","21592","1616701110"
"Westborough","Westborough","42.2681","-71.6140","United States","US","USA","Massachusetts","","21591","1840053611"
"Bougado","Bougado","41.3306","-8.5371","Portugal","PT","PRT","Porto","","21585","1620755688"
"Qal’acha","Qal'acha","40.1333","69.6833","Tajikistan","TJ","TJK","Sughd","","21585","1762339363"
"Ibirubá","Ibiruba","-28.6278","-53.0900","Brazil","BR","BRA","Rio Grande do Sul","minor","21583","1076502864"
"Torrox","Torrox","36.7500","-3.9500","Spain","ES","ESP","Andalusia","","21583","1724600506"
"Martí","Marti","22.9522","-80.9167","Cuba","CU","CUB","Matanzas","minor","21582","1192518503"
"Alcalá la Real","Alcala la Real","37.4500","-3.9167","Spain","ES","ESP","Andalusia","","21581","1724682908"
"Green Valley","Green Valley","31.8393","-111.0009","United States","US","USA","Arizona","","21581","1840018111"
"MacArthur","MacArthur","10.8356","124.9964","Philippines","PH","PHL","Leyte","","21578","1608224197"
"Salcajá","Salcaja","14.8833","-91.4500","Guatemala","GT","GTM","Quetzaltenango","minor","21577","1320564253"
"Alliance","Alliance","40.9107","-81.1189","United States","US","USA","Ohio","","21574","1840000962"
"Clemmons","Clemmons","36.0319","-80.3861","United States","US","USA","North Carolina","","21574","1840017728"
"Chilca","Chilca","-12.5208","-76.7369","Peru","PE","PER","Lima","","21573","1604361895"
"Mandapam","Mandapam","9.2822","79.1436","India","IN","IND","Tamil Nādu","","21572","1356241519"
"Pergine Valsugana","Pergine Valsugana","46.0667","11.2333","Italy","IT","ITA","Trentino-Alto Adige","","21572","1380117079"
"Pākāla","Pakala","13.4667","79.1167","India","IN","IND","Andhra Pradesh","","21565","1356159620"
"Waxhaw","Waxhaw","34.9363","-80.7439","United States","US","USA","North Carolina","","21565","1840016458"
"San Nicolás","San Nicolas","22.7819","-81.9069","Cuba","CU","CUB","Mayabeque","minor","21563","1192849250"
"Ágios Nikólaos","Agios Nikolaos","35.1833","25.7167","Greece","GR","GRC","Kríti","minor","21562","1300945111"
"Del City","Del City","35.4483","-97.4408","United States","US","USA","Oklahoma","","21561","1840019154"
"Rancheria Payau","Rancheria Payau","7.8509","123.1542","Philippines","PH","PHL","Zamboanga del Sur","","21559","1608410057"
"Santa Teresita","Santa Teresita","13.8664","120.9814","Philippines","PH","PHL","Batangas","","21559","1608023323"
"Kutná Hora","Kutna Hora","49.9483","15.2683","Czechia","CZ","CZE","Středočeský Kraj","","21556","1203692740"
"Uxbridge","Uxbridge","44.1167","-79.1333","Canada","CA","CAN","Ontario","","21556","1124829638"
"Horsforth","Horsforth","53.8370","-1.6430","United Kingdom","GB","GBR","Leeds","","21555","1826006259"
"Truro","Truro","50.2600","-5.0510","United Kingdom","GB","GBR","Cornwall","","21555","1826586304"
"Kalpakathukonam","Kalpakathukonam","8.8325","76.7453","India","IN","IND","Kerala","","21555","1356162353"
"Traunstein","Traunstein","47.8667","12.6333","Germany","DE","DEU","Bavaria","minor","21551","1276793310"
"Beni Douala","Beni Douala","36.6167","4.0833","Algeria","DZ","DZA","Tizi Ouzou","","21551","1012742443"
"Colle di Val d’Elsa","Colle di Val d'Elsa","43.4225","11.1267","Italy","IT","ITA","Tuscany","","21550","1380884722"
"Pancas","Pancas","-19.2250","-40.8508","Brazil","BR","BRA","Espírito Santo","minor","21548","1076691599"
"Galeras","Galeras","9.1667","-75.0500","Colombia","CO","COL","Sucre","minor","21548","1170148348"
"Ennis","Ennis","32.3254","-96.6347","United States","US","USA","Texas","","21546","1840020754"
"Darlaston","Darlaston","52.5708","-2.0457","United Kingdom","GB","GBR","Walsall","","21545","1826133238"
"El Jem","El Jem","35.2967","10.7128","Tunisia","TN","TUN","Mahdia","","21544","1788320100"
"Cabucgayan","Cabucgayan","11.4719","124.5750","Philippines","PH","PHL","Biliran","","21542","1608804448"
"Nāranammālpuram","Naranammalpuram","8.7599","77.7399","India","IN","IND","Tamil Nādu","","21539","1356201643"
"Kontéla","Kontela","14.7664","-11.1022","Mali","ML","MLI","Kayes","","21538","1466782935"
"Saint-Michel-sur-Orge","Saint-Michel-sur-Orge","48.6303","2.3025","France","FR","FRA","Île-de-France","","21536","1250540088"
"Seymour","Seymour","38.9476","-85.8911","United States","US","USA","Indiana","","21536","1840009708"
"Corciano","Corciano","43.1290","12.2877","Italy","IT","ITA","Umbria","","21535","1380269037"
"Gardanne","Gardanne","43.4553","5.4760","France","FR","FRA","Provence-Alpes-Côte d’Azur","","21534","1250144210"
"Lindenwold","Lindenwold","39.8173","-74.9898","United States","US","USA","New Jersey","","21534","1840000730"
"Sahline","Sahline","35.7506","10.7122","Tunisia","TN","TUN","Monastir","","21533","1788956768"
"Naqādah","Naqadah","25.9017","32.7242","Egypt","EG","EGY","Qinā","","21530","1818662110"
"Acatic","Acatic","20.7803","-102.9100","Mexico","MX","MEX","Jalisco","minor","21530","1484373854"
"Sermādevi","Sermadevi","8.6873","77.5662","India","IN","IND","Tamil Nādu","","21523","1356149578"
"Ladário","Ladario","-19.0050","-57.6019","Brazil","BR","BRA","Mato Grosso do Sul","minor","21522","1076116467"
"Selydove","Selydove","48.1500","37.3039","Ukraine","UA","UKR","Donetska Oblast","","21521","1804092732"
"Deán Funes","Dean Funes","-30.4333","-64.3500","Argentina","AR","ARG","Córdoba","minor","21518","1032778928"
"Florida Ridge","Florida Ridge","27.5805","-80.3848","United States","US","USA","Florida","","21517","1840029035"
"Pleasant Prairie","Pleasant Prairie","42.5266","-87.8895","United States","US","USA","Wisconsin","","21515","1840003163"
"Cardito","Cardito","40.9362","14.2993","Italy","IT","ITA","Campania","","21514","1380120364"
"Mari","Mari","-7.0600","-35.3189","Brazil","BR","BRA","Paraíba","minor","21512","1076164714"
"Caombo","Caombo","-8.7000","16.5167","Angola","AO","AGO","Malanje","","21511","1024957584"
"San Martín de las Pirámides","San Martin de las Piramides","19.7333","-98.8167","Mexico","MX","MEX","México","minor","21511","1484000182"
"Villagarzón","Villagarzon","1.0294","-76.6164","Colombia","CO","COL","Putumayo","minor","21507","1170786448"
"Áno Sýros","Ano Syros","37.4333","24.9167","Greece","GR","GRC","Nótio Aigaío","minor","21507","1300291821"
"Goroka","Goroka","-6.0833","145.3833","Papua New Guinea","PG","PNG","Eastern Highlands","admin","21507","1598928169"
"Chebli","Chebli","36.5778","3.0083","Algeria","DZ","DZA","Blida","","21506","1012610923"
"Unity","Unity","40.2811","-79.4236","United States","US","USA","Pennsylvania","","21505","1840144811"
"Bastos","Bastos","-21.9167","-50.7333","Brazil","BR","BRA","São Paulo","minor","21503","1076067823"
"Aarau","Aarau","47.3923","8.0446","Switzerland","CH","CHE","Aargau","admin","21503","1756722157"
"Bad Harzburg","Bad Harzburg","51.8811","10.5622","Germany","DE","DEU","Lower Saxony","","21503","1276192309"
"Alnāvar","Alnavar","15.4273","74.7411","India","IN","IND","Karnātaka","","21502","1356106746"
"Whyalla","Whyalla","-33.0333","137.5667","Australia","AU","AUS","South Australia","","21501","1036961366"
"Juma Shahri","Juma Shahri","39.7161","66.6642","Uzbekistan","UZ","UZB","Samarqand","minor","21500","1860861355"
"Parelhas","Parelhas","-6.6878","-36.6578","Brazil","BR","BRA","Rio Grande do Norte","minor","21499","1076603835"
"Satun","Satun","6.6147","100.0681","Thailand","TH","THA","Satun","admin","21498","1764836023"
"Boquira","Boquira","-12.8231","-42.7306","Brazil","BR","BRA","Bahia","minor","21497","1076113400"
"Spremberg","Spremberg","51.5717","14.3794","Germany","DE","DEU","Brandenburg","","21497","1276939967"
"North Guwāhāti","North Guwahati","26.1900","91.7100","India","IN","IND","Assam","","21497","1356745120"
"Muthutala","Muthutala","10.7800","76.1700","India","IN","IND","Kerala","","21496","1356765400"
"Tanki Leendert","Tanki Leendert","12.5418","-70.0220","Aruba","AW","ABW","","","21495","1533786612"
"Alta Floresta D’Oeste","Alta Floresta D'Oeste","-11.9283","-61.9950","Brazil","BR","BRA","Rondônia","minor","21494","1076909732"
"Jawor","Jawor","51.0500","16.2000","Poland","PL","POL","Dolnośląskie","minor","21494","1616434559"
"Aşkale","Askale","39.9211","40.6947","Turkey","TR","TUR","Erzurum","minor","21494","1792986151"
"San Bernardo","San Bernardo","1.5108","-77.0467","Colombia","CO","COL","Nariño","minor","21492","1170882959"
"Iguaí","Iguai","-14.7558","-40.0889","Brazil","BR","BRA","Bahia","minor","21491","1076176449"
"Aldan","Aldan","58.6167","125.4167","Russia","RU","RUS","Sakha (Yakutiya)","minor","21490","1643237106"
"Rocky River","Rocky River","41.4702","-81.8525","United States","US","USA","Ohio","","21490","1840003410"
"Rose Hill","Rose Hill","38.7872","-77.1085","United States","US","USA","Virginia","","21484","1840133323"
"Zerbst","Zerbst","51.9681","12.0844","Germany","DE","DEU","Saxony-Anhalt","","21483","1276007718"
"Chesham","Chesham","51.7120","-0.6120","United Kingdom","GB","GBR","Buckinghamshire","","21483","1826549288"
"Tukwila","Tukwila","47.4750","-122.2728","United States","US","USA","Washington","","21479","1840021120"
"Puerto Natales","Puerto Natales","-51.7333","-72.5167","Chile","CL","CHL","Magallanes y de la Antártica Chilena","minor","21477","1152225106"
"Trezzano sul Naviglio","Trezzano sul Naviglio","45.4333","9.0667","Italy","IT","ITA","Lombardy","","21474","1380981105"
"Takaba","Takaba","3.3553","40.2228","Kenya","KE","KEN","Mandera","","21474","1404710881"
"Pandan","Pandan","14.0500","124.1700","Philippines","PH","PHL","Catanduanes","","21473","1608192117"
"North Ogden","North Ogden","41.3123","-111.9584","United States","US","USA","Utah","","21473","1840020134"
"Kodikuthi","Kodikuthi","9.4667","76.9500","India","IN","IND","Kerala","","21470","1356161654"
"Richmond","Richmond","51.4560","-0.3010","United Kingdom","GB","GBR","Richmond upon Thames","","21469","1826875300"
"Ambohitromby","Ambohitromby","-19.0439","46.4287","Madagascar","MG","MDG","Antananarivo","","21466","1450386250"
"Bezhetsk","Bezhetsk","57.7667","36.7000","Russia","RU","RUS","Tverskaya Oblast’","minor","21466","1643708632"
"Darganata","Darganata","40.4833","62.1667","Turkmenistan","TM","TKM","Lebap","","21465","1795420063"
"Hojambaz","Hojambaz","38.1167","65.0000","Turkmenistan","TM","TKM","Lebap","","21465","1795181508"
"Gökdepe","Gokdepe","38.1578","57.9664","Turkmenistan","TM","TKM","Ahal","","21465","1795372627"
"Fort St. John","Fort St. John","56.2465","-120.8476","Canada","CA","CAN","British Columbia","","21465","1124517495"
"Madakasīra","Madakasira","13.9369","77.2694","India","IN","IND","Andhra Pradesh","","21464","1356646201"
"El Paujíl","El Paujil","1.5644","-75.3319","Colombia","CO","COL","Caquetá","minor","21462","1170891728"
"Juli","Juli","-16.2125","-69.4603","Peru","PE","PER","Puno","","21462","1604693505"
"Kotli","Kotli","33.5156","73.9019","Pakistan","PK","PAK","Azad Kashmir","minor","21462","1586677063"
"Llorente","Llorente","11.4125","125.5458","Philippines","PH","PHL","Eastern Samar","","21459","1608195797"
"Loncoche","Loncoche","-39.3667","-72.6333","Chile","CL","CHL","Araucanía","","21458","1152864736"
"Sihu","Sihu","23.6411","120.2010","Taiwan","TW","TWN","Yunlin","","21458","1158387036"
"Beni Mered","Beni Mered","36.5233","2.8617","Algeria","DZ","DZA","Blida","","21457","1012069606"
"Ganapavaram","Ganapavaram","16.1233","80.1721","India","IN","IND","Andhra Pradesh","","21457","1356029973"
"Laventille","Laventille","10.6500","-61.4833","Trinidad and Tobago","TT","TTO","San Juan/Laventille","","21454","1780201146"
"Paramonga","Paramonga","-10.6744","-77.8186","Peru","PE","PER","Lima","","21453","1604981726"
"Rees","Rees","51.7667","6.4000","Germany","DE","DEU","North Rhine-Westphalia","","21452","1276451097"
"Palatka","Palatka","60.1000","150.9000","Russia","RU","RUS","Magadanskaya Oblast’","","21452","1643837733"
"Helena","Helena","33.2837","-86.8791","United States","US","USA","Alabama","","21452","1840014827"
"Qalansuwa","Qalansuwa","32.2850","34.9811","Israel","IL","ISR","Central","","21451","1376958417"
"Riehen","Riehen","47.5806","7.6492","Switzerland","CH","CHE","Basel-Stadt","","21448","1756991792"
"Tong’anyi","Tong'anyi","35.3041","104.6802","China","CN","CHN","Gansu","","21448","1156749754"
"Paravai","Paravai","9.9690","78.0613","India","IN","IND","Tamil Nādu","","21447","1356231818"
"Pendurti","Pendurti","17.8278","83.2022","India","IN","IND","Andhra Pradesh","","21447","1356081644"
"Bariārpur","Bariarpur","25.6860","86.0295","India","IN","IND","Bihār","","21446","1356234305"
"Five Corners","Five Corners","45.6883","-122.5738","United States","US","USA","Washington","","21444","1840037869"
"Bogandé","Bogande","12.9667","-0.1500","Burkina Faso","BF","BFA","Est","minor","21443","1854811035"
"Nhamundá","Nhamunda","-2.1861","-56.7131","Brazil","BR","BRA","Amazonas","minor","21443","1076418792"
"Grand Island","Grand Island","43.0198","-78.9619","United States","US","USA","New York","","21441","1840087480"
"Belper","Belper","53.0290","-1.4750","United Kingdom","GB","GBR","Derbyshire","","21440","1826949815"
"Thenia","Thenia","36.7278","3.5539","Algeria","DZ","DZA","Boumerdes","","21439","1012908635"
"Partizánske","Partizanske","48.6333","18.3667","Slovakia","SK","SVK","Nitra","minor","21439","1703749885"
"Secaucus","Secaucus","40.7810","-74.0659","United States","US","USA","New Jersey","","21437","1840001033"
"Tambaú","Tambau","-21.7050","-47.2739","Brazil","BR","BRA","São Paulo","minor","21435","1076693852"
"Gauting","Gauting","48.0678","11.3739","Germany","DE","DEU","Bavaria","","21435","1276677644"
"Āndippatti","Andippatti","9.9980","77.6210","India","IN","IND","Tamil Nādu","","21435","1356542749"
"Mārutūru","Maruturu","15.9862","80.1041","India","IN","IND","Andhra Pradesh","","21434","1356098911"
"Eğil","Egil","38.2572","40.0847","Turkey","TR","TUR","Diyarbakır","minor","21434","1792199216"
"Icapuí","Icapui","-4.7128","-37.3550","Brazil","BR","BRA","Ceará","minor","21433","1076044924"
"Shāhbāzpur","Shahbazpur","24.0517","91.1733","Bangladesh","BD","BGD","Chattogram","","21429","1050688770"
"Trinidad","Trinidad","-33.5333","-56.8833","Uruguay","UY","URY","Flores","","21429","1858903609"
"Wilmot","Wilmot","43.4000","-80.6500","Canada","CA","CAN","Ontario","","21429","1124001797"
"Feira Nova","Feira Nova","-7.9508","-35.3889","Brazil","BR","BRA","Pernambuco","minor","21427","1076002906"
"Lom","Lom","43.8256","23.2375","Bulgaria","BG","BGR","Montana","minor","21425","1100440040"
"Hoogstraten","Hoogstraten","51.4008","4.7611","Belgium","BE","BEL","Flanders","","21424","1056021828"
"Wildeshausen","Wildeshausen","52.9000","8.4333","Germany","DE","DEU","Lower Saxony","","21424","1276599018"
"Noāmundi","Noamundi","22.1609","85.5042","India","IN","IND","Jhārkhand","","21423","1356171764"
"São João do Piauí","Sao Joao do Piaui","-8.3578","-42.2469","Brazil","BR","BRA","Piauí","minor","21421","1076131046"
"Grevená","Grevena","40.0850","21.4275","Greece","GR","GRC","Dytikí Makedonía","minor","21421","1300453596"
"Uruçuca","Urucuca","-14.5928","-39.2839","Brazil","BR","BRA","Bahia","minor","21420","1076099811"
"Ghanzi","Ghanzi","-21.7000","21.6500","Botswana","BW","BWA","Ghanzi","admin","21420","1072132620"
"Mount Pleasant","Mount Pleasant","43.5966","-84.7759","United States","US","USA","Michigan","","21420","1840002663"
"Mountlake Terrace","Mountlake Terrace","47.7921","-122.3077","United States","US","USA","Washington","","21419","1840019792"
"Chaumont","Chaumont","48.1117","5.1389","France","FR","FRA","Grand Est","minor","21418","1250139461"
"San Bonifacio","San Bonifacio","45.4000","11.2833","Italy","IT","ITA","Veneto","","21418","1380614746"
"Lioua","Lioua","34.6375","5.3958","Algeria","DZ","DZA","Biskra","","21416","1012582927"
"Tauragė","Taurage","55.2522","22.2897","Lithuania","LT","LTU","Tauragė","admin","21416","1440115384"
"Santa Rosa de Lima","Santa Rosa de Lima","14.3833","-90.3000","Guatemala","GT","GTM","Santa Rosa","minor","21415","1320410444"
"Santa Bárbara","Santa Barbara","5.8747","-75.5661","Colombia","CO","COL","Antioquia","minor","21413","1170129538"
"Srīvaikuntam","Srivaikuntam","8.6318","77.9130","India","IN","IND","Tamil Nādu","","21411","1356398114"
"Moorestown","Moorestown","39.9784","-74.9413","United States","US","USA","New Jersey","","21411","1840081626"
"Puchheim","Puchheim","48.1500","11.3500","Germany","DE","DEU","Bavaria","","21410","1276452600"
"Jandaia do Sul","Jandaia do Sul","-23.6028","-51.6428","Brazil","BR","BRA","Paraná","minor","21408","1076619857"
"Cartaya","Cartaya","37.2833","-7.1500","Spain","ES","ESP","Andalusia","","21408","1724750362"
"Alejandro Korn","Alejandro Korn","-34.9667","-58.3667","Argentina","AR","ARG","Buenos Aires","","21407","1032420273"
"Stowmarket","Stowmarket","52.1900","1.0000","United Kingdom","GB","GBR","Suffolk","","21406","1826085574"
"Velsk","Velsk","61.0667","42.1167","Russia","RU","RUS","Arkhangel’skaya Oblast’","minor","21406","1643373817"
"Ashland","Ashland","38.4592","-82.6448","United States","US","USA","Kentucky","","21405","1840013195"
"Allauch","Allauch","43.3369","5.4828","France","FR","FRA","Provence-Alpes-Côte d’Azur","","21404","1250339228"
"Clevedon","Clevedon","51.4380","-2.8540","United Kingdom","GB","GBR","North Somerset","","21404","1826157550"
"New Hope","New Hope","45.0375","-93.3869","United States","US","USA","Minnesota","","21402","1840007829"
"Bayi","Bayi","29.6664","94.3628","China","CN","CHN","Tibet","","21400","1156137870"
"Świedbodzin","Swiedbodzin","52.2500","15.5333","Poland","PL","POL","Lubuskie","minor","21399","1616504526"
"Cumaral","Cumaral","4.2694","-73.4864","Colombia","CO","COL","Meta","minor","21397","1170080308"
"Pāmarru","Pamarru","16.3270","80.9610","India","IN","IND","Andhra Pradesh","","21395","1356135473"
"Grajewo","Grajewo","53.6500","22.4500","Poland","PL","POL","Podlaskie","minor","21395","1616787967"
"Shirhatti","Shirhatti","15.2313","75.5772","India","IN","IND","Karnātaka","","21394","1356225676"
"Naas","Naas","53.2158","-6.6669","Ireland","IE","IRL","Kildare","admin","21393","1372985945"
"Annecy-le-Vieux","Annecy-le-Vieux","45.9200","6.1428","France","FR","FRA","Auvergne-Rhône-Alpes","","21390","1250494600"
"Inopacan","Inopacan","10.5000","124.7500","Philippines","PH","PHL","Leyte","","21389","1608108768"
"Khowai","Khowai","24.0650","91.6050","India","IN","IND","","","21387","1356063610"
"Mohiuddīnnagar","Mohiuddinnagar","25.7428","86.0812","India","IN","IND","Bihār","","21386","1356273490"
"Perdões","Perdoes","-21.0908","-45.0908","Brazil","BR","BRA","Minas Gerais","minor","21384","1076957512"
"Krasnouralsk","Krasnouralsk","58.3500","60.0500","Russia","RU","RUS","Sverdlovskaya Oblast’","minor","21384","1643663207"
"Vecsés","Vecses","47.4108","19.2722","Hungary","HU","HUN","Pest","minor","21383","1348714695"
"Los Vilos","Los Vilos","-31.9167","-71.5167","Chile","CL","CHL","Coquimbo","","21382","1152593219"
"Osterode","Osterode","51.7286","10.2522","Germany","DE","DEU","Lower Saxony","minor","21382","1276593815"
"Singur","Singur","22.8100","88.2300","India","IN","IND","West Bengal","","21382","1356135248"
"Kirkintilloch","Kirkintilloch","55.9380","-4.1550","United Kingdom","GB","GBR","East Dunbartonshire","","21380","1826571447"
"Gummudipūndi","Gummudipundi","13.3995","80.1187","India","IN","IND","Tamil Nādu","","21378","1356179238"
"Granite Bay","Granite Bay","38.7601","-121.1714","United States","US","USA","California","","21378","1840017559"
"Nedre Eiker","Nedre Eiker","59.7667","10.0333","Norway","NO","NOR","Viken","","21377","1578585975"
"Masis","Masis","40.0633","44.4408","Armenia","AM","ARM","Ararat","","21376","1051588635"
"Allende","Allende","28.3333","-100.8333","Mexico","MX","MEX","Coahuila","minor","21376","1484737223"
"Zülpich","Zulpich","50.7000","6.6500","Germany","DE","DEU","North Rhine-Westphalia","","21375","1276675318"
"Teteven","Teteven","42.9170","24.2670","Bulgaria","BG","BGR","Lovech","","21374","1100032419"
"Almaguer","Almaguer","1.9167","-76.8667","Colombia","CO","COL","Cauca","minor","21374","1170307475"
"Chouafa","Chouafa","34.7667","-6.0500","Morocco","MA","MAR","Rabat-Salé-Kénitra","","21374","1504440228"
"Palma di Montechiaro","Palma di Montechiaro","37.1936","13.7658","Italy","IT","ITA","Sicilia","","21373","1380075513"
"Igreja Nova","Igreja Nova","-10.1253","-36.6619","Brazil","BR","BRA","Alagoas","minor","21372","1076657948"
"Senago","Senago","45.5833","9.1333","Italy","IT","ITA","Lombardy","","21372","1380425008"
"Fortín de las Flores","Fortin de las Flores","18.9000","-97.0000","Mexico","MX","MEX","Veracruz","minor","21370","1484333240"
"Mons-en-Baroeul","Mons-en-Baroeul","50.6369","3.1103","France","FR","FRA","Hauts-de-France","","21368","1250409231"
"Bilohorodka","Bilohorodka","50.3942","30.2314","Ukraine","UA","UKR","Kyivska Oblast","","21367","1804583708"
"Ambinanindrano","Ambinanindrano","-20.6791","47.5671","Madagascar","MG","MDG","Fianarantsoa","","21364","1450392046"
"East Patchogue","East Patchogue","40.7704","-72.9817","United States","US","USA","New York","","21364","1840005040"
"Fukuyoshi","Fukuyoshi","33.6833","130.7800","Japan","JP","JPN","Fukuoka","","21360","1392624866"
"Otsego","Otsego","45.2660","-93.6201","United States","US","USA","Minnesota","","21358","1840008899"
"Stange","Stange","60.7167","11.1833","Norway","NO","NOR","Innlandet","minor","21356","1578696237"
"Bornem","Bornem","51.1000","4.2333","Belgium","BE","BEL","Flanders","","21353","1056491633"
"Silva Jardim","Silva Jardim","-22.6508","-42.3919","Brazil","BR","BRA","Rio de Janeiro","minor","21352","1076211429"
"Hafshejān","Hafshejan","32.2253","50.7961","Iran","IR","IRN","Chahār Maḩāl va Bakhtīārī","","21352","1364919018"
"Galūgāh","Galugah","36.7269","53.8089","Iran","IR","IRN","Māzandarān","minor","21352","1364928073"
"Polýgyros","Polygyros","40.3667","23.4333","Greece","GR","GRC","Kentrikí Makedonía","minor","21351","1300297120"
"Zambrów","Zambrow","52.9833","22.2500","Poland","PL","POL","Podlaskie","minor","21351","1616716876"
"Tiruppuvanam","Tiruppuvanam","9.8550","78.2744","India","IN","IND","Tamil Nādu","","21350","1356482598"
