"Krasnoarmeysk","Krasnoarmeysk","51.0231","45.7031","Russia","RU","RUS","Saratovskaya Oblast’","","21350","1643504367"
"Manlleu","Manlleu","42.0000","2.2836","Spain","ES","ESP","Catalonia","","21348","1724798027"
"Mī’ēso","Mi'eso","9.2333","40.7500","Ethiopia","ET","ETH","Oromīya","","21348","1231730193"
"Metahāra","Metahara","8.9000","39.9167","Ethiopia","ET","ETH","Oromīya","","21348","1231766002"
"Mundgod","Mundgod","14.9714","75.0366","India","IN","IND","Karnātaka","","21348","1356108329"
"Darton","Darton","53.5850","-1.5325","United Kingdom","GB","GBR","Barnsley","","21345","1826106593"
"Kasumpti","Kasumpti","31.0700","77.1800","India","IN","IND","Himāchal Pradesh","","21345","1356705702"
"Hammanskraal","Hammanskraal","-25.4000","28.2833","South Africa","ZA","ZAF","North West","","21345","1710452315"
"Stephenville","Stephenville","32.2147","-98.2205","United States","US","USA","Texas","","21345","1840022097"
"Ashland","Ashland","42.1905","-122.6992","United States","US","USA","Oregon","","21343","1840018674"
"Padmanābhapuram","Padmanabhapuram","8.2446","77.3367","India","IN","IND","Tamil Nādu","","21342","1356030422"
"Doaba","Doaba","33.5333","70.7333","Pakistan","PK","PAK","Khyber Pakhtunkhwa","","21341","1586911871"
"Kaman","Kaman","39.3575","33.7239","Turkey","TR","TUR","Kırşehir","minor","21340","1792722636"
"Karlovo","Karlovo","42.6420","24.8082","Bulgaria","BG","BGR","Plovdiv","","21339","1100780442"
"Pāmbādi","Pambadi","9.4264","76.5611","India","IN","IND","Kerala","","21338","1356958139"
"Carlisle","Carlisle","40.2000","-77.2034","United States","US","USA","Pennsylvania","","21335","1840001386"
"Gallup","Gallup","35.5182","-108.7431","United States","US","USA","New Mexico","","21333","1840020395"
"Antilla","Antilla","20.8411","-75.7206","Cuba","CU","CUB","Holguín","minor","21332","1192885476"
"Saint-Genis-Laval","Saint-Genis-Laval","45.6960","4.7930","France","FR","FRA","Auvergne-Rhône-Alpes","","21329","1250513560"
"Terrier Rouge","Terrier Rouge","19.6363","-71.9548","Haiti","HT","HTI","Nord-Est","","21328","1332922844"
"Bouznika","Bouznika","33.7897","-7.1575","Morocco","MA","MAR","Casablanca-Settat","","21327","1504766743"
"Oum Drou","Oum Drou","36.2000","1.3833","Algeria","DZ","DZA","Chlef","","21326","1012021528"
"Srīperumbūdūr","Sriperumbudur","12.9680","79.9473","India","IN","IND","Tamil Nādu","","21325","1356588291"
"Mrągowo","Mragowo","53.8667","21.3000","Poland","PL","POL","Warmińsko-Mazurskie","minor","21325","1616274741"
"Youganning","Youganning","34.7356","101.6114","China","CN","CHN","Qinghai","minor","21323","1156189202"
"Yegainnyin","Yegainnyin","34.7356","101.5978","China","CN","CHN","Qinghai","","21323","1156515382"
"Alcudia","Alcudia","39.8525","3.1192","Spain","ES","ESP","Balearic Islands","","21322","1724681701"
"Mīt Namā","Mit Nama","30.1453","31.2343","Egypt","EG","EGY","Al Qalyūbīyah","","21321","1818236242"
"South Lake Tahoe","South Lake Tahoe","38.9393","-119.9828","United States","US","USA","California","","21319","1840021471"
"Carcagente","Carcagente","39.1222","-0.4489","Spain","ES","ESP","Valencia","","21317","1724931242"
"Stevenson Ranch","Stevenson Ranch","34.3894","-118.5883","United States","US","USA","California","","21317","1840076281"
"Kelkit","Kelkit","40.1286","39.4383","Turkey","TR","TUR","Gümüşhane","minor","21316","1792833312"
"Candler-McAfee","Candler-McAfee","33.7267","-84.2723","United States","US","USA","Georgia","","21316","1840073846"
"Tubbergen","Tubbergen","52.4000","6.7667","Netherlands","NL","NLD","Overijssel","minor","21315","1528263465"
"Alagir","Alagir","43.0333","44.2333","Russia","RU","RUS","North Ossetia","minor","21315","1643555747"
"Naryn","Naryn","38.2000","68.9000","Tajikistan","TJ","TJK","Khatlon","","21314","1762541760"
"Mesquite","Mesquite","36.8032","-114.1330","United States","US","USA","Nevada","","21314","1840020362"
"Armidale","Armidale","-30.5000","151.6500","Australia","AU","AUS","New South Wales","","21312","1036975829"
"São João","Sao Joao","-8.8756","-36.3667","Brazil","BR","BRA","Pernambuco","minor","21312","1076391297"
"Mukilteo","Mukilteo","47.9096","-122.3035","United States","US","USA","Washington","","21312","1840019793"
"Aiud","Aiud","46.3122","23.7292","Romania","RO","ROU","Alba","","21307","1642981181"
"Nirmāli","Nirmali","26.3140","86.5854","India","IN","IND","Bihār","","21306","1356128831"
"Narippatta","Narippatta","11.6972","75.7181","India","IN","IND","Kerala","","21304","1356156200"
"Wang Nam Yen","Wang Nam Yen","13.5033","102.1812","Thailand","TH","THA","Sa Kaeo","minor","21301","1764123627"
"Artashat","Artashat","39.9539","44.5506","Armenia","AM","ARM","Ararat","admin","21300","1051969157"
"Makulubita","Makulubita","0.5122","32.3664","Uganda","UG","UGA","Luwero","","21300","1800015106"
"Hwange","Hwange","-18.3647","26.5000","Zimbabwe","ZW","ZWE","Matabeleland North","","21300","1716416748"
"Monroe","Monroe","41.3043","-74.1941","United States","US","USA","New York","","21299","1840004874"
"Geneva","Geneva","41.8833","-88.3242","United States","US","USA","Illinois","","21299","1840008135"
"Puzol","Puzol","39.6167","-0.3011","Spain","ES","ESP","Valencia","","21298","1724895655"
"Casal di Principe","Casal di Principe","41.0108","14.1319","Italy","IT","ITA","Campania","","21298","1380491026"
"Saint-Gratien","Saint-Gratien","48.9719","2.2828","France","FR","FRA","Île-de-France","","21297","1250437632"
"Luna","Luna","18.3311","121.3725","Philippines","PH","PHL","Apayao","","21297","1608625482"
"Germersheim","Germersheim","49.2167","8.3667","Germany","DE","DEU","Rhineland-Palatinate","minor","21295","1276963829"
"Kaduturutti","Kaduturutti","9.7833","76.3000","India","IN","IND","Kerala","","21295","1356522591"
"Huy","Huy","50.5201","5.2375","Belgium","BE","BEL","Wallonia","minor","21293","1056597064"
"Péfki","Pefki","38.0667","23.8000","Greece","GR","GRC","Attikí","minor","21293","1300609636"
"Battle Ground","Battle Ground","45.7766","-122.5413","United States","US","USA","Washington","","21293","1840018523"
"Kaikalūr","Kaikalur","16.5509","81.2000","India","IN","IND","Andhra Pradesh","","21292","1356743819"
"Siilinjärvi","Siilinjarvi","63.0750","27.6600","Finland","FI","FIN","Pohjois-Savo","minor","21290","1246336548"
"Mustang","Mustang","35.3917","-97.7246","United States","US","USA","Oklahoma","","21290","1840020421"
"Chāgalamarri","Chagalamarri","14.9667","78.5833","India","IN","IND","Andhra Pradesh","","21289","1356030918"
"Cacém","Cacem","38.7704","-9.3081","Portugal","PT","PRT","Lisboa","","21289","1620147105"
"Krus na Ligas","Krus na Ligas","14.6442","121.0636","Philippines","PH","PHL","Quezon","","21287","1608179113"
"Elmwood Park","Elmwood Park","40.9049","-74.1201","United States","US","USA","New Jersey","","21287","1840003544"
"Sevilimedu","Sevilimedu","12.8083","79.6864","India","IN","IND","Tamil Nādu","","21285","1356926613"
"Royton","Royton","53.5660","-2.1210","United Kingdom","GB","GBR","Oldham","","21284","1826073923"
"Mansourah","Mansourah","36.0819","4.4600","Algeria","DZ","DZA","Bordj Bou Arréridj","","21280","1012763485"
"Kitcharao","Kitcharao","9.4600","125.5800","Philippines","PH","PHL","Agusan del Norte","","21278","1608800839"
"Carthage","Carthage","36.8528","10.3233","Tunisia","TN","TUN","Tunis","","21276","1788412127"
"Belovodskoe","Belovodskoe","42.8333","74.1167","Kyrgyzstan","KG","KGZ","Chüy","minor","21275","1417996342"
"Mabitac","Mabitac","14.4300","121.4200","Philippines","PH","PHL","Laguna","","21275","1608651432"
"Somers","Somers","41.3056","-73.7252","United States","US","USA","New York","","21275","1840058503"
"Beroun","Beroun","49.9642","14.0739","Czechia","CZ","CZE","Středočeský Kraj","","21272","1203585066"
"Wieluń","Wielun","51.2206","18.5700","Poland","PL","POL","Łódzkie","minor","21270","1616628604"
"Linamon","Linamon","8.1800","124.1700","Philippines","PH","PHL","Lanao del Norte","","21269","1608680252"
"Nowa Ruda","Nowa Ruda","50.5833","16.5000","Poland","PL","POL","Dolnośląskie","","21264","1616805229"
"Agropoli","Agropoli","40.3469","14.9965","Italy","IT","ITA","Campania","","21262","1380689774"
"Vialonga","Vialonga","38.8740","-9.0834","Portugal","PT","PRT","Lisboa","","21261","1620860073"
"Almasi","Almasi","38.6833","68.6000","Tajikistan","TJ","TJK","Nohiyahoi Tobei Jumhurí","","21261","1762773329"
"Gobō","Gobo","33.8833","135.1500","Japan","JP","JPN","Wakayama","","21260","1392651383"
"Oshoba","Oshoba","40.7347","70.4417","Tajikistan","TJ","TJK","Sughd","","21260","1762699211"
"Akkuş","Akkus","40.7931","37.0164","Turkey","TR","TUR","Ordu","minor","21258","1792320002"
"Nang Rong","Nang Rong","14.6283","102.7933","Thailand","TH","THA","Buri Ram","minor","21257","1764430858"
"Iruttarakonam","Iruttarakonam","8.5863","76.8976","India","IN","IND","Kerala","","21256","1356162251"
"Milwaukie","Milwaukie","45.4445","-122.6219","United States","US","USA","Oregon","","21256","1840019952"
"Hunters Creek","Hunters Creek","28.3610","-81.4358","United States","US","USA","Florida","","21255","1840028986"
"Rolante","Rolante","-29.6508","-50.5758","Brazil","BR","BRA","Rio Grande do Sul","minor","21253","1076821052"
"Xinjie","Xinjie","27.7049","103.3808","China","CN","CHN","Yunnan","minor","21252","1156880451"
"Nāmagiripettai","Namagiripettai","11.4700","78.2700","India","IN","IND","Tamil Nādu","","21250","1356621032"
"Sulejówek","Sulejowek","52.2442","21.2800","Poland","PL","POL","Mazowieckie","","21248","1616515972"
"Koduvilārpatti","Koduvilarpatti","9.9695","77.4915","India","IN","IND","Tamil Nādu","","21242","1356244107"
"Ntcheu","Ntcheu","-14.8167","34.6333","Malawi","MW","MWI","Ntcheu","admin","21241","1454008976"
"Pınarbaşı","Pinarbasi","38.7220","36.3910","Turkey","TR","TUR","Kayseri","minor","21240","1792740700"
"Sanxing","Sanxing","24.6739","121.6631","Taiwan","TW","TWN","Yilan","","21239","1158866259"
"Aguadas","Aguadas","5.6167","-75.4667","Colombia","CO","COL","Caldas","minor","21237","1170536116"
"Manuel Tames","Manuel Tames","20.1803","-75.0514","Cuba","CU","CUB","Guantánamo","","21237","1192473479"
"Bhairi̇̄","Bhairi","28.9300","81.6300","Nepal","NP","NPL","","","21233","1524022332"
"Brownhills","Brownhills","52.6470","-1.9330","United Kingdom","GB","GBR","Walsall","","21232","1826680163"
"Schramberg","Schramberg","48.2269","8.3842","Germany","DE","DEU","Baden-Württemberg","","21231","1276492911"
"Montecristo","Montecristo","8.2994","-74.4756","Colombia","CO","COL","Bolívar","minor","21229","1170653032"
"Narkher","Narkher","21.4383","78.5683","India","IN","IND","Mahārāshtra","","21227","1356862755"
"Urk","Urk","52.6653","5.6058","Netherlands","NL","NLD","Flevoland","minor","21227","1528778897"
"Tādikombu","Tadikombu","10.4390","77.9546","India","IN","IND","Tamil Nādu","","21226","1356786637"
"Degollado","Degollado","20.4667","-102.1500","Mexico","MX","MEX","Jalisco","minor","21226","1484086425"
"Fierenana","Fierenana","-18.5428","45.8463","Madagascar","MG","MDG","Antananarivo","","21224","1450253158"
"Dupax del Sur","Dupax del Sur","16.2842","121.0917","Philippines","PH","PHL","Nueva Vizcaya","","21224","1608036917"
"Saint-Mandé","Saint-Mande","48.8422","2.4186","France","FR","FRA","Île-de-France","","21223","1250000869"
"Znamianka","Znamianka","48.7136","32.6733","Ukraine","UA","UKR","Kirovohradska Oblast","minor","21221","1804158323"
"Sasovo","Sasovo","54.3500","41.9167","Russia","RU","RUS","Ryazanskaya Oblast’","minor","21220","1643401119"
"São Sepé","Sao Sepe","-30.1608","-53.5650","Brazil","BR","BRA","Rio Grande do Sul","minor","21219","1076826234"
"Pillaiyārkuppam","Pillaiyarkuppam","11.8119","79.7922","India","IN","IND","Tamil Nādu","","21219","1356244833"
"Waren","Waren","53.5167","12.6833","Germany","DE","DEU","Mecklenburg-Western Pomerania","","21217","1276254088"
"Bobonong","Bobonong","-21.9655","28.4363","Botswana","BW","BWA","Central","","21216","1072058132"
"Gorgonzola","Gorgonzola","45.5333","9.4000","Italy","IT","ITA","Lombardy","","21216","1380436916"
"Lebanon","Lebanon","39.4254","-84.2133","United States","US","USA","Ohio","","21216","1840001546"
"Essex","Essex","42.0833","-82.9000","Canada","CA","CAN","Ontario","","21216","1124628052"
"Mouyondzi","Mouyondzi","-3.9956","13.9219","Congo (Brazzaville)","CG","COG","Bouenza","","21215","1178313353"
"Kosgi","Kosgi","16.9878","77.7169","India","IN","IND","Andhra Pradesh","","21215","1356669733"
"Zonhoven","Zonhoven","50.9914","5.3709","Belgium","BE","BEL","Flanders","","21214","1056182511"
"Concepción Huista","Concepcion Huista","15.6167","-91.6833","Guatemala","GT","GTM","Huehuetenango","minor","21208","1320586594"
"Montgomery","Montgomery","41.7237","-88.3633","United States","US","USA","Illinois","","21205","1840011350"
"Jiangjiadong","Jiangjiadong","24.5811","112.8994","China","CN","CHN","Guangdong","","21204","1156218941"
"Kontich","Kontich","51.1333","4.4500","Belgium","BE","BEL","Flanders","","21203","1056241765"
"Parasi","Parasi","24.1908","82.7817","India","IN","IND","Uttar Pradesh","","21203","1356773288"
"Matsuura","Matsuura","33.3408","129.7092","Japan","JP","JPN","Nagasaki","","21203","1392003110"
"Snellville","Snellville","33.8562","-84.0038","United States","US","USA","Georgia","","21203","1840015614"
"Merefa","Merefa","49.8167","36.0500","Ukraine","UA","UKR","Kharkivska Oblast","","21202","1804653075"
"Mandelieu-la-Napoule","Mandelieu-la-Napoule","43.5464","6.9381","France","FR","FRA","Provence-Alpes-Côte d’Azur","","21201","1250852551"
"Obock","Obock","11.9667","43.2833","Djibouti","DJ","DJI","Obock","admin","21200","1262002221"
"Rybnoye","Rybnoye","54.7333","39.5167","Russia","RU","RUS","Ryazanskaya Oblast’","minor","21200","1643910725"
"Varennes","Varennes","45.6833","-73.4333","Canada","CA","CAN","Quebec","","21198","1124232101"
"Lucélia","Lucelia","-21.7203","-51.0189","Brazil","BR","BRA","São Paulo","minor","21196","1076675967"
"Chorwād","Chorwad","21.0167","70.2333","India","IN","IND","Gujarāt","","21196","1356991089"
"Rātu","Ratu","23.4204","85.2146","India","IN","IND","Jhārkhand","","21196","1356352472"
"Caaporã","Caapora","-7.5158","-34.9078","Brazil","BR","BRA","Paraíba","minor","21193","1076003332"
"Rio Maior","Rio Maior","39.3333","-8.9333","Portugal","PT","PRT","Santarém","minor","21192","1620036651"
"Qia’erbagecun","Qia'erbagecun","37.9724","77.3399","China","CN","CHN","Xinjiang","","21189","1156143854"
"Valle Nacional","Valle Nacional","17.7667","-96.3000","Mexico","MX","MEX","Oaxaca","minor","21189","1484002795"
"Nāgamangala","Nagamangala","12.8194","76.7546","India","IN","IND","Karnātaka","","21188","1356823510"
"Borgomanero","Borgomanero","45.7000","8.4667","Italy","IT","ITA","Piedmont","","21188","1380548990"
"Boca da Mata","Boca da Mata","-9.6408","-36.2200","Brazil","BR","BRA","Alagoas","minor","21187","1076171767"
"Rupauli","Rupauli","25.8695","87.0600","India","IN","IND","Bihār","","21186","1356970583"
"Sondershausen","Sondershausen","51.3667","10.8667","Germany","DE","DEU","Thuringia","minor","21183","1276468586"
"Šaľa","Sal'a","48.1500","17.8833","Slovakia","SK","SVK","Nitra","minor","21183","1703397102"
"Floridia","Floridia","37.0833","15.1500","Italy","IT","ITA","Sicilia","","21182","1380210338"
"Vryburg","Vryburg","-26.9586","24.7322","South Africa","ZA","ZAF","North West","","21182","1710969597"
"Shāzand","Shazand","33.9292","49.4103","Iran","IR","IRN","Markazī","minor","21181","1364700789"
"Lensk","Lensk","60.7333","114.9167","Russia","RU","RUS","Sakha (Yakutiya)","minor","21181","1643009226"
"Belonia","Belonia","23.2500","91.4500","India","IN","IND","Tripura","","21176","1356011027"
"Mogán","Mogan","27.8667","-15.7167","Spain","ES","ESP","Canary Islands","","21175","1724251017"
"Lāthi","Lathi","21.4500","71.3800","India","IN","IND","Gujarāt","","21173","1356285950"
"South Whitehall","South Whitehall","40.6154","-75.5503","United States","US","USA","Pennsylvania","","21173","1840148586"
"Belas","Belas","38.7772","-9.2608","Portugal","PT","PRT","Lisboa","","21172","1620052831"
"Varadero","Varadero","23.1394","-81.2861","Cuba","CU","CUB","Matanzas","","21170","1192203270"
"Tiburon","Tiburon","18.3266","-74.3953","Haiti","HT","HTI","Sud","","21170","1332432700"
"Carrboro","Carrboro","35.9259","-79.0878","United States","US","USA","North Carolina","","21170","1840015334"
"Sarāri","Sarari","26.2523","84.5484","India","IN","IND","Bihār","","21168","1356577867"
"Sevenoaks","Sevenoaks","51.2781","0.1874","United Kingdom","GB","GBR","Kent","","21167","1826815474"
"Tinja","Tinja","37.1667","9.7667","Tunisia","TN","TUN","Bizerte","","21167","1788355927"
"Volnovakha","Volnovakha","47.6022","37.4919","Ukraine","UA","UKR","Donetska Oblast","minor","21166","1804124268"
"Guasipati","Guasipati","7.4667","-61.4667","Venezuela","VE","VEN","Bolívar","minor","21165","1862880474"
"San Juan de Vilasar","San Juan de Vilasar","41.5060","2.3910","Spain","ES","ESP","Catalonia","","21162","1724259439"
"Morsang-sur-Orge","Morsang-sur-Orge","48.6618","2.3461","France","FR","FRA","Île-de-France","","21161","1250633800"
"Dronfield","Dronfield","53.3024","-1.4664","United Kingdom","GB","GBR","Derbyshire","","21161","1826648427"
"Tighedouine","Tighedouine","31.4236","-7.5208","Morocco","MA","MAR","Marrakech-Safi","","21161","1504874700"
"Seydi","Seydi","39.4167","62.9000","Turkmenistan","TM","TKM","Lebap","","21160","1795186775"
"Baldwin","Baldwin","40.3690","-79.9669","United States","US","USA","Pennsylvania","","21159","1840001201"
"Clarin","Clarin","9.9700","124.0200","Philippines","PH","PHL","Bohol","","21158","1608201092"
"Khromtaū","Khromtau","50.2503","58.4347","Kazakhstan","KZ","KAZ","Aqtöbe","minor","21156","1398766984"
"Dukinfield","Dukinfield","53.4739","-2.0828","United Kingdom","GB","GBR","Tameside","","21155","1826493553"
"Kuttikkāttūr","Kuttikkattur","11.2667","75.8750","India","IN","IND","Kerala","","21154","1356801397"
"La Unión","La Union","37.6192","-0.8756","Spain","ES","ESP","Murcia","","21153","1724665681"
"Hallein","Hallein","47.6831","13.0969","Austria","AT","AUT","Salzburg","minor","21150","1040821146"
"Allschwil","Allschwil","47.5508","7.5358","Switzerland","CH","CHE","Basel-Landschaft","","21150","1756684864"
"Florencia","Florencia","22.1475","-78.9669","Cuba","CU","CUB","Ciego de Ávila","minor","21150","1192281767"
"Morāsar","Morasar","23.0942","72.5961","India","IN","IND","Gujarāt","","21150","1356355652"
"Jēkabpils","Jekabpils","56.4975","25.8664","Latvia","LV","LVA","Jēkabpils","admin","21150","1428885452"
"Maracaçumé","Maracacume","-2.0428","-45.9589","Brazil","BR","BRA","Maranhão","minor","21149","1076686311"
"Hancha","Hancha","37.8822","109.4947","China","CN","CHN","Shaanxi","","21149","1156562804"
"Saponé","Sapone","12.0528","-1.6036","Burkina Faso","BF","BFA","Centre-Sud","minor","21148","1854915322"
"Kanmaki","Kanmaki","34.5628","135.7167","Japan","JP","JPN","Nara","","21145","1392530261"
"Herborn","Herborn","50.6825","8.3061","Germany","DE","DEU","Hesse","","21142","1276002994"
"Bourg-la-Reine","Bourg-la-Reine","48.7796","2.3151","France","FR","FRA","Île-de-France","","21140","1250693512"
"Loyola Heights","Loyola Heights","14.6403","121.0744","Philippines","PH","PHL","Quezon","","21140","1608400351"
"Kannānendal","Kannanendal","9.9649","78.1416","India","IN","IND","Tamil Nādu","","21137","1356236133"
"Willmar","Willmar","45.1216","-95.0569","United States","US","USA","Minnesota","","21136","1840009995"
"Quirima","Quirima","-10.9000","18.0833","Angola","AO","AGO","Malanje","","21134","1024880976"
"Saurh","Saurh","25.3789","86.8223","India","IN","IND","Bihār","","21134","1356053801"
"Yasothon","Yasothon","15.7972","104.1431","Thailand","TH","THA","Yasothon","admin","21134","1764520637"
"Cortona","Cortona","43.2756","11.9881","Italy","IT","ITA","Tuscany","","21133","1380618031"
"Kağızman","Kagizman","40.1583","43.1342","Turkey","TR","TUR","Kars","minor","21130","1792877267"
"Aguinaldo","Aguinaldo","16.9789","121.3272","Philippines","PH","PHL","Santiago","","21128","1608419129"
"Skegness","Skegness","53.1436","0.3428","United Kingdom","GB","GBR","Lincolnshire","","21127","1826662811"
"Carlos Casares","Carlos Casares","-35.6167","-61.3667","Argentina","AR","ARG","Buenos Aires","minor","21125","1032627170"
"Bryant","Bryant","34.6152","-92.4914","United States","US","USA","Arkansas","","21125","1840013573"
"Adigaratti","Adigaratti","11.3357","76.6971","India","IN","IND","Tamil Nādu","","21123","1356123782"
"Enköping","Enkoping","59.6333","17.0667","Sweden","SE","SWE","Uppsala","minor","21121","1752230483"
"Old Jamestown","Old Jamestown","38.8394","-90.2847","United States","US","USA","Missouri","","21121","1840039632"
"Shark","Shark","40.5569","72.8264","Kyrgyzstan","KG","KGZ","Osh","","21120","1417396850"
"Suaza","Suaza","1.9833","-75.8167","Colombia","CO","COL","Huila","minor","21119","1170853182"
"Hanahan","Hanahan","32.9302","-80.0027","United States","US","USA","South Carolina","","21119","1840014256"
"Ādēt","Adet","11.2667","37.4833","Ethiopia","ET","ETH","Āmara","","21117","1231929103"
"Kokofata","Kokofata","12.8833","-9.9500","Mali","ML","MLI","Kayes","","21117","1466361890"
"Princesa Isabel","Princesa Isabel","-7.7369","-37.9928","Brazil","BR","BRA","Paraíba","minor","21114","1076459483"
"San Juan de Río Coco","San Juan de Rio Coco","13.5500","-86.1667","Nicaragua","NI","NIC","Madriz","minor","21114","1558017262"
"Nogales","Nogales","18.8167","-97.1667","Mexico","MX","MEX","Veracruz","minor","21113","1484829832"
"Forbach","Forbach","49.1900","6.9000","France","FR","FRA","Grand Est","minor","21111","1250265526"
"Irukanni","Irukanni","11.7500","76.1833","India","IN","IND","Kerala","","21111","1356999153"
"Martellago","Martellago","45.5467","12.1575","Italy","IT","ITA","Veneto","","21108","1380825761"
"Āmodei","Amodei","26.8975","84.8182","India","IN","IND","Bihār","","21105","1356438929"
"Bānki","Banki","20.3791","85.5295","India","IN","IND","Odisha","","21105","1356526925"
"Conceição de Macabu","Conceicao de Macabu","-22.0850","-41.8678","Brazil","BR","BRA","Rio de Janeiro","minor","21104","1076769860"
"Molde","Molde","62.7375","7.1631","Norway","NO","NOR","Møre og Romsdal","admin","21103","1578540727"
"Chocamán","Chocaman","19.0167","-97.0333","Mexico","MX","MEX","Veracruz","minor","21102","1484659925"
"Altepexi","Altepexi","18.3500","-97.3167","Mexico","MX","MEX","Puebla","minor","21100","1484498863"
"Tomarza","Tomarza","38.4472","35.7992","Turkey","TR","TUR","Kayseri","minor","21100","1792500972"
"Le Plessis-Trévise","Le Plessis-Trevise","48.8111","2.5717","France","FR","FRA","Île-de-France","","21096","1250710876"
"Tehata","Tehata","23.7000","88.5500","India","IN","IND","West Bengal","","21093","1356819415"
"Little Egg Harbor","Little Egg Harbor","39.5969","-74.3454","United States","US","USA","New Jersey","","21092","1840081598"
"El Pinar","El Pinar","-34.7972","-55.9097","Uruguay","UY","URY","Canelones","","21091","1858554922"
"Hyde Park","Hyde Park","41.8011","-73.9060","United States","US","USA","New York","","21091","1840058196"
"San Isidro de Lules","San Isidro de Lules","-26.9333","-65.3500","Argentina","AR","ARG","Tucumán","minor","21088","1032638777"
"Oued el Aneb","Oued el Aneb","36.8833","7.4833","Algeria","DZ","DZA","Annaba","","21088","1012241698"
"Itapaci","Itapaci","-14.9508","-49.5489","Brazil","BR","BRA","Goiás","minor","21087","1076617885"
"Tizi-n-Bechar","Tizi-n-Bechar","36.4311","5.3600","Algeria","DZ","DZA","Bejaïa","","21086","1012925118"
"Sadao","Sadao","6.6388","100.4234","Thailand","TH","THA","Songkhla","minor","21086","1764417199"
"São Marcos","Sao Marcos","-28.9708","-51.0678","Brazil","BR","BRA","Rio Grande do Sul","minor","21084","1076872375"
"Seria","Seria","4.6141","114.3302","Brunei","BN","BRN","Belait","","21082","1096351415"
"Mineola","Mineola","40.7470","-73.6394","United States","US","USA","New York","","21082","1840005310"
"Hays","Hays","38.8821","-99.3221","United States","US","USA","Kansas","","21078","1840001628"
"West St. Paul","West St. Paul","44.9018","-93.0858","United States","US","USA","Minnesota","","21076","1840010012"
"Gardner","Gardner","42.5845","-71.9868","United States","US","USA","Massachusetts","","21075","1840000436"
"Xoxocotla","Xoxocotla","18.6850","-99.2439","Mexico","MX","MEX","Morelos","","21074","1484012470"
"Nong Bua Lamphu","Nong Bua Lamphu","17.2042","102.4444","Thailand","TH","THA","Nong Bua Lamphu","admin","21072","1764333285"
"Furano","Furano","43.3500","142.3833","Japan","JP","JPN","Hokkaidō","","21071","1392470642"
"Paiganapalli","Paiganapalli","12.4760","78.1748","India","IN","IND","Tamil Nādu","","21069","1356817310"
"Phulpur","Phulpur","25.5500","82.1000","India","IN","IND","Uttar Pradesh","","21066","1356547940"
"Sondrio","Sondrio","46.1697","9.8700","Italy","IT","ITA","Lombardy","minor","21066","1380709664"
"Injibara","Injibara","10.9500","36.9333","Ethiopia","ET","ETH","Āmara","","21065","1231853157"
"Orhei","Orhei","47.3831","28.8231","Moldova","MD","MDA","Orhei","admin","21065","1498680500"
"Melgaço","Melgaco","-1.8039","-50.7119","Brazil","BR","BRA","Pará","minor","21064","1076524502"
"Xinnongcun","Xinnongcun","42.2357","122.9455","China","CN","CHN","Liaoning","","21060","1156235883"
"Palmeiras","Palmeiras","-2.6450","-44.8950","Brazil","BR","BRA","Maranhão","","21059","1076244098"
"Wipperfürth","Wipperfurth","51.1167","7.4000","Germany","DE","DEU","North Rhine-Westphalia","","21059","1276735297"
"Behat","Behat","26.2435","86.2799","India","IN","IND","Bihār","","21059","1356013089"
"Caxambu","Caxambu","-21.9769","-44.9328","Brazil","BR","BRA","Minas Gerais","minor","21056","1076000185"
"Paulistana","Paulistana","-8.1439","-41.1500","Brazil","BR","BRA","Piauí","minor","21055","1076742398"
"Svetlyy","Svetlyy","54.6667","20.1333","Russia","RU","RUS","Kaliningradskaya Oblast’","minor","21054","1643742025"
"Nördlingen","Nordlingen","48.8511","10.4883","Germany","DE","DEU","Bavaria","","21053","1276160287"
"Laje","Laje","-13.1819","-39.4250","Brazil","BR","BRA","Bahia","minor","21052","1076078373"
"Villapinzón","Villapinzon","5.2167","-73.6000","Colombia","CO","COL","Cundinamarca","minor","21049","1170598594"
"Hörstel","Horstel","52.2972","7.5861","Germany","DE","DEU","North Rhine-Westphalia","","21049","1276546954"
"Palafrugell","Palafrugell","41.9174","3.1631","Spain","ES","ESP","Catalonia","","21049","1724222383"
"Jangy-Nookat","Jangy-Nookat","40.2500","72.5500","Kyrgyzstan","KG","KGZ","Osh","","21049","1417565816"
"San Francisco","San Francisco","13.7000","-88.1000","El Salvador","SV","SLV","Morazán","admin","21049","1222399599"
"Ukmergė","Ukmerge","55.2500","24.7667","Lithuania","LT","LTU","Ukmergė","admin","21048","1440784663"
"Itapecerica","Itapecerica","-20.4728","-45.1258","Brazil","BR","BRA","Minas Gerais","minor","21046","1076261582"
"Silverdale","Silverdale","47.6663","-122.6828","United States","US","USA","Washington","","21046","1840018406"
"Joaquín V. González","Joaquin V. Gonzalez","-25.0833","-64.1833","Argentina","AR","ARG","Salta","minor","21045","1032690861"
"Itambacuri","Itambacuri","-18.0364","-41.6830","Brazil","BR","BRA","Minas Gerais","minor","21042","1076323547"
"Veresegyház","Veresegyhaz","47.6569","19.2847","Hungary","HU","HUN","Pest","","21039","1348362703"
"Nubl","Nubl","36.3787","36.9929","Syria","SY","SYR","Ḩalab","minor","21039","1760030884"
"Oro-Medonte","Oro-Medonte","44.5667","-79.5833","Canada","CA","CAN","Ontario","","21036","1124001350"
"Józefów","Jozefow","52.1356","21.2369","Poland","PL","POL","Mazowieckie","","21035","1616296972"
"Praia da Vitória","Praia da Vitoria","38.7333","-27.0667","Portugal","PT","PRT","Azores","","21035","1620566017"
"Mirador","Mirador","-6.3708","-44.3628","Brazil","BR","BRA","Maranhão","minor","21030","1076000972"
"Caterham","Caterham","51.2803","-0.0816","United Kingdom","GB","GBR","Surrey","","21030","1826811520"
"Porto Torres","Porto Torres","40.8369","8.4014","Italy","IT","ITA","Sardegna","","21029","1380199561"
"São Jerônimo","Sao Jeronimo","-29.9589","-51.7219","Brazil","BR","BRA","Rio Grande do Sul","minor","21028","1076728230"
"Kotovo","Kotovo","50.3167","44.8000","Russia","RU","RUS","Volgogradskaya Oblast’","minor","21028","1643692011"
"Lealman","Lealman","27.8197","-82.6847","United States","US","USA","Florida","","21026","1840025161"
"Patpāra","Patpara","26.4328","86.1916","India","IN","IND","Bihār","","21024","1356549985"
"Ariano Irpino","Ariano Irpino","41.1528","15.0889","Italy","IT","ITA","Campania","","21023","1380664255"
"Tabursuq","Tabursuq","36.4572","9.2483","Tunisia","TN","TUN","Béja","","21022","1788107658"
"East Pennsboro","East Pennsboro","40.2886","-76.9394","United States","US","USA","Pennsylvania","","21022","1840143336"
"Traunreut","Traunreut","47.9667","12.5833","Germany","DE","DEU","Bavaria","","21021","1276958674"
"Klaukkala","Klaukkala","60.3820","24.7492","Finland","FI","FIN","Uusimaa","","21019","1246435222"
"San José de Jáchal","San Jose de Jachal","-30.2333","-68.7500","Argentina","AR","ARG","San Juan","minor","21018","1032660627"
"Groß-Umstadt","Gross-Umstadt","49.8667","8.9333","Germany","DE","DEU","Hesse","","21018","1276232744"
"Tornio","Tornio","65.8500","24.1500","Finland","FI","FIN","Lappi","minor","21018","1246209112"
"South Holland","South Holland","41.5977","-87.6022","United States","US","USA","Illinois","","21016","1840011324"
"Az Zuwaytīnah","Az Zuwaytinah","30.9522","20.1203","Libya","LY","LBY","Banghāzī","","21015","1434562634"
"Timmarāsanāyakkanūr","Timmarasanayakkanur","10.0015","77.6769","India","IN","IND","Tamil Nādu","","21014","1356228777"
"Bothell West","Bothell West","47.8056","-122.2401","United States","US","USA","Washington","","21014","1840041906"
"Loei","Loei","17.4853","101.7303","Thailand","TH","THA","Loei","admin","21013","1764996883"
"Woodlesford","Woodlesford","53.7567","-1.4530","United Kingdom","GB","GBR","Leeds","","21010","1826564728"
"Ait Ben Daoudi","Ait Ben Daoudi","31.6345","-7.6440","Morocco","MA","MAR","Marrakech-Safi","","21010","1504718613"
"Wülfrath","Wulfrath","51.2833","7.0333","Germany","DE","DEU","North Rhine-Westphalia","","21009","1276377418"
"San Víctor Abajo","San Victor Abajo","19.4500","-70.5300","Dominican Republic","DO","DOM","Cibao Norte","","21009","1214414391"
"Mānjhi","Manjhi","25.8384","84.5788","India","IN","IND","Bihār","","21007","1356427473"
"Fatehgarh Chūriān","Fatehgarh Churian","31.8643","74.9567","India","IN","IND","Punjab","","21007","1356030242"
"Tanhaçu","Tanhacu","-14.0208","-41.2478","Brazil","BR","BRA","Bahia","minor","21006","1076735805"
"Sāmba","Samba","32.5624","75.1199","India","IN","IND","Jammu and Kashmīr","","21006","1356029248"
"Stratton Saint Margaret","Stratton Saint Margaret","51.5860","-1.7620","United Kingdom","GB","GBR","Swindon","","21005","1826478043"
"Ronda","Ronda","10.0003","123.4095","Philippines","PH","PHL","Cebu","","21005","1608631219"
"Alto-Cuilo","Alto-Cuilo","-10.0490","19.5155","Angola","AO","AGO","Lunda-Sul","","21004","1024029875"
"Cuilo","Cuilo","-10.0500","19.5167","Angola","AO","AGO","Lunda-Norte","","21004","1024170131"
"Daddi","Daddi","16.0667","74.4333","India","IN","IND","Mahārāshtra","","21004","1356068698"
"Mangghystaū","Mangghystau","43.6956","51.3261","Kazakhstan","KZ","KAZ","Mangghystaū","minor","21004","1398790140"
"Sulphur","Sulphur","30.2286","-93.3566","United States","US","USA","Louisiana","","21004","1840015927"
"Cranendonck","Cranendonck","51.2853","5.5881","Netherlands","NL","NLD","Noord-Brabant","","21001","1528448818"
"Sremčica","Sremcica","44.6767","20.3910","Serbia","RS","SRB","Beograd","","21001","1688138353"
"Murphy","Murphy","33.0186","-96.6105","United States","US","USA","Texas","","21001","1840020659"
"Fengjia","Fengjia","27.7969","110.8603","China","CN","CHN","Hunan","","21000","1156244256"
"Dabaozi","Dabaozi","26.7006","109.4634","China","CN","CHN","Hunan","","21000","1156241540"
"Luckenwalde","Luckenwalde","52.0833","13.1667","Germany","DE","DEU","Brandenburg","minor","21000","1276376363"
"Sancoale","Sancoale","15.4708","73.8431","India","IN","IND","Goa","","21000","1356247740"
"Kudāl","Kudal","17.8356","73.9175","India","IN","IND","Mahārāshtra","","21000","1356482632"
"‘Anah","`Anah","34.3686","41.9819","Iraq","IQ","IRQ","Al Anbār","minor","21000","1368909811"
"Mandza","Mandza","-11.4167","43.3000","Comoros","KM","COM","Grande Comore","","21000","1174892176"
"Morafeno","Morafeno","-15.4902","48.2067","Madagascar","MG","MDG","Mahajanga","","21000","1450032930"
"Sitampiky","Sitampiky","-16.6758","46.1094","Madagascar","MG","MDG","Mahajanga","","21000","1450688807"
"Ambalavato","Ambalavato","-22.9693","47.4773","Madagascar","MG","MDG","Fianarantsoa","","21000","1450281811"
"Tongobory","Tongobory","-23.5317","44.3231","Madagascar","MG","MDG","Toliara","","21000","1450220493"
"Tsarasaotra","Tsarasaotra","-20.4394","47.2187","Madagascar","MG","MDG","Fianarantsoa","","21000","1450387787"
"Ambohipandrano","Ambohipandrano","-19.1451","47.3471","Madagascar","MG","MDG","Antananarivo","","21000","1450475583"
"Andolofotsy","Andolofotsy","-18.7493","46.6373","Madagascar","MG","MDG","Antananarivo","","21000","1450054125"
"Soanindrariny","Soanindrariny","-19.9069","47.2352","Madagascar","MG","MDG","Antananarivo","","21000","1450013819"
"Ankililoaka","Ankililoaka","-22.7674","43.6159","Madagascar","MG","MDG","Toliara","","21000","1450496497"
"Tsiamalao","Tsiamalao","-15.0346","48.4477","Madagascar","MG","MDG","Mahajanga","","21000","1450394904"
"Fiadanana","Fiadanana","-20.4377","48.3807","Madagascar","MG","MDG","Fianarantsoa","","21000","1450442831"
"Antanambao","Antanambao","-19.6773","47.3391","Madagascar","MG","MDG","Antananarivo","","21000","1450771777"
"Sahamadio","Sahamadio","-22.5208","47.5766","Madagascar","MG","MDG","Fianarantsoa","","21000","1450499923"
"Miorimivalana","Miorimivalana","-17.2219","49.2050","Madagascar","MG","MDG","Toamasina","","21000","1450765179"
"Ambohimanambola","Ambohimanambola","-19.8049","46.6112","Madagascar","MG","MDG","Antananarivo","","21000","1450223551"
"Ampasimatera","Ampasimatera","-15.9339","47.7362","Madagascar","MG","MDG","Mahajanga","","21000","1450446865"
"Karianga","Karianga","-22.4291","47.3720","Madagascar","MG","MDG","Fianarantsoa","","21000","1450185068"
"Matanga","Matanga","-23.5238","47.5525","Madagascar","MG","MDG","Fianarantsoa","","21000","1450994250"
"La Colonia Tovar","La Colonia Tovar","10.4056","-67.2894","Venezuela","VE","VEN","Aragua","minor","21000","1862004978"
"Sidi Lahssen","Sidi Lahssen","35.1633","-0.6958","Algeria","DZ","DZA","Sidi Bel Abbès","","20999","1012904397"
"Tufānganj","Tufanganj","26.3345","89.6699","India","IN","IND","West Bengal","","20998","1356500654"
"Ţorqabeh","Torqabeh","36.3142","59.3725","Iran","IR","IRN","Khorāsān-e Raẕavī","minor","20998","1364331013"
"Fredonia","Fredonia","5.9167","-75.6667","Colombia","CO","COL","Antioquia","minor","20997","1170731658"
"San Antonio Sacatepéquez","San Antonio Sacatepequez","14.9667","-91.7333","Guatemala","GT","GTM","San Marcos","minor","20994","1320733193"
"Vadakkum","Vadakkum","9.0167","76.5500","India","IN","IND","Kerala","","20993","1356160289"
"Senden","Senden","51.8572","7.4828","Germany","DE","DEU","North Rhine-Westphalia","","20991","1276271183"
"Yunak","Yunak","38.8172","31.7356","Turkey","TR","TUR","Konya","minor","20991","1792108399"
"Walia","Walia","13.5939","-10.3775","Mali","ML","MLI","Kayes","","20989","1466405334"
"Cassilândia","Cassilandia","-19.1128","-51.7339","Brazil","BR","BRA","Mato Grosso do Sul","minor","20988","1076404532"
"Laranjeira","Laranjeira","38.6567","-9.1497","Portugal","PT","PRT","Setúbal","","20988","1620655095"
"Barcelona","Barcelona","12.8694","124.1419","Philippines","PH","PHL","Sorsogon","","20987","1608408567"
"Capela do Alto","Capela do Alto","-23.4706","-47.7347","Brazil","BR","BRA","São Paulo","minor","20985","1076545027"
"Agan","Agan","35.9176","103.8501","China","CN","CHN","Gansu","","20985","1156933148"
"Saint Austell","Saint Austell","50.3400","-4.7900","United Kingdom","GB","GBR","Cornwall","","20985","1826177227"
"Welench’ītī","Welench'iti","8.6667","39.4333","Ethiopia","ET","ETH","Oromīya","","20984","1231349696"
"Daboh","Daboh","26.0024","78.8766","India","IN","IND","Madhya Pradesh","","20984","1356044526"
"Safsaf","Safsaf","34.5581","-6.0078","Morocco","MA","MAR","Rabat-Salé-Kénitra","","20984","1504872939"
"Nizāmpatam","Nizampatam","15.9000","80.6667","India","IN","IND","Andhra Pradesh","","20982","1356034288"
"El Retén","El Reten","10.6167","-74.2667","Colombia","CO","COL","Magdalena","minor","20981","1170874464"
"Mössingen","Mossingen","48.4064","9.0575","Germany","DE","DEU","Baden-Württemberg","","20979","1276236369"
"Suzzara","Suzzara","44.9927","10.7494","Italy","IT","ITA","Lombardy","","20979","1380507493"
"Dolton","Dolton","41.6284","-87.5979","United States","US","USA","Illinois","","20979","1840011269"
"Alnif","Alnif","31.1167","-5.1667","Morocco","MA","MAR","Drâa-Tafilalet","","20978","1504225472"
"Zele","Zele","51.0667","4.0333","Belgium","BE","BEL","Flanders","","20976","1056909340"
"Archena","Archena","38.1150","-1.2992","Spain","ES","ESP","Murcia","","20976","1724744981"
"Anna","Anna","33.3472","-96.5508","United States","US","USA","Texas","","20975","1840019397"
"Santa Vitória","Santa Vitoria","-18.8389","-50.1208","Brazil","BR","BRA","Minas Gerais","minor","20973","1076319430"
"Baiheqiao","Baiheqiao","22.9711","103.7964","China","CN","CHN","Yunnan","","20973","1156362779"
"Thuân An","Thuan An","16.5489","107.6436","Vietnam","VN","VNM","Thừa Thiên-Huế","","20972","1704000352"
"Bugalagrande","Bugalagrande","4.2167","-76.1667","Colombia","CO","COL","Valle del Cauca","minor","20970","1170646923"
"Ozoir-la-Ferrière","Ozoir-la-Ferriere","48.7780","2.6800","France","FR","FRA","Île-de-France","","20969","1250806458"
"Ankaraobato","Ankaraobato","-19.0000","47.5333","Madagascar","MG","MDG","Antananarivo","","20969","1450653846"
"Aybastı","Aybasti","40.6867","37.3992","Turkey","TR","TUR","Ordu","minor","20969","1792402028"
"Hualqui","Hualqui","-36.9600","-72.9300","Chile","CL","CHL","Biobío","","20968","1152533945"
"Princeton","Princeton","33.1778","-96.5044","United States","US","USA","Texas","","20966","1840020663"
"Caracaraí","Caracarai","1.8158","-61.1278","Brazil","BR","BRA","Roraima","minor","20957","1076314585"
"Mäntsälä","Mantsala","60.6361","25.3194","Finland","FI","FIN","Uusimaa","minor","20957","1246340286"
"Covington","Covington","47.3667","-122.1045","United States","US","USA","Washington","","20957","1840018425"
"Croix","Croix","50.6781","3.1508","France","FR","FRA","Hauts-de-France","","20956","1250218619"
"Fort Walton Beach","Fort Walton Beach","30.4255","-86.6222","United States","US","USA","Florida","","20956","1840013923"
"Carmo do Rio Claro","Carmo do Rio Claro","-20.9731","-46.1189","Brazil","BR","BRA","Minas Gerais","minor","20954","1076819558"
"St. Andrews","St. Andrews","34.0510","-81.1057","United States","US","USA","South Carolina","","20953","1840135211"
"Brushy Creek","Brushy Creek","30.5128","-97.7386","United States","US","USA","Texas","","20953","1840135494"
"Mont-Royal","Mont-Royal","45.5161","-73.6431","Canada","CA","CAN","Quebec","","20953","1124001920"
"Pacatu","Pacatu","-11.9578","-38.9750","Brazil","BR","BRA","Bahia","minor","20952","1076255229"
"Hirekerūr","Hirekerur","14.4551","75.3952","India","IN","IND","Karnātaka","","20951","1356863080"
"Quela","Quela","-9.3833","17.0500","Angola","AO","AGO","Malanje","","20949","1024948229"
"Purranque","Purranque","-40.9167","-73.1667","Chile","CL","CHL","Los Lagos","","20949","1152468662"
"Hino","Hino","35.0167","136.2500","Japan","JP","JPN","Shiga","","20945","1392003293"
"Vicksburg","Vicksburg","32.3173","-90.8868","United States","US","USA","Mississippi","","20944","1840015802"
"Givors","Givors","45.5914","4.7694","France","FR","FRA","Auvergne-Rhône-Alpes","","20943","1250743415"
"Imperial","Imperial","32.8390","-115.5720","United States","US","USA","California","","20943","1840019381"
"Germantown","Germantown","43.2343","-88.1217","United States","US","USA","Wisconsin","","20940","1840002830"
"San Cataldo","San Cataldo","37.4833","13.9833","Italy","IT","ITA","Sicilia","","20939","1380693837"
"Vladičin Han","Vladicin Han","42.7000","22.0667","Serbia","RS","SRB","Vladičin Han","admin","20938","1688664018"
"Chaudfontaine","Chaudfontaine","50.5818","5.6340","Belgium","BE","BEL","Wallonia","","20935","1056159261"
"Cuncolim","Cuncolim","15.1773","73.9939","India","IN","IND","Goa","","20935","1356002399"
"Öndörhaan","Ondorhaan","47.3167","110.6500","Mongolia","MN","MNG","Hentiy","admin","20935","1496719699"
"Piedra Blanca","Piedra Blanca","18.8438","-70.3157","Dominican Republic","DO","DOM","Cibao Sur","","20934","1214843839"
"Schortens","Schortens","53.5333","7.9500","Germany","DE","DEU","Lower Saxony","","20932","1276002315"
"Damua","Damua","22.1929","78.4670","India","IN","IND","Madhya Pradesh","","20931","1356033304"
"Punturin","Punturin","14.7381","120.9978","Philippines","PH","PHL","Valenzuela","","20930","1608903782"
"Renens","Renens","46.5333","6.5833","Switzerland","CH","CHE","Vaud","minor","20927","1756264043"
"Dingolfing","Dingolfing","48.6333","12.5000","Germany","DE","DEU","Bavaria","minor","20927","1276764455"
"Nambiyūr","Nambiyur","11.3581","77.3211","India","IN","IND","Tamil Nādu","","20927","1356781564"
"Ostrov","Ostrov","57.3500","28.3500","Russia","RU","RUS","Pskovskaya Oblast’","minor","20923","1643602961"
"Chợ Phước Hải","Cho Phuoc Hai","10.4283","107.2953","Vietnam","VN","VNM","Bà Rịa-Vũng Tàu","","20923","1704395205"
"Alagoa Nova","Alagoa Nova","-7.0708","-35.7583","Brazil","BR","BRA","Paraíba","minor","20921","1076318882"
"Concepción Chiquirichapa","Concepcion Chiquirichapa","14.8500","-91.6167","Guatemala","GT","GTM","Quetzaltenango","minor","20920","1320512845"
"Gázi","Gazi","35.3250","25.0667","Greece","GR","GRC","Kríti","minor","20918","1300208558"
"Argenta","Argenta","44.6148","11.8368","Italy","IT","ITA","Emilia-Romagna","","20917","1380471746"
"San Guillermo","San Guillermo","16.7244","121.8100","Philippines","PH","PHL","Isabela","","20915","1608485443"
"Vili","Vili","12.2833","-2.2167","Burkina Faso","BF","BFA","Centre-Ouest","","20914","1854996122"
"Aishō","Aisho","35.1667","136.2167","Japan","JP","JPN","Shiga","","20913","1392003056"
"Leskovac","Leskovac","42.9981","21.9461","Serbia","RS","SRB","Leskovac","admin","20913","1688752541"
"Guará","Guara","-20.4283","-47.8242","Brazil","BR","BRA","São Paulo","minor","20911","1076888362"
"Hallim","Hallim","33.3729","126.2827","Korea, South","KR","KOR","Jeju","","20910","1410693280"
"Jericho","Jericho","31.8571","35.4603","West Bank","XW","XWB","","","20907","1934197330"
"Esperalvillo","Esperalvillo","18.8200","-70.0300","Dominican Republic","DO","DOM","Higuamo","","20900","1214132473"
"Vakkam","Vakkam","8.6900","76.7700","India","IN","IND","Kerala","","20899","1356161671"
"Park Forest","Park Forest","41.4817","-87.6867","United States","US","USA","Illinois","","20898","1840011313"
"Pudupattanam","Pudupattanam","12.5037","80.1507","India","IN","IND","Tamil Nādu","","20897","1356118601"
"Lučani","Lucani","43.8667","20.1333","Serbia","RS","SRB","Lučani","admin","20897","1688437278"
"Kamamaung","Kamamaung","17.3469","97.6528","Burma","MM","MMR","Kayin State","","20895","1104892359"
"Bruchköbel","Bruchkobel","50.1833","8.9167","Germany","DE","DEU","Hesse","","20894","1276199010"
"Upper St. Clair","Upper St. Clair","40.3336","-80.0842","United States","US","USA","Pennsylvania","","20893","1840005397"
"Eeklo","Eeklo","51.1833","3.5500","Belgium","BE","BEL","Flanders","minor","20890","1056979321"
"Monte Santo de Minas","Monte Santo de Minas","-21.1900","-46.9800","Brazil","BR","BRA","Minas Gerais","minor","20890","1076791401"
"Pico Truncado","Pico Truncado","-46.7950","-67.9550","Argentina","AR","ARG","Santa Cruz","","20889","1032509324"
"Beaumont","Beaumont","53.3572","-113.4147","Canada","CA","CAN","Alberta","","20888","1124001210"
"Texistepec","Texistepec","17.9000","-94.8167","Mexico","MX","MEX","Veracruz","minor","20887","1484059063"
"Bālugān","Balugan","19.7333","85.2167","India","IN","IND","Odisha","","20886","1356605710"
"Steinhagen","Steinhagen","52.0050","8.4147","Germany","DE","DEU","North Rhine-Westphalia","","20885","1276279674"
"Brummen","Brummen","52.0833","6.1500","Netherlands","NL","NLD","Gelderland","minor","20884","1528439273"
"Arnold","Arnold","38.4297","-90.3733","United States","US","USA","Missouri","","20884","1840007506"
"Sant Just Desvern","Sant Just Desvern","41.3830","2.0750","Spain","ES","ESP","Catalonia","","20881","1724188832"
"Don Bosco","Don Bosco","-34.7000","-58.2833","Argentina","AR","ARG","Buenos Aires","","20876","1032701626"
"Koāth","Koath","25.3264","84.2598","India","IN","IND","Bihār","","20875","1356861671"
"Roshal","Roshal","55.6667","39.8833","Russia","RU","RUS","Moskovskaya Oblast’","","20875","1643370665"
"Quixeré","Quixere","-5.0739","-37.9889","Brazil","BR","BRA","Ceará","minor","20874","1076686573"
"Normanton","Normanton","53.6970","-1.4160","United Kingdom","GB","GBR","Wakefield","","20872","1826795957"
"Ambohimanga","Ambohimanga","-18.7333","47.5667","Madagascar","MG","MDG","Antananarivo","","20872","1450695670"
"Villeneuve-le-Roi","Villeneuve-le-Roi","48.7333","2.4167","France","FR","FRA","Île-de-France","","20871","1250314073"
"Bobrov","Bobrov","51.1000","40.0333","Russia","RU","RUS","Voronezhskaya Oblast’","","20871","1643014225"
"Sint-Katelijne-Waver","Sint-Katelijne-Waver","51.0667","4.5333","Belgium","BE","BEL","Flanders","","20870","1056641832"
"Palavūr","Palavur","8.2055","77.5755","India","IN","IND","Tamil Nādu","","20870","1356207947"
"Mulanje","Mulanje","-16.0333","35.5000","Malawi","MW","MWI","Mulanje","admin","20870","1454459215"
"Murree","Murree","33.9042","73.3903","Pakistan","PK","PAK","Punjab","","20869","1586573416"
"Arbutus","Arbutus","39.2428","-76.6922","United States","US","USA","Maryland","","20869","1840005676"
"Zaliohouan","Zaliohouan","6.7952","-6.2355","Côte d’Ivoire","CI","CIV","Sassandra-Marahoué","","20867","1384464976"
"Springfield","Springfield","40.0986","-75.2016","United States","US","USA","Pennsylvania","","20866","1840152388"
"Sotomayor","Sotomayor","1.4933","-77.5214","Colombia","CO","COL","Nariño","minor","20865","1170028050"
"Bordj Bounaama","Bordj Bounaama","35.8500","1.6167","Algeria","DZ","DZA","Tissemsilt","","20864","1012176268"
"Bambalang","Bambalang","5.8867","10.5331","Cameroon","CM","CMR","North-West","","20863","1120261303"
"Mudākkal","Mudakkal","8.7011","76.8589","India","IN","IND","Kerala","","20862","1356161892"
"Kara-Suu","Kara-Suu","40.7000","72.8833","Kyrgyzstan","KG","KGZ","Osh","minor","20862","1417321617"
"Aurād","Aurad","18.2540","77.4176","India","IN","IND","Karnātaka","","20861","1356600800"
"Hyattsville","Hyattsville","38.9613","-76.9548","United States","US","USA","Maryland","","20861","1840005975"
"Fót","Fot","47.6092","19.1928","Hungary","HU","HUN","Pest","","20859","1348547694"
"Karia Ba Mohamed","Karia Ba Mohamed","34.3667","-5.2000","Morocco","MA","MAR","Fès-Meknès","","20859","1504442421"
"Luisiana","Luisiana","14.1850","121.5109","Philippines","PH","PHL","Laguna","","20859","1608821290"
"El Carmen de Chucurí","El Carmen de Chucuri","6.6981","-73.5111","Colombia","CO","COL","Santander","minor","20858","1170751882"
"Bonga","Bonga","7.2667","36.2333","Ethiopia","ET","ETH","YeDebub M‘irab Ītyop’iya Hizboch","admin","20858","1231409607"
"Shōwa","Showa","35.6333","138.5333","Japan","JP","JPN","Yamanashi","","20857","1392003446"
"Saka","Saka","34.6167","-3.4167","Morocco","MA","MAR","Oriental","","20857","1504711196"
"Oliveira do Hospital","Oliveira do Hospital","40.3667","-7.8667","Portugal","PT","PRT","Coimbra","minor","20855","1620792410"
"Sidi Abdelkader","Sidi Abdelkader","33.0494","-8.6886","Morocco","MA","MAR","Casablanca-Settat","","20854","1504001212"
"Birkerød","Birkerod","55.8423","12.4335","Denmark","DK","DNK","Hovedstaden","","20853","1208853307"
"Beni Haoua","Beni Haoua","36.5333","1.5667","Algeria","DZ","DZA","Chlef","","20853","1012438035"
"Wallington","Wallington","51.3647","-0.1403","United Kingdom","GB","GBR","Sutton","","20850","1826952560"
"Amdjarass","Amdjarass","16.0658","22.8431","Chad","TD","TCD","Ennedi-Est","admin","20850","1148268495"
"Hindang","Hindang","10.4339","124.7278","Philippines","PH","PHL","Leyte","","20849","1608422710"
"Pogradec","Pogradec","40.9000","20.6500","Albania","AL","ALB","Korçë","","20848","1008366566"
"Moniquirá","Moniquira","5.9167","-73.5000","Colombia","CO","COL","Boyacá","minor","20848","1170206857"
"Ovejas","Ovejas","9.5000","-75.1667","Colombia","CO","COL","Sucre","minor","20846","1170231895"
"Loja","Loja","37.1667","-4.1500","Spain","ES","ESP","Andalusia","","20846","1724466102"
"Mill Creek","Mill Creek","47.8631","-122.2037","United States","US","USA","Washington","","20846","1840019790"
"Ludlow","Ludlow","42.1921","-72.4580","United States","US","USA","Massachusetts","","20846","1840053449"
"Rosedale","Rosedale","39.3266","-76.5084","United States","US","USA","Maryland","","20845","1840005690"
"Sanhe","Sanhe","36.5639","105.6439","China","CN","CHN","Ningxia","minor","20844","1156227748"
"Vinany","Vinany","-19.6139","46.4860","Madagascar","MG","MDG","Antananarivo","","20844","1450526902"
"Wettingen","Wettingen","47.4659","8.3267","Switzerland","CH","CHE","Aargau","","20843","1756544966"
"Cercado Abajo","Cercado Abajo","18.7300","-71.5200","Dominican Republic","DO","DOM","El Valle","","20843","1214618384"
"Letlhakane","Letlhakane","-21.4250","25.5892","Botswana","BW","BWA","Central","","20841","1072953964"
"Musselburgh","Musselburgh","55.9420","-3.0540","United Kingdom","GB","GBR","East Lothian","","20840","1826974542"
"Hārohalli","Harohalli","12.6801","77.4699","India","IN","IND","Karnātaka","","20840","1356800005"
"Debark’","Debark'","13.1333","37.9000","Ethiopia","ET","ETH","Āmara","","20839","1231894156"
"Murrysville","Murrysville","40.4456","-79.6554","United States","US","USA","Pennsylvania","","20839","1840001148"
"Yachiyo","Yachiyo","36.1816","139.8911","Japan","JP","JPN","Ibaraki","","20838","1392999979"
"Buckingham","Buckingham","40.3188","-75.0580","United States","US","USA","Pennsylvania","","20838","1840034882"
"Paldorak","Paldorak","40.4833","69.3000","Tajikistan","TJ","TJK","Sughd","","20837","1762537276"
"East Moline","East Moline","41.5199","-90.3879","United States","US","USA","Illinois","","20837","1840008180"
"Lajinha","Lajinha","-20.1508","-41.6228","Brazil","BR","BRA","Minas Gerais","minor","20835","1076832869"
"Wittmund","Wittmund","53.5750","7.7808","Germany","DE","DEU","Lower Saxony","minor","20835","1276497812"
"Rosamond","Rosamond","34.8658","-118.2155","United States","US","USA","California","","20835","1840019140"
"Coudekerque-Branche","Coudekerque-Branche","51.0253","2.3917","France","FR","FRA","Hauts-de-France","","20833","1250526010"
"Junqueirópolis","Junqueiropolis","-21.5147","-51.4336","Brazil","BR","BRA","São Paulo","minor","20831","1076673647"
"Norton","Norton","54.5890","-1.3157","United Kingdom","GB","GBR","Stockton-on-Tees","","20829","1826731009"
"Conselheiro Pena","Conselheiro Pena","-19.1719","-41.4719","Brazil","BR","BRA","Minas Gerais","minor","20824","1076535135"
"Kolpashevo","Kolpashevo","58.3000","82.9000","Russia","RU","RUS","Tomskaya Oblast’","minor","20824","1643773170"
"Gaura","Gaura","26.4800","85.3900","India","IN","IND","Bihār","","20821","1356026334"
"Castrovillari","Castrovillari","39.8167","16.2000","Italy","IT","ITA","Calabria","","20821","1380393848"
"Neufahrn bei Freising","Neufahrn bei Freising","48.3167","11.6667","Germany","DE","DEU","Bavaria","","20819","1276307498"
"Karmana","Karmana","40.1422","65.3625","Uzbekistan","UZ","UZB","Navoiy","","20816","1860118561"
"São José da Laje","Sao Jose da Laje","-9.0100","-36.0578","Brazil","BR","BRA","Alagoas","minor","20813","1076054704"
"Miches","Miches","18.9800","-69.0500","Dominican Republic","DO","DOM","Yuma","","20813","1214377408"
"Bhainsdehi","Bhainsdehi","21.6449","77.6302","India","IN","IND","Madhya Pradesh","","20811","1356758250"
"Sonāgāzi","Sonagazi","22.8518","91.3916","Bangladesh","BD","BGD","Chattogram","","20810","1050889149"
"Devirammanahalli","Devirammanahalli","12.1922","76.6653","India","IN","IND","Karnātaka","","20804","1356756356"
