"Néa Filadélfeia","Nea Filadelfeia","38.0367","23.7367","Greece","GR","GRC","Attikí","minor","25198","1300810075"
"Barstow","Barstow","34.8661","-117.0471","United States","US","USA","California","","25198","1840019118"
"Albany","Albany","-35.0228","117.8814","Australia","AU","AUS","Western Australia","","25196","1036047365"
"Uttaramerūr","Uttaramerur","12.6160","79.7530","India","IN","IND","Tamil Nādu","","25194","1356014919"
"Şaydnāyā","Saydnaya","33.6947","36.3715","Syria","SY","SYR","Rīf Dimashq","minor","25194","1760302528"
"Kingswinford","Kingswinford","52.4980","-2.1660","United Kingdom","GB","GBR","Staffordshire","","25191","1826547485"
"Kola","Kola","22.4300","87.8700","India","IN","IND","West Bengal","","25191","1356776203"
"Lātehār","Latehar","23.7442","84.4998","India","IN","IND","Jhārkhand","","25188","1356490044"
"Carteret","Carteret","40.5849","-74.2284","United States","US","USA","New Jersey","","25187","1840001331"
"Sarrat","Sarrat","18.1578","120.6447","Philippines","PH","PHL","Ilocos Norte","","25186","1608165020"
"Saikaichō-kobagō","Saikaicho-kobago","32.9331","129.6431","Japan","JP","JPN","Nagasaki","","25184","1392114454"
"Piranhas","Piranhas","-9.6239","-37.7569","Brazil","BR","BRA","Alagoas","minor","25183","1076219170"
"Pāonta Sāhib","Paonta Sahib","30.4380","77.6240","India","IN","IND","Himāchal Pradesh","","25183","1356886144"
"Erlun","Erlun","23.7910","120.3954","Taiwan","TW","TWN","Yunlin","","25183","1158955964"
"Tirorā","Tirora","21.4072","79.9326","India","IN","IND","Mahārāshtra","","25181","1356865532"
"Banhatti","Banhatti","16.3853","75.1494","India","IN","IND","Karnātaka","","25175","1356647094"
"Jutaí","Jutai","-2.7469","-66.7669","Brazil","BR","BRA","Amazonas","minor","25172","1076835139"
"Malyn","Malyn","50.7689","29.2700","Ukraine","UA","UKR","Zhytomyrska Oblast","","25172","1804889971"
"Edgewood","Edgewood","39.4190","-76.2964","United States","US","USA","Maryland","","25170","1840005661"
"Overijse","Overijse","50.7751","4.5372","Belgium","BE","BEL","Flanders","","25169","1056558887"
"Aridagawa","Aridagawa","34.0500","135.2167","Japan","JP","JPN","Wakayama","","25169","1392003510"
"Monreal","Monreal","12.6440","123.6648","Philippines","PH","PHL","Masbate","","25164","1608903492"
"Easton","Easton","42.0362","-71.1103","United States","US","USA","Massachusetts","","25162","1840053660"
"Pitsea","Pitsea","51.5690","0.5040","United Kingdom","GB","GBR","Essex","","25161","1826099748"
"Vāsudevanallūr","Vasudevanallur","9.2417","77.4118","India","IN","IND","Tamil Nādu","","25161","1356139217"
"Fatimé","Fatime","13.5739","-5.3815","Mali","ML","MLI","Ségou","","25161","1466029546"
"Álamo","Alamo","20.9167","-97.6750","Mexico","MX","MEX","Veracruz","minor","25159","1484161565"
"Debila","Debila","33.5064","6.9381","Algeria","DZ","DZA","El Oued","","25158","1012224257"
"Prachin Buri","Prachin Buri","14.0567","101.3739","Thailand","TH","THA","Prachin Buri","admin","25157","1764262472"
"Bagno a Ripoli","Bagno a Ripoli","43.7500","11.3167","Italy","IT","ITA","Tuscany","","25156","1380429442"
"Muskego","Muskego","42.8860","-88.1291","United States","US","USA","Wisconsin","","25156","1840003023"
"Bardsīr","Bardsir","29.9275","56.5764","Iran","IR","IRN","Kermān","minor","25152","1364465140"
"Rhyl","Rhyl","53.3210","-3.4800","United Kingdom","GB","GBR","Denbighshire","","25149","1826387077"
"Gulām","Gulam","25.7965","86.7416","India","IN","IND","Bihār","","25149","1356025076"
"Harstad","Harstad","68.7989","16.5314","Norway","NO","NOR","Troms og Finnmark","minor","25148","1578844884"
"Kasrāwad","Kasrawad","22.1274","75.6110","India","IN","IND","Madhya Pradesh","","25146","1356487430"
"Rājgurunagar","Rajgurunagar","18.8667","73.9000","India","IN","IND","Mahārāshtra","","25146","1356130910"
"Saky","Saky","45.1336","33.5772","Ukraine","UA","UKR","Krym, Avtonomna Respublika","minor","25146","1804485367"
"Panāgar","Panagar","23.3000","79.9800","India","IN","IND","Madhya Pradesh","","25143","1356428315"
"Wewak","Wewak","-3.5500","143.6333","Papua New Guinea","PG","PNG","East Sepik","admin","25143","1598405100"
"Aimorés","Aimores","-19.4958","-41.0639","Brazil","BR","BRA","Minas Gerais","minor","25141","1076798379"
"Candelaria","Candelaria","-27.4594","-55.7453","Argentina","AR","ARG","Misiones","","25140","1032985657"
"Campos Sales","Campos Sales","-7.0739","-40.3758","Brazil","BR","BRA","Ceará","minor","25135","1076347129"
"Otuzco","Otuzco","-7.9000","-78.5833","Peru","PE","PER","La Libertad","","25134","1604161129"
"Pallappatti","Pallappatti","10.7198","77.8915","India","IN","IND","Tamil Nādu","","25131","1356278919"
"Santa María Tonameca","Santa Maria Tonameca","15.7458","-96.5472","Mexico","MX","MEX","Oaxaca","minor","25130","1484998049"
"Sāhibpur Kamāl","Sahibpur Kamal","25.4167","86.3901","India","IN","IND","Bihār","","25128","1356099280"
"Simpsonville","Simpsonville","34.7287","-82.2569","United States","US","USA","South Carolina","","25125","1840015477"
"Sohwal","Sohwal","26.7500","81.9861","India","IN","IND","Uttar Pradesh","","25123","1356066812"
"Rānia","Rania","29.5300","74.8300","India","IN","IND","Haryāna","","25123","1356052724"
"Atuntaqui","Atuntaqui","0.3317","-78.2189","Ecuador","EC","ECU","Imbabura","minor","25115","1218840955"
"Waldshut-Tiengen","Waldshut-Tiengen","47.6231","8.2144","Germany","DE","DEU","Baden-Württemberg","minor","25114","1276011078"
"Mombin Crochu","Mombin Crochu","19.3688","-71.9824","Haiti","HT","HTI","Nord-Est","","25113","1332692300"
"Dedham","Dedham","42.2467","-71.1777","United States","US","USA","Massachusetts","","25109","1840053547"
"Mountain House","Mountain House","37.7673","-121.5449","United States","US","USA","California","","25108","1840026768"
"Novi Travnik","Novi Travnik","44.1748","17.6634","Bosnia and Herzegovina","BA","BIH","Bosnia and Herzegovina, Federation of","minor","25107","1070493406"
"Nāmrup","Namrup","27.1939","95.3193","India","IN","IND","Assam","","25107","1356777660"
"Bad Oldesloe","Bad Oldesloe","53.8117","10.3742","Germany","DE","DEU","Schleswig-Holstein","minor","25104","1276683854"
"Āshkhāneh","Ashkhaneh","37.5578","56.9258","Iran","IR","IRN","Khorāsān-e Shomālī","minor","25104","1364197462"
"University Park","University Park","32.8506","-96.7937","United States","US","USA","Texas","","25104","1840022055"
"Malaṅgawā","Malangawa","26.8667","85.5667","Nepal","NP","NPL","","","25102","1524985987"
"El Fahs","El Fahs","36.3667","9.9000","Tunisia","TN","TUN","Zaghouan","","25100","1788763932"
"Baliqchi","Baliqchi","40.9000","71.8528","Uzbekistan","UZ","UZB","Andijon","minor","25100","1860683125"
"Pagudpud","Pagudpud","18.5614","120.7878","Philippines","PH","PHL","Ilocos Norte","","25098","1608369823"
"Muliyār","Muliyar","12.5074","75.0957","India","IN","IND","Kerala","","25095","1356418745"
"Iglesias","Iglesias","39.3103","8.5372","Italy","IT","ITA","Sardegna","minor","25093","1380230224"
"Sahjanwa","Sahjanwa","26.7500","83.2167","India","IN","IND","Uttar Pradesh","","25091","1356149492"
"Rajākheri","Rajakheri","23.8593","78.7852","India","IN","IND","Madhya Pradesh","","25091","1356394598"
"Yarmouth","Yarmouth","41.6756","-70.2242","United States","US","USA","Massachusetts","","25091","1840053508"
"Kongsberg","Kongsberg","59.6500","9.6500","Norway","NO","NOR","Viken","minor","25090","1578035378"
"Zawyat ech Cheïkh","Zawyat ech Cheikh","32.6414","-5.9206","Morocco","MA","MAR","Béni Mellal-Khénifra","","25088","1504071186"
"Santo Tomás","Santo Tomas","-14.4510","-72.0820","Peru","PE","PER","Cusco","","25087","1604893836"
"Burē","Bure","10.7000","37.0667","Ethiopia","ET","ETH","Āmara","","25084","1231106866"
"Ninohe","Ninohe","40.2713","141.3048","Japan","JP","JPN","Iwate","","25083","1392003135"
"Ibiapina","Ibiapina","-3.9233","-40.8894","Brazil","BR","BRA","Ceará","minor","25082","1076549899"
"Avon","Avon","41.4485","-82.0187","United States","US","USA","Ohio","","25082","1840000641"
"Yapqan","Yapqan","39.1917","76.1656","China","CN","CHN","Xinjiang","","25081","1156953334"
"Jāfarābād","Jafarabad","20.8667","71.3667","India","IN","IND","Gujarāt","","25081","1356101098"
"Liria","Liria","39.6258","-0.5942","Spain","ES","ESP","Valencia","","25077","1724728759"
"Correggio","Correggio","44.7717","10.7806","Italy","IT","ITA","Emilia-Romagna","","25074","1380849664"
"Soccorro","Soccorro","14.6179","121.0558","Philippines","PH","PHL","Quezon","","25073","1608135320"
"Beersel","Beersel","50.7667","4.3000","Belgium","BE","BEL","Flanders","","25069","1056689003"
"Duiven","Duiven","51.9472","6.0211","Netherlands","NL","NLD","Gelderland","minor","25066","1528557240"
"Perrysburg","Perrysburg","41.5377","-83.6413","United States","US","USA","Ohio","","25065","1840000623"
"Calahorra","Calahorra","42.3000","-1.9667","Spain","ES","ESP","La Rioja","","25064","1724553946"
"Oegstgeest","Oegstgeest","52.1833","4.4667","Netherlands","NL","NLD","Zuid-Holland","minor","25064","1528455119"
"Shrīrangapattana","Shrirangapattana","12.4140","76.7040","India","IN","IND","Karnātaka","","25061","1356689943"
"Kingsville","Kingsville","27.5094","-97.8610","United States","US","USA","Texas","","25061","1840021013"
"El Karimia","El Karimia","36.1167","1.5500","Algeria","DZ","DZA","Chlef","","25060","1012816413"
"Bombinhas","Bombinhas","-27.1378","-48.5169","Brazil","BR","BRA","Santa Catarina","minor","25058","1076894216"
"Steenbergen","Steenbergen","51.5842","4.3194","Netherlands","NL","NLD","Noord-Brabant","minor","25054","1528925300"
"Bellview","Bellview","30.4620","-87.3120","United States","US","USA","Florida","","25051","1840013912"
"Imi-n-Tanout","Imi-n-Tanout","31.1600","-8.8500","Morocco","MA","MAR","Marrakech-Safi","","25049","1504593970"
"Valls","Valls","41.2883","1.2519","Spain","ES","ESP","Catalonia","","25047","1724511688"
"Huşi","Husi","46.6742","28.0597","Romania","RO","ROU","Vaslui","","25045","1642292684"
"Lanling","Lanling","23.0033","114.5671","China","CN","CHN","Guangdong","","25043","1156167543"
"Dix Hills","Dix Hills","40.8033","-73.3375","United States","US","USA","New York","","25042","1840005035"
"Nabīnagar","Nabinagar","24.6200","84.1200","India","IN","IND","Bihār","","25041","1356155865"
"Sohāgpur","Sohagpur","22.7000","78.2000","India","IN","IND","Madhya Pradesh","","25040","1356364830"
"Charentsavan","Charentsavan","40.4097","44.6431","Armenia","AM","ARM","Kotayk’","","25039","1051304472"
"Camaligan","Camaligan","13.6208","123.1656","Philippines","PH","PHL","Camarines Sur","","25036","1608478686"
"Wolfsberg","Wolfsberg","46.8500","14.8333","Austria","AT","AUT","Kärnten","minor","25035","1040360550"
"San Felipe","San Felipe","15.0619","120.0700","Philippines","PH","PHL","Zambales","","25033","1608994010"
"Meckenheim","Meckenheim","50.6333","7.0167","Germany","DE","DEU","North Rhine-Westphalia","","25031","1276114705"
"Datça","Datca","36.7283","27.6869","Turkey","TR","TUR","Muğla","minor","25029","1792696946"
"Newport","Newport","41.4801","-71.3203","United States","US","USA","Rhode Island","","25029","1840003355"
"Barwa Sāgar","Barwa Sagar","25.3799","78.7390","India","IN","IND","Uttar Pradesh","","25028","1356919877"
"Daventry","Daventry","52.2578","-1.1628","United Kingdom","GB","GBR","Northamptonshire","","25026","1826794956"
"Pangil","Pangil","14.4000","121.4700","Philippines","PH","PHL","Laguna","","25026","1608594203"
"King of Prussia","King of Prussia","40.0963","-75.3821","United States","US","USA","Pennsylvania","","25025","1840005464"
"Quirino","Quirino","17.1356","121.7350","Philippines","PH","PHL","Isabela","","25023","1608140160"
"Boussé","Bousse","12.6667","-1.8975","Burkina Faso","BF","BFA","Plateau-Central","minor","25022","1854235785"
"Loma Linda","Loma Linda","34.0450","-117.2498","United States","US","USA","California","","25021","1840020406"
"São João dos Patos","Sao Joao dos Patos","-6.4950","-43.7019","Brazil","BR","BRA","Maranhão","minor","25020","1076415753"
"Bognor Regis","Bognor Regis","50.7824","-0.6764","United Kingdom","GB","GBR","West Sussex","","25020","1826873593"
"Barki Ballia","Barki Ballia","25.4223","86.2758","India","IN","IND","Bihār","","25020","1356311518"
"Nepomuceno","Nepomuceno","-21.2358","-45.2358","Brazil","BR","BRA","Minas Gerais","minor","25018","1076022891"
"Simria","Simria","25.9663","85.8324","India","IN","IND","Bihār","","25017","1356112895"
"Trikodi","Trikodi","11.4667","75.6167","India","IN","IND","Kerala","","25015","1356008713"
"Hukeri","Hukeri","16.2300","74.6000","India","IN","IND","Karnātaka","","25014","1356892943"
"Naubatpur","Naubatpur","25.5000","84.9611","India","IN","IND","Bihār","","25011","1356033959"
"Rāmshīr","Ramshir","30.8936","49.4086","Iran","IR","IRN","Khūzestān","minor","25009","1364250700"
"Pathiyanikunnu","Pathiyanikunnu","8.7733","76.8801","India","IN","IND","Kerala","","25007","1356159683"
"Sonzacate","Sonzacate","13.7356","-89.7161","El Salvador","SV","SLV","Sonsonate","","25005","1222944408"
"Hastings","Hastings","40.5961","-98.3900","United States","US","USA","Nebraska","","25005","1840001130"
"Attili","Attili","16.7000","81.6000","India","IN","IND","Andhra Pradesh","","25004","1356502281"
"Hindley","Hindley","53.5355","-2.5658","United Kingdom","GB","GBR","Wigan","","25001","1826824753"
"Khed Brahma","Khed Brahma","24.0283","73.0414","India","IN","IND","Gujarāt","","25001","1356775137"
"Paoay","Paoay","18.0625","120.5203","Philippines","PH","PHL","Ilocos Norte","","25001","1608717163"
"Drodro","Drodro","1.7667","30.5333","Congo (Kinshasa)","CD","COD","Ituri","","25000","1180800758"
"Dbarwa","Dbarwa","15.1000","38.8333","Eritrea","ER","ERI","Debub","","25000","1232218993"
"Moyalē","Moyale","3.5270","39.0560","Ethiopia","ET","ETH","Oromīya","","25000","1231227722"
"Tegalbuleud","Tegalbuleud","-7.3578","106.6220","Indonesia","ID","IDN","Jawa Barat","","25000","1360719911"
"Kali","Kali","19.9436","77.7317","India","IN","IND","Mahārāshtra","","25000","1356724243"
"Ayirūrpāra","Ayirurpara","8.5030","76.9522","India","IN","IND","Kerala","","25000","1356162671"
"Pārner","Parner","19.0030","74.4380","India","IN","IND","Mahārāshtra","","25000","1356670291"
"Lālru","Lalru","30.4867","76.8006","India","IN","IND","Punjab","","25000","1356090094"
"Singhāna","Singhana","27.9800","75.8000","India","IN","IND","Rājasthān","","25000","1356079407"
"Kalamner","Kalamner","20.4444","78.3256","India","IN","IND","Mahārāshtra","","25000","1356691097"
"Sojītra","Sojitra","22.5500","72.7197","India","IN","IND","Gujarāt","","25000","1356754244"
"Mādha","Madha","29.1966","76.0653","India","IN","IND","Haryāna","","25000","1356080043"
"Chānasma","Chanasma","23.7200","72.1200","India","IN","IND","Gujarāt","","25000","1356102402"
"Vodurivāndlagūdem","Vodurivandlagudem","16.4286","81.1330","India","IN","IND","Andhra Pradesh","","25000","1356279469"
"Khiria Jhānsi","Khiria Jhansi","25.4639","78.5829","India","IN","IND","Uttar Pradesh","","25000","1356155230"
"Data","Data","29.2670","75.9950","India","IN","IND","Haryāna","","25000","1356614469"
"Malanvādi","Malanvadi","16.0080","73.6870","India","IN","IND","Mahārāshtra","","25000","1356063248"
"Aş Şaqlāwīyah","As Saqlawiyah","33.3964","43.6833","Iraq","IQ","IRQ","Al Anbār","","25000","1368898863"
"Shaqlāwah","Shaqlawah","36.3964","44.3436","Iraq","IQ","IRQ","Arbīl","minor","25000","1368884610"
"Ash Shūnah ash Shamālīyah","Ash Shunah ash Shamaliyah","32.6100","35.6081","Jordan","JO","JOR","Irbid","minor","25000","1400135383"
"Moyale","Moyale","3.5270","39.0560","Kenya","KE","KEN","Marsabit","","25000","1404689643"
"Vangviang","Vangviang","18.9267","102.4494","Laos","LA","LAO","Viangchan","","25000","1418562192"
"Ehden","Ehden","34.2919","35.9546","Lebanon","LB","LBN","Liban-Nord","","25000","1422592801"
"Ampahana","Ampahana","-14.7617","50.2208","Madagascar","MG","MDG","Antsiranana","","25000","1450937375"
"Fidirana","Fidirana","-19.5095","46.5655","Madagascar","MG","MDG","Antananarivo","","25000","1450335762"
"Mahatalaky","Mahatalaky","-24.7908","47.0787","Madagascar","MG","MDG","Toliara","","25000","1450981094"
"Ankazomborona","Ankazomborona","-16.1163","46.7539","Madagascar","MG","MDG","Mahajanga","","25000","1450164210"
"Antsirabe Avaratra","Antsirabe Avaratra","-13.9746","49.9724","Madagascar","MG","MDG","Antsiranana","","25000","1450349546"
"Bidur","Bidur","4.1167","101.2833","Malaysia","MY","MYS","Perak","","25000","1458028952"
"Catembe","Catembe","-26.0092","32.5667","Mozambique","MZ","MOZ","Maputo","","25000","1508571099"
"Nijverdal","Nijverdal","52.3631","6.4617","Netherlands","NL","NLD","Overijssel","minor","25000","1528550649"
"Santiago de Chuco","Santiago de Chuco","-8.1502","-78.1783","Peru","PE","PER","La Libertad","","25000","1604882492"
"Caballococha","Caballococha","-3.9058","-70.5164","Peru","PE","PER","Loreto","","25000","1604340559"
"Dainyor","Dainyor","35.9194","74.3889","Pakistan","PK","PAK","Gilgit-Baltistan","","25000","1586862411"
"Pinhal Novo","Pinhal Novo","38.6297","-8.9136","Portugal","PT","PRT","Setúbal","","25000","1620447545"
"Baxdo","Baxdo","5.7890","47.2266","Somalia","SO","SOM","Galguduud","","25000","1706255273"
"Tall Shihāb","Tall Shihab","32.6918","35.9745","Syria","SY","SYR","Dar‘ā","","25000","1760255410"
"Kibuku","Kibuku","1.0375","33.8400","Uganda","UG","UGA","Kibuku","admin","25000","1800098358"
"Sho‘rchi","Sho`rchi","38.0111","67.7875","Uzbekistan","UZ","UZB","Surxondaryo","","25000","1860901035"
"Araira","Araira","10.4525","-66.4850","Venezuela","VE","VEN","Miranda","","25000","1862607333"
"Higuerote","Higuerote","10.4833","-66.1000","Venezuela","VE","VEN","Miranda","minor","25000","1862357369"
"Norton Shores","Norton Shores","43.1621","-86.2519","United States","US","USA","Michigan","","25000","1840002873"
"Simaria","Simaria","25.4221","86.0060","India","IN","IND","Bihār","","24998","1356745818"
"Nossa Senhora das Dores","Nossa Senhora das Dores","-10.4919","-37.1928","Brazil","BR","BRA","Sergipe","minor","24996","1076135049"
"Tateyama","Tateyama","36.6636","137.3137","Japan","JP","JPN","Toyama","","24996","1392003449"
"Mohale’s Hoek","Mohale's Hoek","-30.1500","27.4667","Lesotho","LS","LSO","Mohale’s Hoek","admin","24992","1426343192"
"Sultepec","Sultepec","18.8667","-99.9500","Mexico","MX","MEX","México","minor","24986","1484381977"
"Ponta de Pedras","Ponta de Pedras","-1.3900","-48.8708","Brazil","BR","BRA","Pará","minor","24984","1076902460"
"Kabanga","Kabanga","-2.9022","30.4986","Tanzania","TZ","TZA","Kigoma","","24979","1834808900"
"Barberton","Barberton","41.0095","-81.6037","United States","US","USA","Ohio","","24977","1840000792"
"Sidhaulī","Sidhauli","27.2800","80.8300","India","IN","IND","Uttar Pradesh","","24976","1356096594"
"Tsaratanana","Tsaratanana","-16.7978","47.6509","Madagascar","MG","MDG","Mahajanga","","24971","1450412492"
"Schmallenberg","Schmallenberg","51.1490","8.2845","Germany","DE","DEU","North Rhine-Westphalia","","24970","1276002699"
"Tapa","Tapa","30.2979","75.3694","India","IN","IND","Punjab","","24970","1356153642"
"Yingshui","Yingshui","37.5061","105.1301","China","CN","CHN","Ningxia","","24969","1156144943"
"Šumperk","Sumperk","49.9653","16.9706","Czechia","CZ","CZE","Olomoucký Kraj","","24969","1203170809"
"Paduvari","Paduvari","13.8833","74.6333","India","IN","IND","Karnātaka","","24968","1356245561"
"Illiltene","Illiltene","36.5161","4.3944","Algeria","DZ","DZA","Bouira","","24965","1012954832"
"Olpe","Olpe","51.0167","7.8333","Germany","DE","DEU","North Rhine-Westphalia","minor","24961","1276501027"
"Gajwel","Gajwel","17.8517","78.6828","India","IN","IND","Andhra Pradesh","","24961","1356985510"
"Baindūr","Baindur","13.8660","74.6333","India","IN","IND","Karnātaka","","24957","1356512199"
"Sprockhövel","Sprockhovel","51.3667","7.2500","Germany","DE","DEU","North Rhine-Westphalia","","24956","1276006803"
"Syke","Syke","52.9131","8.8269","Germany","DE","DEU","Lower Saxony","","24956","1276951328"
"Springfield","Springfield","39.9281","-75.3362","United States","US","USA","Pennsylvania","","24952","1840147258"
"Romulus","Romulus","42.2237","-83.3660","United States","US","USA","Michigan","","24951","1840003963"
"La Esperanza","La Esperanza","14.8667","-91.5667","Guatemala","GT","GTM","Quetzaltenango","minor","24948","1320463184"
"Harmanli","Harmanli","41.9333","25.9000","Bulgaria","BG","BGR","Haskovo","","24947","1100003361"
"Paete","Paete","14.3700","121.4800","Philippines","PH","PHL","Laguna","","24945","1608131728"
"Rio Preto da Eva","Rio Preto da Eva","-2.6989","-59.7000","Brazil","BR","BRA","Amazonas","minor","24936","1076575566"
"Yuzhang","Yuzhang","25.3333","105.2000","China","CN","CHN","Guizhou","","24934","1156023423"
"Niscemi","Niscemi","37.1500","14.3833","Italy","IT","ITA","Sicilia","","24934","1380700929"
"Farmington","Farmington","40.9845","-111.9065","United States","US","USA","Utah","","24934","1840020142"
"Traralgon","Traralgon","-38.1958","146.5403","Australia","AU","AUS","Victoria","","24933","1036938861"
"Uherské Hradiště","Uherske Hradiste","49.0697","17.4597","Czechia","CZ","CZE","Zlínský Kraj","","24933","1203165664"
"Chivolo","Chivolo","10.0261","-74.6211","Colombia","CO","COL","Magdalena","minor","24932","1170052767"
"Cuijk","Cuijk","51.7269","5.8794","Netherlands","NL","NLD","Noord-Brabant","minor","24931","1528466383"
"Portalegre","Portalegre","39.3167","-7.4167","Portugal","PT","PRT","Portalegre","admin","24930","1620475518"
"Marneuli","Marneuli","41.4872","44.7981","Georgia","GE","GEO","Kvemo Kartli","minor","24928","1268246632"
"North Augusta","North Augusta","33.5214","-81.9547","United States","US","USA","South Carolina","","24928","1840014788"
"Ixchiguán","Ixchiguan","15.1675","-91.9319","Guatemala","GT","GTM","San Marcos","minor","24926","1320779608"
"Dalupo","Dalupo","19.4245","110.5387","China","CN","CHN","Hainan","","24923","1156159705"
"Pinillos","Pinillos","8.9167","-74.4667","Colombia","CO","COL","Bolívar","minor","24923","1170148335"
"Termini Imerese","Termini Imerese","37.9833","13.7000","Italy","IT","ITA","Sicilia","","24920","1380818198"
"Imatra","Imatra","61.1833","28.7667","Finland","FI","FIN","Etelä-Karjala","minor","24919","1246114111"
"Mundargi","Mundargi","15.2070","75.8840","India","IN","IND","Karnātaka","","24919","1356700482"
"Rathenow","Rathenow","52.6000","12.3333","Germany","DE","DEU","Brandenburg","minor","24918","1276833446"
"Três de Maio","Tres de Maio","-27.7728","-54.2400","Brazil","BR","BRA","Rio Grande do Sul","minor","24916","1076340947"
"Koumia","Koumia","12.5967","-4.6864","Mali","ML","MLI","Sikasso","","24915","1466056993"
"Nainpur","Nainpur","22.4300","80.1200","India","IN","IND","Madhya Pradesh","","24914","1356078158"
"Asino","Asino","57.0000","86.1333","Russia","RU","RUS","Tomskaya Oblast’","minor","24913","1643361400"
"Auburn Hills","Auburn Hills","42.6735","-83.2448","United States","US","USA","Michigan","","24911","1840002436"
"Elefsína","Elefsina","38.0333","23.5333","Greece","GR","GRC","Attikí","minor","24910","1300591853"
"Hunucmá","Hunucma","21.0153","-89.8744","Mexico","MX","MEX","Yucatán","minor","24910","1484800428"
"Dimasalang","Dimasalang","12.1933","123.8583","Philippines","PH","PHL","Masbate","","24909","1608843461"
"Montalbán","Montalban","10.2522","-68.3019","Venezuela","VE","VEN","Carabobo","minor","24908","1862131171"
"Wanchuan","Wanchuan","35.0875","105.8561","China","CN","CHN","Gansu","","24907","1156389532"
"Szentes","Szentes","46.6519","20.2572","Hungary","HU","HUN","Csongrád-Csanád","minor","24905","1348319560"
"Dugda","Dugda","23.7452","86.1717","India","IN","IND","Jhārkhand","","24904","1356626278"
"Broadstairs","Broadstairs","51.3589","1.4394","United Kingdom","GB","GBR","Kent","","24903","1826167465"
"Nogi","Nogi","36.2332","139.7407","Japan","JP","JPN","Tochigi","","24903","1392003268"
"Pezinok","Pezinok","48.2919","17.2661","Slovakia","SK","SVK","Bratislava","minor","24900","1703456673"
"Yaypan","Yaypan","40.3758","70.8156","Uzbekistan","UZ","UZB","Farg‘ona","minor","24900","1860703672"
"Sand","Sand","59.0886","10.4317","Norway","NO","NOR","Vestfold og Telemark","","24898","1578001129"
"Ixhuatlancillo","Ixhuatlancillo","18.9000","-97.1500","Mexico","MX","MEX","Veracruz","minor","24896","1484287458"
"Üshtöbe","Ushtobe","45.2422","77.9822","Kazakhstan","KZ","KAZ","Zhetisū","minor","24895","1398940566"
"Réthymno","Rethymno","35.3689","24.4739","Greece","GR","GRC","Kríti","minor","24893","1300036161"
"Flores Costa Cuca","Flores Costa Cuca","14.6500","-91.8167","Guatemala","GT","GTM","Quetzaltenango","minor","24888","1320176965"
"Minowa","Minowa","35.9150","137.9819","Japan","JP","JPN","Nagano","","24887","1392003517"
"Westerlo","Westerlo","51.0897","4.9153","Belgium","BE","BEL","Flanders","","24884","1056672480"
"Sora","Sora","41.7167","13.6167","Italy","IT","ITA","Lazio","","24884","1380902074"
"Kholmsk","Kholmsk","47.0500","142.0500","Russia","RU","RUS","Sakhalinskaya Oblast’","minor","24884","1643364292"
"Piracanjuba","Piracanjuba","-17.3028","-49.0178","Brazil","BR","BRA","Goiás","minor","24883","1076271266"
"Pedro Carbo","Pedro Carbo","-1.8179","-80.2330","Ecuador","EC","ECU","Guayas","","24882","1218092556"
"Kouhu","Kouhu","23.5763","120.1725","Taiwan","TW","TWN","Yunlin","","24882","1158470096"
"Martinópolis","Martinopolis","-22.1461","-51.1709","Brazil","BR","BRA","São Paulo","minor","24881","1076602644"
"Riverbank","Riverbank","37.7260","-120.9433","United States","US","USA","California","","24881","1840020286"
"Quispamsis","Quispamsis","45.4322","-65.9462","Canada","CA","CAN","New Brunswick","","24881","1124000379"
"Sahasoa","Sahasoa","-21.9480","45.9891","Madagascar","MG","MDG","Fianarantsoa","","24877","1450687379"
"Stein","Stein","50.9679","5.7652","Netherlands","NL","NLD","Limburg","minor","24875","1528261703"
"Iki","Iki","33.7497","129.6914","Japan","JP","JPN","Nagasaki","","24873","1392003437"
"Les Pavillons-sous-Bois","Les Pavillons-sous-Bois","48.9000","2.5000","France","FR","FRA","Île-de-France","","24872","1250984996"
"Villa Tapia","Villa Tapia","19.3000","-70.4200","Dominican Republic","DO","DOM","Cibao Nordeste","","24871","1214090755"
"Seal Beach","Seal Beach","33.7542","-118.0714","United States","US","USA","California","","24868","1840021965"
"Meiningen","Meiningen","50.5500","10.4167","Germany","DE","DEU","Thuringia","minor","24867","1276941916"
"Kobo","Kobo","12.1500","39.6333","Ethiopia","ET","ETH","Āmara","","24867","1231442396"
"Břeclav","Breclav","48.7589","16.8819","Czechia","CZ","CZE","Jihomoravský Kraj","","24863","1203778686"
"Almonte","Almonte","37.2667","-6.5167","Spain","ES","ESP","Andalusia","","24863","1724955448"
"Wasaga Beach","Wasaga Beach","44.5206","-80.0167","Canada","CA","CAN","Ontario","","24862","1124001919"
"Wujiaying","Wujiaying","33.1871","107.0480","China","CN","CHN","Shaanxi","","24861","1156245757"
"Karukurti","Karukurti","10.2167","76.3833","India","IN","IND","Kerala","","24860","1356080085"
"Derry","Derry","40.2709","-76.6561","United States","US","USA","Pennsylvania","","24858","1840152635"
"Kālāvad","Kalavad","22.2200","70.3800","India","IN","IND","Gujarāt","","24857","1356090795"
"Edavanakad","Edavanakad","10.0150","76.2200","India","IN","IND","Kerala","","24856","1356114351"
"Ishii","Ishii","34.0667","134.4333","Japan","JP","JPN","Tokushima","","24856","1392141128"
"Jabonga","Jabonga","9.3431","125.5156","Philippines","PH","PHL","Agusan del Norte","","24855","1608225880"
"Solsona","Solsona","18.0961","120.7725","Philippines","PH","PHL","Ilocos Norte","","24851","1608585456"
"Ādīs Zemen","Adis Zemen","12.1167","37.7833","Ethiopia","ET","ETH","Āmara","","24849","1231619970"
"Rangāpāra","Rangapara","26.8377","92.6688","India","IN","IND","Assam","","24847","1356822563"
"Madūru","Maduru","14.7616","78.6171","India","IN","IND","Andhra Pradesh","","24843","1356897345"
"Cherukara","Cherukara","9.4667","76.6000","India","IN","IND","Kerala","","24842","1356160544"
"Vernon","Vernon","49.0900","1.4900","France","FR","FRA","Normandie","","24841","1250890405"
"Valambur","Valambur","11.0000","76.2000","India","IN","IND","Kerala","","24841","1356035724"
"Liangwu","Liangwu","23.6012","111.8238","China","CN","CHN","Guangdong","","24838","1156119931"
"Rāghopur","Raghopur","25.5323","85.3809","India","IN","IND","Bihār","","24838","1356915365"
"Ghoti Budrukh","Ghoti Budrukh","19.7167","73.6333","India","IN","IND","Mahārāshtra","","24838","1356727216"
"Anivorano Avaratra","Anivorano Avaratra","-12.7410","49.2332","Madagascar","MG","MDG","Antsiranana","","24838","1450739750"
"Santa Rita do Passa Quatro","Santa Rita do Passa Quatro","-21.7100","-47.4778","Brazil","BR","BRA","São Paulo","minor","24833","1076791348"
"Sirmatpur","Sirmatpur","25.3235","87.3836","India","IN","IND","Bihār","","24830","1356181970"
"Hamme","Hamme","51.0833","4.1333","Belgium","BE","BEL","Flanders","","24829","1056862264"
"Dangila","Dangila","11.2667","36.8333","Ethiopia","ET","ETH","Āmara","","24827","1231000015"
"Banga","Banga","31.1887","75.9949","India","IN","IND","Punjab","","24827","1356028584"
"Turuttikkara","Turuttikkara","8.9438","76.6039","India","IN","IND","Kerala","","24823","1356160342"
"Bourdoud","Bourdoud","34.5922","-4.5492","Morocco","MA","MAR","Fès-Meknès","","24823","1504015338"
"Savur","Savur","37.5375","40.8892","Turkey","TR","TUR","Mardin","minor","24821","1792346583"
"Aso","Aso","32.9519","131.1214","Japan","JP","JPN","Kumamoto","","24820","1392003066"
"Westchase","Westchase","28.0597","-82.6110","United States","US","USA","Florida","","24818","1840029017"
"Perevalsk","Perevalsk","48.4333","38.8167","Ukraine","UA","UKR","Luhanska Oblast","minor","24817","1804106401"
"Tamboril","Tamboril","-4.8319","-40.3208","Brazil","BR","BRA","Ceará","minor","24815","1076937036"
"Nazareth","Nazareth","8.5580","77.9600","India","IN","IND","Tamil Nādu","","24815","1356111397"
"Centerville","Centerville","39.6339","-84.1449","United States","US","USA","Ohio","","24815","1840007308"
"Morales","Morales","8.3133","-73.8719","Colombia","CO","COL","Bolívar","minor","24811","1170533443"
"Gáldar","Galdar","28.1439","-15.6503","Spain","ES","ESP","Canary Islands","","24811","1724009145"
"Collingwood","Collingwood","44.5000","-80.2167","Canada","CA","CAN","Ontario","","24811","1124219884"
"Bāsopatti","Basopatti","26.5780","86.0052","India","IN","IND","Bihār","","24808","1356088494"
"Piat","Piat","17.7919","121.4769","Philippines","PH","PHL","Cagayan","","24805","1608280728"
"Madaoua","Madaoua","14.0762","5.9586","Niger","NE","NER","Tahoua","minor","24804","1562237869"
"General Luna","General Luna","13.6881","122.1708","Philippines","PH","PHL","Quezon","","24804","1608376950"
"Yukon","Yukon","35.5201","-97.7639","United States","US","USA","Oklahoma","","24802","1840021740"
"Thundersley","Thundersley","51.5700","0.5900","United Kingdom","GB","GBR","Essex","","24800","1826836917"
"Poblacion","Poblacion","10.1614","125.1303","Philippines","PH","PHL","Southern Leyte","","24800","1608122231"
"Kuttampuzha","Kuttampuzha","10.1500","76.7333","India","IN","IND","Kerala","","24799","1356944088"
"Pecan Grove","Pecan Grove","29.6235","-95.7330","United States","US","USA","Texas","","24798","1840019645"
"Wisbech","Wisbech","52.6640","0.1600","United Kingdom","GB","GBR","Cambridgeshire","","24797","1826161684"
"Świecie","Swiecie","53.4167","18.4333","Poland","PL","POL","Kujawsko-Pomorskie","minor","24796","1616982457"
"Icatu","Icatu","-2.7758","-44.0658","Brazil","BR","BRA","Maranhão","minor","24794","1076831989"
"Khalāri","Khalari","23.6506","85.0074","India","IN","IND","Jhārkhand","","24793","1356046558"
"Baarn","Baarn","52.2117","5.2875","Netherlands","NL","NLD","Utrecht","minor","24792","1528984547"
"Corralillo","Corralillo","22.9856","-80.5831","Cuba","CU","CUB","Villa Clara","minor","24791","1192979534"
"Voorst","Voorst","52.1692","6.1428","Netherlands","NL","NLD","Gelderland","","24790","1528065793"
"Plettenberg","Plettenberg","51.2167","7.8833","Germany","DE","DEU","North Rhine-Westphalia","","24788","1276414700"
"Turek","Turek","52.0167","18.5000","Poland","PL","POL","Wielkopolskie","minor","24788","1616094895"
"Fort Dodge","Fort Dodge","42.5098","-94.1751","United States","US","USA","Iowa","","24788","1840000439"
"Usia","Usia","25.4309","83.7075","India","IN","IND","Uttar Pradesh","","24786","1356622480"
"Suchitoto","Suchitoto","13.9333","-89.0333","El Salvador","SV","SLV","Cuscatlán","","24786","1222451223"
"Gorleston-on-Sea","Gorleston-on-Sea","52.5757","1.7235","United Kingdom","GB","GBR","Norfolk","","24785","1826692101"
"Shivganj","Shivganj","25.1500","73.0700","India","IN","IND","Rājasthān","","24785","1356629626"
"Salanso","Salanso","12.1833","-4.0833","Burkina Faso","BF","BFA","Boucle du Mouhoun","minor","24783","1854892822"
"Cambre","Cambre","43.2830","-8.3330","Spain","ES","ESP","Galicia","","24781","1724885486"
"Pamplona","Pamplona","18.4661","121.3425","Philippines","PH","PHL","Cagayan","","24781","1608804149"
"Tugaya","Tugaya","7.8840","124.1720","Philippines","PH","PHL","Lanao del Sur","","24778","1608559480"
"Guaraí","Guarai","-8.8339","-48.5100","Brazil","BR","BRA","Tocantins","minor","24775","1076025725"
"Nar’yan-Mar","Nar'yan-Mar","67.6333","53.0500","Russia","RU","RUS","Nenetskiy Avtonomnyy Okrug","admin","24775","1643685127"
"Galdácano","Galdacano","43.2306","-2.8458","Spain","ES","ESP","Basque Country","","24774","1724891889"
"Big Spring","Big Spring","32.2389","-101.4799","United States","US","USA","Texas","","24769","1840019471"
"Pepa","Pepa","-7.7106","29.7760","Congo (Kinshasa)","CD","COD","Tanganyika","","24767","1180195737"
"Pweto","Pweto","-8.4667","28.9000","Congo (Kinshasa)","CD","COD","Haut-Katanga","","24767","1180628499"
"Rudolstadt","Rudolstadt","50.7169","11.3275","Germany","DE","DEU","Thuringia","","24767","1276466405"
"Dodola","Dodola","6.9833","39.1833","Ethiopia","ET","ETH","Oromīya","","24767","1231390840"
"Beifan","Beifan","31.3881","113.5269","China","CN","CHN","Hubei","","24765","1156914087"
"San Francisco Zapotitlán","San Francisco Zapotitlan","14.5833","-91.5167","Guatemala","GT","GTM","Suchitepéquez","minor","24763","1320950165"
"Ardmore","Ardmore","34.1949","-97.1256","United States","US","USA","Oklahoma","","24757","1840019258"
"Santana","Santana","-12.9828","-44.0508","Brazil","BR","BRA","Bahia","minor","24755","1076550800"
"Kalayaan","Kalayaan","14.3280","121.4800","Philippines","PH","PHL","Laguna","","24755","1608777170"
"Jamay","Jamay","20.2900","-102.7100","Mexico","MX","MEX","Jalisco","minor","24753","1484510036"
"Bad Mergentheim","Bad Mergentheim","49.5000","9.7667","Germany","DE","DEU","Baden-Württemberg","","24752","1276714498"
"Sandusky","Sandusky","41.4468","-82.7024","United States","US","USA","Ohio","","24748","1840003433"
"Tres Isletas","Tres Isletas","-26.3500","-60.4167","Argentina","AR","ARG","Chaco","minor","24747","1032320525"
"Ban Khamen","Ban Khamen","13.8823","100.2879","Thailand","TH","THA","Nonthaburi","","24745","1764794976"
"Boureït","Boureit","34.9833","-4.9167","Morocco","MA","MAR","Tanger-Tétouan-Al Hoceïma","","24743","1504130214"
"Tuburan","Tuburan","6.6000","122.2000","Philippines","PH","PHL","Basilan","","24742","1608240278"
"Thornaby on Tees","Thornaby on Tees","54.5585","-1.3025","United Kingdom","GB","GBR","Stockton-on-Tees","","24741","1826706023"
"Villanueva","Villanueva","4.6087","-72.9288","Colombia","CO","COL","Casanare","minor","24740","1170495463"
"Kulachi","Kulachi","31.9286","70.4592","Pakistan","PK","PAK","Khyber Pakhtunkhwa","","24738","1586015711"
"Taquaritinga do Norte","Taquaritinga do Norte","-7.9001","-36.0502","Brazil","BR","BRA","Pernambuco","","24736","1076267864"
"Owando","Owando","-0.4833","15.8975","Congo (Brazzaville)","CG","COG","Cuvette","admin","24736","1178298042"
"Patian","Patian","5.8444","121.1439","Philippines","PH","PHL","Sulu","","24736","1608801724"
"Djambala","Djambala","-2.5400","14.7519","Congo (Brazzaville)","CG","COG","Plateaux","admin","24734","1178834249"
"Guaymango","Guaymango","13.7500","-89.8333","El Salvador","SV","SLV","Ahuachapán","","24731","1222351635"
"Barnegat","Barnegat","39.7668","-74.2776","United States","US","USA","New Jersey","","24731","1840081601"
"Floresta","Floresta","-8.6008","-38.5678","Brazil","BR","BRA","Pernambuco","minor","24729","1076279449"
"Lapão","Lapao","-11.3828","-41.8319","Brazil","BR","BRA","Bahia","minor","24727","1076995374"
"Zanesville","Zanesville","39.9565","-82.0132","United States","US","USA","Ohio","","24726","1840001496"
"Bāzārak","Bazarak","35.3128","69.5158","Afghanistan","AF","AFG","Panjshir","admin","24723","1004374554"
"Ain Aicha","Ain Aicha","34.4833","-4.7000","Morocco","MA","MAR","Fès-Meknès","","24723","1504818592"
"Junqueiro","Junqueiro","-9.9253","-36.4758","Brazil","BR","BRA","Alagoas","minor","24722","1076985686"
"Hertford","Hertford","51.7966","-0.0774","United Kingdom","GB","GBR","Hertfordshire","","24720","1826912872"
"Haren","Haren","52.7667","7.2167","Germany","DE","DEU","Lower Saxony","","24719","1276278460"
"Zumpango del Río","Zumpango del Rio","17.6500","-99.5000","Mexico","MX","MEX","Guerrero","minor","24719","1484750477"
"Marapanim","Marapanim","-0.7139","-47.6939","Brazil","BR","BRA","Pará","minor","24718","1076797641"
"Brasil Novo","Brasil Novo","-3.2619","-52.6678","Brazil","BR","BRA","Pará","minor","24718","1076611672"
"Delfzijl","Delfzijl","53.3333","6.9167","Netherlands","NL","NLD","Groningen","minor","24716","1528897599"
"Moron","Moron","18.5604","-74.2578","Haiti","HT","HTI","Grand’Anse","","24713","1332216244"
"Castro Alves","Castro Alves","-12.7658","-39.4278","Brazil","BR","BRA","Bahia","minor","24712","1076609570"
"Lempäälä","Lempaala","61.3167","23.7500","Finland","FI","FIN","Pirkanmaa","minor","24711","1246708138"
"Zittau","Zittau","50.8961","14.8072","Germany","DE","DEU","Saxony","","24710","1276061456"
"João Lisboa","Joao Lisboa","-5.4478","-47.4008","Brazil","BR","BRA","Maranhão","minor","24709","1076460589"
"Maçka","Macka","40.8119","39.6131","Turkey","TR","TUR","Trabzon","minor","24709","1792354178"
"Algeciras","Algeciras","2.5333","-75.3167","Colombia","CO","COL","Huila","minor","24708","1170438880"
"Ma‘bar","Ma`bar","14.7940","44.2935","Yemen","YE","YEM","Dhamār","minor","24707","1887814519"
"Zhenbeibu","Zhenbeibu","38.6275","106.0669","China","CN","CHN","Ningxia","","24706","1156014183"
"Gouna","Gouna","10.9167","-8.0000","Mali","ML","MLI","Sikasso","","24704","1466034631"
"Podatūrpeta","Podaturpeta","13.2817","79.4854","India","IN","IND","Tamil Nādu","","24703","1356639054"
"Victoria","Victoria","-4.6231","55.4525","Seychelles","SC","SYC","Mont Buxton","primary","24701","1690193579"
"G’allaorol Shahri","G'allaorol Shahri","40.0214","67.5975","Uzbekistan","UZ","UZB","Jizzax","minor","24700","1860986830"
"Mairwa","Mairwa","26.2322","84.1635","India","IN","IND","Bihār","","24697","1356004737"
"Santa Rosa","Santa Rosa","10.4456","-75.3686","Colombia","CO","COL","Bolívar","minor","24694","1170627978"
"Oga","Oga","39.8868","139.8476","Japan","JP","JPN","Akita","","24690","1392185256"
"Saltpond","Saltpond","5.2091","-1.0606","Ghana","GH","GHA","Central","","24689","1288282866"
"Betong","Betong","5.7731","101.0725","Thailand","TH","THA","Yala","minor","24688","1764484131"
"Kakonko","Kakonko","-3.2796","30.9600","Tanzania","TZ","TZA","Kigoma","","24688","1834778373"
"Morton Grove","Morton Grove","42.0423","-87.7890","United States","US","USA","Illinois","","24687","1840011299"
"Baroy","Baroy","8.0300","123.7800","Philippines","PH","PHL","Lanao del Norte","","24683","1608036111"
"Tamilisan","Tamilisan","7.9761","122.6639","Philippines","PH","PHL","Zamboanga del Norte","","24680","1608811551"
"Raška","Raska","43.2856","20.6092","Serbia","RS","SRB","Raška","admin","24680","1688129790"
"Hınıs","Hinis","39.3586","41.7003","Turkey","TR","TUR","Erzurum","minor","24680","1792385959"
"Pānapur","Panapur","25.6729","85.0715","India","IN","IND","Bihār","","24678","1356470796"
"Kajiado","Kajiado","-1.8500","36.7833","Kenya","KE","KEN","Kajiado","admin","24678","1404265412"
"Paris","Paris","33.6688","-95.5460","United States","US","USA","Texas","","24678","1840020594"
"Olesa de Montserrat","Olesa de Montserrat","41.5450","1.8944","Spain","ES","ESP","Catalonia","","24677","1724299057"
"Narutō","Naruto","35.5864","140.4136","Japan","JP","JPN","Chiba","","24677","1392984147"
"San Benito","San Benito","26.1298","-97.6440","United States","US","USA","Texas","","24677","1840022260"
"Patnāgarh","Patnagarh","20.7083","83.1326","India","IN","IND","Odisha","","24676","1356712742"
"Herzogenaurach","Herzogenaurach","49.5700","10.8819","Germany","DE","DEU","Bavaria","","24674","1276809658"
"Monte Cristi","Monte Cristi","19.8667","-71.6500","Dominican Republic","DO","DOM","Cibao Noroeste","minor","24674","1214970157"
"Stutterheim","Stutterheim","-32.5667","27.4167","South Africa","ZA","ZAF","Eastern Cape","","24673","1710990071"
"Narasingapuram","Narasingapuram","11.6038","78.5778","India","IN","IND","Tamil Nādu","","24670","1356244145"
"Libourne","Libourne","44.9200","-0.2400","France","FR","FRA","Nouvelle-Aquitaine","minor","24668","1250403589"
"Charleville-Mézières","Charleville-Mezieres","49.7719","4.7161","France","FR","FRA","Grand Est","minor","24668","1250492188"
"Shitan","Shitan","22.4546","112.5832","China","CN","CHN","Guangdong","","24667","1156422347"
"Suitland","Suitland","38.8492","-76.9225","United States","US","USA","Maryland","","24667","1840031466"
"Scotch Plains","Scotch Plains","40.6332","-74.3739","United States","US","USA","New Jersey","","24667","1840081747"
"Uauá","Uaua","-9.8419","-39.4819","Brazil","BR","BRA","Bahia","minor","24665","1076204495"
"Chandili","Chandili","19.2467","83.4058","India","IN","IND","Odisha","","24664","1356355786"
"Erandio","Erandio","43.3047","-2.9731","Spain","ES","ESP","Basque Country","","24662","1724931391"
"Jiquílpan de Juárez","Jiquilpan de Juarez","19.5900","-102.4300","Mexico","MX","MEX","Michoacán","minor","24662","1484915765"
"Miguel Calmon","Miguel Calmon","-11.4289","-40.5950","Brazil","BR","BRA","Bahia","minor","24661","1076065953"
"Kaga Bandoro","Kaga Bandoro","7.0000","19.1833","Central African Republic","CF","CAF","Nana-Grébizi","admin","24661","1140658026"
"Portão","Portao","-29.7019","-51.2419","Brazil","BR","BRA","Rio Grande do Sul","minor","24657","1076512435"
"Pāsighāt","Pasighat","28.0700","95.3300","India","IN","IND","Arunāchal Pradesh","","24656","1356208104"
"Bystrc","Bystrc","49.2247","16.5239","Czechia","CZ","CZE","Jihomoravský Kraj","","24655","1203641060"
"Lormont","Lormont","44.8792","-0.5217","France","FR","FRA","Nouvelle-Aquitaine","","24654","1250006251"
"Ternate","Ternate","14.2800","120.7200","Philippines","PH","PHL","Cavite","","24653","1608912964"
"Eidsvoll","Eidsvoll","60.3167","11.2333","Norway","NO","NOR","Viken","minor","24647","1578516896"
"Larvik","Larvik","59.0532","10.0271","Norway","NO","NOR","Vestfold og Telemark","","24647","1578938550"
"Alaçam","Alacam","41.6100","35.5950","Turkey","TR","TUR","Samsun","minor","24647","1792375686"
"Ürgüp","Urgup","38.6314","34.9131","Turkey","TR","TUR","Nevşehir","minor","24647","1792233908"
"Leoben","Leoben","47.3817","15.0972","Austria","AT","AUT","Steiermark","minor","24645","1040591429"
"Bedburg","Bedburg","51.0000","6.5625","Germany","DE","DEU","North Rhine-Westphalia","","24645","1276409548"
"Burdeos","Burdeos","14.8436","121.9697","Philippines","PH","PHL","Quezon","","24644","1608885174"
"Newton in Makerfield","Newton in Makerfield","53.4500","-2.6330","United Kingdom","GB","GBR","St. Helens","","24642","1826213063"
"Las Cabras","Las Cabras","-34.2917","-71.3097","Chile","CL","CHL","Libertador General Bernardo O’Higgins","","24640","1152883984"
"Pālakodu","Palakodu","12.3037","78.0730","India","IN","IND","Tamil Nādu","","24640","1356661099"
"Shamgarh","Shamgarh","24.1800","75.6300","India","IN","IND","Madhya Pradesh","","24637","1356586819"
"Merelbeke","Merelbeke","51.0000","3.7500","Belgium","BE","BEL","Flanders","","24634","1056415717"
"West Milford","West Milford","41.1060","-74.3914","United States","US","USA","New Jersey","","24634","1840081809"
"Bielsk Podlaski","Bielsk Podlaski","52.7667","23.2000","Poland","PL","POL","Podlaskie","minor","24633","1616037323"
"Al Qubbah","Al Qubbah","32.7568","22.2411","Libya","LY","LBY","Darnah","","24631","1434167769"
"Cloverleaf","Cloverleaf","29.7882","-95.1724","United States","US","USA","Texas","","24630","1840018248"
"Socastee","Socastee","33.6871","-79.0086","United States","US","USA","South Carolina","","24629","1840013647"
"Znamensk","Znamensk","48.5833","45.7500","Russia","RU","RUS","Astrakhanskaya Oblast’","","24628","1643760173"
"El Milagro","El Milagro","-8.0284","-79.0672","Peru","PE","PER","La Libertad","","24625","1604842741"
"Ban Bang Phun","Ban Bang Phun","13.9851","100.5701","Thailand","TH","THA","Pathum Thani","","24625","1764792338"
"Santa Maria do Pará","Santa Maria do Para","-1.3519","-47.5758","Brazil","BR","BRA","Pará","minor","24624","1076556798"
"Zwevegem","Zwevegem","50.8000","3.3333","Belgium","BE","BEL","Flanders","","24619","1056326453"
"Desnogorsk","Desnogorsk","54.1500","33.2833","Russia","RU","RUS","Smolenskaya Oblast’","","24618","1643598979"
"Belton","Belton","38.8192","-94.5335","United States","US","USA","Missouri","","24618","1840007463"
"Port St. John","Port St. John","28.4757","-80.8104","United States","US","USA","Florida","","24617","1840014079"
"Rawson","Rawson","-43.3000","-65.1000","Argentina","AR","ARG","Chubut","admin","24616","1032302344"
"Navalgund","Navalgund","15.5700","75.3700","India","IN","IND","Karnātaka","","24613","1356120941"
"San Borja","San Borja","-14.8583","-66.7475","Bolivia","BO","BOL","El Beni","","24610","1068118050"
"Iaçu","Iacu","-12.7669","-40.2119","Brazil","BR","BRA","Bahia","minor","24607","1076999933"
"Bainbridge Island","Bainbridge Island","47.6439","-122.5434","United States","US","USA","Washington","","24607","1840018409"
"Donggangli","Donggangli","39.9733","119.6406","China","CN","CHN","Hebei","","24605","1156087114"
"Waldkraiburg","Waldkraiburg","48.2167","12.4000","Germany","DE","DEU","Bavaria","","24604","1276784836"
"Queimadas","Queimadas","-10.9778","-39.6239","Brazil","BR","BRA","Bahia","minor","24602","1076400945"
"Khashuri","Khashuri","41.9975","43.5986","Georgia","GE","GEO","Shida Kartli","minor","24601","1268805813"
"Pāta Kalidindi","Pata Kalidindi","16.5014","81.2908","India","IN","IND","Andhra Pradesh","","24600","1356028407"
"Sebt Gzoula","Sebt Gzoula","32.1167","-9.0833","Morocco","MA","MAR","Marrakech-Safi","","24600","1504003595"
"Madougou","Madougou","14.3992","-3.0789","Mali","ML","MLI","Mopti","","24600","1466266536"
"Etajima","Etajima","34.2167","132.4500","Japan","JP","JPN","Hiroshima","","24596","1392003172"
"Rāmdiri","Ramdiri","25.3118","86.1023","India","IN","IND","Bihār","","24595","1356818398"
"Fatoma","Fatoma","14.6111","-4.0614","Mali","ML","MLI","Mopti","","24595","1466840309"
"Télagh","Telagh","34.7833","-0.5667","Algeria","DZ","DZA","Sidi Bel Abbès","","24594","1012464593"
"Maywood","Maywood","33.9886","-118.1877","United States","US","USA","California","","24593","1840020497"
"Wyandotte","Wyandotte","42.2113","-83.1558","United States","US","USA","Michigan","","24593","1840001849"
"Darende","Darende","38.5472","37.5111","Turkey","TR","TUR","Malatya","minor","24588","1792335600"
"Medford","Medford","39.8639","-74.8231","United States","US","USA","New Jersey","","24588","1840081614"
"Condado","Condado","-7.5858","-35.1058","Brazil","BR","BRA","Pernambuco","minor","24587","1076861646"
"Fontenay-aux-Roses","Fontenay-aux-Roses","48.7893","2.2888","France","FR","FRA","Île-de-France","","24586","1250066096"
"Gorantla","Gorantla","13.9892","77.7703","India","IN","IND","Andhra Pradesh","","24586","1356060409"
"Carrascal","Carrascal","9.3683","125.9494","Philippines","PH","PHL","Surigao del Sur","","24586","1608000823"
"Selma","Selma","36.5715","-119.6143","United States","US","USA","California","","24586","1840021567"
"Westford","Westford","42.5864","-71.4401","United States","US","USA","Massachusetts","","24584","1840053493"
"Çayeli","Cayeli","40.7500","41.0667","Turkey","TR","TUR","Rize","minor","24583","1792569066"
"Rio Tinto","Rio Tinto","-6.8028","-35.0808","Brazil","BR","BRA","Paraíba","minor","24581","1076667318"
"Irugūr","Irugur","11.0178","77.0629","India","IN","IND","Tamil Nādu","","24581","1356858696"
"Watertown","Watertown","43.9734","-75.9094","United States","US","USA","New York","","24574","1840002200"
"Reserva","Reserva","-24.6500","-50.8508","Brazil","BR","BRA","Paraná","minor","24573","1076052177"
"Calamar","Calamar","10.2500","-74.9158","Colombia","CO","COL","Bolívar","minor","24573","1170252193"
"Biharamulo","Biharamulo","-2.6333","31.3167","Tanzania","TZ","TZA","Kagera","","24573","1834491817"
"Aïn Kechera","Ain Kechera","36.7483","6.4325","Algeria","DZ","DZA","Skikda","","24572","1012670696"
"Greenbelt","Greenbelt","38.9953","-76.8885","United States","US","USA","Maryland","","24572","1840005974"
"Sept-Îles","Sept-Iles","50.2167","-66.3833","Canada","CA","CAN","Quebec","","24569","1124406431"
"Goulburn","Goulburn","-34.7558","149.7206","Australia","AU","AUS","New South Wales","","24565","1036347537"
"Panglong","Panglong","24.1003","98.3139","Burma","MM","MMR","Shan State","","24565","1104894804"
"Carlos A. Carrillo","Carlos A. Carrillo","18.3748","-95.7544","Mexico","MX","MEX","Veracruz","minor","24565","1484904757"
"Douar Ouled Ayad","Douar Ouled Ayad","32.2000","-6.7975","Morocco","MA","MAR","Casablanca-Settat","","24564","1504223555"
"Païta","Paita","-22.1289","166.3690","New Caledonia","NC","NCL","Province Sud","","24563","1540983323"
"Takhli","Takhli","15.2667","100.3500","Thailand","TH","THA","Nakhon Sawan","minor","24563","1764978785"
"El Retorno","El Retorno","2.3306","-72.6278","Colombia","CO","COL","Guaviare","minor","24562","1170783770"
"Landover","Landover","38.9241","-76.8875","United States","US","USA","Maryland","","24558","1840005956"
"Tapejara","Tapejara","-28.0678","-52.0139","Brazil","BR","BRA","Rio Grande do Sul","minor","24557","1076224015"
"Ridgeland","Ridgeland","32.4236","-90.1481","United States","US","USA","Mississippi","","24548","1840014873"
"Guabiruba","Guabiruba","-27.0858","-48.9808","Brazil","BR","BRA","Santa Catarina","minor","24543","1076001337"
"Mponela","Mponela","-13.5310","33.7393","Malawi","MW","MWI","Dowa","","24543","1454096426"
"Stjørdal","Stjordal","63.4703","10.9122","Norway","NO","NOR","Trøndelag","minor","24541","1578420419"
"Kottapeta","Kottapeta","16.7167","81.9000","India","IN","IND","Andhra Pradesh","","24539","1356033971"
"Valdivia","Valdivia","7.2890","-75.3980","Colombia","CO","COL","Antioquia","minor","24538","1170000617"
"Cheruvāranam","Cheruvaranam","9.6522","76.3179","India","IN","IND","Kerala","","24538","1356162784"
"Wierden","Wierden","52.3592","6.5931","Netherlands","NL","NLD","Overijssel","minor","24538","1528021372"
"Kerrville","Kerrville","30.0398","-99.1320","United States","US","USA","Texas","","24532","1840020908"
"Alcobaça","Alcobaca","-17.5189","-39.1958","Brazil","BR","BRA","Bahia","minor","24530","1076035694"
"Ureshinomachi-shimojuku","Ureshinomachi-shimojuku","33.1281","130.0600","Japan","JP","JPN","Saga","","24529","1392832096"
"Herndon","Herndon","38.9699","-77.3867","United States","US","USA","Virginia","","24529","1840006037"
"Santo Tomas","Santo Tomas","17.4000","121.7700","Philippines","PH","PHL","Isabela","","24528","1608577163"
"Ravānsar","Ravansar","34.7156","46.6519","Iran","IR","IRN","Kermānshāh","minor","24527","1364582269"
"Sirkhandi Bhitha","Sirkhandi Bhitha","26.6244","85.7787","India","IN","IND","Bihār","","24525","1356275032"
"Dungra Chhota","Dungra Chhota","23.1667","74.3000","India","IN","IND","Rājasthān","","24522","1356060697"
"Douar ’Ayn Dfali","Douar 'Ayn Dfali","34.5990","-5.5488","Morocco","MA","MAR","Fès-Meknès","","24521","1504477105"
"Quţūr","Qutur","30.9765","30.9532","Egypt","EG","EGY","Al Gharbīyah","","24518","1818962685"
"Malinao","Malinao","11.6431","122.3072","Philippines","PH","PHL","Aklan","","24517","1608219095"
