"Rochefort","Rochefort","45.9421","-0.9588","France","FR","FRA","Nouvelle-Aquitaine","minor","23188","1250215806"
"Lanester","Lanester","47.7647","-3.3422","France","FR","FRA","Bretagne","","23188","1250476491"
"Kazhukambalam","Kazhukambalam","10.0333","76.4000","India","IN","IND","Kerala","","23186","1356871060"
"Capoterra","Capoterra","39.1752","8.9709","Italy","IT","ITA","Sardegna","","23186","1380097598"
"Loves Park","Loves Park","42.3364","-88.9975","United States","US","USA","Illinois","","23185","1840009130"
"Itabaiana","Itabaiana","-7.3289","-35.3328","Brazil","BR","BRA","Paraíba","minor","23182","1076694926"
"Bassar","Bassar","9.2500","0.7833","Togo","TG","TGO","Kara","","23181","1768050143"
"‘Ālī Shahr","`Ali Shahr","28.9269","51.0653","Iran","IR","IRN","Būshehr","","23178","1364067141"
"Vukovar","Vukovar","45.3500","19.0033","Croatia","HR","HRV","Vukovarsko-Srijemska Županija","admin","23175","1191345427"
"Bad Soden am Taunus","Bad Soden am Taunus","50.1333","8.5000","Germany","DE","DEU","Hesse","","23174","1276847418"
"Ponmundam","Ponmundam","10.9628","75.9519","India","IN","IND","Kerala","","23173","1356467177"
"Kannamangalam Tekku","Kannamangalam Tekku","9.2167","76.4833","India","IN","IND","Kerala","","23173","1356160579"
"Maywood","Maywood","41.8798","-87.8442","United States","US","USA","Illinois","","23173","1840011294"
"Carmen","Carmen","9.0000","125.2600","Philippines","PH","PHL","Agusan del Norte","","23172","1608585358"
"Kaniv","Kaniv","49.7500","31.4667","Ukraine","UA","UKR","Cherkaska Oblast","","23172","1804910839"
"Colón","Colon","-33.8833","-61.1000","Argentina","AR","ARG","Buenos Aires","minor","23171","1032795867"
"Pajapita","Pajapita","14.7167","-92.0333","Guatemala","GT","GTM","San Marcos","minor","23171","1320459427"
"Tototlán","Tototlan","20.0833","-102.6500","Mexico","MX","MEX","Jalisco","minor","23171","1484885208"
"Cottage Lake","Cottage Lake","47.7466","-122.0755","United States","US","USA","Washington","","23170","1840037848"
"Kouoro","Kouoro","12.0147","-5.7081","Mali","ML","MLI","Sikasso","","23169","1466637738"
"Gitega","Gitega","-3.4260","29.8436","Burundi","BI","BDI","Mwaro","","23167","1108962433"
"Tūkrah","Tukrah","32.5322","20.5722","Libya","LY","LBY","Banghāzī","","23164","1434350017"
"Minamata","Minamata","32.2167","130.4000","Japan","JP","JPN","Kumamoto","","23155","1392003179"
"Apatin","Apatin","45.6667","18.9833","Serbia","RS","SRB","Apatin","admin","23155","1688081748"
"Oakdale","Oakdale","37.7618","-120.8468","United States","US","USA","California","","23155","1840020289"
"Sonepur","Sonepur","20.8333","83.9167","India","IN","IND","Odisha","","23152","1356986560"
"Jasmine Estates","Jasmine Estates","28.2930","-82.6907","United States","US","USA","Florida","","23151","1840014116"
"Colón","Colon","-32.2167","-58.1333","Argentina","AR","ARG","Entre Ríos","minor","23150","1032656120"
"Ribas do Rio Pardo","Ribas do Rio Pardo","-20.4428","-53.7589","Brazil","BR","BRA","Mato Grosso do Sul","minor","23150","1076404625"
"Abreus","Abreus","22.2806","-80.5678","Cuba","CU","CUB","Cienfuegos","","23144","1192567991"
"Senden","Senden","48.3167","10.0667","Germany","DE","DEU","Bavaria","","23143","1276555386"
"Ravulapalem","Ravulapalem","16.4833","81.9833","India","IN","IND","Andhra Pradesh","","23142","1356121536"
"Białogard","Bialogard","54.0000","15.9833","Poland","PL","POL","Zachodniopomorskie","minor","23142","1616159820"
"Bananeiras","Bananeiras","-6.7500","-35.6328","Brazil","BR","BRA","Paraíba","minor","23134","1076063648"
"Shuilin","Shuilin","23.5662","120.2340","Taiwan","TW","TWN","Yunlin","","23134","1158354409"
"Brody","Brody","50.0831","25.1477","Ukraine","UA","UKR","Lvivska Oblast","","23134","1804538798"
"Bad Salzungen","Bad Salzungen","50.8117","10.2333","Germany","DE","DEU","Thuringia","minor","23133","1276249222"
"Douar Imoukkane","Douar Imoukkane","35.0298","-4.8125","Morocco","MA","MAR","Tanger-Tétouan-Al Hoceïma","","23132","1504341644"
"Puerto Concordia","Puerto Concordia","2.6833","-72.7667","Colombia","CO","COL","Meta","minor","23131","1170046908"
"Soledad Atzompa","Soledad Atzompa","18.7500","-97.1500","Mexico","MX","MEX","Veracruz","minor","23130","1484642759"
"Chanthaburi","Chanthaburi","12.6086","102.1039","Thailand","TH","THA","Chanthaburi","admin","23130","1764151688"
"Elgin","Elgin","57.6486","-3.3153","United Kingdom","GB","GBR","Moray","","23128","1826386055"
"Neihuzhai","Neihuzhai","22.9748","115.8345","China","CN","CHN","Guangdong","","23126","1156546650"
"Lalganj","Lalganj","26.1277","80.7855","India","IN","IND","Uttar Pradesh","","23124","1356366149"
"Manage","Manage","50.5000","4.2333","Belgium","BE","BEL","Wallonia","","23122","1056832632"
"São Mamede de Infesta","Sao Mamede de Infesta","41.1934","-8.6143","Portugal","PT","PRT","Porto","","23122","1620906554"
"Mahthi","Mahthi","25.7281","86.0093","India","IN","IND","Bihār","","23121","1356868461"
"Tamiahua","Tamiahua","21.2788","-97.4462","Mexico","MX","MEX","Veracruz","minor","23120","1484634319"
"Caba","Caba","16.4316","120.3446","Philippines","PH","PHL","La Union","","23119","1608755935"
"Ottaviano","Ottaviano","40.8500","14.4775","Italy","IT","ITA","Campania","","23115","1380556398"
"Searcy","Searcy","35.2418","-91.7351","United States","US","USA","Arkansas","","23115","1840015429"
"Yásica Arriba","Yasica Arriba","19.6333","-70.6000","Dominican Republic","DO","DOM","Cibao Norte","","23114","1214961311"
"Garmisch-Partenkirchen","Garmisch-Partenkirchen","47.5000","11.0833","Germany","DE","DEU","Bavaria","minor","23112","1276000934"
"Rafael Delgado","Rafael Delgado","18.8167","-97.0667","Mexico","MX","MEX","Veracruz","minor","23112","1484016423"
"Los Arabos","Los Arabos","22.7400","-80.7161","Cuba","CU","CUB","Matanzas","minor","23111","1192836274"
"Ōno","Ono","35.4706","136.6276","Japan","JP","JPN","Gifu","","23111","1392999993"
"Roxbury","Roxbury","40.8822","-74.6523","United States","US","USA","New Jersey","","23111","1840081733"
"Singhāra Buzurg","Singhara Buzurg","25.7964","85.4539","India","IN","IND","Bihār","","23109","1356062705"
"El Ghiate","El Ghiate","32.0331","-9.1625","Morocco","MA","MAR","Marrakech-Safi","","23109","1504222954"
"Sansanding","Sansanding","13.7253","-6.0042","Mali","ML","MLI","Ségou","","23109","1466011237"
"Fânzeres","Fanzeres","41.1667","-8.5333","Portugal","PT","PRT","Porto","","23108","1620702776"
"Vuliyattara","Vuliyattara","8.5933","76.9506","India","IN","IND","Kerala","","23105","1356162673"
"Sonāri","Sonari","27.0246","95.0163","India","IN","IND","Assam","","23102","1356530240"
"Engandiyūr","Engandiyur","10.5000","76.0400","India","IN","IND","Kerala","","23101","1356825731"
"Tupiza","Tupiza","-21.4375","-65.7158","Bolivia","BO","BOL","Potosí","","23100","1068328989"
"Qiryat Mal’akhi","Qiryat Mal'akhi","31.7333","34.7500","Israel","IL","ISR","Southern","","23100","1376662881"
"La Mornaghia","La Mornaghia","36.7667","10.0167","Tunisia","TN","TUN","Manouba","","23100","1788281746"
"Hombori","Hombori","15.2789","-1.6978","Mali","ML","MLI","Mopti","","23099","1466111585"
"Gurupá","Gurupa","-1.4050","-51.6400","Brazil","BR","BRA","Pará","minor","23098","1076469550"
"Oxkutzkab","Oxkutzkab","20.3056","-89.4183","Mexico","MX","MEX","Yucatán","","23096","1484480343"
"San Juan de Aznalfarache","San Juan de Aznalfarache","37.3667","-6.0167","Spain","ES","ESP","Andalusia","","23090","1724867783"
"Sederot","Sederot","31.5250","34.5969","Israel","IL","ISR","Southern","","23090","1376365217"
"Hazel Dell","Hazel Dell","45.6797","-122.6553","United States","US","USA","Washington","","23086","1840037662"
"Bafilo","Bafilo","9.3500","1.2667","Togo","TG","TGO","Kara","","23085","1768588000"
"Mujiayu","Mujiayu","40.4097","116.9325","China","CN","CHN","Beijing","","23084","1156016439"
"Khirkiyān","Khirkiyan","22.1673","76.8614","India","IN","IND","Madhya Pradesh","","23082","1356175336"
"Sīwah","Siwah","29.2000","25.5167","Egypt","EG","EGY","Maţrūḩ","","23080","1818755237"
"Rucphen","Rucphen","51.5325","4.5583","Netherlands","NL","NLD","Noord-Brabant","minor","23080","1528156482"
"Vilāchcheri","Vilachcheri","9.8937","78.0603","India","IN","IND","Tamil Nādu","","23077","1356236924"
"Qiryat Shemona","Qiryat Shemona","33.2075","35.5697","Israel","IL","ISR","Northern","","23076","1376248603"
"Neftekumsk","Neftekumsk","44.7833","44.7667","Russia","RU","RUS","Stavropol’skiy Kray","minor","23075","1643977901"
"Tnine Lgharbia","Tnine Lgharbia","32.5719","-8.8568","Morocco","MA","MAR","Casablanca-Settat","","23074","1504401185"
"Vigonza","Vigonza","45.4500","11.9833","Italy","IT","ITA","Veneto","","23072","1380217105"
"Peters","Peters","40.2739","-80.0803","United States","US","USA","Pennsylvania","","23070","1840147982"
"Horizon City","Horizon City","31.6799","-106.1903","United States","US","USA","Texas","","23069","1840020805"
"Lengerich","Lengerich","52.1750","7.8667","Germany","DE","DEU","North Rhine-Westphalia","","23067","1276617854"
"Pallikondai","Pallikondai","12.9167","78.9333","India","IN","IND","Tamil Nādu","","23067","1356612703"
"Yakınca","Yakinca","38.3000","38.2500","Turkey","TR","TUR","Malatya","","23063","1792067051"
"Edewecht","Edewecht","53.1258","7.9825","Germany","DE","DEU","Lower Saxony","","23061","1276458945"
"Orbassano","Orbassano","45.0073","7.5369","Italy","IT","ITA","Piedmont","","23061","1380058518"
"Asafābād","Asafabad","19.3650","79.2740","India","IN","IND","Andhra Pradesh","","23059","1356547910"
"Haar","Haar","48.1000","11.7333","Germany","DE","DEU","Bavaria","","23056","1276621025"
"Dom Pedro","Dom Pedro","-5.0328","-44.4358","Brazil","BR","BRA","Maranhão","minor","23053","1076482404"
"Warragul","Warragul","-38.1500","145.9333","Australia","AU","AUS","Victoria","","23051","1036504084"
"Achí","Achi","8.5667","-74.5500","Colombia","CO","COL","Bolívar","minor","23051","1170684229"
"Velugodu","Velugodu","15.7817","78.6892","India","IN","IND","Andhra Pradesh","","23048","1356119130"
"Koussané","Koussane","14.8842","-11.2347","Mali","ML","MLI","Kayes","","23048","1466081945"
"Devonport","Devonport","-41.1800","146.3503","Australia","AU","AUS","Tasmania","","23046","1036033175"
"Youwarou","Youwarou","15.3683","-4.2628","Mali","ML","MLI","Mopti","minor","23046","1466814525"
"Laupheim","Laupheim","48.2289","9.8797","Germany","DE","DEU","Baden-Württemberg","","23044","1276003982"
"Dunajská Streda","Dunajska Streda","47.9961","17.6147","Slovakia","SK","SVK","Trnava","minor","23044","1703872671"
"Thiotte","Thiotte","18.2438","-71.8416","Haiti","HT","HTI","Sud-Est","","23041","1332831508"
"Trotwood","Trotwood","39.7926","-84.3165","United States","US","USA","Ohio","","23041","1840010582"
"Buyende","Buyende","1.1475","33.1611","Uganda","UG","UGA","Buyende","admin","23039","1800567800"
"Koiri Bigha","Koiri Bigha","25.2167","85.0667","India","IN","IND","Bihār","","23037","1356549037"
"Ensley","Ensley","30.5259","-87.2733","United States","US","USA","Florida","","23036","1840013104"
"Lysander","Lysander","43.1799","-76.3745","United States","US","USA","New York","","23035","1840058273"
"Copertino","Copertino","40.2667","18.0500","Italy","IT","ITA","Puglia","","23033","1380260824"
"Mangidy","Mangidy","-21.2569","46.7952","Madagascar","MG","MDG","Fianarantsoa","","23033","1450650738"
"Kapolei","Kapolei","21.3399","-158.0677","United States","US","USA","Hawaii","","23033","1840025211"
"Monte Alegre","Monte Alegre","-6.0678","-35.3319","Brazil","BR","BRA","Rio Grande do Norte","minor","23031","1076839231"
"Bataguaçu","Bataguacu","-21.7139","-52.4219","Brazil","BR","BRA","Mato Grosso do Sul","minor","23031","1076342312"
"Anjarkandi","Anjarkandi","11.8822","75.5097","India","IN","IND","Kerala","","23030","1356069884"
"North Platte","North Platte","41.1263","-100.7641","United States","US","USA","Nebraska","","23030","1840008251"
"Oliveira do Bairro","Oliveira do Bairro","40.5167","-8.5000","Portugal","PT","PRT","Aveiro","minor","23028","1620488479"
"Dalnerechensk","Dalnerechensk","45.9333","133.7333","Russia","RU","RUS","Primorskiy Kray","minor","23028","1643306858"
"Nova Milanese","Nova Milanese","45.5833","9.2000","Italy","IT","ITA","Lombardy","","23027","1380767371"
"Frontera","Frontera","18.5336","-92.6469","Mexico","MX","MEX","Tabasco","minor","23024","1484000527"
"Shiling","Shiling","27.3576","105.1535","China","CN","CHN","Guizhou","","23023","1156800255"
"Tembagapura","Tembagapura","-4.1428","137.0906","Indonesia","ID","IDN","Papua Tengah","minor","23022","1360289992"
"Tubungan","Tubungan","10.7800","122.3000","Philippines","PH","PHL","Iloilo","","23021","1608093467"
"Curumaní","Curumani","9.2000","-73.5500","Colombia","CO","COL","Cesar","minor","23018","1170847203"
"Kulattuppālaiyam","Kulattuppalaiyam","10.7613","77.5843","India","IN","IND","Tamil Nādu","","23018","1356227710"
"Ain Dfali","Ain Dfali","34.5984","-5.5473","Morocco","MA","MAR","Rabat-Salé-Kénitra","","23018","1504618863"
"Nagykőrös","Nagykoros","47.0331","19.7839","Hungary","HU","HUN","Pest","minor","23016","1348967171"
"Ladner","Ladner","49.0833","-123.0833","Canada","CA","CAN","British Columbia","","23016","1124098513"
"Mednogorsk","Mednogorsk","51.4222","57.5953","Russia","RU","RUS","Orenburgskaya Oblast’","minor","23013","1643650403"
"Khairā Tolā","Khaira Tola","26.8958","84.1403","India","IN","IND","Bihār","","23011","1356404750"
"Hudson","Hudson","41.2399","-81.4408","United States","US","USA","Ohio","","23007","1840007138"
"Harborne","Harborne","52.4600","-1.9500","United Kingdom","GB","GBR","Birmingham","","23001","1826937093"
"Xingang","Xingang","28.9294","112.3160","China","CN","CHN","Hunan","","23000","1156782631"
"Gyêgu","Gyegu","33.0166","96.7333","China","CN","CHN","Qinghai","minor","23000","1156604060"
"Zhaoling","Zhaoling","27.5975","113.1156","China","CN","CHN","Hunan","","23000","1156544091"
"Rawtenstall","Rawtenstall","53.6990","-2.2910","United Kingdom","GB","GBR","Lancashire","","23000","1826204769"
"Hailsham","Hailsham","50.8647","0.2577","United Kingdom","GB","GBR","East Sussex","","23000","1826151855"
"Majdel Aanjar","Majdel Aanjar","33.7075","35.9039","Lebanon","LB","LBN","Béqaa","","23000","1422228495"
"Ambohitrarivo","Ambohitrarivo","-17.4772","48.3541","Madagascar","MG","MDG","Toamasina","","23000","1450446247"
"Mahela","Mahela","-20.9687","48.4412","Madagascar","MG","MDG","Fianarantsoa","","23000","1450069784"
"Marovato","Marovato","-15.7830","48.0861","Madagascar","MG","MDG","Mahajanga","","23000","1450492624"
"Farahalana","Farahalana","-14.4272","50.1521","Madagascar","MG","MDG","Antsiranana","","23000","1450865823"
"Analamisampy","Analamisampy","-22.4767","43.6617","Madagascar","MG","MDG","Toliara","","23000","1450834889"
"Ambohitoaka","Ambohitoaka","-16.0053","47.6498","Madagascar","MG","MDG","Mahajanga","","23000","1450398424"
"Miantsoarivo","Miantsoarivo","-19.1964","47.4109","Madagascar","MG","MDG","Antananarivo","","23000","1450237098"
"Ankaramy","Ankaramy","-13.9809","48.1804","Madagascar","MG","MDG","Mahajanga","","23000","1450209200"
"Ankilizato","Ankilizato","-20.4088","45.0463","Madagascar","MG","MDG","Toliara","","23000","1450796220"
"Andalatanosy","Andalatanosy","-24.6713","45.5976","Madagascar","MG","MDG","Toliara","","23000","1450638418"
"Kungsbacka","Kungsbacka","57.4833","12.0667","Sweden","SE","SWE","Halland","minor","23000","1752375831"
"Ka-Bungeni","Ka-Bungeni","-23.2060","30.2240","South Africa","ZA","ZAF","Limpopo","","23000","1710486553"
"Carletonville","Carletonville","-26.3581","27.3981","South Africa","ZA","ZAF","Gauteng","","23000","1710257170"
"Dindori","Dindori","22.9414","81.0797","India","IN","IND","Madhya Pradesh","","22997","1356626889"
"Candiac","Candiac","45.3800","-73.5200","Canada","CA","CAN","Quebec","","22997","1124457982"
"Valencia","Valencia","-0.9525","-79.3531","Ecuador","EC","ECU","Los Ríos","minor","22996","1218923469"
"Despotovac","Despotovac","44.0833","21.4333","Serbia","RS","SRB","Despotovac","admin","22995","1688388893"
"Wichian Buri","Wichian Buri","15.6578","101.1060","Thailand","TH","THA","Phetchabun","minor","22995","1764906431"
"Nový Jičín","Novy Jicin","49.5944","18.0103","Czechia","CZ","CZE","Moravskoslezský Kraj","","22993","1203475212"
"Panelas","Panelas","-8.6639","-36.0058","Brazil","BR","BRA","Pernambuco","minor","22991","1076525779"
"Olivet","Olivet","47.8639","1.9006","France","FR","FRA","Centre-Val de Loire","","22988","1250759195"
"Stoneham","Stoneham","42.4741","-71.0972","United States","US","USA","Massachusetts","","22986","1840053487"
"Fishkill","Fishkill","41.5129","-73.9271","United States","US","USA","New York","","22986","1840004748"
"Douar Azla","Douar Azla","35.5564","-5.2453","Morocco","MA","MAR","Tanger-Tétouan-Al Hoceïma","","22985","1504601982"
"Ivoti","Ivoti","-29.5908","-51.1608","Brazil","BR","BRA","Rio Grande do Sul","minor","22983","1076815528"
"Litoměřice","Litomerice","50.5342","14.1328","Czechia","CZ","CZE","Ústecký Kraj","","22983","1203149283"
"Mobetsu","Mobetsu","44.3500","143.3500","Japan","JP","JPN","Hokkaidō","","22983","1392557863"
"Lisse","Lisse","52.2500","4.5500","Netherlands","NL","NLD","Zuid-Holland","minor","22982","1528160050"
"Vandiperiyār","Vandiperiyar","9.5700","77.0906","India","IN","IND","Kerala","","22978","1356080480"
"Emirdağ","Emirdag","39.0167","31.1500","Turkey","TR","TUR","Afyonkarahisar","minor","22978","1792515671"
"Lagoa","Lagoa","37.1347","-8.4528","Portugal","PT","PRT","Faro","minor","22975","1620217287"
"Yaguachi Nuevo","Yaguachi Nuevo","-2.1200","-79.6900","Ecuador","EC","ECU","Guayas","","22972","1218680506"
"Labuleng","Labuleng","35.1973","102.5187","China","CN","CHN","Gansu","minor","22970","1156140988"
"Bormujos","Bormujos","37.3667","-6.0667","Spain","ES","ESP","Andalusia","","22970","1724359655"
"Malinalco","Malinalco","18.9483","-99.4947","Mexico","MX","MEX","México","minor","22970","1484454332"
"Essa","Essa","44.2500","-79.7833","Canada","CA","CAN","Ontario","","22970","1124001569"
"Latauna","Latauna","26.0912","86.8809","India","IN","IND","Bihār","","22968","1356753749"
"Radcliff","Radcliff","37.8204","-85.9365","United States","US","USA","Kentucky","","22967","1840014329"
"Sandviken","Sandviken","60.6167","16.7667","Sweden","SE","SWE","Gävleborg","minor","22965","1752810020"
"Manuel B. Gonnet","Manuel B. Gonnet","-34.8500","-58.0167","Argentina","AR","ARG","Buenos Aires","","22963","1032782726"
"March","March","52.5510","0.0880","United Kingdom","GB","GBR","Cambridgeshire","","22963","1826775634"
"Encantado","Encantado","-29.2358","-51.8700","Brazil","BR","BRA","Rio Grande do Sul","minor","22962","1076221232"
"Minbu","Minbu","20.1800","94.8700","Burma","MM","MMR","Magway","","22962","1104239805"
"Frederikshavn","Frederikshavn","57.4337","10.5333","Denmark","DK","DNK","Nordjylland","minor","22961","1208910213"
"Nikaho","Nikaho","39.2030","139.9077","Japan","JP","JPN","Akita","","22958","1392175644"
"Paradise","Paradise","47.5333","-52.8667","Canada","CA","CAN","Newfoundland and Labrador","","22957","1124001159"
"Dabeiba","Dabeiba","7.0000","-76.2500","Colombia","CO","COL","Antioquia","minor","22954","1170194523"
"Las Breñas","Las Brenas","-27.0667","-61.0667","Argentina","AR","ARG","Chaco","minor","22953","1032967158"
"Scherpenheuvel","Scherpenheuvel","50.9797","4.9764","Belgium","BE","BEL","Flanders","","22952","1056346547"
"Kamabougou","Kamabougou","12.4822","-6.7911","Mali","ML","MLI","Koulikoro","","22949","1466468833"
"Loos","Loos","50.6128","3.0144","France","FR","FRA","Hauts-de-France","","22948","1250834480"
"Muttupet","Muttupet","10.3950","79.4935","India","IN","IND","Tamil Nādu","","22945","1356647743"
"Minbya","Minbya","20.3622","93.2733","Burma","MM","MMR","Rakhine State","","22944","1104858010"
"Mékhé","Mekhe","15.1135","-16.6316","Senegal","SN","SEN","Thiès","","22944","1686246700"
"Hopewell","Hopewell","37.2915","-77.2985","United States","US","USA","Virginia","","22944","1840003859"
"Abu","Abu","24.5925","72.7083","India","IN","IND","Rājasthān","","22943","1356598126"
"Torcy","Torcy","48.8502","2.6508","France","FR","FRA","Île-de-France","minor","22939","1250780004"
"Klatovy","Klatovy","49.3953","13.2950","Czechia","CZ","CZE","Plzeňský Kraj","","22938","1203400126"
"Prairie Village","Prairie Village","38.9874","-94.6362","United States","US","USA","Kansas","","22937","1840001644"
"Nijlen","Nijlen","51.1611","4.6703","Belgium","BE","BEL","Flanders","","22936","1056215628"
"Clifton","Clifton","52.9040","-1.1770","United Kingdom","GB","GBR","Nottingham","","22936","1826911348"
"Huaibaijie","Huaibaijie","35.7050","109.5828","China","CN","CHN","Shaanxi","","22935","1156051925"
"San Felíu de Guixols","San Feliu de Guixols","41.7833","3.0333","Spain","ES","ESP","Catalonia","","22934","1724736863"
"Vyshhorod","Vyshhorod","50.5833","30.5000","Ukraine","UA","UKR","Kyivska Oblast","minor","22933","1804392856"
"Swinton","Swinton","53.5122","-2.3412","United Kingdom","GB","GBR","Salford","","22931","1826572295"
"Dover","Dover","40.0019","-76.8698","United States","US","USA","Pennsylvania","","22931","1840001442"
"Ardahan","Ardahan","41.1111","42.7022","Turkey","TR","TUR","Ardahan","admin","22927","1792379425"
"Famaillá","Famailla","-27.0500","-65.4000","Argentina","AR","ARG","Tucumán","minor","22924","1032521528"
"Stadthagen","Stadthagen","52.3247","9.2069","Germany","DE","DEU","Lower Saxony","minor","22924","1276512771"
"Keene","Keene","42.9494","-72.2998","United States","US","USA","New Hampshire","","22923","1840003050"
"Bathgate","Bathgate","55.9024","-3.6431","United Kingdom","GB","GBR","West Lothian","","22920","1826881376"
"Itaocara","Itaocara","-21.6789","-42.0819","Brazil","BR","BRA","Rio de Janeiro","minor","22919","1076973020"
"Biancavilla","Biancavilla","37.6453","14.8636","Italy","IT","ITA","Sicilia","","22918","1380858870"
"Gubakha","Gubakha","58.8706","57.5933","Russia","RU","RUS","Permskiy Kray","minor","22915","1643737905"
"Pul-e ‘Alam","Pul-e `Alam","33.9808","69.0350","Afghanistan","AF","AFG","Lōgar","admin","22914","1004180853"
"Market Harborough","Market Harborough","52.4775","-0.9206","United Kingdom","GB","GBR","Leicestershire","","22911","1826292544"
"Nyakrom","Nyakrom","5.6103","-0.7877","Ghana","GH","GHA","Central","","22911","1288290852"
"Wulongpu","Wulongpu","37.9356","110.3566","China","CN","CHN","Shaanxi","","22910","1156161458"
"Laguna de Duero","Laguna de Duero","41.5833","-4.7167","Spain","ES","ESP","Castille-Leon","","22907","1724571345"
"Dialakoroba","Dialakoroba","12.2664","-7.9261","Mali","ML","MLI","Koulikoro","","22907","1466374326"
"West Springfield","West Springfield","38.7771","-77.2268","United States","US","USA","Virginia","","22905","1840006041"
"Bhirāha","Bhiraha","25.7978","86.0736","India","IN","IND","Bihār","","22904","1356163268"
"Zduńska Wola","Zdunska Wola","51.6000","18.9667","Poland","PL","POL","Łódzkie","minor","22904","1616720651"
"Deuil-la-Barre","Deuil-la-Barre","48.9767","2.3272","France","FR","FRA","Île-de-France","","22903","1250595652"
"Shahriston","Shahriston","39.7667","68.8167","Tajikistan","TJ","TJK","Sughd","minor","22903","1762671207"
"Jequitinhonha","Jequitinhonha","-16.4339","-41.0028","Brazil","BR","BRA","Minas Gerais","minor","22902","1076638879"
"Vadakarai Kīl Pidāgai","Vadakarai Kil Pidagai","9.0401","77.2741","India","IN","IND","Tamil Nādu","","22900","1356212260"
"Kotido","Kotido","3.0061","34.1125","Uganda","UG","UGA","Kotido","admin","22900","1800371285"
"Shurugwi","Shurugwi","-19.6667","30.0000","Zimbabwe","ZW","ZWE","Midlands","","22900","1716870364"
"New Brighton","New Brighton","45.0658","-93.2060","United States","US","USA","Minnesota","","22900","1840007841"
"Ayos","Ayos","3.9069","12.5272","Cameroon","CM","CMR","Centre","","22899","1120902688"
"El Palmar","El Palmar","37.9422","-1.1614","Spain","ES","ESP","Murcia","","22897","1724761061"
"Wellington","Wellington","52.7001","-2.5157","United Kingdom","GB","GBR","Telford and Wrekin","","22897","1826979862"
"Colorado","Colorado","-22.8378","-51.9728","Brazil","BR","BRA","Paraná","minor","22896","1076860546"
"Apolda","Apolda","51.0167","11.5167","Germany","DE","DEU","Thuringia","minor","22896","1276857102"
"Dorohoi","Dorohoi","47.9597","26.3997","Romania","RO","ROU","Botoşani","","22893","1642539172"
"Challans","Challans","46.8467","-1.8781","France","FR","FRA","Pays de la Loire","","22890","1250531482"
"Trebišov","Trebisov","48.6333","21.7167","Slovakia","SK","SVK","Košice","minor","22890","1703917090"
"Vellalūr","Vellalur","10.9775","77.0260","India","IN","IND","Tamil Nādu","","22888","1356551522"
"Losser","Losser","52.2617","7.0044","Netherlands","NL","NLD","Overijssel","minor","22888","1528246399"
"Lermontov","Lermontov","44.1167","42.9833","Russia","RU","RUS","Stavropol’skiy Kray","minor","22887","1643313776"
"Pointe à Raquettes","Pointe a Raquettes","18.7847","-73.0617","Haiti","HT","HTI","Ouest","","22886","1332151637"
"Hollola","Hollola","60.9867","25.5167","Finland","FI","FIN","Päijät-Häme","minor","22885","1246266596"
"La Democracia","La Democracia","14.2308","-90.9472","Guatemala","GT","GTM","Escuintla","minor","22884","1320578325"
"Garoua Boulaï","Garoua Boulai","5.8833","14.5500","Cameroon","CM","CMR","Est","","22882","1120290274"
"Kocaali","Kocaali","41.0547","30.8503","Turkey","TR","TUR","Sakarya","minor","22882","1792708434"
"Zeewolde","Zeewolde","52.3333","5.5167","Netherlands","NL","NLD","Flevoland","minor","22879","1528306050"
"Ramos","Ramos","15.6667","120.6417","Philippines","PH","PHL","Tarlac","","22879","1608310757"
"Kalat","Kalat","29.0300","66.5890","Pakistan","PK","PAK","Balochistan","minor","22879","1586475161"
"Luruaco","Luruaco","10.6083","-75.1417","Colombia","CO","COL","Atlántico","minor","22878","1170268775"
"Marcinelle","Marcinelle","50.3992","4.4469","Belgium","BE","BEL","Wallonia","","22877","1056671258"
"Rivera","Rivera","2.7853","-75.2589","Colombia","CO","COL","Huila","minor","22877","1170362771"
"Mahādebnagar","Mahadebnagar","24.6896","87.9384","India","IN","IND","West Bengal","","22876","1356296868"
"Mendeleyevsk","Mendeleyevsk","55.9000","52.3333","Russia","RU","RUS","Tatarstan","","22875","1643860674"
"Ekeren","Ekeren","51.2833","4.4167","Belgium","BE","BEL","Flanders","","22874","1056130684"
"Watertown","Watertown","43.1893","-88.7285","United States","US","USA","Wisconsin","","22873","1840003000"
"Duncan","Duncan","34.5408","-97.9215","United States","US","USA","Oklahoma","","22872","1840019253"
"Northwich","Northwich","53.2590","-2.5180","United Kingdom","GB","GBR","Cheshire West and Chester","","22871","1826122027"
"Pietrasanta","Pietrasanta","43.9452","10.2183","Italy","IT","ITA","Tuscany","","22870","1380628379"
"Baile Átha Luain","Baile Atha Luain","53.4236","-7.9425","Ireland","IE","IRL","Westmeath","","22869","1372885521"
"Viga","Viga","13.8700","124.3000","Philippines","PH","PHL","Catanduanes","","22869","1608216822"
"Calabasas","Calabasas","34.1375","-118.6689","United States","US","USA","California","","22869","1840019234"
"Corinth","Corinth","33.1434","-97.0682","United States","US","USA","Texas","","22868","1840019389"
"Guadalupe","Guadalupe","2.0250","-75.7572","Colombia","CO","COL","Huila","minor","22867","1170375870"
"Bhadās","Bhadas","25.5184","86.4434","India","IN","IND","Bihār","","22866","1356302743"
"Garden City","Garden City","40.7266","-73.6447","United States","US","USA","New York","","22866","1840005289"
"Genzano di Roma","Genzano di Roma","41.7022","12.6925","Italy","IT","ITA","Lazio","","22865","1380051338"
"Vale de Cambra","Vale de Cambra","40.8500","-8.4000","Portugal","PT","PRT","Aveiro","minor","22864","1620033828"
"Winchester","Winchester","42.4518","-71.1463","United States","US","USA","Massachusetts","","22862","1840053496"
"Golitsyno","Golitsyno","55.6147","36.9872","Russia","RU","RUS","Moskovskaya Oblast’","","22861","1643646490"
"Araçariguama","Aracariguama","-23.4386","-47.0614","Brazil","BR","BRA","São Paulo","minor","22860","1076653796"
"Waltham Abbey","Waltham Abbey","51.6846","0.0004","United Kingdom","GB","GBR","Essex","","22859","1826980531"
"Malacatancito","Malacatancito","15.2167","-91.5167","Guatemala","GT","GTM","Huehuetenango","minor","22859","1320075688"
"Nazca","Nazca","-14.8289","-74.9436","Peru","PE","PER","Ica","","22859","1604291738"
"Watertown","Watertown","44.9094","-97.1532","United States","US","USA","South Dakota","","22859","1840002156"
"Patacamaya","Patacamaya","-17.2333","-67.9167","Bolivia","BO","BOL","La Paz","","22858","1068827645"
"Wallenhorst","Wallenhorst","52.3500","8.0167","Germany","DE","DEU","Lower Saxony","","22855","1276580914"
"Maisons-Laffitte","Maisons-Laffitte","48.9469","2.1456","France","FR","FRA","Île-de-France","","22855","1250804380"
"Oteiza","Oteiza","8.7437","126.2214","Philippines","PH","PHL","Surigao del Sur","","22855","1608974134"
"Azové","Azove","6.9500","1.7000","Benin","BJ","BEN","Couffo","","22853","1204299072"
"General Luna","General Luna","9.7830","126.1560","Philippines","PH","PHL","Surigao del Norte","","22853","1608814874"
"Sarandi","Sarandi","-27.9439","-52.9228","Brazil","BR","BRA","Rio Grande do Sul","minor","22851","1076885857"
"Ventimiglia","Ventimiglia","43.7903","7.6083","Italy","IT","ITA","Liguria","","22851","1380716377"
"Vagos","Vagos","40.5553","-8.6814","Portugal","PT","PRT","Aveiro","minor","22851","1620705657"
"Hadyach","Hadyach","50.3667","34.0000","Ukraine","UA","UKR","Poltavska Oblast","","22851","1804805894"
"Blangmangat","Blangmangat","5.1881","97.1403","Indonesia","ID","IDN","Aceh","","22850","1360562688"
"Arcos de Valdevez","Arcos de Valdevez","41.8500","-8.4167","Portugal","PT","PRT","Viana do Castelo","minor","22847","1620183489"
"Coralville","Coralville","41.6990","-91.5967","United States","US","USA","Iowa","","22846","1840007076"
"Villanueva de la Cañada","Villanueva de la Canada","40.4500","-3.9833","Spain","ES","ESP","Madrid","","22845","1724000272"
"El Calafate","El Calafate","-50.3378","-72.2600","Argentina","AR","ARG","Santa Cruz","minor","22844","1032210475"
"Guanajay","Guanajay","22.9306","-82.6881","Cuba","CU","CUB","Artemisa","minor","22839","1192568960"
"Nayāgaon","Nayagaon","26.7486","76.3273","India","IN","IND","Rājasthān","","22839","1356267504"
"Tadmaït","Tadmait","36.7500","3.9000","Algeria","DZ","DZA","Boumerdes","","22838","1012245949"
"Chitarpur","Chitarpur","23.5794","85.6548","India","IN","IND","Jhārkhand","","22837","1356110582"
"Naolinco de Victoria","Naolinco de Victoria","19.6367","-96.8525","Mexico","MX","MEX","Veracruz","minor","22835","1484476201"
"Dokuchaievsk","Dokuchaievsk","47.7519","37.6783","Ukraine","UA","UKR","Donetska Oblast","","22835","1804462209"
"Valašské Meziříčí","Valasske Mezirici","49.4717","17.9711","Czechia","CZ","CZE","Zlínský Kraj","","22833","1203786401"
"Selvazzano Dentro","Selvazzano Dentro","45.3898","11.7859","Italy","IT","ITA","Veneto","","22832","1380351916"
"Qaţanā","Qatana","33.4376","36.0789","Syria","SY","SYR","Rīf Dimashq","minor","22831","1760346496"
"Cajabamba","Cajabamba","-7.6237","-78.0460","Peru","PE","PER","Cajamarca","minor","22830","1604780784"
"Xinsi","Xinsi","34.6503","104.6302","China","CN","CHN","Gansu","","22829","1156092051"
"Ahwa","Ahwa","20.7500","73.6833","India","IN","IND","Gujarāt","","22829","1356037120"
"Ramona","Ramona","33.0474","-116.8766","United States","US","USA","California","","22829","1840019346"
"Erdington","Erdington","52.5236","-1.8378","United Kingdom","GB","GBR","Birmingham","","22828","1826744205"
"Auch","Auch","43.6465","0.5855","France","FR","FRA","Occitanie","minor","22825","1250746513"
"Nogoyá","Nogoya","-32.4000","-59.8000","Argentina","AR","ARG","Entre Ríos","minor","22824","1032062118"
"Pawni","Pawni","20.7800","79.6300","India","IN","IND","Mahārāshtra","","22821","1356506430"
"Christiansburg","Christiansburg","37.1406","-80.4036","United States","US","USA","Virginia","","22820","1840006447"
"Torre del Mar","Torre del Mar","36.7500","-4.0833","Spain","ES","ESP","Andalusia","","22819","1724657999"
"Tassin-la-Demi-Lune","Tassin-la-Demi-Lune","45.7640","4.7800","France","FR","FRA","Auvergne-Rhône-Alpes","","22819","1250210852"
"Bressanone","Bressanone","46.7165","11.6579","Italy","IT","ITA","Trentino-Alto Adige","","22816","1380666737"
"Balen","Balen","51.1708","5.1697","Belgium","BE","BEL","Flanders","","22813","1056866817"
"Tadotsu","Tadotsu","34.2667","133.7500","Japan","JP","JPN","Kagawa","","22813","1392003312"
"Kagadi","Kagadi","0.9411","30.8108","Uganda","UG","UGA","Kagadi","admin","22813","1800935733"
"Siqueira Campos","Siqueira Campos","-23.6889","-49.8339","Brazil","BR","BRA","Paraná","minor","22811","1076393725"
"Yanshanbu","Yanshanbu","26.3326","107.1071","China","CN","CHN","Guizhou","","22811","1156227642"
"Saint-Dizier","Saint-Dizier","48.6383","4.9497","France","FR","FRA","Grand Est","minor","22811","1250642464"
"Camilo Ponce Enríquez","Camilo Ponce Enriquez","-3.0500","-79.7333","Ecuador","EC","ECU","Azuay","","22810","1218840796"
"Zunheboto","Zunheboto","26.0146","94.5264","India","IN","IND","Nāgāland","","22809","1356223921"
"Pulimāthu","Pulimathu","8.7420","76.8941","India","IN","IND","Kerala","","22808","1356162112"
"Manosque","Manosque","43.8342","5.7839","France","FR","FRA","Provence-Alpes-Côte d’Azur","","22807","1250372631"
"Beek en Donk","Beek en Donk","51.5161","5.6208","Netherlands","NL","NLD","Noord-Brabant","minor","22805","1528543857"
"Nāḩiyat al Kifl","Nahiyat al Kifl","32.2302","44.3817","Iraq","IQ","IRQ","Bābil","","22800","1368308216"
"Beshariq","Beshariq","40.4358","70.6103","Uzbekistan","UZ","UZB","Farg‘ona","minor","22800","1860775601"
"Kapfenberg","Kapfenberg","47.4333","15.2833","Austria","AT","AUT","Steiermark","","22798","1040864298"
"Pitogo","Pitogo","13.7850","122.0881","Philippines","PH","PHL","Quezon","","22798","1608648467"
"Pedra","Pedra","-8.5006","-36.9456","Brazil","BR","BRA","Pernambuco","minor","22795","1076436337"
"Frascati","Frascati","41.8167","12.6833","Italy","IT","ITA","Lazio","","22794","1380415659"
"Ashland","Ashland","37.6942","-122.1159","United States","US","USA","California","","22784","1840017619"
"Sèvres","Sevres","48.8239","2.2117","France","FR","FRA","Île-de-France","","22782","1250240744"
"Achhnera","Achhnera","27.1800","77.7700","India","IN","IND","Uttar Pradesh","","22781","1356781878"
"Ait Bouziyane","Ait Bouziyane","33.8167","-5.2749","Morocco","MA","MAR","Fès-Meknès","","22780","1504248874"
"Lumbatan","Lumbatan","7.7850","124.2560","Philippines","PH","PHL","Lanao del Sur","","22780","1608418624"
"Gormi","Gormi","26.6003","78.5119","India","IN","IND","Madhya Pradesh","","22779","1356378955"
"Lunbei","Lunbei","23.7789","120.3331","Taiwan","TW","TWN","Yunlin","","22777","1158459635"
"Laguna Beach","Laguna Beach","33.5455","-117.7613","United States","US","USA","California","","22777","1840020587"
"Bonney Lake","Bonney Lake","47.1791","-122.1700","United States","US","USA","Washington","","22776","1840018454"
"Cartago","Cartago","9.8667","-83.9167","Costa Rica","CR","CRI","Cartago","admin","22775","1188911724"
"Naraura","Naraura","28.1967","78.3814","India","IN","IND","Uttar Pradesh","","22775","1356087509"
"San José Ojetenam","San Jose Ojetenam","15.2167","-91.9667","Guatemala","GT","GTM","San Marcos","minor","22768","1320556269"
"Butig","Butig","7.7239","124.3011","Philippines","PH","PHL","Lanao del Sur","","22768","1608715004"
"Kungälv","Kungalv","57.8667","11.9667","Sweden","SE","SWE","Västra Götaland","minor","22768","1752531521"
"Cataño","Catano","18.4375","-66.1440","Puerto Rico","PR","PRI","Puerto Rico","","22768","1630023554"
"Amoucha","Amoucha","36.3833","5.4167","Algeria","DZ","DZA","Sétif","","22767","1012766595"
"Ogre","Ogre","56.8169","24.6047","Latvia","LV","LVA","Ogre","admin","22767","1428832851"
"Pariyāpuram","Pariyapuram","11.0146","75.8746","India","IN","IND","Kerala","","22766","1356043346"
"Kavallemmāvu","Kavallemmavu","9.4361","76.8819","India","IN","IND","Kerala","","22765","1356161569"
"Kodarmā","Kodarma","24.4675","85.5940","India","IN","IND","Jhārkhand","","22764","1356260269"
"Kaler","Kaler","25.1180","84.4955","India","IN","IND","Bihār","","22763","1356008941"
"Yavuzeli","Yavuzeli","37.3192","37.5686","Turkey","TR","TUR","Gaziantep","minor","22762","1792996811"
"Baravāt","Baravat","29.0656","58.4039","Iran","IR","IRN","Kermān","","22761","1364538524"
"Saint-Lambert","Saint-Lambert","45.5000","-73.5167","Canada","CA","CAN","Quebec","","22761","1124174363"
"Kumano","Kumano","34.3358","132.5847","Japan","JP","JPN","Hiroshima","","22760","1392003231"
"Linstead","Linstead","18.1368","-77.0317","Jamaica","JM","JAM","Saint Catherine","","22757","1388611853"
"Kanchika","Kanchika","16.6856","80.3892","India","IN","IND","Andhra Pradesh","","22756","1356407030"
"Nasrullāhganj","Nasrullahganj","22.6837","77.2707","India","IN","IND","Madhya Pradesh","","22756","1356071687"
"Morrinhos","Morrinhos","-3.2289","-40.1250","Brazil","BR","BRA","Ceará","minor","22753","1076354699"
"Vernāg","Vernag","33.5377","75.2503","India","IN","IND","Jammu and Kashmīr","","22752","1356589875"
"San Miguel de Papasquiaro","San Miguel de Papasquiaro","24.8304","-105.3400","Mexico","MX","MEX","Durango","","22750","1484521716"
"Kavak","Kavak","41.0736","36.0403","Turkey","TR","TUR","Samsun","minor","22747","1792170662"
"Scarborough","Scarborough","43.5911","-70.3682","United States","US","USA","Maine","","22747","1840052990"
"Ivato","Ivato","-20.6332","47.1981","Madagascar","MG","MDG","Fianarantsoa","","22745","1450605437"
"Quartier Militaire","Quartier Militaire","-20.2500","57.5500","Mauritius","MU","MUS","Moka","","22745","1480030855"
"Nefta","Nefta","33.8833","7.8833","Tunisia","TN","TUN","Tozeur","","22745","1788494742"
"Ojinaga","Ojinaga","29.5644","-104.4164","Mexico","MX","MEX","Chihuahua","minor","22744","1484761843"
"Machesney Park","Machesney Park","42.3666","-89.0266","United States","US","USA","Illinois","","22744","1840011123"
"Vayanūr","Vayanur","12.0699","75.6825","India","IN","IND","Kerala","","22743","1356573202"
"Cambará","Cambara","-23.0458","-50.0739","Brazil","BR","BRA","Paraná","minor","22740","1076033204"
"Ashtown","Ashtown","53.3753","-6.3306","Ireland","IE","IRL","Dublin","","22740","1372691515"
"Martha Lake","Martha Lake","47.8479","-122.2327","United States","US","USA","Washington","","22740","1840037875"
"Keta","Keta","5.9167","0.9833","Ghana","GH","GHA","Volta","","22739","1288925538"
"Seva","Seva","5.9167","0.9833","Ghana","GH","GHA","Volta","","22739","1288737377"
"Cartagena","Cartagena","-33.5425","-71.5958","Chile","CL","CHL","Valparaíso","","22738","1152675574"
"Burg","Burg","52.2725","11.8550","Germany","DE","DEU","Saxony-Anhalt","minor","22738","1276295040"
"Boura","Boura","12.4117","-4.5392","Mali","ML","MLI","Sikasso","","22735","1466222801"
"Kulkent","Kulkent","40.1500","70.7000","Tajikistan","TJ","TJK","Sughd","","22731","1762615413"
"Roselle","Roselle","41.9809","-88.0861","United States","US","USA","Illinois","","22731","1840011407"
"Chunakara Vadakku","Chunakara Vadakku","9.1853","76.5995","India","IN","IND","Kerala","","22730","1356160983"
"Curchorem","Curchorem","15.2603","74.1083","India","IN","IND","Goa","","22730","1356224201"
"Ayagawa","Ayagawa","34.2500","133.9167","Japan","JP","JPN","Kagawa","","22730","1392003219"
"Vega Baja","Vega Baja","18.4406","-66.3997","Puerto Rico","PR","PRI","Puerto Rico","","22730","1630023572"
"Rāvar","Ravar","31.2633","56.8072","Iran","IR","IRN","Kermān","minor","22729","1364603087"
"Kerūr","Kerur","16.0138","75.5463","India","IN","IND","Karnātaka","","22726","1356020053"
"Garmdarreh","Garmdarreh","35.7478","51.0678","Iran","IR","IRN","Alborz","","22726","1364748189"
"Idak","Idak","32.9741","70.1988","Pakistan","PK","PAK","Khyber Pakhtunkhwa","","22724","1586610948"
"Rosita","Rosita","13.8833","-84.4000","Nicaragua","NI","NIC","Costa Caribe Norte","minor","22723","1558197649"
"Asaita","Asaita","11.5667","41.4333","Ethiopia","ET","ETH","Āfar","","22718","1231171609"
"Fangliao","Fangliao","22.3656","120.5936","Taiwan","TW","TWN","Pingtung","","22717","1158243044"
"Byala Slatina","Byala Slatina","43.4670","23.9330","Bulgaria","BG","BGR","Vratsa","","22716","1100994011"
"Krnov","Krnov","50.0906","17.6986","Czechia","CZ","CZE","Moravskoslezský Kraj","","22716","1203745289"
"Volendam","Volendam","52.4994","5.0675","Netherlands","NL","NLD","Noord-Holland","minor","22715","1528968861"
"Amalfi","Amalfi","6.9167","-75.0833","Colombia","CO","COL","Antioquia","minor","22714","1170542286"
"Kittanapalli","Kittanapalli","12.5133","78.1844","India","IN","IND","Tamil Nādu","","22714","1356808757"
"Murādpur","Muradpur","25.8000","86.0055","India","IN","IND","Bihār","","22714","1356112432"
"Ambriz","Ambriz","-7.8500","13.1167","Angola","AO","AGO","Bengo","","22712","1024609563"
"Feira Grande","Feira Grande","-9.9000","-36.6778","Brazil","BR","BRA","Alagoas","minor","22712","1076009834"
"Combs-la-Ville","Combs-la-Ville","48.6700","2.5600","France","FR","FRA","Île-de-France","","22712","1250661921"
"Nakūr","Nakur","29.9189","77.3044","India","IN","IND","Uttar Pradesh","","22712","1356965243"
"Buenavista","Buenavista","8.6833","-75.2500","Colombia","CO","COL","Córdoba","minor","22711","1170230620"
"Bulle","Bulle","46.6167","7.0500","Switzerland","CH","CHE","Fribourg","","22709","1756347311"
"Barbate de Franco","Barbate de Franco","36.1833","-5.9167","Spain","ES","ESP","Andalusia","","22709","1724165909"
"Atkarsk","Atkarsk","51.8667","45.0000","Russia","RU","RUS","Saratovskaya Oblast’","","22709","1643598170"
"Kluczbork","Kluczbork","50.9833","18.2167","Poland","PL","POL","Opolskie","minor","22703","1616259508"
"Jarqo‘rg‘on","Jarqo`rg`on","37.5083","67.4167","Uzbekistan","UZ","UZB","Surxondaryo","","22700","1860148120"
"Sun Valley","Sun Valley","39.6104","-119.7770","United States","US","USA","Nevada","","22697","1840018711"
"Sidi Ifni","Sidi Ifni","29.3833","-10.1667","Morocco","MA","MAR","Guelmim-Oued Noun","","22696","1504270532"
"Picasent","Picasent","39.3611","-0.4600","Spain","ES","ESP","Valencia","","22695","1724170506"
"Kenilworth","Kenilworth","52.3410","-1.5660","United Kingdom","GB","GBR","Warwickshire","","22694","1826857178"
"Goldasht","Goldasht","32.6244","51.4383","Iran","IR","IRN","Eşfahān","","22693","1364824865"
"Inhapim","Inhapim","-19.5489","-42.1200","Brazil","BR","BRA","Minas Gerais","minor","22692","1076403115"
"Dalān","Dalan","25.6030","87.5592","India","IN","IND","Bihār","","22689","1356213744"
"Shaomi","Shaomi","26.4500","104.8833","China","CN","CHN","Guizhou","","22688","1156070391"
"Gaoshu","Gaoshu","22.8202","120.5979","Taiwan","TW","TWN","Pingtung","","22687","1158803250"
"Candelaria de La Frontera","Candelaria de La Frontera","14.1167","-89.6500","El Salvador","SV","SLV","Santa Ana","","22686","1222926680"
"Crystal","Crystal","45.0377","-93.3599","United States","US","USA","Minnesota","","22685","1840006745"
"Patharia","Patharia","23.8992","79.1939","India","IN","IND","Madhya Pradesh","","22684","1356543628"
"Avon","Avon","39.7601","-86.3916","United States","US","USA","Indiana","","22683","1840009535"
"Beixingzhuang","Beixingzhuang","35.7054","111.1176","China","CN","CHN","Shanxi","","22682","1156979818"
"Andoany","Andoany","-13.4000","48.2666","Madagascar","MG","MDG","Antsiranana","","22680","1450689047"
"Horad Smalyavichy","Horad Smalyavichy","54.1000","28.0667","Belarus","BY","BLR","Minskaya Voblasts’","minor","22679","1112264806"
"Mallasamudram","Mallasamudram","11.4933","78.0312","India","IN","IND","Tamil Nādu","","22678","1356123568"
"Conchal","Conchal","-22.3300","-47.1728","Brazil","BR","BRA","São Paulo","minor","22676","1076034589"
"Tequixquiac","Tequixquiac","19.9097","-99.1417","Mexico","MX","MEX","México","minor","22676","1484908675"
"Lucala","Lucala","-9.6333","14.0667","Angola","AO","AGO","Bengo","","22674","1024404685"
"Moirāng","Moirang","24.3490","93.6900","India","IN","IND","Manipur","","22674","1356046634"
"Dip","Dip","26.2369","86.3107","India","IN","IND","Bihār","","22673","1356354332"
"Oytal","Oytal","42.9153","73.2549","Kazakhstan","KZ","KAZ","Zhambyl","","22673","1398816918"
"Kitajima","Kitajima","34.1333","134.5500","Japan","JP","JPN","Tokushima","","22670","1392003373"
"Mullingar","Mullingar","53.5333","-7.3500","Ireland","IE","IRL","Westmeath","admin","22667","1372969205"
"North Plainfield","North Plainfield","40.6209","-74.4386","United States","US","USA","New Jersey","","22667","1840001059"
"Herdecke","Herdecke","51.4000","7.4333","Germany","DE","DEU","North Rhine-Westphalia","","22665","1276078079"
"Khaw Zar Chaung Wa","Khaw Zar Chaung Wa","15.0375","97.8293","Burma","MM","MMR","Mon State","","22663","1104706858"
"Álvares Machado","Alvares Machado","-22.0789","-51.4719","Brazil","BR","BRA","São Paulo","minor","22661","1076095632"
"Llaillay","Llaillay","-32.8403","-70.9483","Chile","CL","CHL","Valparaíso","","22659","1152335361"
"Moncagua","Moncagua","13.5333","-88.2500","El Salvador","SV","SLV","San Miguel","","22659","1222775983"
"Nanyangcun","Nanyangcun","34.7015","108.3295","China","CN","CHN","Shaanxi","","22654","1156160890"
"Lefkáda","Lefkada","38.7167","20.6500","Greece","GR","GRC","Ionía Nísia","minor","22652","1300961833"
"Haddada","Haddada","34.2236","-6.5111","Morocco","MA","MAR","Rabat-Salé-Kénitra","","22652","1504933242"
"General Viamonte","General Viamonte","-35.0000","-61.0333","Argentina","AR","ARG","Buenos Aires","minor","22649","1032695621"
"Bagulā","Bagula","23.3350","88.6440","India","IN","IND","West Bengal","","22649","1356186106"
"Wednesfield","Wednesfield","52.5998","-2.0827","United Kingdom","GB","GBR","Wolverhampton","","22646","1826477782"
"La Trinidad","La Trinidad","12.5578","-86.1835","Nicaragua","NI","NIC","Managua","","22645","1558209065"
"Prieto Diaz","Prieto Diaz","13.0408","124.1931","Philippines","PH","PHL","Sorsogon","","22644","1608000004"
"Gujan-Mestras","Gujan-Mestras","44.6364","-1.0667","France","FR","FRA","Nouvelle-Aquitaine","","22643","1250633398"
"Guía de Isora","Guia de Isora","28.2110","-16.7784","Spain","ES","ESP","Canary Islands","","22642","1724572709"
"Pullappalli","Pullappalli","9.6833","76.6167","India","IN","IND","Kerala","","22640","1356204795"
"Okahandja","Okahandja","-21.9796","16.9100","Namibia","NA","NAM","Otjozondjupa","","22639","1516123978"
"Zaghouan","Zaghouan","36.4056","10.1431","Tunisia","TN","TUN","Zaghouan","admin","22637","1788008309"
"Zedelgem","Zedelgem","51.1333","3.1333","Belgium","BE","BEL","Flanders","","22635","1056608404"
"Røyken","Royken","59.7336","10.4289","Norway","NO","NOR","Viken","minor","22635","1578092486"
"Onondaga","Onondaga","42.9686","-76.2169","United States","US","USA","New York","","22635","1840087751"
"Hialeah Gardens","Hialeah Gardens","25.8878","-80.3569","United States","US","USA","Florida","","22634","1840015158"
"Olindina","Olindina","-11.3669","-38.3328","Brazil","BR","BRA","Bahia","minor","22633","1076626137"
"Areia","Areia","-6.9628","-35.6919","Brazil","BR","BRA","Paraíba","minor","22633","1076995315"
"Chincholi","Chincholi","17.4651","77.4187","India","IN","IND","Karnātaka","","22630","1356831659"
"Fucecchio","Fucecchio","43.7333","10.8000","Italy","IT","ITA","Tuscany","","22630","1380960076"
"Manimala","Manimala","9.5736","77.0819","India","IN","IND","Kerala","","22629","1356904828"
"Corcoran","Corcoran","36.0841","-119.5613","United States","US","USA","California","","22626","1840019056"
"Morombe","Morombe","-21.7391","43.3657","Madagascar","MG","MDG","Toliara","","22625","1450018559"
"Olteniţa","Oltenita","44.0867","26.6367","Romania","RO","ROU","Călăraşi","","22624","1642326202"
"Manzanares","Manzanares","5.2519","-75.1569","Colombia","CO","COL","Caldas","minor","22623","1170983089"
"Barakī Barak","Baraki Barak","33.9692","68.9447","Afghanistan","AF","AFG","Lōgar","minor","22622","1004707647"
"Anthem","Anthem","33.8560","-112.1168","United States","US","USA","Arizona","","22622","1840022919"
"Andorra la Vella","Andorra la Vella","42.5000","1.5000","Andorra","AD","AND","Andorra la Vella","primary","22615","1020828846"
"Tocantinópolis","Tocantinopolis","-6.3289","-47.4158","Brazil","BR","BRA","Tocantins","minor","22615","1076917053"
"Santa Fe de Antioquia","Santa Fe de Antioquia","6.5500","-75.8167","Colombia","CO","COL","Antioquia","minor","22613","1170034183"
"Timmāpur","Timmapur","19.0484","78.6414","India","IN","IND","Andhra Pradesh","","22608","1356159166"
"Büdingen","Budingen","50.2908","9.1125","Germany","DE","DEU","Hesse","","22607","1276951058"
"Bear","Bear","39.6189","-75.6808","United States","US","USA","Delaware","","22604","1840005568"
"Lajas","Lajas","22.4164","-80.2906","Cuba","CU","CUB","Cienfuegos","minor","22602","1192894974"
"DeBary","DeBary","28.8815","-81.3240","United States","US","USA","Florida","","22602","1840015070"
"Savanna-la-Mar","Savanna-la-Mar","18.2167","-78.1333","Jamaica","JM","JAM","Westmoreland","admin","22600","1388690384"
"Hirpardangal","Hirpardangal","24.0474","86.8648","India","IN","IND","Jhārkhand","","22599","1356189450"
"Manki","Manki","14.1789","74.4818","India","IN","IND","Karnātaka","","22599","1356053114"
"Sipoo","Sipoo","60.3750","25.2667","Finland","FI","FIN","Uusimaa","minor","22595","1246836049"
"Penarth","Penarth","51.4300","-3.1700","United Kingdom","GB","GBR","Vale of Glamorgan, The","","22595","1826447166"
"Fleurus","Fleurus","50.4843","4.5518","Belgium","BE","BEL","Wallonia","","22594","1056660744"
"Farsley","Farsley","53.8116","-1.6718","United Kingdom","GB","GBR","Leeds","","22594","1826622627"
"Sliema","Sliema","35.9122","14.5042","Malta","MT","MLT","Sliema","admin","22591","1470229986"
"Parabcan","Parabcan","13.7100","123.7450","Philippines","PH","PHL","Camarines Sur","","22591","1608553429"
"Bouzeghaia","Bouzeghaia","36.3333","1.2500","Algeria","DZ","DZA","Chlef","","22590","1012465082"
"Millbrae","Millbrae","37.5994","-122.4023","United States","US","USA","California","","22589","1840020306"
"Warrenton","Warrenton","-28.1114","24.8497","South Africa","ZA","ZAF","Northern Cape","","22588","1710333461"
"Bad Rappenau","Bad Rappenau","49.2333","9.1000","Germany","DE","DEU","Baden-Württemberg","","22586","1276726877"
"Yahualica de González Gallo","Yahualica de Gonzalez Gallo","21.1781","-102.8860","Mexico","MX","MEX","Jalisco","minor","22586","1484271707"
"Furukawa","Furukawa","36.2381","137.1862","Japan","JP","JPN","Gifu","","22585","1392467496"
"Svishtov","Svishtov","43.6113","25.3569","Bulgaria","BG","BGR","Veliko Tarnovo","minor","22584","1100115119"
"Albertville","Albertville","34.2633","-86.2108","United States","US","USA","Alabama","","22584","1840013599"
"Sardinata","Sardinata","8.0833","-72.8000","Colombia","CO","COL","Norte de Santander","minor","22583","1170154538"
"Dawmat al Jandal","Dawmat al Jandal","29.8153","39.8664","Saudi Arabia","SA","SAU","Al Jawf","","22583","1682116359"
"Santa Ana","Santa Ana","14.5277","121.0766","Philippines","PH","PHL","Taguig","","22581","1608461883"
"Čadca","Cadca","49.4386","18.7883","Slovakia","SK","SVK","Žilina","minor","22580","1703091898"
"Barreirinha","Barreirinha","-2.8025","-57.0686","Brazil","BR","BRA","Amazonas","minor","22579","1076984519"
"Camacan","Camacan","-15.4189","-39.4958","Brazil","BR","BRA","Bahia","minor","22579","1076604615"
"Gif-sur-Yvette","Gif-sur-Yvette","48.7018","2.1339","France","FR","FRA","Île-de-France","","22578","1250169413"
"Senador José Porfírio","Senador Jose Porfirio","-2.5908","-51.9539","Brazil","BR","BRA","Pará","minor","22576","1076927410"
"Oshwe","Oshwe","-3.4188","19.4334","Congo (Kinshasa)","CD","COD","Mai-Ndombe","","22576","1180864578"
"Govardhan","Govardhan","27.5000","77.4700","India","IN","IND","Uttar Pradesh","","22576","1356730033"
"Meoqui","Meoqui","28.2722","-105.4819","Mexico","MX","MEX","Chihuahua","minor","22574","1484867296"
"Waynesboro","Waynesboro","38.0674","-78.9014","United States","US","USA","Virginia","","22574","1840003848"
"Los Llanos","Los Llanos","18.6200","-69.5000","Dominican Republic","DO","DOM","Higuamo","","22573","1214827487"
"Boriziny","Boriziny","-15.5602","47.6691","Madagascar","MG","MDG","Mahajanga","","22573","1450881800"
"El Amria","El Amria","35.5333","-1.0167","Algeria","DZ","DZA","Aïn Temouchent","","22572","1012142201"
"Talayolaparambu","Talayolaparambu","9.7850","76.4481","India","IN","IND","Kerala","","22571","1356141304"
