"Lincoln","Lincoln","41.9171","-71.4505","United States","US","USA","Rhode Island","","22571","1840106233"
"Kihei","Kihei","20.7653","-156.4454","United States","US","USA","Hawaii","","22564","1840029507"
"Penwortham","Penwortham","53.7400","-2.7200","United Kingdom","GB","GBR","Lancashire","","22561","1826104107"
"West Rancho Dominguez","West Rancho Dominguez","33.9057","-118.2683","United States","US","USA","California","","22560","1840028406"
"Uenohara","Uenohara","35.6302","139.1113","Japan","JP","JPN","Kanagawa","","22557","1392602835"
"Bélabo","Belabo","4.9333","13.3000","Cameroon","CM","CMR","Est","","22553","1120106572"
"Rāman Mandi","Raman Mandi","29.9504","74.9619","India","IN","IND","Punjab","","22553","1356139213"
"Eschborn","Eschborn","50.1436","8.5700","Germany","DE","DEU","Hesse","","22551","1276712049"
"Esparraguera","Esparraguera","41.5381","1.8692","Spain","ES","ESP","Catalonia","","22550","1724908880"
"Pokhuria","Pokhuria","25.2379","87.6459","India","IN","IND","Jhārkhand","","22550","1356874180"
"Letterkenny","Letterkenny","54.9500","-7.7333","Ireland","IE","IRL","Donegal","","22549","1372452484"
"Sinjār","Sinjar","36.3208","41.8764","Iraq","IQ","IRQ","Nīnawá","minor","22549","1368057870"
"Verkhniy Ufaley","Verkhniy Ufaley","56.0667","60.2333","Russia","RU","RUS","Chelyabinskaya Oblast’","minor","22548","1643894211"
"Mentana","Mentana","42.0337","12.6444","Italy","IT","ITA","Lazio","","22544","1380358509"
"Biggleswade","Biggleswade","52.0855","-0.2557","United Kingdom","GB","GBR","Central Bedfordshire","","22541","1826800454"
"Vengattūr","Vengattur","13.0999","79.9321","India","IN","IND","Tamil Nādu","","22540","1356050244"
"Yalvaç","Yalvac","38.2956","31.1800","Turkey","TR","TUR","Isparta","minor","22538","1792064802"
"Potters Bar","Potters Bar","51.6980","-0.1830","United Kingdom","GB","GBR","Hertfordshire","","22536","1826408007"
"Ust’-Katav","Ust'-Katav","54.9333","58.1833","Russia","RU","RUS","Chelyabinskaya Oblast’","minor","22536","1643326615"
"Kafr Baţnā","Kafr Batna","33.5117","36.3727","Syria","SY","SYR","Rīf Dimashq","minor","22535","1760528656"
"Metzingen","Metzingen","48.5367","9.2858","Germany","DE","DEU","Baden-Württemberg","","22530","1276043043"
"Saint-Louis","Saint-Louis","47.5900","7.5700","France","FR","FRA","Grand Est","","22530","1250664055"
"Melila","Melila","9.0083","76.8500","India","IN","IND","Kerala","","22529","1356160374"
"Sanga","Sanga","34.6003","135.6956","Japan","JP","JPN","Ōsaka","","22529","1392764326"
"Bobleshwar","Bobleshwar","16.8300","75.7300","India","IN","IND","Karnātaka","","22528","1356172549"
"Greenwood","Greenwood","34.1947","-82.1542","United States","US","USA","South Carolina","","22527","1840013626"
"Meiwa","Meiwa","34.5500","136.6167","Japan","JP","JPN","Mie","","22523","1392003513"
"Strakonice","Strakonice","49.2614","13.9025","Czechia","CZ","CZE","Jihočeský Kraj","","22522","1203755418"
"Katangi","Katangi","23.4412","79.7962","India","IN","IND","Madhya Pradesh","","22521","1356365601"
"Huautla","Huautla","21.0308","-98.2850","Mexico","MX","MEX","Hidalgo","","22521","1484208664"
"Sarangani","Sarangani","5.4120","125.4220","Philippines","PH","PHL","Davao del Sur","","22515","1608711725"
"Vernon","Vernon","41.1973","-74.4857","United States","US","USA","New Jersey","","22513","1840081777"
"Sabana de Torres","Sabana de Torres","7.4000","-73.5000","Colombia","CO","COL","Santander","minor","22512","1170400571"
"Litvínov","Litvinov","50.6008","13.6111","Czechia","CZ","CZE","Ústecký Kraj","","22512","1203716170"
"Jogipet","Jogipet","17.8356","78.0681","India","IN","IND","Andhra Pradesh","","22512","1356188487"
"Summit","Summit","40.7154","-74.3647","United States","US","USA","New Jersey","","22512","1840000999"
"Melchor Romero","Melchor Romero","-34.9492","-58.0472","Argentina","AR","ARG","Buenos Aires","","22511","1032196678"
"Hulikal","Hulikal","11.3193","76.7732","India","IN","IND","Tamil Nādu","","22511","1356040942"
"Ottobrunn","Ottobrunn","48.0667","11.6667","Germany","DE","DEU","Bavaria","","22510","1276842192"
"Mutatá","Mutata","7.2442","-76.4358","Colombia","CO","COL","Antioquia","minor","22505","1170918759"
"Nadvirna","Nadvirna","48.6333","24.5833","Ukraine","UA","UKR","Ivano-Frankivska Oblast","minor","22504","1804082259"
"Ouani","Ouani","-12.1350","44.4275","Comoros","KM","COM","Anjouan","","22501","1174574251"
"Kafr Sa‘d","Kafr Sa`d","31.3557","31.6848","Egypt","EG","EGY","Dumyāţ","","22500","1818266119"
"Reni","Reni","27.1610","76.7130","India","IN","IND","Rājasthān","","22500","1356726291"
"Vilcún","Vilcun","-38.6500","-72.2333","Chile","CL","CHL","Araucanía","","22499","1152236518"
"Zabrat","Zabrat","40.4775","49.9417","Azerbaijan","AZ","AZE","Bakı","","22497","1031886161"
"Coração de Maria","Coracao de Maria","-12.2333","-38.7500","Brazil","BR","BRA","Bahia","minor","22495","1076552698"
"San Antonio La Paz","San Antonio La Paz","14.7500","-90.2833","Guatemala","GT","GTM","El Progreso","minor","22493","1320686525"
"San Pablo Jocopilas","San Pablo Jocopilas","14.5833","-91.4500","Guatemala","GT","GTM","Suchitepéquez","minor","22490","1320534769"
"Aljaraque","Aljaraque","37.2667","-7.0167","Spain","ES","ESP","Andalusia","","22489","1724459161"
"Lazi","Lazi","9.1280","123.6340","Philippines","PH","PHL","Siquijor","","22488","1608438262"
"East Peoria","East Peoria","40.6736","-89.5419","United States","US","USA","Illinois","","22485","1840008327"
"Nkowakowa","Nkowakowa","-23.8860","30.2930","South Africa","ZA","ZAF","Limpopo","","22484","1710288921"
"Vélizy-Villacoublay","Velizy-Villacoublay","48.7834","2.1834","France","FR","FRA","Île-de-France","","22481","1250075648"
"Central Falls","Central Falls","41.8901","-71.3934","United States","US","USA","Rhode Island","","22481","1840003286"
"Sucre","Sucre","8.8139","-74.7253","Colombia","CO","COL","Sucre","minor","22480","1170782443"
"Chavasshēri","Chavassheri","11.9647","75.6176","India","IN","IND","Kerala","","22480","1356851007"
"Foleshill","Foleshill","52.4255","-1.5020","United Kingdom","GB","GBR","Coventry","","22478","1826470599"
"San Juan Cotzocón","San Juan Cotzocon","17.1667","-95.7833","Mexico","MX","MEX","Oaxaca","","22478","1484942065"
"Anastácio","Anastacio","-20.4839","-55.8069","Brazil","BR","BRA","Mato Grosso do Sul","minor","22477","1076847200"
"Mount Pearl Park","Mount Pearl Park","47.5189","-52.8058","Canada","CA","CAN","Newfoundland and Labrador","","22477","1124869949"
"Piddig","Piddig","18.1647","120.7172","Philippines","PH","PHL","Ilocos Norte","","22475","1608284501"
"Yuli","Yuli","41.3351","86.2614","China","CN","CHN","Xinjiang","minor","22474","1156717864"
"Hérouville-Saint-Clair","Herouville-Saint-Clair","49.2044","-0.3253","France","FR","FRA","Normandie","","22473","1250401082"
"Chatayamangalam","Chatayamangalam","8.8421","76.8644","India","IN","IND","Kerala","","22473","1356162201"
"Fontaine","Fontaine","45.1939","5.6856","France","FR","FRA","Auvergne-Rhône-Alpes","","22471","1250760335"
"Emiliano Zapata","Emiliano Zapata","17.7446","-91.7651","Mexico","MX","MEX","Tabasco","minor","22469","1484000334"
"Heide","Heide","54.1961","9.0933","Germany","DE","DEU","Schleswig-Holstein","minor","22467","1276473220"
"Kondāzhi","Kondazhi","10.7270","76.3954","India","IN","IND","Kerala","","22465","1356136840"
"Karnobat","Karnobat","42.6500","26.9830","Bulgaria","BG","BGR","Burgas","","22464","1100484520"
"Almoradí","Almoradi","38.1097","-0.7894","Spain","ES","ESP","Valencia","","22464","1724624918"
"Biddeford","Biddeford","43.4673","-70.4511","United States","US","USA","Maine","","22463","1840000342"
"Caculé","Cacule","-14.5028","-42.2219","Brazil","BR","BRA","Bahia","minor","22462","1076086247"
"Baclayon","Baclayon","9.6227","123.9135","Philippines","PH","PHL","Bohol","minor","22461","1608417534"
"Ladyzhyn","Ladyzhyn","48.6667","29.2500","Ukraine","UA","UKR","Vinnytska Oblast","","22459","1804829324"
"Villa Park","Villa Park","41.8865","-87.9779","United States","US","USA","Illinois","","22456","1840011412"
"Buriti Bravo","Buriti Bravo","-5.8369","-43.8339","Brazil","BR","BRA","Maranhão","minor","22455","1076262362"
"Roselle","Roselle","40.6527","-74.2599","United States","US","USA","New Jersey","","22455","1840001092"
"Puente Nacional","Puente Nacional","19.3302","-96.4837","Mexico","MX","MEX","Veracruz","minor","22454","1484974086"
"Gan Yavne","Gan Yavne","31.7886","34.7053","Israel","IL","ISR","Central","","22453","1376546526"
"Pullanpallikonam","Pullanpallikonam","8.6976","76.9582","India","IN","IND","Kerala","","22452","1356162499"
"McNair","McNair","38.9513","-77.4115","United States","US","USA","Virginia","","22451","1840041794"
"Molodohvardiisk","Molodohvardiisk","48.3444","39.6583","Ukraine","UA","UKR","Luhanska Oblast","","22449","1804689495"
"Chalmette","Chalmette","29.9438","-89.9660","United States","US","USA","Louisiana","","22447","1840014001"
"Naawan","Naawan","8.4333","124.3000","Philippines","PH","PHL","Misamis Oriental","","22444","1608771890"
"Mihama","Mihama","34.7789","136.9082","Japan","JP","JPN","Aichi","","22440","1392003460"
"Aymangala","Aymangala","12.0333","75.7333","India","IN","IND","Karnātaka","","22436","1356341917"
"Moyo","Moyo","3.6504","31.7200","Uganda","UG","UGA","Moyo","admin","22434","1800294178"
"Pirajuí","Pirajui","-21.9989","-49.4569","Brazil","BR","BRA","São Paulo","minor","22431","1076016134"
"Naciria","Naciria","36.7500","3.8333","Algeria","DZ","DZA","Boumerdes","","22431","1012065880"
"Junction City","Junction City","39.0277","-96.8508","United States","US","USA","Kansas","","22431","1840001620"
"Finnkolo","Finnkolo","11.2681","-5.5111","Mali","ML","MLI","Sikasso","","22429","1466630511"
"Spennymoor","Spennymoor","54.7000","-1.5900","United Kingdom","GB","GBR","Durham","","22428","1826426455"
"Alwaye","Alwaye","10.1167","76.3500","India","IN","IND","Kerala","","22428","1356109728"
"Sarea Khās","Sarea Khas","26.6350","84.5483","India","IN","IND","Bihār","","22428","1356480085"
"Junnārdev","Junnardev","22.2000","78.5800","India","IN","IND","Madhya Pradesh","","22426","1356419381"
"Les Pennes-Mirabeau","Les Pennes-Mirabeau","43.4106","5.3103","France","FR","FRA","Provence-Alpes-Côte d’Azur","","22423","1250976076"
"Montville","Montville","40.9135","-74.3594","United States","US","USA","New Jersey","","22421","1840081737"
"Sibut","Sibut","5.7333","19.0833","Central African Republic","CF","CAF","Kémo","admin","22419","1140802055"
"Sipilou","Sipilou","7.8667","-8.1000","Côte d’Ivoire","CI","CIV","Montagnes","minor","22417","1384489288"
"Fenyuan","Fenyuan","24.0154","120.6274","Taiwan","TW","TWN","Changhua","","22417","1158373673"
"Maying","Maying","36.0448","102.8343","China","CN","CHN","Qinghai","","22415","1156786456"
"Kasamatsuchō","Kasamatsucho","35.3672","136.7632","Japan","JP","JPN","Gifu","","22415","1392337002"
"Jebba","Jebba","9.1286","4.8183","Nigeria","NG","NGA","Kwara","","22411","1566859918"
"Betsizaraina","Betsizaraina","-19.9591","48.7554","Madagascar","MG","MDG","Toamasina","","22409","1450919460"
"Las Torres de Cotillas","Las Torres de Cotillas","38.0264","-1.2436","Spain","ES","ESP","Andalusia","","22406","1724150041"
"Abbeville","Abbeville","50.1058","1.8358","France","FR","FRA","Hauts-de-France","minor","22406","1250376759"
"Rixensart","Rixensart","50.7167","4.5333","Belgium","BE","BEL","Wallonia","","22401","1056643005"
"Sanhe","Sanhe","35.3266","112.7681","China","CN","CHN","Shanxi","","22400","1156761187"
"Zhengtun","Zhengtun","25.1500","105.1333","China","CN","CHN","Guizhou","","22400","1156232482"
"Zurbāţīyah","Zurbatiyah","33.1581","46.0385","Iraq","IQ","IRQ","Wāsiţ","","22400","1368601094"
"Kiboga","Kiboga","0.9200","31.7600","Uganda","UG","UGA","Kiboga","admin","22400","1800749650"
"Macas","Macas","-2.3667","-78.1333","Ecuador","EC","ECU","Morona-Santiago","admin","22398","1218176372"
"Bermo","Bermo","23.7878","85.9353","India","IN","IND","Jhārkhand","","22396","1356191728"
"Quissamã","Quissama","-22.1069","-41.4719","Brazil","BR","BRA","Rio de Janeiro","minor","22393","1076255718"
"Freire","Freire","-38.9558","-72.6256","Chile","CL","CHL","Araucanía","","22390","1152013724"
"Montigny-lès-Cormeilles","Montigny-les-Cormeilles","48.9944","2.1958","France","FR","FRA","Île-de-France","","22390","1250292359"
"Szczytno","Szczytno","53.5628","20.9853","Poland","PL","POL","Warmińsko-Mazurskie","minor","22389","1616017427"
"Taishituncun","Taishituncun","40.5364","117.1219","China","CN","CHN","Beijing","","22388","1156129037"
"Bloomingdale","Bloomingdale","41.9497","-88.0895","United States","US","USA","Illinois","","22388","1840011399"
"Pavlovsk","Pavlovsk","50.4578","40.1081","Russia","RU","RUS","Voronezhskaya Oblast’","minor","22384","1643562859"
"Oyonnax","Oyonnax","46.2561","5.6556","France","FR","FRA","Auvergne-Rhône-Alpes","","22378","1250935509"
"Ivatsevichy","Ivatsevichy","52.7167","25.3333","Belarus","BY","BLR","Brestskaya Voblasts’","minor","22377","1112493375"
"Valmiera","Valmiera","57.5381","25.4231","Latvia","LV","LVA","Valmiera","admin","22376","1428524787"
"Gonghe","Gonghe","35.3333","108.0856","China","CN","CHN","Gansu","","22375","1156000394"
"Hartbeespoort","Hartbeespoort","-25.7442","27.8994","South Africa","ZA","ZAF","North West","","22374","1710638628"
"Acworth","Acworth","34.0566","-84.6716","United States","US","USA","Georgia","","22370","1840013688"
"Káto Polemídia","Kato Polemidia","34.6931","32.9992","Cyprus","CY","CYP","Lemesós","","22369","1196458883"
"Mechta Ouled Oulha","Mechta Ouled Oulha","35.6706","4.8778","Algeria","DZ","DZA","M’sila","","22369","1012235648"
"Lindsay","Lindsay","44.3500","-78.7333","Canada","CA","CAN","Ontario","","22367","1124031696"
"Perundurai","Perundurai","11.2777","77.5837","India","IN","IND","Tamil Nādu","","22364","1356607726"
"Abaeté","Abaete","-19.1583","-45.4522","Brazil","BR","BRA","Minas Gerais","minor","22360","1076413528"
"Arouca","Arouca","40.9289","-8.2436","Portugal","PT","PRT","Aveiro","minor","22359","1620642425"
"The Crossings","The Crossings","25.6708","-80.4018","United States","US","USA","Florida","","22359","1840029008"
"Rumphi","Rumphi","-11.0172","33.8539","Malawi","MW","MWI","Rumphi","admin","22358","1454325221"
"Ivrea","Ivrea","45.4674","7.8748","Italy","IT","ITA","Piedmont","","22357","1380635779"
"Saint-Lazare","Saint-Lazare","45.4000","-74.1333","Canada","CA","CAN","Quebec","","22354","1124000613"
"Arbi’a Tighadwiyn","Arbi'a Tighadwiyn","31.4279","-7.5253","Morocco","MA","MAR","Marrakech-Safi","","22353","1504625035"
"Tapaktuan","Tapaktuan","3.2500","97.1667","Indonesia","ID","IDN","Aceh","","22352","1360203588"
"Diriomo","Diriomo","11.8667","-86.0500","Nicaragua","NI","NIC","Granada","minor","22352","1558287966"
"Çağlayancerit","Caglayancerit","37.7506","37.2931","Turkey","TR","TUR","Kahramanmaraş","minor","22350","1792761709"
"Yorkville","Yorkville","41.6563","-88.4507","United States","US","USA","Illinois","","22350","1840010216"
"Sek’ot’a","Sek'ot'a","12.6253","39.0350","Ethiopia","ET","ETH","Āmara","","22346","1231550759"
"Sabunçu","Sabuncu","40.4425","49.9481","Azerbaijan","AZ","AZE","Bakı","","22344","1031621781"
"Cedro","Cedro","-6.6069","-39.0619","Brazil","BR","BRA","Ceará","minor","22344","1076688549"
"Lyndhurst","Lyndhurst","40.7965","-74.1099","United States","US","USA","New Jersey","","22343","1840081755"
"Quickborn","Quickborn","53.7333","9.8972","Germany","DE","DEU","Schleswig-Holstein","","22339","1276737039"
"Gurmatkāl","Gurmatkal","16.8677","77.3909","India","IN","IND","Karnātaka","","22338","1356040973"
"Carouge","Carouge","46.1833","6.1333","Switzerland","CH","CHE","Genève","","22336","1756165206"
"Montilla","Montilla","37.5833","-4.6333","Spain","ES","ESP","Andalusia","","22333","1724865599"
"Gīlān-e Gharb","Gilan-e Gharb","34.1406","45.9183","Iran","IR","IRN","Kermānshāh","minor","22331","1364195329"
"Foley","Foley","30.3983","-87.6650","United States","US","USA","Alabama","","22330","1840002084"
"Kadiria","Kadiria","36.5333","3.6833","Algeria","DZ","DZA","Bouira","","22327","1012278992"
"Sāmbhar","Sambhar","26.9121","75.1836","India","IN","IND","Rājasthān","","22327","1356819322"
"Cudahy","Cudahy","33.9631","-118.1830","United States","US","USA","California","","22325","1840019242"
"Palmer","Palmer","40.7007","-75.2628","United States","US","USA","Pennsylvania","","22325","1840149341"
"El Tortuguero","El Tortuguero","12.8167","-84.2000","Nicaragua","NI","NIC","Costa Caribe Sur","minor","22324","1558390224"
"Marina","Marina","36.6810","-121.7892","United States","US","USA","California","","22324","1840020357"
"Dajianchang","Dajianchang","39.4772","117.0842","China","CN","CHN","Tianjin","","22323","1156254376"
"Guérou","Guerou","16.8177","-11.8359","Mauritania","MR","MRT","Assaba","","22323","1478121598"
"Taulahā","Taulaha","26.9566","84.0731","India","IN","IND","Bihār","","22321","1356770484"
"Natagaima","Natagaima","3.5833","-75.0833","Colombia","CO","COL","Tolima","minor","22320","1170715642"
"Bhawānīgarh","Bhawanigarh","30.2700","76.0400","India","IN","IND","Punjab","","22320","1356822025"
"Ceccano","Ceccano","41.5667","13.3333","Italy","IT","ITA","Lazio","","22320","1380744061"
"Owen Sound","Owen Sound","44.5667","-80.9333","Canada","CA","CAN","Ontario","","22318","1124623613"
"Bristol","Bristol","41.6827","-71.2694","United States","US","USA","Rhode Island","","22317","1840106238"
"Frauenfeld","Frauenfeld","47.5580","8.8964","Switzerland","CH","CHE","Thurgau","admin","22313","1756399413"
"Donaueschingen","Donaueschingen","47.9531","8.5033","Germany","DE","DEU","Baden-Württemberg","","22312","1276107502"
"Daxin","Daxin","26.6210","107.2398","China","CN","CHN","Guizhou","","22311","1156737791"
"Chinameca","Chinameca","13.5000","-88.3500","El Salvador","SV","SLV","San Miguel","","22311","1222091549"
"Maracena","Maracena","37.2000","-3.6333","Spain","ES","ESP","Andalusia","","22310","1724029236"
"Hayesville","Hayesville","44.9793","-122.9738","United States","US","USA","Oregon","","22309","1840034726"
"Panniyannūr","Panniyannur","11.7538","75.5528","India","IN","IND","Kerala","","22308","1356670967"
"El Doncello","El Doncello","1.6833","-75.2833","Colombia","CO","COL","Caquetá","minor","22306","1170237364"
"Yuli","Yuli","23.3875","121.3764","Taiwan","TW","TWN","Hualien","","22305","1158695945"
"Gornji Vakuf","Gornji Vakuf","43.9333","17.5833","Bosnia and Herzegovina","BA","BIH","Bosnia and Herzegovina, Federation of","minor","22304","1070657723"
"Evesham","Evesham","52.0920","-1.9470","United Kingdom","GB","GBR","Worcestershire","","22304","1826763416"
"Hillsborough","Hillsborough","40.5069","-74.6523","United States","US","USA","New Jersey","","22302","1840153047"
"Lochristi","Lochristi","51.1000","3.8333","Belgium","BE","BEL","Flanders","","22300","1056543917"
"Piúma","Piuma","-20.8350","-40.7289","Brazil","BR","BRA","Espírito Santo","minor","22300","1076847843"
"Bundibugyo","Bundibugyo","0.7125","30.0600","Uganda","UG","UGA","Bundibugyo","admin","22300","1800500326"
"Qorako‘l Shahri","Qorako`l Shahri","39.5028","63.8556","Uzbekistan","UZ","UZB","Buxoro","minor","22300","1860899143"
"Marion Oaks","Marion Oaks","29.0011","-82.1953","United States","US","USA","Florida","","22296","1840047949"
"West Deptford","West Deptford","39.8431","-75.1852","United States","US","USA","New Jersey","","22296","1840081678"
"Montclair","Montclair","38.6111","-77.3400","United States","US","USA","Virginia","","22295","1840006095"
"Požega","Pozega","45.3314","17.6744","Croatia","HR","HRV","Požeško-Slavonska Županija","admin","22294","1191353181"
"Roşiori de Vede","Rosiori de Vede","44.1114","24.9942","Romania","RO","ROU","Teleorman","","22294","1642825706"
"Magallanes","Magallanes","9.0200","125.5200","Philippines","PH","PHL","Agusan del Norte","","22293","1608148038"
"Brockville","Brockville","44.5833","-75.6833","Canada","CA","CAN","Ontario","","22293","1124286131"
"Tiverton","Tiverton","50.9030","-3.4880","United Kingdom","GB","GBR","Devon","","22291","1826587697"
"Braine-le-Comte","Braine-le-Comte","50.6000","4.1333","Belgium","BE","BEL","Wallonia","","22290","1056000009"
"Laja","Laja","-37.2667","-72.7000","Chile","CL","CHL","Biobío","","22288","1152499154"
"Cayo Mambí","Cayo Mambi","20.6647","-75.2814","Cuba","CU","CUB","Holguín","minor","22286","1192030394"
"Sanso","Sanso","11.7114","-6.8503","Mali","ML","MLI","Sikasso","","22284","1466863589"
"Pale","Pale","43.8167","18.5667","Bosnia and Herzegovina","BA","BIH","Srpska, Republika","minor","22282","1070691989"
"Bartoszyce","Bartoszyce","54.2500","20.8000","Poland","PL","POL","Warmińsko-Mazurskie","minor","22281","1616326744"
"Monte Aprazível","Monte Aprazivel","-20.7728","-49.7139","Brazil","BR","BRA","São Paulo","minor","22280","1076150563"
"Valença do Piauí","Valenca do Piaui","-6.4078","-41.7458","Brazil","BR","BRA","Piauí","minor","22279","1076056568"
"Had Sahary","Had Sahary","35.3517","3.3608","Algeria","DZ","DZA","Djelfa","","22277","1012260250"
"Cisnădie","Cisnadie","45.7128","24.1508","Romania","RO","ROU","Sibiu","","22277","1642003986"
"Shoeburyness","Shoeburyness","51.5316","0.7978","United Kingdom","GB","GBR","Southend-on-Sea","","22275","1826043837"
"Chankou","Chankou","35.7122","104.5219","China","CN","CHN","Gansu","","22273","1156838063"
"Yokoshibahikari","Yokoshibahikari","35.6667","140.5000","Japan","JP","JPN","Chiba","","22271","1392003398"
"Lordelo do Ouro","Lordelo do Ouro","41.1532","-8.6509","Portugal","PT","PRT","Porto","","22270","1620621911"
"Acatlán","Acatlan","20.1444","-98.4383","Mexico","MX","MEX","Hidalgo","minor","22268","1484652472"
"Sapulpa","Sapulpa","36.0091","-96.1003","United States","US","USA","Oklahoma","","22268","1840021691"
"Palaw","Palaw","12.9597","98.6545","Burma","MM","MMR","Tanintharyi","","22267","1104077900"
"Waldkirch","Waldkirch","48.1000","7.9667","Germany","DE","DEU","Baden-Württemberg","","22266","1276926019"
"Sidi Allal Tazi","Sidi Allal Tazi","34.5197","-6.3236","Morocco","MA","MAR","Rabat-Salé-Kénitra","","22266","1504240446"
"Ugong","Ugong","14.5842","121.0729","Philippines","PH","PHL","Pasig","","22266","1608448625"
"Tiruttangal","Tiruttangal","9.4833","77.8333","India","IN","IND","Tamil Nādu","","22265","1356125534"
"Evans","Evans","40.3660","-104.7390","United States","US","USA","Colorado","","22265","1840020147"
"Rancho San Diego","Rancho San Diego","32.7624","-116.9197","United States","US","USA","California","","22264","1840019347"
"Senekane","Senekane","-29.2525","27.7433","Lesotho","LS","LSO","Berea","","22262","1426773784"
"Edegem","Edegem","51.1500","4.4500","Belgium","BE","BEL","Flanders","","22261","1056844359"
"Telšiai","Telsiai","55.9833","22.2500","Lithuania","LT","LTU","Telšiai","admin","22261","1440908000"
"Nagla","Nagla","29.0100","79.5100","India","IN","IND","Uttarākhand","","22258","1356327557"
"Sant Pere","Sant Pere","42.5000","1.5000","Andorra","AD","AND","Canillo","","22256","1020982719"
"Ankireddikuntapālem","Ankireddikuntapalem","15.9154","80.2108","India","IN","IND","Andhra Pradesh","","22256","1356617917"
"Bhatpurī","Bhatpuri","29.1700","79.1600","India","IN","IND","Uttarākhand","","22255","1356123363"
"Chausa","Chausa","25.5283","87.0322","India","IN","IND","Bihār","","22253","1356288709"
"Eppingen","Eppingen","49.1333","8.9167","Germany","DE","DEU","Baden-Württemberg","","22252","1276844300"
"Singampunari","Singampunari","10.1815","78.4231","India","IN","IND","Tamil Nādu","","22252","1356208126"
"Itsukaichi","Itsukaichi","35.7522","139.2667","Japan","JP","JPN","Tōkyō","","22252","1392266526"
"Athiringal","Athiringal","9.0667","76.5000","India","IN","IND","Kerala","","22250","1356161014"
"El Hermel","El Hermel","34.3914","36.3958","Lebanon","LB","LBN","Baalbek-Hermel","minor","22250","1422119929"
"Karaçoban","Karacoban","39.3508","42.1119","Turkey","TR","TUR","Erzurum","minor","22250","1792559738"
"Tervuren","Tervuren","50.8167","4.5000","Belgium","BE","BEL","Flanders","","22248","1056221910"
"El Colegio","El Colegio","4.5808","-74.4425","Colombia","CO","COL","Cundinamarca","minor","22247","1170000628"
"Silvânia","Silvania","-16.6589","-48.6078","Brazil","BR","BRA","Goiás","minor","22245","1076536713"
"Souahlia","Souahlia","35.0333","-1.8833","Algeria","DZ","DZA","Tlemcen","","22245","1012244161"
"Alangāyam","Alangayam","12.6223","78.7521","India","IN","IND","Tamil Nādu","","22243","1356186253"
"Perry","Perry","32.4720","-83.7283","United States","US","USA","Georgia","","22243","1840014885"
"Versmold","Versmold","52.0436","8.1500","Germany","DE","DEU","North Rhine-Westphalia","","22242","1276482608"
"Litherland","Litherland","53.4727","-2.9990","United Kingdom","GB","GBR","Sefton","","22242","1826594706"
"Takahata","Takahata","38.0027","140.1891","Japan","JP","JPN","Yamagata","","22242","1392054677"
"Kheïredine","Kheiredine","35.9806","0.1681","Algeria","DZ","DZA","Mostaganem","","22241","1012833469"
"Koziatyn","Koziatyn","49.7167","28.8333","Ukraine","UA","UKR","Vinnytska Oblast","minor","22241","1804731678"
"Bignona","Bignona","12.8096","-16.2301","Senegal","SN","SEN","Ziguinchor","","22237","1686478890"
"Middleton","Middleton","43.1064","-89.5059","United States","US","USA","Wisconsin","","22235","1840002919"
"Huangzhai","Huangzhai","38.0751","112.6595","China","CN","CHN","Shanxi","minor","22233","1156097233"
"Yeadon","Yeadon","53.8690","-1.6880","United Kingdom","GB","GBR","Leeds","","22233","1826214875"
"Ibiá","Ibia","-19.4778","-46.5389","Brazil","BR","BRA","Minas Gerais","minor","22229","1076749050"
"Kundgol","Kundgol","15.2561","75.2474","India","IN","IND","Karnātaka","","22228","1356628344"
"Yahualica","Yahualica","20.9531","-98.3800","Mexico","MX","MEX","Hidalgo","","22228","1484980764"
"São Filipe","Sao Filipe","14.8950","-24.4980","Cabo Verde","CV","CPV","São Filipe","admin","22227","1132693257"
"Chebba","Chebba","35.2372","11.1150","Tunisia","TN","TUN","Mahdia","","22227","1788108362"
"Metekora","Metekora","22.1189","88.5772","India","IN","IND","West Bengal","","22225","1356023990"
"Ruston","Ruston","32.5328","-92.6363","United States","US","USA","Louisiana","","22224","1840014878"
"Aichach","Aichach","48.4500","11.1333","Germany","DE","DEU","Bavaria","minor","22222","1276090074"
"Murayama","Murayama","38.4833","140.3833","Japan","JP","JPN","Yamagata","","22222","1392537300"
"Shārūnah","Sharunah","28.5940","30.8516","Egypt","EG","EGY","Al Minyā","","22221","1818302173"
"Saint John’s","Saint John's","17.1167","-61.8500","Antigua and Barbuda","AG","ATG","Saint John","primary","22219","1028912067"
"Świebodzice","Swiebodzice","50.8667","16.3333","Poland","PL","POL","Dolnośląskie","","22219","1616959677"
"Dasnāpur","Dasnapur","19.4482","78.6129","India","IN","IND","Andhra Pradesh","","22216","1356628600"
"Poggiomarino","Poggiomarino","40.8000","14.5500","Italy","IT","ITA","Campania","","22216","1380287017"
"Acomb","Acomb","53.9600","-1.1308","United Kingdom","GB","GBR","York","","22215","1826310349"
"Abū Şīr Banā","Abu Sir Bana","30.9127","31.2427","Egypt","EG","EGY","Al Gharbīyah","","22214","1818635025"
"Bahía de Caráquez","Bahia de Caraquez","-0.5995","-80.4245","Ecuador","EC","ECU","Manabí","minor","22209","1218764402"
"Ortona","Ortona","42.3557","14.4036","Italy","IT","ITA","Abruzzo","","22209","1380661495"
"Tiruverumbūr","Tiruverumbur","10.7937","78.7690","India","IN","IND","Tamil Nādu","","22207","1356207661"
"Topola","Topola","44.2525","20.6761","Serbia","RS","SRB","Topola","admin","22207","1688000008"
"Zirāpur","Zirapur","24.0222","76.3771","India","IN","IND","Madhya Pradesh","","22205","1356098977"
"Payson","Payson","40.0355","-111.7390","United States","US","USA","Utah","","22205","1840020172"
"Samtredia","Samtredia","42.1625","42.3417","Georgia","GE","GEO","Imereti","minor","22201","1268722261"
"Tirat Karmel","Tirat Karmel","32.7667","34.9667","Israel","IL","ISR","Haifa","","22200","1376894717"
"Bo‘ka","Bo`ka","40.8136","69.2019","Uzbekistan","UZ","UZB","Toshkent","","22200","1860263265"
"West Puente Valley","West Puente Valley","34.0513","-117.9681","United States","US","USA","California","","22198","1840028409"
"Guazacapán","Guazacapan","14.0667","-90.4167","Guatemala","GT","GTM","Santa Rosa","minor","22197","1320179300"
"Hillegom","Hillegom","52.2833","4.5833","Netherlands","NL","NLD","Zuid-Holland","minor","22197","1528098877"
"Rioja","Rioja","-6.0500","-77.1417","Peru","PE","PER","San Martín","","22197","1604043795"
"Repelón","Repelon","10.5500","-75.1333","Colombia","CO","COL","Atlántico","minor","22196","1170326698"
"Soroca","Soroca","48.1667","28.3000","Moldova","MD","MDA","Soroca","admin","22196","1498912060"
"Medeiros Neto","Medeiros Neto","-17.3739","-40.2208","Brazil","BR","BRA","Bahia","minor","22194","1076423540"
"Adalhāt","Adalhat","25.2820","82.9563","India","IN","IND","Uttar Pradesh","","22194","1356993963"
"Simaria","Simaria","25.5671","87.4929","India","IN","IND","Bihār","","22194","1356788289"
"’s-Gravenzande","'s-Gravenzande","52.0053","4.1740","Netherlands","NL","NLD","Zuid-Holland","","22190","1528221207"
"Surdulica","Surdulica","42.6950","22.1672","Serbia","RS","SRB","Surdulica","admin","22190","1688920744"
"Sandomierz","Sandomierz","50.6833","21.7500","Poland","PL","POL","Świętokrzyskie","minor","22189","1616893663"
"Nerja","Nerja","36.7469","-3.8789","Spain","ES","ESP","Andalusia","","22187","1724190692"
"Kondalāmpatti","Kondalampatti","11.6262","78.1189","India","IN","IND","Tamil Nādu","","22186","1356227197"
"Pattiyūrgrāmam","Pattiyurgramam","9.2000","76.5000","India","IN","IND","Kerala","","22184","1356150925"
"Phularwan","Phularwan","32.1883","73.0286","Pakistan","PK","PAK","Punjab","","22184","1586647610"
"Haderslev","Haderslev","55.2524","9.4893","Denmark","DK","DNK","Syddanmark","minor","22182","1208309317"
"Gubbi","Gubbi","13.3122","76.9410","India","IN","IND","Karnātaka","","22182","1356784156"
"Shabestar","Shabestar","38.1800","45.7031","Iran","IR","IRN","Āz̄arbāyjān-e Sharqī","minor","22181","1364001665"
"Akdağmadeni","Akdagmadeni","39.6658","35.8836","Turkey","TR","TUR","Yozgat","minor","22180","1792201700"
"Kilkenny","Kilkenny","52.6477","-7.2561","Ireland","IE","IRL","Kilkenny","admin","22179","1372926521"
"Bakhri","Bakhri","25.5989","86.2607","India","IN","IND","Bihār","","22179","1356552676"
"Hillside","Hillside","40.6961","-74.2286","United States","US","USA","New Jersey","","22179","1840081741"
"Maribojoc","Maribojoc","9.7500","123.8500","Philippines","PH","PHL","Bohol","minor","22178","1608369009"
"Santo Antônio","Santo Antonio","-6.3108","-35.4789","Brazil","BR","BRA","Rio Grande do Norte","minor","22177","1076309827"
"Ibirapitanga","Ibirapitanga","-14.1639","-39.3739","Brazil","BR","BRA","Bahia","minor","22177","1076745407"
"Yabu","Yabu","35.4000","134.7667","Japan","JP","JPN","Hyōgo","","22177","1392817826"
"Nova Zagora","Nova Zagora","42.4830","26.0170","Bulgaria","BG","BGR","Sliven","","22175","1100577244"
"Sulmona","Sulmona","42.0480","13.9262","Italy","IT","ITA","Abruzzo","","22175","1380132981"
"Camp Springs","Camp Springs","38.8052","-76.9199","United States","US","USA","Maryland","","22174","1840005947"
"Guabo","Guabo","-3.2388","-79.8292","Ecuador","EC","ECU","El Oro","","22172","1218736994"
"Qarazhal","Qarazhal","48.0253","70.7999","Kazakhstan","KZ","KAZ","Ulytaū","minor","22170","1398149188"
"Mbaïki","Mbaiki","3.8833","18.0000","Central African Republic","CF","CAF","Lobaye","admin","22166","1140040245"
"Goleniów","Goleniow","53.5636","14.8281","Poland","PL","POL","Zachodniopomorskie","minor","22166","1616391921"
"Chestermere","Chestermere","51.0500","-113.8225","Canada","CA","CAN","Alberta","","22163","1124000371"
"La Madeleine","La Madeleine","50.6558","3.0710","France","FR","FRA","Hauts-de-France","","22161","1250109731"
"Mountain Brook","Mountain Brook","33.4871","-86.7400","United States","US","USA","Alabama","","22160","1840014792"
"Radevormwald","Radevormwald","51.2000","7.3500","Germany","DE","DEU","North Rhine-Westphalia","","22159","1276941483"
"Salvaterra de Magos","Salvaterra de Magos","39.0253","-8.7933","Portugal","PT","PRT","Santarém","minor","22159","1620916588"
"Batad","Batad","11.4200","123.1200","Philippines","PH","PHL","Iloilo","","22157","1608532395"
"Sokolov","Sokolov","50.1814","12.6403","Czechia","CZ","CZE","Karlovarský Kraj","","22155","1203662180"
"Vellithiruthi","Vellithiruthi","10.6434","76.1624","India","IN","IND","Kerala","","22155","1356148030"
"Paraguarí","Paraguari","-25.6200","-57.1600","Paraguay","PY","PRY","Paraguarí","admin","22154","1600581132"
"Ghriss","Ghriss","35.2500","0.1667","Algeria","DZ","DZA","Mascara","","22151","1012428063"
"Sarapāka","Sarapaka","17.6922","80.8614","India","IN","IND","Andhra Pradesh","","22149","1356331264"
"Sant’Arcangelo di Romagna","Sant'Arcangelo di Romagna","44.0633","12.4466","Italy","IT","ITA","Emilia-Romagna","","22148","1380993276"
"Aleksandrów Łódzki","Aleksandrow Lodzki","51.8194","19.3039","Poland","PL","POL","Łódzkie","","22148","1616531721"
"Quedgeley","Quedgeley","51.8250","-2.2800","United Kingdom","GB","GBR","Gloucestershire","","22145","1826737414"
"Vayalār","Vayalar","9.7750","76.4292","India","IN","IND","Kerala","","22145","1356356230"
"Katkol","Katkol","15.9500","75.3000","India","IN","IND","Karnātaka","","22143","1356774848"
"Bayou Cane","Bayou Cane","29.6243","-90.7510","United States","US","USA","Louisiana","","22143","1840014031"
"Bhānvad","Bhanvad","21.9300","69.7800","India","IN","IND","Gujarāt","","22142","1356199086"
"Ban Pa Tueng","Ban Pa Tueng","20.1339","99.8325","Thailand","TH","THA","Chiang Rai","","22139","1764197530"
"Salcedo","Salcedo","11.1500","125.6700","Philippines","PH","PHL","Eastern Samar","","22136","1608306893"
"Guryevsk","Guryevsk","54.2833","85.9333","Russia","RU","RUS","Kemerovskaya Oblast’","","22134","1643007187"
"Alfafar","Alfafar","39.4222","-0.3906","Spain","ES","ESP","Valencia","","22131","1724290706"
"Pīrmed","Pirmed","9.3667","76.8708","India","IN","IND","Kerala","","22130","1356112817"
"Pomerode","Pomerode","-26.7408","-49.1769","Brazil","BR","BRA","Santa Catarina","minor","22127","1076620376"
"La Porte","La Porte","41.6069","-86.7142","United States","US","USA","Indiana","","22125","1840030063"
"Sunny Isles Beach","Sunny Isles Beach","25.9385","-80.1246","United States","US","USA","Florida","","22125","1840016007"
"Reigate","Reigate","51.2370","-0.2060","United Kingdom","GB","GBR","Surrey","","22123","1826422343"
"Clarksville","Clarksville","38.3220","-85.7673","United States","US","USA","Indiana","","22121","1840009665"
"Pingtan","Pingtan","23.2525","111.4119","China","CN","CHN","Guangxi","","22120","1156658366"
"Formby","Formby","53.5586","-3.0666","United Kingdom","GB","GBR","Sefton","","22119","1826350182"
"Tabarka","Tabarka","36.9544","8.7581","Tunisia","TN","TUN","Jendouba","","22119","1788433154"
"Kingsville","Kingsville","42.1000","-82.7167","Canada","CA","CAN","Ontario","","22119","1124616034"
"Bourkika","Bourkika","36.5000","2.4833","Algeria","DZ","DZA","Tipaza","","22118","1012333996"
"Fantino","Fantino","19.1200","-70.3000","Dominican Republic","DO","DOM","Cibao Sur","","22117","1214690546"
"Sahil","Sahil","40.2239","49.5760","Azerbaijan","AZ","AZE","Bakı","","22116","1031499506"
"Bellavista","Bellavista","-7.0668","-76.5847","Peru","PE","PER","San Martín","","22116","1604125292"
"Talwandi Sābo","Talwandi Sabo","29.9838","75.0820","India","IN","IND","Punjab","","22115","1356589470"
"Qapqal","Qapqal","43.8340","81.1581","China","CN","CHN","Xinjiang","minor","22111","1156008098"
"Salémata","Salemata","12.6333","-12.8167","Senegal","SN","SEN","Kédougou","","22111","1686886935"
"Krolevets","Krolevets","51.5500","33.3833","Ukraine","UA","UKR","Sumska Oblast","","22111","1804796188"
"Cunha","Cunha","-23.0744","-44.9597","Brazil","BR","BRA","São Paulo","minor","22110","1076000535"
"Allison Park","Allison Park","40.5730","-79.9603","United States","US","USA","Pennsylvania","","22108","1840026468"
"Santa Fe","Santa Fe","11.1856","124.9161","Philippines","PH","PHL","Leyte","","22102","1608498927"
"Karlsfeld","Karlsfeld","48.2167","11.4667","Germany","DE","DEU","Bavaria","","22101","1276796218"
"Caojiachuan","Caojiachuan","34.9000","111.5000","China","CN","CHN","Shanxi","","22100","1156192443"
"Arroyito","Arroyito","-23.1751","-56.7781","Paraguay","PY","PRY","Concepción","","22100","1600329256"
"Namayumba","Namayumba","0.5281","32.2506","Uganda","UG","UGA","Wakiso","","22100","1800060213"
"Doutou","Doutou","6.5500","1.8833","Benin","BJ","BEN","Mono","","22099","1204517894"
"La Cruz","La Cruz","-32.8281","-71.1761","Chile","CL","CHL","Valparaíso","","22098","1152948474"
"Madhupur","Madhupur","24.7000","83.0200","India","IN","IND","Uttar Pradesh","","22097","1356251890"
"San Agustin","San Agustin","16.5200","121.7500","Philippines","PH","PHL","Isabela","","22096","1608476600"
"Sanford","Sanford","43.4244","-70.7573","United States","US","USA","Maine","","22095","1840002672"
"Palmital","Palmital","-22.7889","-50.2175","Brazil","BR","BRA","São Paulo","minor","22094","1076414022"
"Saint-Jean-de-Braye","Saint-Jean-de-Braye","47.9128","1.9719","France","FR","FRA","Centre-Val de Loire","","22088","1250168374"
"Árgos","Argos","37.6167","22.7167","Greece","GR","GRC","Pelopónnisos","minor","22085","1300389064"
"Perāvūrani","Peravurani","10.3000","79.1800","India","IN","IND","Tamil Nādu","","22084","1356611422"
"Pailitas","Pailitas","8.9667","-73.6333","Colombia","CO","COL","Cesar","minor","22083","1170355661"
"Howli","Howli","26.4224","90.9800","India","IN","IND","Assam","","22083","1356834463"
"Huejúcar","Huejucar","22.3591","-103.2108","Mexico","MX","MEX","Jalisco","minor","22083","1484409823"
"Ocatlán","Ocatlan","19.3167","-98.2283","Mexico","MX","MEX","Tlaxcala","","22082","1484715262"
"Muelle de los Bueyes","Muelle de los Bueyes","12.0667","-84.5333","Nicaragua","NI","NIC","Costa Caribe Sur","minor","22082","1558837878"
"Brunswick","Brunswick","43.9007","-69.9761","United States","US","USA","Maine","","22081","1840052591"
"São José do Rio Preto","Sao Jose do Rio Preto","-22.1508","-42.9239","Brazil","BR","BRA","Rio de Janeiro","minor","22080","1076054685"
"Ilsede","Ilsede","52.2667","10.1833","Germany","DE","DEU","Lower Saxony","","22080","1276410827"
"Hoogezand","Hoogezand","53.1572","6.7533","Netherlands","NL","NLD","Groningen","minor","22080","1528523949"
"Vilnohirsk","Vilnohirsk","48.4781","34.0281","Ukraine","UA","UKR","Dnipropetrovska Oblast","","22079","1804164194"
"Timbiquí","Timbiqui","2.7719","-77.6650","Colombia","CO","COL","Cauca","minor","22077","1170187722"
"Vereshchagino","Vereshchagino","58.1000","54.6667","Russia","RU","RUS","Permskiy Kray","minor","22077","1643676991"
"Taixi","Taixi","23.7000","120.2000","Taiwan","TW","TWN","Yunlin","","22077","1158631451"
"Smithfield","Smithfield","41.9014","-71.5308","United States","US","USA","Rhode Island","","22075","1840106200"
"Newquay","Newquay","50.4120","-5.0757","United Kingdom","GB","GBR","Cornwall","","22074","1826417367"
"Camborne","Camborne","50.2130","-5.3000","United Kingdom","GB","GBR","Cornwall","","22074","1826570775"
"Kālchīni","Kalchini","26.6889","89.4483","India","IN","IND","West Bengal","","22072","1356460672"
"Estcourt","Estcourt","-29.0000","29.8833","South Africa","ZA","ZAF","KwaZulu-Natal","","22071","1710338494"
"Oxford","Oxford","39.5061","-84.7446","United States","US","USA","Ohio","","22069","1840009572"
"Qifţ","Qift","26.0000","32.8167","Egypt","EG","EGY","Qinā","","22063","1818432841"
"Palestrina","Palestrina","41.8333","12.9000","Italy","IT","ITA","Lazio","","22063","1380751637"
"Yorosso","Yorosso","12.3581","-4.7769","Mali","ML","MLI","Sikasso","minor","22063","1466751971"
"Oxford","Oxford","33.5967","-85.8687","United States","US","USA","Alabama","","22063","1840014780"
"Imbert","Imbert","19.7500","-70.8300","Dominican Republic","DO","DOM","Cibao Norte","","22058","1214841886"
"Parsāgarhi","Parsagarhi","26.0935","87.0672","India","IN","IND","Bihār","","22057","1356182729"
"Ḩamīdīyeh","Hamidiyeh","31.4811","48.4350","Iran","IR","IRN","Khūzestān","minor","22057","1364148663"
"Langley Park","Langley Park","38.9897","-76.9808","United States","US","USA","Maryland","","22057","1840005959"
"Ādampur","Adampur","31.4322","75.7148","India","IN","IND","Punjab","","22053","1356184220"
"Chhanera","Chhanera","21.6230","76.3720","India","IN","IND","Madhya Pradesh","","22052","1356870130"
"Itaiópolis","Itaiopolis","-26.3358","-49.9058","Brazil","BR","BRA","Santa Catarina","minor","22051","1076429298"
"Chambersburg","Chambersburg","39.9315","-77.6556","United States","US","USA","Pennsylvania","","22051","1840001410"
"Madamba","Madamba","7.8800","124.0700","Philippines","PH","PHL","Lanao del Sur","","22050","1608005333"
"Hastings","Hastings","44.7318","-92.8538","United States","US","USA","Minnesota","","22050","1840006770"
"Rimavská Sobota","Rimavska Sobota","48.3814","20.0200","Slovakia","SK","SVK","Banská Bystrica","minor","22048","1703980891"
"Lower","Lower","38.9819","-74.9087","United States","US","USA","New Jersey","","22048","1840081575"
"Northwood","Northwood","51.6010","-0.4176","United Kingdom","GB","GBR","Hillingdon","","22047","1826980965"
"Honmachi","Honmachi","36.0609","136.5006","Japan","JP","JPN","Fukui","","22047","1392794270"
"San Martín","San Martin","-31.4397","-68.5206","Argentina","AR","ARG","San Juan","minor","22046","1032363608"
"Ceres","Ceres","-15.3078","-49.5978","Brazil","BR","BRA","Goiás","minor","22046","1076087042"
"Aswāpuram","Aswapuram","17.8348","80.8236","India","IN","IND","Andhra Pradesh","","22044","1356060648"
"Khandela","Khandela","27.3600","75.3000","India","IN","IND","Rājasthān","","22044","1356035135"
"Kirovsk","Kirovsk","67.6167","33.6500","Russia","RU","RUS","Murmanskaya Oblast’","","22042","1643433043"
"Karaisalı","Karaisali","37.2611","35.0600","Turkey","TR","TUR","Adana","minor","22042","1792954289"
"Tiquisio","Tiquisio","8.5667","-74.2667","Colombia","CO","COL","Bolívar","minor","22041","1170823883"
"Dongta","Dongta","38.0824","106.3390","China","CN","CHN","Ningxia","minor","22040","1156958987"
"Soltau","Soltau","52.9833","9.8333","Germany","DE","DEU","Lower Saxony","","22040","1276678434"
"Mondovì","Mondovi","44.3833","7.8167","Italy","IT","ITA","Piedmont","","22040","1380965042"
"Sevlievo","Sevlievo","43.0207","25.0945","Bulgaria","BG","BGR","Gabrovo","","22035","1100820915"
"Sonthofen","Sonthofen","47.5158","10.2811","Germany","DE","DEU","Bavaria","minor","22035","1276823857"
"East Ridge","East Ridge","34.9973","-85.2285","United States","US","USA","Tennessee","","22034","1840013452"
"Jizhuang","Jizhuang","40.3614","116.9858","China","CN","CHN","Beijing","","22032","1156238829"
"Nevyansk","Nevyansk","57.4833","60.2000","Russia","RU","RUS","Sverdlovskaya Oblast’","minor","22030","1643592737"
"Banbishancun","Banbishancun","40.3700","117.9317","China","CN","CHN","Hebei","","22029","1156558840"
"Woensdrecht","Woensdrecht","51.4300","4.3050","Netherlands","NL","NLD","Noord-Brabant","","22028","1528569809"
"Jāwad","Jawad","24.5992","74.8626","India","IN","IND","","","22026","1356338791"
"Naregal","Naregal","15.5732","75.8080","India","IN","IND","Karnātaka","","22024","1356850764"
"Épernay","Epernay","49.0403","3.9600","France","FR","FRA","Grand Est","minor","22022","1250669330"
"Corail","Corail","18.5677","-73.8894","Haiti","HT","HTI","Grand’Anse","","22021","1332320384"
"Silvania","Silvania","4.4033","-74.3881","Colombia","CO","COL","Cundinamarca","minor","22020","1170709496"
"Taveta","Taveta","-3.3956","37.6761","Kenya","KE","KEN","Taita/Taveta","","22018","1404624215"
"Dioumanzana","Dioumanzana","12.5960","-7.3083","Mali","ML","MLI","Koulikoro","","22018","1466811327"
"Anini-y","Anini-y","10.4325","121.9253","Philippines","PH","PHL","Antique","","22018","1608618256"
"Comacchio","Comacchio","44.7000","12.1833","Italy","IT","ITA","Emilia-Romagna","","22017","1380546897"
"Meixedo","Meixedo","41.8522","-6.7706","Portugal","PT","PRT","Bragança","","22016","1620138660"
"Kotelnikovo","Kotelnikovo","47.6333","43.1500","Russia","RU","RUS","Volgogradskaya Oblast’","minor","22016","1643615512"
"Columbia Heights","Columbia Heights","45.0484","-93.2472","United States","US","USA","Minnesota","","22016","1840006712"
"Ostrów Mazowiecka","Ostrow Mazowiecka","52.8000","21.9000","Poland","PL","POL","Mazowieckie","minor","22013","1616194953"
"Tola","Tola","11.4333","-85.9333","Nicaragua","NI","NIC","Rivas","minor","22012","1558491249"
"Greystones","Greystones","53.1408","-6.0631","Ireland","IE","IRL","Wicklow","","22009","1372569009"
"Uliastay","Uliastay","47.7428","96.8433","Mongolia","MN","MNG","Dzavhan","admin","22006","1496103841"
"Villeneuve-sur-Lot","Villeneuve-sur-Lot","44.4081","0.7050","France","FR","FRA","Nouvelle-Aquitaine","minor","22004","1250450976"
"Paese","Paese","45.6667","12.1500","Italy","IT","ITA","Veneto","","22004","1380092506"
"Winter Gardens","Winter Gardens","32.8376","-116.9268","United States","US","USA","California","","22003","1840019351"
"Jugiāl","Jugial","32.3684","75.6782","India","IN","IND","Punjab","","22001","1356147551"
"Hacı Zeynalabdin","Haci Zeynalabdin","40.6242","49.5575","Azerbaijan","AZ","AZE","Sumqayıt","","22000","1031256738"
"Aoshang","Aoshang","25.6842","113.0322","China","CN","CHN","Hunan","","22000","1156016237"
"Atherton","Atherton","53.5230","-2.4950","United Kingdom","GB","GBR","Wigan","","22000","1826022663"
"Saoner","Saoner","21.3858","78.9201","India","IN","IND","Mahārāshtra","","22000","1356237945"
"Bukkarāyasamudram","Bukkarayasamudram","14.6944","77.6381","India","IN","IND","Andhra Pradesh","","22000","1356973726"
"Ghāt","Ghat","24.9644","10.1781","Libya","LY","LBY","Ghāt","admin","22000","1434971028"
"Ampasimanjeva","Ampasimanjeva","-21.7368","48.0384","Madagascar","MG","MDG","Fianarantsoa","","22000","1450896480"
"Manakambahiny","Manakambahiny","-17.8593","48.2947","Madagascar","MG","MDG","Toamasina","","22000","1450199709"
"Ambodimotso Atsimo","Ambodimotso Atsimo","-15.3803","48.5889","Madagascar","MG","MDG","Mahajanga","","22000","1450354042"
"Iarintsena","Iarintsena","-21.8279","46.8813","Madagascar","MG","MDG","Fianarantsoa","","22000","1450516080"
"Andranovorivato","Andranovorivato","-21.6293","46.9897","Madagascar","MG","MDG","Fianarantsoa","","22000","1450284938"
"Bemanonga","Bemanonga","-20.2920","44.3513","Madagascar","MG","MDG","Toliara","","22000","1450905761"
"Vohimasina","Vohimasina","-21.7766","48.1187","Madagascar","MG","MDG","Fianarantsoa","","22000","1450287658"
"Andilanatoby","Andilanatoby","-17.9335","48.2366","Madagascar","MG","MDG","Toamasina","","22000","1450217709"
"Alakamisy-Ambohimaha","Alakamisy-Ambohimaha","-21.3211","47.2240","Madagascar","MG","MDG","Fianarantsoa","","22000","1450325718"
"Ambalaroka","Ambalaroka","-22.1522","47.7293","Madagascar","MG","MDG","Fianarantsoa","","22000","1450936637"
"Jafaro","Jafaro","-24.9253","45.5191","Madagascar","MG","MDG","Toliara","","22000","1450577279"
"Ankiabe-Salohy","Ankiabe-Salohy","-15.6050","48.7201","Madagascar","MG","MDG","Mahajanga","","22000","1450727399"
"Antsakabary","Antsakabary","-15.0429","48.9283","Madagascar","MG","MDG","Mahajanga","","22000","1450047713"
"Lebane","Lebane","42.9167","21.7333","Serbia","RS","SRB","Lebane","admin","22000","1688169172"
"Huskvarna","Huskvarna","57.7919","14.2756","Sweden","SE","SWE","Jönköping","","22000","1752552539"
"Kigumba","Kigumba","1.8150","32.0100","Uganda","UG","UGA","Kiryandongo","","22000","1800399963"
"Machagai","Machagai","-26.9167","-60.0333","Argentina","AR","ARG","Chaco","minor","21997","1032606439"
"Unchahra","Unchahra","24.3825","80.7809","India","IN","IND","Madhya Pradesh","","21996","1356718269"
"Elsdorf","Elsdorf","50.9333","6.5667","Germany","DE","DEU","North Rhine-Westphalia","","21993","1276581538"
"Moncada","Moncada","39.5431","-0.3928","Spain","ES","ESP","Valencia","","21993","1724450178"
"Ecoporanga","Ecoporanga","-18.3728","-40.8308","Brazil","BR","BRA","Espírito Santo","minor","21992","1076291520"
"Coalville","Coalville","52.7240","-1.3690","United Kingdom","GB","GBR","Leicestershire","","21988","1826533599"
"Drās","Dras","34.4468","75.7586","India","IN","IND","Ladākh","","21988","1356886565"
"Zundert","Zundert","51.4703","4.6600","Netherlands","NL","NLD","Noord-Brabant","minor","21988","1528815556"
"Gavimané","Gavimane","15.1350","-9.8936","Mali","ML","MLI","Kayes","","21986","1466830019"
"Taminango","Taminango","1.5667","-77.2833","Colombia","CO","COL","Nariño","minor","21985","1170223532"
"Bilthoven","Bilthoven","52.1283","5.1986","Netherlands","NL","NLD","Utrecht","minor","21984","1528062799"
"Al Bāḩah","Al Bahah","20.0129","41.4677","Saudi Arabia","SA","SAU","Al Bāḩah","admin","21983","1682121855"
"Pitrufquén","Pitrufquen","-38.9833","-72.6500","Chile","CL","CHL","Araucanía","","21981","1152964744"
"Tashtagol","Tashtagol","52.7667","87.8667","Russia","RU","RUS","Kemerovskaya Oblast’","","21980","1643787144"
"Néma","Nema","16.6171","-7.2500","Mauritania","MR","MRT","Hodh ech Chargui","admin","21979","1478009046"
"Pinhalzinho","Pinhalzinho","-26.8478","-52.9919","Brazil","BR","BRA","Santa Catarina","minor","21972","1076938611"
"Khosrowshahr","Khosrowshahr","37.9514","46.0508","Iran","IR","IRN","Āz̄arbāyjān-e Sharqī","","21972","1364295244"
"Bad Krozingen","Bad Krozingen","47.9167","7.7000","Germany","DE","DEU","Baden-Württemberg","","21971","1276964772"
"Aspe","Aspe","38.3456","-0.7689","Spain","ES","ESP","Valencia","","21969","1724126700"
"Ampanotokana","Ampanotokana","-18.7193","47.3079","Madagascar","MG","MDG","Antananarivo","","21969","1450337048"
"Iracemápolis","Iracemapolis","-22.5808","-47.5189","Brazil","BR","BRA","São Paulo","minor","21967","1076095020"
"San Rafael del Yuma","San Rafael del Yuma","18.4333","-68.6667","Dominican Republic","DO","DOM","Yuma","","21967","1214650912"
"Mililani Mauka","Mililani Mauka","21.4756","-157.9948","United States","US","USA","Hawaii","","21967","1840039224"
"Djinet","Djinet","36.8833","3.7167","Algeria","DZ","DZA","Boumerdes","","21966","1012989318"
"Robbah","Robbah","33.2811","6.9108","Algeria","DZ","DZA","El Oued","","21965","1012452718"
"Kuppam","Kuppam","12.7500","78.3700","India","IN","IND","Andhra Pradesh","","21963","1356676774"
"Lorton","Lorton","38.6983","-77.2164","United States","US","USA","Virginia","","21961","1840006035"
"Koekelberg","Koekelberg","50.8667","4.3333","Belgium","BE","BEL","Brussels-Capital Region","","21959","1056006015"
"Vertentes","Vertentes","-7.9028","-35.9878","Brazil","BR","BRA","Pernambuco","minor","21959","1076000487"
"Chillicothe","Chillicothe","39.3393","-82.9939","United States","US","USA","Ohio","","21958","1840007369"
"Koksijde","Koksijde","51.1000","2.6500","Belgium","BE","BEL","Flanders","","21957","1056544281"
"San Jose","San Jose","9.4200","123.2300","Philippines","PH","PHL","Negros Oriental","","21956","1608586571"
"Villa de Leyva","Villa de Leyva","5.6333","-73.5333","Colombia","CO","COL","Boyacá","minor","21953","1170607364"
"Dudelange","Dudelange","49.4833","6.0833","Luxembourg","LU","LUX","Esch-sur-Alzette","minor","21953","1442627138"
"Ozark","Ozark","37.0365","-93.2158","United States","US","USA","Missouri","","21953","1840009926"
"Sêrro","Serro","-18.6044","-43.3794","Brazil","BR","BRA","Minas Gerais","minor","21952","1076331667"
"Chākia","Chakia","26.4160","85.0467","India","IN","IND","Bihār","","21948","1356151353"
"Zalun","Zalun","17.4719","95.5522","Burma","MM","MMR","Ayeyarwady","","21947","1104550654"
"Pochāram","Pocharam","17.4255","78.6450","India","IN","IND","Andhra Pradesh","","21946","1356070531"
"Diamantino","Diamantino","-14.4089","-56.4458","Brazil","BR","BRA","Mato Grosso","minor","21941","1076901088"
"Mundamāla","Mundamala","24.6081","88.4728","Bangladesh","BD","BGD","Rājshāhi","","21940","1050162124"
"Rāmantali","Ramantali","12.0500","75.1833","India","IN","IND","Kerala","","21937","1356284440"
"Le Petit-Quevilly","Le Petit-Quevilly","49.4311","1.0539","France","FR","FRA","Normandie","","21935","1250526109"
"Ḩārim","Harim","36.2118","36.5208","Syria","SY","SYR","Idlib","minor","21934","1760216782"
"Ấp Phú Mỹ","Ap Phu My","9.7500","106.0000","Vietnam","VN","VNM","Sóc Trăng","","21931","1704694419"
"Muhlenberg","Muhlenberg","40.3955","-75.9250","United States","US","USA","Pennsylvania","","21931","1840100491"
"Golden Valley","Golden Valley","44.9901","-93.3591","United States","US","USA","Minnesota","","21927","1840007824"
