"Ban Na San","Ban Na San","8.8004","99.3637","Thailand","TH","THA","Surat Thani","minor","19801","1764021256"
"Bartow","Bartow","27.8868","-81.8214","United States","US","USA","Florida","","19801","1840014128"
"Whitemarsh","Whitemarsh","40.1040","-75.2483","United States","US","USA","Pennsylvania","","19800","1840102027"
"Remígio","Remigio","-6.9660","-35.7951","Brazil","BR","BRA","Paraíba","minor","19798","1076104927"
"Stroud","Stroud","41.0001","-75.2173","United States","US","USA","Pennsylvania","","19797","1840144158"
"Sainte-Marthe-sur-le-Lac","Sainte-Marthe-sur-le-Lac","45.5300","-73.9300","Canada","CA","CAN","Quebec","","19797","1124001153"
"Brigham City","Brigham City","41.5035","-112.0453","United States","US","USA","Utah","","19796","1840018702"
"Agryz","Agryz","56.5219","52.9975","Russia","RU","RUS","Tatarstan","","19794","1643220768"
"Kannānkurichchi","Kannankurichchi","11.6969","78.1794","India","IN","IND","Tamil Nādu","","19792","1356228888"
"Ruhango","Ruhango","-2.2325","29.7803","Rwanda","RW","RWA","Southern Province","","19792","1646180341"
"Tamri","Tamri","30.6950","-9.8250","Morocco","MA","MAR","Souss-Massa","","19790","1504501049"
"Brezno","Brezno","48.8036","19.6381","Slovakia","SK","SVK","Banská Bystrica","minor","19790","1703148175"
"Itaparica","Itaparica","-12.8878","-38.6789","Brazil","BR","BRA","Bahia","minor","19789","1076639827"
"Rubiataba","Rubiataba","-15.1639","-49.8028","Brazil","BR","BRA","Goiás","minor","19788","1076760210"
"Nosy Varika","Nosy Varika","-20.5877","48.5354","Madagascar","MG","MDG","Fianarantsoa","","19787","1450317495"
"Puttūr","Puttur","9.0400","76.7100","India","IN","IND","Kerala","","19786","1356160311"
"Araripe","Araripe","-7.2128","-40.0458","Brazil","BR","BRA","Ceará","minor","19783","1076163103"
"Poperinge","Poperinge","50.8500","2.7333","Belgium","BE","BEL","Flanders","","19782","1056648990"
"Stoke Gifford","Stoke Gifford","51.5170","-2.5480","United Kingdom","GB","GBR","South Gloucestershire","","19781","1826740275"
"Time","Time","58.7333","5.7000","Norway","NO","NOR","Rogaland","","19781","1578972107"
"Mosopa","Mosopa","-24.7792","25.4183","Botswana","BW","BWA","Southern","","19780","1072143479"
"Smørumnedre","Smorumnedre","55.7423","12.3028","Denmark","DK","DNK","Hovedstaden","","19780","1208922799"
"Lackawanna","Lackawanna","42.8182","-78.8325","United States","US","USA","New York","","19779","1840000387"
"Palm Valley","Palm Valley","30.2011","-81.3948","United States","US","USA","Florida","","19775","1840013971"
"Gerlingen","Gerlingen","48.8000","9.0653","Germany","DE","DEU","Baden-Württemberg","","19774","1276144443"
"Massy","Massy","41.0640","72.6375","Kyrgyzstan","KG","KGZ","Jalal-Abad","minor","19774","1417666567"
"Vulcan","Vulcan","45.3811","23.2914","Romania","RO","ROU","Hunedoara","","19772","1642844493"
"Grafton","Grafton","42.2085","-71.6838","United States","US","USA","Massachusetts","","19771","1840053690"
"Malabuyoc","Malabuyoc","9.6500","123.3300","Philippines","PH","PHL","Cebu","","19770","1608741221"
"Cheung Chau","Cheung Chau","22.2106","114.0289","Hong Kong","HK","HKG","","","19769","1344565945"
"Albany","Albany","37.8897","-122.3018","United States","US","USA","California","","19768","1840028140"
"Broadview Heights","Broadview Heights","41.3196","-81.6779","United States","US","USA","Ohio","","19768","1840000591"
"Pertuis","Pertuis","43.6950","5.5036","France","FR","FRA","Provence-Alpes-Côte d’Azur","","19764","1250296528"
"Kattanam","Kattanam","9.1764","76.5641","India","IN","IND","Kerala","","19764","1356034553"
"Korsholm","Korsholm","63.1125","21.6778","Finland","FI","FIN","Pohjanmaa","minor","19763","1246225569"
"Ghatkesar","Ghatkesar","17.4494","78.6853","India","IN","IND","Andhra Pradesh","","19763","1356365517"
"Puerto Armuelles","Puerto Armuelles","8.2833","-82.8667","Panama","PA","PAN","Chiriquí","minor","19763","1591562054"
"Senador Guiomard","Senador Guiomard","-10.1497","-67.7374","Brazil","BR","BRA","Acre","minor","19761","1076352899"
"Bishunpur","Bishunpur","26.0868","86.6541","India","IN","IND","Bihār","","19760","1356256599"
"Kurikka","Kurikka","62.6167","22.4000","Finland","FI","FIN","Etelä-Pohjanmaa","minor","19759","1246688374"
"Mirfield","Mirfield","53.6807","-1.6888","United Kingdom","GB","GBR","Kirklees","","19759","1826835871"
"Greenfield","Greenfield","36.3242","-121.2428","United States","US","USA","California","","19759","1840020356"
"Müllheim","Mullheim","47.8000","7.6333","Germany","DE","DEU","Baden-Württemberg","","19756","1276925185"
"Ryūyō","Ryuyo","34.6783","137.8167","Japan","JP","JPN","Shizuoka","","19756","1392003096"
"Jnane Bouih","Jnane Bouih","32.0308","-8.7894","Morocco","MA","MAR","Marrakech-Safi","","19755","1504889186"
"Bückeburg","Buckeburg","52.2608","9.0492","Germany","DE","DEU","Lower Saxony","","19754","1276508515"
"Crest Hill","Crest Hill","41.5723","-88.1124","United States","US","USA","Illinois","","19754","1840007088"
"Huangtong","Huangtong","19.8350","109.8455","China","CN","CHN","Hainan","","19753","1156571120"
"San Miguel","San Miguel","11.2942","124.8300","Philippines","PH","PHL","Leyte","","19753","1608453434"
"Nogales","Nogales","31.3624","-110.9336","United States","US","USA","Arizona","","19753","1840020823"
"Xingangli","Xingangli","39.9101","119.5468","China","CN","CHN","Hebei","","19751","1156022859"
"Simonésia","Simonesia","-20.1239","-42.0008","Brazil","BR","BRA","Minas Gerais","minor","19750","1076773579"
"Prudnik","Prudnik","50.3228","17.5767","Poland","PL","POL","Opolskie","minor","19747","1616117977"
"Três Barras","Tres Barras","-26.1058","-50.3219","Brazil","BR","BRA","Santa Catarina","minor","19746","1076248669"
"Poshkent","Poshkent","39.8833","69.0333","Tajikistan","TJ","TJK","Sughd","","19746","1762717942"
"Clifton","Clifton","39.0764","-108.4605","United States","US","USA","Colorado","","19746","1840017556"
"Bad Aibling","Bad Aibling","47.8639","12.0100","Germany","DE","DEU","Bavaria","","19745","1276844408"
"Monor","Monor","47.3475","19.4489","Hungary","HU","HUN","Pest","minor","19743","1348049694"
"Pattamadai","Pattamadai","8.6726","77.5845","India","IN","IND","Tamil Nādu","","19743","1356205164"
"Calvillo","Calvillo","21.8500","-102.7167","Mexico","MX","MEX","Aguascalientes","minor","19742","1484468847"
"Os","Os","60.1835","5.4666","Norway","NO","NOR","Vestland","minor","19742","1578224963"
"Lloydminster","Lloydminster","53.2807","-110.0350","Canada","CA","CAN","Alberta","","19739","1124000858"
"Itatinga","Itatinga","-23.1017","-48.6158","Brazil","BR","BRA","São Paulo","minor","19738","1076066003"
"Tavares","Tavares","28.7920","-81.7352","United States","US","USA","Florida","","19738","1840015953"
"Assebroek","Assebroek","51.1964","3.2536","Belgium","BE","BEL","Flanders","","19737","1056722855"
"Thimiri","Thimiri","12.8283","79.3079","India","IN","IND","Tamil Nādu","","19737","1356942559"
"Beldaur","Beldaur","25.5947","86.7909","India","IN","IND","Bihār","","19737","1356061516"
"Cherakhera","Cherakhera","25.6869","86.4187","India","IN","IND","Bihār","","19736","1356573010"
"Yonabaru","Yonabaru","26.1994","127.7547","Japan","JP","JPN","Okinawa","","19735","1392279515"
"Imi n’Oulaoun","Imi n'Oulaoun","31.4224","-6.5641","Morocco","MA","MAR","Drâa-Tafilalet","","19734","1504402350"
"Issaba","Issaba","7.0833","2.6167","Benin","BJ","BEN","Plateau","","19732","1204318038"
"Gröbenzell","Grobenzell","48.2000","11.3667","Germany","DE","DEU","Bavaria","","19731","1276398825"
"Kanekallu","Kanekallu","14.8864","77.0317","India","IN","IND","Andhra Pradesh","","19731","1356028771"
"Crisópolis","Crisopolis","-11.5108","-38.1500","Brazil","BR","BRA","Bahia","minor","19729","1076853607"
"Moineşti","Moinesti","46.4333","26.4833","Romania","RO","ROU","Bacău","","19728","1642141405"
"Varkaus","Varkaus","62.3167","27.8917","Finland","FI","FIN","Pohjois-Savo","minor","19727","1246449573"
"Lake Zurich","Lake Zurich","42.1956","-88.0870","United States","US","USA","Illinois","","19727","1840011160"
"Yosano","Yosano","35.5667","135.1500","Japan","JP","JPN","Kyōto","","19726","1392003204"
"Viadana","Viadana","44.9267","10.5200","Italy","IT","ITA","Lombardy","","19723","1380676530"
"Pećinci","Pecinci","44.9089","19.9664","Serbia","RS","SRB","Pećinci","admin","19720","1688856329"
"Cuité","Cuite","-6.4850","-36.1569","Brazil","BR","BRA","Paraíba","minor","19719","1076189452"
"Hongshui","Hongshui","38.4246","100.7926","China","CN","CHN","Gansu","minor","19718","1156311485"
"Wittlich","Wittlich","49.9869","6.8897","Germany","DE","DEU","Rhineland-Palatinate","minor","19718","1276069973"
"Shinjō","Shinjo","34.4892","135.7266","Japan","JP","JPN","Nara","","19717","1392641985"
"Saavedra","Saavedra","-37.7833","-62.3500","Argentina","AR","ARG","Buenos Aires","","19715","1032480049"
"Castelo do Piauí","Castelo do Piaui","-5.3222","-41.5525","Brazil","BR","BRA","Piauí","minor","19715","1076388877"
"Pichidegua","Pichidegua","-34.3586","-71.2831","Chile","CL","CHL","Libertador General Bernardo O’Higgins","","19714","1152025661"
"Río Segundo","Rio Segundo","-31.6501","-63.9116","Argentina","AR","ARG","Córdoba","","19713","1032477999"
"Payimattam","Payimattam","10.0255","76.4507","India","IN","IND","Kerala","","19711","1356160244"
"Echizen","Echizen","35.9742","136.1298","Japan","JP","JPN","Fukui","","19708","1392003538"
"Albertville","Albertville","45.6767","6.3933","France","FR","FRA","Auvergne-Rhône-Alpes","minor","19706","1250427117"
"Alga","Alga","49.9028","57.3333","Kazakhstan","KZ","KAZ","Aqtöbe","minor","19705","1398920371"
"Marsberg","Marsberg","51.4500","8.8333","Germany","DE","DEU","North Rhine-Westphalia","","19704","1276309670"
"Llandudno","Llandudno","53.3225","-3.8250","United Kingdom","GB","GBR","Conwy","","19700","1826130998"
"Babanūsah","Babanusah","11.3334","27.8000","Sudan","SD","SDN","West Kordofan","","19700","1729601692"
"Lehāra","Lehara","26.1515","86.1034","India","IN","IND","Bihār","","19697","1356928729"
"Monroe","Monroe","47.8595","-121.9851","United States","US","USA","Washington","","19696","1840019791"
"Houghton Regis","Houghton Regis","51.9039","-0.5247","United Kingdom","GB","GBR","Central Bedfordshire","","19692","1826997690"
"Lexington","Lexington","35.8018","-80.2682","United States","US","USA","North Carolina","","19691","1840015360"
"Suárez","Suarez","2.9589","-76.6953","Colombia","CO","COL","Cauca","minor","19690","1170553127"
"Colotlán","Colotlan","22.2000","-103.3000","Mexico","MX","MEX","Jalisco","minor","19689","1484670065"
"San Salvo","San Salvo","42.0455","14.7315","Italy","IT","ITA","Abruzzo","","19688","1380137726"
"Taketa","Taketa","32.9736","131.3978","Japan","JP","JPN","Ōita","","19688","1392003396"
"Jimaguayú","Jimaguayu","21.2422","-77.8263","Cuba","CU","CUB","Camagüey","minor","19687","1192264098"
"Dicholi","Dicholi","15.5932","73.9457","India","IN","IND","Goa","","19685","1356953406"
"Mokēri","Mokeri","11.7432","75.6178","India","IN","IND","Kerala","","19684","1356911019"
"Torgau","Torgau","51.5603","13.0056","Germany","DE","DEU","Saxony","minor","19683","1276804920"
"Kātpādi","Katpadi","12.9695","79.1455","India","IN","IND","Tamil Nādu","","19683","1356697724"
"Buşrá ash Shām","Busra ash Sham","32.5174","36.4816","Syria","SY","SYR","Dar‘ā","minor","19683","1760158105"
"Komló","Komlo","46.1911","18.2611","Hungary","HU","HUN","Baranya","minor","19679","1348836400"
"Kanniyākumāri","Kanniyakumari","8.0883","77.5385","India","IN","IND","Tamil Nādu","","19678","1356026727"
"Erlanger","Erlanger","39.0109","-84.5864","United States","US","USA","Kentucky","","19677","1840013168"
"Orós","Oros","-6.2439","-38.9139","Brazil","BR","BRA","Ceará","minor","19675","1076430062"
"Krasnohrad","Krasnohrad","49.3667","35.4500","Ukraine","UA","UKR","Kharkivska Oblast","minor","19674","1804470896"
"East Northport","East Northport","40.8791","-73.3233","United States","US","USA","New York","","19672","1840005039"
"Sinacaban","Sinacaban","8.2854","123.8436","Philippines","PH","PHL","Misamis Occidental","","19671","1608859514"
"Maḩmūdābād Nemūneh","Mahmudabad Nemuneh","36.2903","49.8994","Iran","IR","IRN","Qazvīn","","19669","1364599190"
"Bruz","Bruz","48.0256","-1.7447","France","FR","FRA","Bretagne","","19667","1250149956"
"Hajnówka","Hajnowka","52.7333","23.5667","Poland","PL","POL","Podlaskie","minor","19667","1616405290"
"Guantiankan","Guantiankan","28.2727","106.6320","China","CN","CHN","Guizhou","","19665","1156099886"
"Udalguri","Udalguri","26.7537","92.1021","India","IN","IND","Assam","","19664","1356415781"
"Pastores","Pastores","14.6000","-90.7500","Guatemala","GT","GTM","Sacatepéquez","minor","19661","1320454567"
"Būdipuram","Budipuram","10.3606","78.0106","India","IN","IND","Tamil Nādu","","19661","1356248528"
"Callosa de Segura","Callosa de Segura","38.1225","-0.8797","Spain","ES","ESP","Valencia","","19658","1724000256"
"Westmount","Westmount","45.4833","-73.6000","Canada","CA","CAN","Quebec","","19658","1124878078"
"Pichor","Pichor","25.1756","78.1886","India","IN","IND","Madhya Pradesh","","19656","1356581375"
"Andaingo Gara","Andaingo Gara","-18.2177","48.2687","Madagascar","MG","MDG","Toamasina","","19656","1450562250"
"Chiconcuac","Chiconcuac","19.5500","-98.9000","Mexico","MX","MEX","México","minor","19656","1484345092"
"Buriti dos Lopes","Buriti dos Lopes","-3.1750","-41.8669","Brazil","BR","BRA","Piauí","minor","19654","1076651757"
"Casa de Oro-Mount Helix","Casa de Oro-Mount Helix","32.7640","-116.9688","United States","US","USA","California","","19651","1840073904"
"Yuanhucun","Yuanhucun","44.1977","86.8928","China","CN","CHN","Xinjiang","","19650","1156995696"
"Karuizawa","Karuizawa","36.3486","138.5969","Japan","JP","JPN","Gunma","","19648","1392706783"
"São Lourenço d’Oeste","Sao Lourenco d'Oeste","-26.3589","-52.8508","Brazil","BR","BRA","Santa Catarina","minor","19647","1076967132"
"Kondūr","Kondur","9.6856","76.7622","India","IN","IND","Kerala","","19647","1356777351"
"Nové Mesto nad Váhom","Nove Mesto nad Vahom","48.7547","17.8308","Slovakia","SK","SVK","Nitra","minor","19644","1703781613"
"Villa Elisa","Villa Elisa","-34.8533","-58.0792","Argentina","AR","ARG","Buenos Aires","","19643","1032522671"
"Luénoufla","Luenoufla","7.0724","-6.2413","Côte d’Ivoire","CI","CIV","Sassandra-Marahoué","","19643","1384556975"
"Dayr Abū Ḩinnis","Dayr Abu Hinnis","27.7864","30.9050","Egypt","EG","EGY","Al Minyā","","19638","1818016476"
"Engelskirchen","Engelskirchen","50.9833","7.4167","Germany","DE","DEU","North Rhine-Westphalia","","19637","1276315673"
"Zachary","Zachary","30.6643","-91.1634","United States","US","USA","Louisiana","","19637","1840015908"
"Roosevelt","Roosevelt","40.6797","-73.5837","United States","US","USA","New York","","19636","1840005253"
"Nzalat Laadam","Nzalat Laadam","32.1000","-7.9500","Morocco","MA","MAR","Marrakech-Safi","","19635","1504318940"
"Davyhulme","Davyhulme","53.4559","-2.3683","United Kingdom","GB","GBR","Trafford","","19634","1826976833"
"Villabate","Villabate","38.0833","13.4500","Italy","IT","ITA","Sicilia","","19634","1380925596"
"Biddulph","Biddulph","53.1200","-2.1700","United Kingdom","GB","GBR","Staffordshire","","19633","1826603209"
"Nilakkottai","Nilakkottai","10.1700","77.8700","India","IN","IND","Tamil Nādu","","19630","1356243370"
"Urumita","Urumita","10.5667","-73.0167","Colombia","CO","COL","La Guajira","minor","19629","1170312888"
"Hanumana","Hanumana","24.7789","82.0960","India","IN","IND","Madhya Pradesh","","19629","1356255385"
"Rāwah","Rawah","34.4792","41.9083","Iraq","IQ","IRQ","Al Anbār","minor","19629","1368442139"
"Highland","Highland","40.4276","-111.7957","United States","US","USA","Utah","","19625","1840020167"
"Bir Kasdali","Bir Kasdali","36.1500","5.0333","Algeria","DZ","DZA","Bordj Bou Arréridj","","19622","1012664243"
"Ampère","Ampere","-25.9150","-53.4728","Brazil","BR","BRA","Paraná","minor","19620","1076399065"
"Sartell","Sartell","45.6188","-94.2206","United States","US","USA","Minnesota","","19620","1840008886"
"Toguchin","Toguchin","55.2333","84.4167","Russia","RU","RUS","Novosibirskaya Oblast’","","19619","1643095919"
"Forest Park","Forest Park","33.6209","-84.3590","United States","US","USA","Georgia","","19619","1840013750"
"Atasū","Atasu","48.6903","71.6499","Kazakhstan","KZ","KAZ","Ulytaū","minor","19616","1398926180"
"Otjiwarongo","Otjiwarongo","-20.4642","16.6528","Namibia","NA","NAM","Otjozondjupa","admin","19614","1516719545"
"Rāmjībanpur","Ramjibanpur","22.8300","87.6200","India","IN","IND","West Bengal","","19611","1356578747"
"Barañáin","Baranain","42.8000","-1.6667","Spain","ES","ESP","Navarre","","19606","1724436657"
"Lerdo de Tejada","Lerdo de Tejada","18.6239","-95.5142","Mexico","MX","MEX","Veracruz","minor","19606","1484800186"
"Okhmalynka","Okhmalynka","47.5333","29.3000","Ukraine","UA","UKR","Odeska Oblast","","19606","1804223828"
"Wenden","Wenden","50.9667","7.8667","Germany","DE","DEU","North Rhine-Westphalia","","19604","1276958292"
"Mayahaura","Mayahaura","22.1898","88.5033","India","IN","IND","West Bengal","","19604","1356113261"
"Ilijaš","Ilijas","43.9583","18.2667","Bosnia and Herzegovina","BA","BIH","Bosnia and Herzegovina, Federation of","minor","19603","1070041396"
"El Coco","El Coco","8.8701","-79.8041","Panama","PA","PAN","Panamá Oeste","minor","19603","1591500996"
"Veroli","Veroli","41.6833","13.4167","Italy","IT","ITA","Lazio","","19602","1380485951"
"Niiyama","Niiyama","35.0533","138.9455","Japan","JP","JPN","Shizuoka","","19602","1392380881"
"Bondo","Bondo","3.8167","23.6833","Congo (Kinshasa)","CD","COD","Bas-Uélé","","19601","1180786691"
"Kutina","Kutina","45.4791","16.7768","Croatia","HR","HRV","Sisačko-Moslavačka Županija","minor","19601","1191337296"
"Sādpur","Sadpur","25.4758","86.3786","India","IN","IND","Bihār","","19600","1356083174"
"San Juan Zitlaltepec","San Juan Zitlaltepec","19.7167","-99.0500","Mexico","MX","MEX","México","","19600","1484882196"
"Petrila","Petrila","45.4500","23.4200","Romania","RO","ROU","Hunedoara","","19600","1642937566"
"Diinsoor","Diinsoor","2.4085","42.9771","Somalia","SO","SOM","Bay","","19600","1706924480"
"Tapauá","Tapaua","-5.6278","-63.1828","Brazil","BR","BRA","Amazonas","minor","19599","1076687241"
"Harrison","Harrison","40.7431","-74.1531","United States","US","USA","New Jersey","","19599","1840003598"
"Ischia","Ischia","40.7333","13.9500","Italy","IT","ITA","Campania","","19598","1380746538"
"Russell","Russell","45.2569","-75.3583","Canada","CA","CAN","Ontario","","19598","1124982538"
"La Eliana","La Eliana","39.5661","-0.5281","Spain","ES","ESP","Valencia","","19597","1724040123"
"Turnu Măgurele","Turnu Magurele","43.7517","24.8708","Romania","RO","ROU","Teleorman","","19597","1642918101"
"Angleton","Angleton","29.1721","-95.4293","United States","US","USA","Texas","","19597","1840019672"
"Xapuri","Xapuri","-10.6517","-68.5044","Brazil","BR","BRA","Acre","minor","19596","1076525025"
"Bad Pyrmont","Bad Pyrmont","51.9867","9.2636","Germany","DE","DEU","Lower Saxony","","19596","1276800450"
"Haiger","Haiger","50.7422","8.2039","Germany","DE","DEU","Hesse","","19596","1276810840"
"Bidkingaon","Bidkingaon","19.7062","75.3001","India","IN","IND","Mahārāshtra","","19596","1356525641"
"Salmon Creek","Salmon Creek","45.7099","-122.6632","United States","US","USA","Washington","","19594","1840018520"
"Buritirama","Buritirama","-10.7078","-43.6308","Brazil","BR","BRA","Bahia","minor","19589","1076008986"
"Lastra a Signa","Lastra a Signa","43.7667","11.1000","Italy","IT","ITA","Tuscany","","19589","1380712822"
"Mead Valley","Mead Valley","33.8333","-117.2852","United States","US","USA","California","","19588","1840028331"
"Albolote","Albolote","37.2306","-3.6569","Spain","ES","ESP","Andalusia","","19587","1724140876"
"Hidalgotitlán","Hidalgotitlan","17.7833","-94.6333","Mexico","MX","MEX","Veracruz","minor","19587","1484749313"
"Venadillo","Venadillo","4.7500","-74.9167","Colombia","CO","COL","Tolima","minor","19586","1170931543"
"Visaginas","Visaginas","55.6000","26.4333","Lithuania","LT","LTU","Visaginas","admin","19586","1440984232"
"Schilde","Schilde","51.2389","4.5815","Belgium","BE","BEL","Flanders","","19585","1056448493"
"Bequimão","Bequimao","-2.4489","-44.7828","Brazil","BR","BRA","Maranhão","minor","19584","1076416411"
"Liuliang","Liuliang","35.2207","105.9697","China","CN","CHN","Gansu","","19582","1156214198"
"Les Coteaux","Les Coteaux","45.2800","-74.2300","Canada","CA","CAN","Quebec","","19582","1124001989"
"Jājarm","Jajarm","36.9500","56.3800","Iran","IR","IRN","Khorāsān-e Shomālī","minor","19580","1364569834"
"Punjai Puliyampatti","Punjai Puliyampatti","11.3516","77.1667","India","IN","IND","Tamil Nādu","","19578","1356455477"
"Arroyito","Arroyito","-31.4167","-63.0500","Argentina","AR","ARG","Córdoba","","19577","1032970192"
"Springboro","Springboro","39.5615","-84.2348","United States","US","USA","Ohio","","19577","1840009573"
"Burnham-on-Sea","Burnham-on-Sea","51.2378","-2.9989","United Kingdom","GB","GBR","Somerset","","19576","1826774617"
"Kinston","Kinston","35.2747","-77.5939","United States","US","USA","North Carolina","","19576","1840014585"
"Ituzaingó","Ituzaingo","-27.6000","-56.6667","Argentina","AR","ARG","Corrientes","minor","19575","1032176829"
"Abbots Langley","Abbots Langley","51.7010","-0.4160","United Kingdom","GB","GBR","Hertfordshire","","19574","1826455551"
"Caoayan","Caoayan","17.5469","120.3831","Philippines","PH","PHL","Ilocos Sur","","19574","1608000679"
"Ghardimaou","Ghardimaou","36.4500","8.4333","Tunisia","TN","TUN","Jendouba","","19574","1788721346"
"Santa Teresita","Santa Teresita","18.2519","121.9100","Philippines","PH","PHL","Cagayan","","19573","1608448920"
"Extremoz","Extremoz","-5.7058","-35.3069","Brazil","BR","BRA","Rio Grande do Norte","minor","19572","1076180911"
"Suchiapa","Suchiapa","16.6181","-93.0942","Mexico","MX","MEX","Chiapas","minor","19571","1484835465"
"Amorebieta","Amorebieta","43.2192","-2.7342","Spain","ES","ESP","Basque Country","","19570","1724617538"
"Aysha","Aysha","10.7500","42.5667","Ethiopia","ET","ETH","Sumalē","","19570","1231232970"
"Mölln","Molln","53.6269","10.6847","Germany","DE","DEU","Schleswig-Holstein","","19566","1276643502"
"Atchoupa","Atchoupa","6.5333","2.6333","Benin","BJ","BEN","Ouémé","","19565","1204356835"
"Doujing","Doujing","26.4789","105.1253","China","CN","CHN","Guizhou","","19563","1156192512"
"Nauen","Nauen","52.6000","12.8831","Germany","DE","DEU","Brandenburg","","19563","1276864648"
"Gallipoli","Gallipoli","40.0556","17.9917","Italy","IT","ITA","Puglia","","19561","1380324772"
"Ansermanuevo","Ansermanuevo","4.8000","-76.0000","Colombia","CO","COL","Valle del Cauca","minor","19557","1170498489"
"Ballyfermot","Ballyfermot","53.3428","-6.3548","Ireland","IE","IRL","Dublin","","19557","1372250707"
"Vallam","Vallam","10.7199","79.0598","India","IN","IND","Tamil Nādu","","19557","1356401542"
"Morwa","Morwa","25.8030","85.6861","India","IN","IND","Bihār","","19555","1356948753"
"Rizal","Rizal","17.5000","121.6000","Philippines","PH","PHL","Kalinga","","19554","1608640536"
"Mogiyon","Mogiyon","39.2500","67.6500","Tajikistan","TJ","TJK","Sughd","","19553","1762342219"
"Töle Bī","Tole Bi","43.0000","40.0000","Kazakhstan","KZ","KAZ","Zhambyl","","19551","1398035809"
"Saint-Fons","Saint-Fons","45.7090","4.8530","France","FR","FRA","Auvergne-Rhône-Alpes","","19549","1250455159"
"Caraí","Carai","-17.1889","-41.6950","Brazil","BR","BRA","Minas Gerais","minor","19548","1076396807"
"Sulzbach-Rosenberg","Sulzbach-Rosenberg","49.5000","11.7500","Germany","DE","DEU","Bavaria","","19548","1276541212"
"Bradfordville","Bradfordville","30.5735","-84.2055","United States","US","USA","Florida","","19548","1840028817"
"Thamaga","Thamaga","-24.7167","25.5333","Botswana","BW","BWA","Kweneng","","19547","1072258632"
"Huseni","Huseni","26.3768","84.7952","India","IN","IND","Bihār","","19546","1356133187"
"Pathrajolhania","Pathrajolhania","26.1369","86.6614","India","IN","IND","Bihār","","19546","1356256032"
"Tīrthahalli","Tirthahalli","13.6884","75.2455","India","IN","IND","Karnātaka","","19546","1356259197"
"Guapó","Guapo","-16.8308","-49.5319","Brazil","BR","BRA","Goiás","minor","19545","1076785734"
"Jhalidā","Jhalida","23.3700","85.9700","India","IN","IND","West Bengal","","19544","1356425223"
"Trostyanets’","Trostyanets'","50.4667","34.9500","Ukraine","UA","UKR","Sumska Oblast","","19544","1804845915"
"Sweetwater","Sweetwater","25.7785","-80.3760","United States","US","USA","Florida","","19544","1840016008"
"Artik","Artik","40.6167","43.9500","Armenia","AM","ARM","Shirak","","19543","1051264283"
"Mihona","Mihona","26.2837","78.9805","India","IN","IND","Madhya Pradesh","","19542","1356271843"
"Mārahra","Marahra","27.7500","78.5667","India","IN","IND","Uttar Pradesh","","19542","1356519387"
"Wassenberg","Wassenberg","51.1000","6.1500","Germany","DE","DEU","North Rhine-Westphalia","","19541","1276956199"
"Liuguang","Liuguang","26.9833","106.3833","China","CN","CHN","Guizhou","","19540","1156115106"
"Lisieux","Lisieux","49.1500","0.2300","France","FR","FRA","Normandie","minor","19540","1250048111"
"Jacaré","Jacare","-18.9058","-40.0758","Brazil","BR","BRA","Espírito Santo","minor","19539","1076355276"
"Crespo","Crespo","-32.0333","-60.3167","Argentina","AR","ARG","Entre Ríos","","19536","1032701663"
"Bagaces","Bagaces","10.5157","-85.2478","Costa Rica","CR","CRI","Guanacaste","","19536","1188033610"
"Herceg Novi","Herceg Novi","42.4530","18.5312","Montenegro","ME","MNE","Herceg Novi","admin","19536","1499673791"
"Artik","Artik","40.6172","43.9758","Armenia","AM","ARM","Shirak","","19534","1051915203"
"Hamina","Hamina","60.5667","27.2000","Finland","FI","FIN","Kymenlaakso","minor","19534","1246729258"
"Rajaudha","Rajaudha","26.7046","78.4223","India","IN","IND","Madhya Pradesh","","19534","1356732434"
"Boone","Boone","36.2111","-81.6669","United States","US","USA","North Carolina","","19534","1840015310"
"Knightdale","Knightdale","35.7911","-78.4966","United States","US","USA","North Carolina","","19532","1840016194"
"Alzey","Alzey","49.7458","8.1153","Germany","DE","DEU","Rhineland-Palatinate","minor","19530","1276680173"
"Schönefeld","Schonefeld","52.3883","13.5047","Germany","DE","DEU","Brandenburg","","19529","1276663675"
"Eersel","Eersel","51.3572","5.3147","Netherlands","NL","NLD","Noord-Brabant","minor","19528","1528475270"
"Le Mée-sur-Seine","Le Mee-sur-Seine","48.5333","2.6289","France","FR","FRA","Île-de-France","","19527","1250420888"
"Eupen","Eupen","50.6333","6.0333","Belgium","BE","BEL","Wallonia","","19526","1056584006"
"Candelaria","Candelaria","22.7439","-82.9581","Cuba","CU","CUB","Artemisa","minor","19523","1192962484"
"Sélestat","Selestat","48.2594","7.4542","France","FR","FRA","Grand Est","minor","19523","1250444960"
"Ipanema","Ipanema","-19.8008","-41.7128","Brazil","BR","BRA","Minas Gerais","minor","19522","1076328318"
"Pauini","Pauini","-7.7136","-66.9764","Brazil","BR","BRA","Amazonas","minor","19522","1076909875"
"San Jorge","San Jorge","-31.8961","-61.8597","Argentina","AR","ARG","Santa Fe","","19521","1032250388"
"Hoxut","Hoxut","42.2552","86.8607","China","CN","CHN","Xinjiang","minor","19520","1156176924"
"Ibigawa","Ibigawa","35.4873","136.5686","Japan","JP","JPN","Gifu","","19519","1392003088"
"Goole","Goole","53.6992","-0.8692","United Kingdom","GB","GBR","East Riding of Yorkshire","","19518","1826412985"
"Bedelē","Bedele","8.4500","36.3500","Ethiopia","ET","ETH","Oromīya","","19517","1231583728"
"Parsāhi Sirsia","Parsahi Sirsia","26.4676","86.4984","India","IN","IND","Bihār","","19517","1356796108"
"Kempele","Kempele","64.9125","25.5083","Finland","FI","FIN","Pohjois-Pohjanmaa","minor","19514","1246739287"
"Arese","Arese","45.5500","9.0783","Italy","IT","ITA","Lombardy","","19514","1380500358"
"Fukude","Fukude","34.6781","137.8797","Japan","JP","JPN","Shizuoka","","19512","1392975331"
"Kalayapuram","Kalayapuram","9.0545","76.7696","India","IN","IND","Kerala","","19510","1356161222"
"Āmta","Amta","22.5834","88.0104","India","IN","IND","West Bengal","","19510","1356710048"
"Alaca","Alaca","40.1683","34.8425","Turkey","TR","TUR","Çorum","minor","19510","1792480764"
"Telavi","Telavi","41.9169","45.4764","Georgia","GE","GEO","K’akheti","admin","19509","1268806987"
"Boerne","Boerne","29.7847","-98.7292","United States","US","USA","Texas","","19509","1840019623"
"Mahināwān","Mahinawan","26.0208","86.1672","India","IN","IND","Bihār","","19508","1356496348"
"Tibba","Tibba","30.4876","75.6967","India","IN","IND","Punjab","","19508","1356117797"
"Akanavāritota","Akanavaritota","16.4141","81.6367","India","IN","IND","Andhra Pradesh","","19507","1356311836"
"Los Alcázares","Los Alcazares","37.7436","-0.8497","Spain","ES","ESP","Murcia","","19506","1724437898"
"Āsasa","Asasa","7.1000","39.1944","Ethiopia","ET","ETH","Oromīya","","19506","1231640244"
"Castellana Grotte","Castellana Grotte","40.8838","17.1679","Italy","IT","ITA","Puglia","","19505","1380352998"
"Ait Bousarane","Ait Bousarane","31.7318","-7.0876","Morocco","MA","MAR","Béni Mellal-Khénifra","","19501","1504791291"
"Garsfontein","Garsfontein","-25.7913","28.2935","South Africa","ZA","ZAF","Gauteng","","19501","1710375555"
"Solon","Solon","46.6194","121.2433","China","CN","CHN","Inner Mongolia","","19500","1156795467"
"Wolfratshausen","Wolfratshausen","47.9133","11.4278","Germany","DE","DEU","Bavaria","","19499","1276706639"
"São Vicente Ferrer","Sao Vicente Ferrer","-2.8939","-44.8800","Brazil","BR","BRA","Maranhão","minor","19498","1076834299"
"Evergreen Park","Evergreen Park","41.7213","-87.7013","United States","US","USA","Illinois","","19498","1840011273"
"Sjöbo","Sjobo","55.6333","13.7000","Sweden","SE","SWE","Skåne","minor","19497","1752520046"
"Bad Driburg","Bad Driburg","51.7333","9.0167","Germany","DE","DEU","North Rhine-Westphalia","","19496","1276571920"
"Sangasso","Sangasso","12.1567","-5.6231","Mali","ML","MLI","Sikasso","","19496","1466764054"
"Hushihacun","Hushihacun","40.8899","116.9870","China","CN","CHN","Hebei","","19495","1156575613"
"Los Álamos","Los Alamos","-37.6272","-73.4619","Chile","CL","CHL","Biobío","","19494","1152738427"
"Burghausen","Burghausen","48.1667","12.8333","Germany","DE","DEU","Bavaria","","19494","1276305755"
"Vera","Vera","37.2500","-1.8667","Spain","ES","ESP","Andalusia","","19488","1724244978"
"Katangi","Katangi","21.7737","79.8051","India","IN","IND","Madhya Pradesh","","19487","1356150118"
"Cedar Mill","Cedar Mill","45.5355","-122.8006","United States","US","USA","Oregon","","19482","1840034678"
"San Juan de Dios","San Juan de Dios","9.8800","-84.0914","Costa Rica","CR","CRI","San José","","19481","1188722628"
"Mougins","Mougins","43.6008","6.9956","France","FR","FRA","Provence-Alpes-Côte d’Azur","","19481","1250320161"
"Hoveyzeh","Hoveyzeh","31.4606","48.0781","Iran","IR","IRN","Khūzestān","minor","19481","1364073949"
"Nīlgiri","Nilgiri","21.6466","86.9199","India","IN","IND","Odisha","","19479","1356113149"
"Deneysville","Deneysville","-26.8950","28.0983","South Africa","ZA","ZAF","Free State","","19479","1710356992"
"Arvin","Arvin","35.1944","-118.8306","United States","US","USA","California","","19478","1840019147"
"Capinota","Capinota","-17.7150","-66.2636","Bolivia","BO","BOL","Cochabamba","","19477","1068429998"
"Hechingen","Hechingen","48.3517","8.9633","Germany","DE","DEU","Baden-Württemberg","","19475","1276884131"
"Jakobstad","Jakobstad","63.6667","22.7000","Finland","FI","FIN","Pohjanmaa","minor","19475","1246775062"
"Cugir","Cugir","45.8436","23.3636","Romania","RO","ROU","Alba","","19473","1642368746"
"Hawthorne","Hawthorne","40.9579","-74.1582","United States","US","USA","New Jersey","","19472","1840003513"
"Orinda","Orinda","37.8808","-122.1790","United States","US","USA","California","","19472","1840020280"
"Santiago","Santiago","17.2947","120.4453","Philippines","PH","PHL","Ilocos Sur","","19471","1608306642"
"Saray","Saray","38.6506","44.1700","Turkey","TR","TUR","Van","minor","19471","1792601609"
"Homewood","Homewood","41.5591","-87.6610","United States","US","USA","Illinois","","19471","1840011264"
"Annaberg-Buchholz","Annaberg-Buchholz","50.5800","13.0022","Germany","DE","DEU","Saxony","minor","19470","1276866777"
"Jesús María","Jesus Maria","20.6078","-102.2242","Mexico","MX","MEX","Jalisco","minor","19469","1484588871"
"Cutlerville","Cutlerville","42.8403","-85.6734","United States","US","USA","Michigan","","19465","1840004308"
"Jagalūr","Jagalur","14.5196","76.3391","India","IN","IND","Karnātaka","","19462","1356605315"
"Krishnapur","Krishnapur","24.4123","88.2582","India","IN","IND","West Bengal","","19462","1356078973"
"Orvieto","Orvieto","42.7167","12.1000","Italy","IT","ITA","Umbria","","19461","1380264756"
"Sondiha","Sondiha","24.8950","87.0175","India","IN","IND","Bihār","","19455","1356791276"
"Polonuevo","Polonuevo","10.7833","-74.8667","Colombia","CO","COL","Atlántico","minor","19454","1170997382"
"Gogogogo","Gogogogo","-24.2659","44.8069","Madagascar","MG","MDG","Toliara","","19454","1450629172"
"Rāmchandrapur","Ramchandrapur","24.0154","87.9446","India","IN","IND","West Bengal","","19452","1356234983"
"Teghra English","Teghra English","25.4072","87.7410","India","IN","IND","Bihār","","19452","1356117731"
"Setlagode","Setlagode","-26.2870","25.1170","South Africa","ZA","ZAF","North West","","19452","1710918056"
"Lynn Haven","Lynn Haven","30.2337","-85.6370","United States","US","USA","Florida","","19451","1840015922"
"Narsāpur","Narsapur","17.7374","78.2805","India","IN","IND","Andhra Pradesh","","19450","1356276951"
"Cervantes","Cervantes","16.9917","120.7333","Philippines","PH","PHL","Ilocos Sur","","19449","1608265222"
"San Bartolomé","San Bartolome","29.0016","-13.6139","Spain","ES","ESP","Canary Islands","","19443","1724704449"
"Madisonville","Madisonville","37.3409","-87.5034","United States","US","USA","Kentucky","","19442","1840015244"
"Marihatag","Marihatag","8.8008","126.2983","Philippines","PH","PHL","Surigao del Sur","","19441","1608424422"
"Al Brouj","Al Brouj","32.5050","-7.1927","Morocco","MA","MAR","Casablanca-Settat","","19438","1504448147"
"Warrensburg","Warrensburg","38.7627","-93.7260","United States","US","USA","Missouri","","19437","1840010721"
"Ronchin","Ronchin","50.6053","3.0886","France","FR","FRA","Hauts-de-France","","19436","1250877537"
"Eschwege","Eschwege","51.1881","10.0528","Germany","DE","DEU","Hesse","minor","19435","1276348756"
"Sabaudia","Sabaudia","41.2998","13.0248","Italy","IT","ITA","Lazio","","19434","1380097890"
"Salmon Arm","Salmon Arm","50.7022","-119.2722","Canada","CA","CAN","British Columbia","","19432","1124478865"
"Cardonal","Cardonal","20.6167","-99.1167","Mexico","MX","MEX","Hidalgo","","19431","1484936605"
"Adel","Adel","53.8489","-1.5849","United Kingdom","GB","GBR","Leeds","","19430","1826917092"
"Senica","Senica","48.6806","17.3667","Slovakia","SK","SVK","Trnava","minor","19430","1703713928"
"Albania","Albania","11.1597","-72.5856","Colombia","CO","COL","La Guajira","minor","19429","1170788671"
"Alton","Alton","51.1498","-0.9769","United Kingdom","GB","GBR","Hampshire","","19429","1826279601"
"Tublay","Tublay","16.4764","120.6333","Philippines","PH","PHL","Benguet","","19429","1608250449"
"Someren","Someren","51.3847","5.7119","Netherlands","NL","NLD","Noord-Brabant","minor","19428","1528912207"
"Santiago Texacuangos","Santiago Texacuangos","13.6500","-89.1167","El Salvador","SV","SLV","San Salvador","","19428","1222859867"
"Fokino","Fokino","42.9667","132.4000","Russia","RU","RUS","Primorskiy Kray","","19427","1643752363"
"Heusenstamm","Heusenstamm","50.0500","8.8000","Germany","DE","DEU","Hesse","","19426","1276666927"
"Ban Thap Kwang","Ban Thap Kwang","14.6103","101.0753","Thailand","TH","THA","Saraburi","","19425","1764264191"
"Fouriesburg","Fouriesburg","-28.6227","28.2109","South Africa","ZA","ZAF","Free State","","19425","1710689900"
"Gaeta","Gaeta","41.2167","13.5667","Italy","IT","ITA","Lazio","","19423","1380812819"
"Naples","Naples","26.1504","-81.7936","United States","US","USA","Florida","","19421","1840015131"
"Kemisē","Kemise","10.7167","39.8667","Ethiopia","ET","ETH","Āmara","","19420","1231665461"
"Liversedge","Liversedge","53.7067","-1.6900","United Kingdom","GB","GBR","Kirklees","","19420","1826334661"
"Nova Granada","Nova Granada","-20.5339","-49.3139","Brazil","BR","BRA","São Paulo","minor","19419","1076239207"
"Siruma","Siruma","14.0219","123.2589","Philippines","PH","PHL","Camarines Sur","","19419","1608719782"
"El Arahal","El Arahal","37.2667","-5.5500","Spain","ES","ESP","Andalusia","","19417","1724678120"
"Kārttigappalli","Karttigappalli","11.6000","75.6667","India","IN","IND","Kerala","","19417","1356206066"
"La Crau","La Crau","43.1506","6.0747","France","FR","FRA","Provence-Alpes-Côte d’Azur","","19416","1250618622"
"Kolbermoor","Kolbermoor","47.8500","12.0667","Germany","DE","DEU","Bavaria","","19414","1276583234"
"South El Monte","South El Monte","34.0493","-118.0484","United States","US","USA","California","","19413","1840021869"
"Kirkland","Kirkland","45.4500","-73.8667","Canada","CA","CAN","Quebec","","19413","1124000941"
"Dorou","Dorou","14.4569","-3.0936","Mali","ML","MLI","Mopti","","19411","1466322624"
"Sāmalāpuram","Samalapuram","11.0724","77.1980","India","IN","IND","Tamil Nādu","","19410","1356159517"
"Salangaippālaiyam","Salangaippalaiyam","11.4260","77.5707","India","IN","IND","Tamil Nādu","","19406","1356168592"
"Abrīsham","Abrisham","32.5675","51.5733","Iran","IR","IRN","Eşfahān","","19406","1364088280"
"Hermiston","Hermiston","45.8326","-119.2854","United States","US","USA","Oregon","","19406","1840019915"
"Xihuangcun","Xihuangcun","37.1411","114.2293","China","CN","CHN","Hebei","","19403","1156541440"
"El Rodeo","El Rodeo","14.9167","-91.9667","Guatemala","GT","GTM","San Marcos","minor","19401","1320277640"
"Los Bajos","Los Bajos","-41.0698","-72.9317","Chile","CL","CHL","Los Lagos","","19400","1152911033"
"Frutillar Alto","Frutillar Alto","-41.0872","-73.0956","Chile","CL","CHL","Los Lagos","","19400","1152452605"
"Yandrapalle","Yandrapalle","16.0472","79.3073","India","IN","IND","Andhra Pradesh","","19398","1356545849"
"Pahsara","Pahsara","25.5482","86.1667","India","IN","IND","Bihār","","19396","1356908730"
"Dalanzadgad","Dalanzadgad","43.5700","104.4258","Mongolia","MN","MNG","Ömnögovĭ","minor","19396","1496544358"
"Várpalota","Varpalota","47.1972","18.1394","Hungary","HU","HUN","Veszprém","minor","19395","1348052599"
"Kantharalak","Kantharalak","14.6406","104.6499","Thailand","TH","THA","Si Sa Ket","minor","19392","1764009547"
"Pariquera-Açu","Pariquera-Acu","-24.7150","-47.8811","Brazil","BR","BRA","São Paulo","minor","19391","1076959622"
"Kushiro","Kushiro","42.9800","144.3800","Japan","JP","JPN","Hokkaidō","","19391","1392003152"
"Cantagalo","Cantagalo","-21.9808","-42.3678","Brazil","BR","BRA","Rio de Janeiro","minor","19390","1076919346"
"Jdour","Jdour","32.1269","-8.7633","Morocco","MA","MAR","Marrakech-Safi","","19390","1504892254"
"Cabildo","Cabildo","-32.4275","-71.0664","Chile","CL","CHL","Valparaíso","","19388","1152995057"
"Alto Araguaia","Alto Araguaia","-17.3147","-53.2153","Brazil","BR","BRA","Mato Grosso","minor","19385","1076823641"
"Englewood","Englewood","26.9717","-82.3524","United States","US","USA","Florida","","19385","1840013127"
"Arbaoun","Arbaoun","36.4667","5.6500","Algeria","DZ","DZA","Sétif","","19383","1012971347"
"Marchena","Marchena","37.3333","-5.4167","Spain","ES","ESP","Andalusia","","19382","1724561354"
"Barro","Barro","-7.1769","-38.7819","Brazil","BR","BRA","Ceará","minor","19381","1076705196"
"Malgrat de Mar","Malgrat de Mar","41.6500","2.7500","Spain","ES","ESP","Catalonia","","19377","1724653510"
"Kalghatgi","Kalghatgi","15.1832","74.9710","India","IN","IND","Karnātaka","","19377","1356966430"
"Shikrapur","Shikrapur","18.6936","74.1381","India","IN","IND","Mahārāshtra","","19374","1356101137"
"Charef","Charef","34.6167","2.8000","Algeria","DZ","DZA","Djelfa","","19373","1012363446"
"Manjathala","Manjathala","11.3624","76.7789","India","IN","IND","Tamil Nādu","","19373","1356364137"
"Les Côteaux","Les Coteaux","18.2060","-74.0401","Haiti","HT","HTI","Sud","","19372","1332769679"
"Casarano","Casarano","40.0167","18.1667","Italy","IT","ITA","Puglia","","19372","1380392143"
"Inta","Inta","66.0833","60.1333","Russia","RU","RUS","Komi","minor","19372","1643587482"
"Middelkerke","Middelkerke","51.1833","2.8167","Belgium","BE","BEL","Flanders","","19371","1056231349"
"Kemi","Kemi","65.7361","24.5636","Finland","FI","FIN","Lappi","minor","19371","1246411843"
"Heishanzuicun","Heishanzuicun","41.0354","116.9304","China","CN","CHN","Hebei","","19370","1156450538"
"Osa","Osa","57.3000","55.4667","Russia","RU","RUS","Permskiy Kray","minor","19369","1643282459"
"Abhayāpuri","Abhayapuri","26.3225","90.6853","India","IN","IND","Assam","","19368","1356069797"
"Kākdwīp","Kakdwip","21.8791","88.1913","India","IN","IND","West Bengal","","19368","1356562790"
"Sherrelwood","Sherrelwood","39.8390","-105.0014","United States","US","USA","Colorado","","19368","1840028581"
"Giovinazzo","Giovinazzo","41.1833","16.6667","Italy","IT","ITA","Puglia","","19366","1380694202"
"Canto do Buriti","Canto do Buriti","-8.1100","-42.9439","Brazil","BR","BRA","Piauí","minor","19365","1076214871"
"Fayetteville","Fayetteville","33.4501","-84.4710","United States","US","USA","Georgia","","19364","1840013755"
"Kloten","Kloten","47.4481","8.5828","Switzerland","CH","CHE","Zürich","","19362","1756844710"
"Kitatajima","Kitatajima","35.9821","139.4816","Japan","JP","JPN","Saitama","","19362","1392425295"
"Tajerouine","Tajerouine","35.8833","8.5500","Tunisia","TN","TUN","Kef","","19362","1788699943"
"Gōdo","Godo","35.4174","136.6252","Japan","JP","JPN","Gifu","","19361","1392043863"
"Bad Tölz","Bad Tolz","47.7603","11.5567","Germany","DE","DEU","Bavaria","minor","19360","1276892151"
"Juquiá","Juquia","-24.3208","-47.6347","Brazil","BR","BRA","São Paulo","minor","19359","1076000755"
"Rifādpur","Rifadpur","25.2635","87.4157","India","IN","IND","Bihār","","19359","1356112249"
"Pastrana","Pastrana","11.1300","124.8800","Philippines","PH","PHL","Leyte","","19359","1608924926"
"Mukaiengaru","Mukaiengaru","44.0667","143.5333","Japan","JP","JPN","Hokkaidō","","19358","1392295028"
"Paranapanema","Paranapanema","-23.3886","-48.7228","Brazil","BR","BRA","São Paulo","minor","19357","1076413704"
"Heishuikeng","Heishuikeng","37.7905","110.5711","China","CN","CHN","Shaanxi","","19357","1156825716"
"Lancing","Lancing","50.8320","-0.3190","United Kingdom","GB","GBR","West Sussex","","19357","1826909253"
"Saré-Yamou","Sare-Yamou","16.0897","-3.2353","Mali","ML","MLI","Tombouctou","","19357","1466371925"
"Buruanga","Buruanga","11.8438","121.8888","Philippines","PH","PHL","Aklan","","19357","1608311797"
"Arbatache","Arbatache","36.6361","3.3708","Algeria","DZ","DZA","Boumerdes","","19356","1012866473"
"Kozmodemyansk","Kozmodemyansk","56.3367","46.5711","Russia","RU","RUS","Mariy-El","minor","19355","1643473458"
"Zverevo","Zverevo","47.0206","40.1225","Russia","RU","RUS","Rostovskaya Oblast’","minor","19353","1643130170"
"Saint-Lô","Saint-Lo","49.1200","-1.0900","France","FR","FRA","Normandie","minor","19352","1250710011"
"Kuttyādi","Kuttyadi","11.6542","75.7539","India","IN","IND","Kerala","","19351","1356042077"
"Dudu","Dudu","44.4563","25.9906","Romania","RO","ROU","Ilfov","","19347","1642057645"
"Mahājerān-e Kamar","Mahajeran-e Kamar","34.0486","49.4311","Iran","IR","IRN","Markazī","","19346","1364396330"
"Ban Bueng","Ban Bueng","13.3142","101.1114","Thailand","TH","THA","Chon Buri","minor","19346","1764134032"
"Ban Patong","Ban Patong","7.8931","98.2983","Thailand","TH","THA","Phuket","","19346","1764195169"
"Twinsburg","Twinsburg","41.3220","-81.4451","United States","US","USA","Ohio","","19346","1840000805"
"Oruvadālkotta","Oruvadalkotta","8.4778","77.1347","India","IN","IND","Kerala","","19345","1356161604"
"Moulins","Moulins","46.5653","3.3333","France","FR","FRA","Auvergne-Rhône-Alpes","minor","19344","1250001025"
"North Myrtle Beach","North Myrtle Beach","33.8232","-78.7082","United States","US","USA","South Carolina","","19343","1840014718"
"Pushchino","Pushchino","54.8333","37.6167","Russia","RU","RUS","Moskovskaya Oblast’","","19342","1643679889"
"José Cardel","Jose Cardel","19.3667","-96.3667","Mexico","MX","MEX","Veracruz","minor","19341","1484785956"
"Tadian","Tadian","16.9961","120.8208","Philippines","PH","PHL","Mountain","","19341","1608338407"
"Weil der Stadt","Weil der Stadt","48.7508","8.8706","Germany","DE","DEU","Baden-Württemberg","","19340","1276534554"
"West Mifflin","West Mifflin","40.3581","-79.9073","United States","US","USA","Pennsylvania","","19338","1840001273"
"Pugo","Pugo","16.2800","120.4800","Philippines","PH","PHL","La Union","","19337","1608886606"
"Allanridge","Allanridge","-27.7544","26.6367","South Africa","ZA","ZAF","Free State","","19337","1710862550"
"Seminole","Seminole","27.8435","-82.7840","United States","US","USA","Florida","","19336","1840015978"
"Tangbian","Tangbian","25.6539","106.7793","China","CN","CHN","Guizhou","","19335","1156223007"
"Sorada","Sorada","19.7608","84.4300","India","IN","IND","Odisha","","19335","1356002782"
"San Roque","San Roque","14.4800","120.9011","Philippines","PH","PHL","Cavite","","19335","1608320897"
"Weesp","Weesp","52.3000","5.0500","Netherlands","NL","NLD","Noord-Holland","minor","19334","1528983358"
"Bieruń","Bierun","50.1333","19.1000","Poland","PL","POL","Śląskie","minor","19334","1616014994"
"Cajolá","Cajola","14.9167","-91.6167","Guatemala","GT","GTM","Quetzaltenango","minor","19333","1320101495"
"Corner Brook","Corner Brook","48.9287","-57.9260","Canada","CA","CAN","Newfoundland and Labrador","","19333","1124244792"
"Dashtigulho","Dashtigulho","37.7000","69.5000","Tajikistan","TJ","TJK","Khatlon","","19331","1762339993"
"Cocoa","Cocoa","28.3820","-80.7675","United States","US","USA","Florida","","19330","1840015092"
"Presidente Médici","Presidente Medici","-11.1758","-61.9008","Brazil","BR","BRA","Rondônia","minor","19327","1076970693"
"Bholsar","Bholsar","25.2133","87.2147","India","IN","IND","Bihār","","19327","1356304058"
"Pułtusk","Pultusk","52.7000","21.0833","Poland","PL","POL","Mazowieckie","minor","19327","1616411619"
"Ban Fang Tuen","Ban Fang Tuen","19.5497","99.7566","Thailand","TH","THA","Chiang Rai","","19326","1764355524"
"Rosedale","Rosedale","35.3886","-119.2058","United States","US","USA","California","","19325","1840019141"
"Saint-Dié-des-Vosges","Saint-Die-des-Vosges","48.2800","6.9500","France","FR","FRA","Grand Est","minor","19324","1250197318"
"Jirkov","Jirkov","50.5003","13.4419","Czechia","CZ","CZE","Ústecký Kraj","","19323","1203484786"
"Perūru","Peruru","14.3503","77.3497","India","IN","IND","Andhra Pradesh","","19323","1356550055"
"Stillwater","Stillwater","45.0573","-92.8313","United States","US","USA","Minnesota","","19323","1840008914"
"Royan","Royan","45.6200","-1.0300","France","FR","FRA","Nouvelle-Aquitaine","","19322","1250074417"
"Tevāram","Tevaram","9.8967","77.2809","India","IN","IND","Tamil Nādu","","19320","1356378133"
"Kamiichi","Kamiichi","36.7000","137.3667","Japan","JP","JPN","Toyama","","19318","1392722248"
"New Glasgow","New Glasgow","45.5926","-62.6455","Canada","CA","CAN","Nova Scotia","","19316","1124760188"
"Moaña","Moana","42.2833","-8.7500","Spain","ES","ESP","Galicia","","19315","1724505635"
"Palera","Palera","25.0201","79.2282","India","IN","IND","Madhya Pradesh","","19314","1356324036"
"Panniperumthalai","Panniperumthalai","10.6986","76.6875","India","IN","IND","Kerala","","19312","1356162064"
"Mâncio Lima","Mancio Lima","-7.6142","-72.8958","Brazil","BR","BRA","Acre","minor","19311","1076586312"
"San Antonio Huista","San Antonio Huista","15.6500","-91.7667","Guatemala","GT","GTM","Huehuetenango","minor","19311","1320351687"
"Assamannur","Assamannur","10.1129","76.5517","India","IN","IND","Kerala","","19311","1356160119"
"Pohādi","Pohadi","26.0809","86.2831","India","IN","IND","Bihār","","19311","1356647423"
"El Viso del Alcor","El Viso del Alcor","37.3833","-5.7167","Spain","ES","ESP","Andalusia","","19310","1724881330"
"Tash-Kömür","Tash-Komur","41.3461","72.2171","Kyrgyzstan","KG","KGZ","Jalal-Abad","","19310","1417242124"
"Santa Fe Springs","Santa Fe Springs","33.9329","-118.0625","United States","US","USA","California","","19310","1840021865"
"Pottanikād","Pottanikad","10.0061","76.6808","India","IN","IND","Kerala","","19309","1356160246"
"Dudinka","Dudinka","69.4064","86.1764","Russia","RU","RUS","Krasnoyarskiy Kray","minor","19309","1643923236"
"Monte Azul Paulista","Monte Azul Paulista","-20.9072","-48.6414","Brazil","BR","BRA","São Paulo","minor","19304","1076549080"
"Virovitica","Virovitica","45.8333","17.3833","Croatia","HR","HRV","Virovitičko-Podravska Županija","admin","19302","1191128636"
"Dorval","Dorval","45.4500","-73.7500","Canada","CA","CAN","Quebec","","19302","1124933556"
"Qandala","Qandala","11.4667","49.8667","Somalia","SO","SOM","Bari","","19300","1706605271"
"Marechal Taumaturgo","Marechal Taumaturgo","-8.9411","-72.7917","Brazil","BR","BRA","Acre","minor","19299","1076754206"
"Espiritu","Espiritu","17.9806","120.6544","Philippines","PH","PHL","Ilocos Norte","","19297","1608000475"
"Kapangan","Kapangan","16.5764","120.6053","Philippines","PH","PHL","Benguet","","19297","1608871034"
"Gilching","Gilching","48.1167","11.3000","Germany","DE","DEU","Bavaria","","19296","1276366284"
"Trinity","Trinity","28.1809","-82.6582","United States","US","USA","Florida","","19296","1840029012"
"Sirvār","Sirvar","16.1739","77.0225","India","IN","IND","Karnātaka","","19295","1356081620"
"Casamassima","Casamassima","40.9500","16.9167","Italy","IT","ITA","Puglia","","19294","1380135275"
"Sukumo","Sukumo","32.9333","132.7167","Japan","JP","JPN","Kōchi","","19292","1392912259"
"Ganyesa","Ganyesa","-26.5908","24.1594","South Africa","ZA","ZAF","North West","","19290","1710514594"
"Douar Ait Sidi Daoud","Douar Ait Sidi Daoud","31.6347","-7.6444","Morocco","MA","MAR","Marrakech-Safi","","19286","1504024368"
"Prunedale","Prunedale","36.8064","-121.6555","United States","US","USA","California","","19286","1840019020"
"Maumelle","Maumelle","34.8522","-92.4000","United States","US","USA","Arkansas","","19286","1840015510"
"Bouanri","Bouanri","10.2000","2.8667","Benin","BJ","BEN","Borgou","","19281","1204515161"
"Bhojpur Jadīd","Bhojpur Jadid","25.5880","84.1621","India","IN","IND","Bihār","","19281","1356285087"
"Iiyama","Iiyama","36.8516","138.3655","Japan","JP","JPN","Nagano","","19279","1392890981"
"Rovato","Rovato","45.5670","9.9986","Italy","IT","ITA","Lombardy","","19277","1380136759"
"Beaconsfield","Beaconsfield","45.4333","-73.8667","Canada","CA","CAN","Quebec","","19277","1124755118"
"Pitimbu","Pitimbu","-7.4706","-34.8086","Brazil","BR","BRA","Paraíba","minor","19275","1076000940"
"Aberdeen","Aberdeen","40.4165","-74.2249","United States","US","USA","New Jersey","","19274","1840081652"
"Sint-Gillis-Waas","Sint-Gillis-Waas","51.2167","4.1167","Belgium","BE","BEL","Flanders","","19273","1056149557"
"Mapastepec","Mapastepec","15.4411","-92.8916","Mexico","MX","MEX","Chiapas","minor","19271","1484386885"
"Peterhead","Peterhead","57.5091","-1.7832","United Kingdom","GB","GBR","Aberdeenshire","","19270","1826812445"
"Eitorf","Eitorf","50.7697","7.4517","Germany","DE","DEU","North Rhine-Westphalia","","19269","1276150855"
"Indargarh","Indargarh","25.9109","78.5619","India","IN","IND","Madhya Pradesh","","19268","1356570714"
"Maitland","Maitland","28.6295","-81.3718","United States","US","USA","Florida","","19268","1840015964"
"St. Michael","St. Michael","45.2014","-93.6920","United States","US","USA","Minnesota","","19267","1840008901"
"Kudra","Kudra","25.0463","83.7926","India","IN","IND","Bihār","","19265","1356855561"
"Cassano d’Adda","Cassano d'Adda","45.5333","9.5167","Italy","IT","ITA","Lombardy","","19263","1380087487"
