"Az Zaydīyah","Az Zaydiyah","15.3292","43.0094","Yemen","YE","YEM","Al Ḩudaydah","minor","16246","1887436812"
"Dickson","Dickson","36.0637","-87.3665","United States","US","USA","Tennessee","","16246","1840014468"
"Carhué","Carhue","-37.1796","-62.7601","Argentina","AR","ARG","Buenos Aires","minor","16245","1032595269"
"Ransiki","Ransiki","-1.5000","134.1667","Indonesia","ID","IDN","Papua Barat","minor","16245","1360755420"
"Progreso","Progreso","-34.6650","-56.2194","Uruguay","UY","URY","Canelones","","16244","1858245447"
"Hewitt","Hewitt","31.4520","-97.1960","United States","US","USA","Texas","","16244","1840020809"
"Manamelkudi","Manamelkudi","10.0419","79.2300","India","IN","IND","Tamil Nādu","","16243","1356625120"
"Târgu Secuiesc","Targu Secuiesc","45.9969","26.1406","Romania","RO","ROU","Covasna","","16243","1642834541"
"Poplar Bluff","Poplar Bluff","36.7632","-90.4135","United States","US","USA","Missouri","","16243","1840009935"
"Burrillville","Burrillville","41.9706","-71.6984","United States","US","USA","Rhode Island","","16243","1840106236"
"Bālasamudram","Balasamudram","10.4190","77.4992","India","IN","IND","Tamil Nādu","","16242","1356172140"
"Cherān","Cheran","25.3610","85.5421","India","IN","IND","Bihār","","16241","1356896619"
"Beni Zouli","Beni Zouli","30.4839","-5.8619","Morocco","MA","MAR","Drâa-Tafilalet","","16241","1504549752"
"San Sebastián Tutla","San Sebastian Tutla","17.0667","-96.6667","Mexico","MX","MEX","Oaxaca","","16241","1484827954"
"Longchang","Longchang","27.6627","105.7881","China","CN","CHN","Guizhou","","16240","1156109029"
"Khirbat Ghazālah","Khirbat Ghazalah","32.7338","36.2046","Syria","SY","SYR","Dar‘ā","minor","16240","1760127200"
"Stepney","Stepney","51.5152","-0.0462","United Kingdom","GB","GBR","Tower Hamlets","","16238","1826642497"
"Mukhtārpur Salkani","Mukhtarpur Salkani","25.6643","85.7784","India","IN","IND","Bihār","","16237","1356259046"
"Kota","Kota","14.0333","80.0500","India","IN","IND","Andhra Pradesh","","16237","1356180779"
"Fiano Romano","Fiano Romano","42.1667","12.6000","Italy","IT","ITA","Lazio","","16237","1380521014"
"Massakory","Massakory","13.0000","15.7333","Chad","TD","TCD","Hadjer-Lamis","admin","16237","1148908311"
"Bethlehem","Bethlehem","-28.2240","28.3110","South Africa","ZA","ZAF","Free State","","16236","1710750307"
"Garou","Garou","11.8053","3.4739","Benin","BJ","BEN","Atacora","","16235","1204420447"
"Tadikalapūdi","Tadikalapudi","16.5356","81.1033","India","IN","IND","Andhra Pradesh","","16235","1356616862"
"San Martino Buon Albergo","San Martino Buon Albergo","45.4167","11.1000","Italy","IT","ITA","Veneto","","16233","1380954715"
"Nizhnyaya Salda","Nizhnyaya Salda","58.0667","60.7167","Russia","RU","RUS","Sverdlovskaya Oblast’","minor","16233","1643295393"
"Cangandala","Cangandala","-9.7833","16.4333","Angola","AO","AGO","Malanje","","16232","1024477783"
"Welby","Welby","39.8403","-104.9655","United States","US","USA","Colorado","","16232","1840028449"
"Sikeston","Sikeston","36.8854","-89.5877","United States","US","USA","Missouri","","16231","1840009921"
"Jičín","Jicin","50.4367","15.3517","Czechia","CZ","CZE","Královéhradecký Kraj","","16230","1203562586"
"Griffith","Griffith","41.5277","-87.4239","United States","US","USA","Indiana","","16228","1840010225"
"La Grange","La Grange","41.6787","-73.8029","United States","US","USA","New York","","16228","1840087585"
"Restrepo","Restrepo","3.8250","-76.5250","Colombia","CO","COL","Valle del Cauca","minor","16227","1170000422"
"Freiberg am Neckar","Freiberg am Neckar","48.9333","9.2000","Germany","DE","DEU","Baden-Württemberg","","16227","1276056473"
"Sainte-Luce-sur-Loire","Sainte-Luce-sur-Loire","47.2503","-1.4856","France","FR","FRA","Pays de la Loire","","16227","1250001049"
"Mindelheim","Mindelheim","48.0333","10.4667","Germany","DE","DEU","Bavaria","minor","16226","1276322308"
"Bois-d’Arcy","Bois-d'Arcy","48.8000","2.0300","France","FR","FRA","Île-de-France","","16225","1250253969"
"El Peñol","El Penol","6.2186","-75.2433","Colombia","CO","COL","Nariño","","16223","1170074292"
"Giaveno","Giaveno","45.0420","7.3520","Italy","IT","ITA","Piedmont","","16223","1380065100"
"Oteapan","Oteapan","18.0000","-94.6667","Mexico","MX","MEX","Veracruz","minor","16222","1484584805"
"Palma Campania","Palma Campania","40.8667","14.5500","Italy","IT","ITA","Campania","","16221","1380996186"
"Yunshan","Yunshan","34.7610","105.7915","China","CN","CHN","Gansu","","16220","1156469234"
"Ōyamazaki","Oyamazaki","34.9028","135.6883","Japan","JP","JPN","Kyōto","","16219","1392003325"
"Turgutalp","Turgutalp","39.1833","27.5833","Turkey","TR","TUR","Manisa","","16219","1792833258"
"Neratovice","Neratovice","50.2594","14.5178","Czechia","CZ","CZE","Středočeský Kraj","","16217","1203620692"
"Cotorra","Cotorra","9.0500","-75.8000","Colombia","CO","COL","Córdoba","minor","16215","1170561401"
"Ikast","Ikast","56.1367","9.1600","Denmark","DK","DNK","Midtjylland","minor","16215","1208187034"
"Kabugao","Kabugao","18.0239","121.1833","Philippines","PH","PHL","Apayao","admin","16215","1608841504"
"Vitthalāpuram","Vitthalapuram","8.6833","77.8292","India","IN","IND","Tamil Nādu","","16214","1356216945"
"Petrovsk-Zabaykal’skiy","Petrovsk-Zabaykal'skiy","51.2667","108.8333","Russia","RU","RUS","Zabaykal’skiy Kray","minor","16213","1643676561"
"Readington","Readington","40.5822","-74.7796","United States","US","USA","New Jersey","","16213","1840081708"
"Westwood","Westwood","42.2202","-71.2106","United States","US","USA","Massachusetts","","16213","1840053561"
"Guben","Guben","51.9533","14.7167","Germany","DE","DEU","Brandenburg","","16210","1276800396"
"Aït Faska","Ait Faska","31.5058","-7.7161","Morocco","MA","MAR","Marrakech-Safi","","16210","1504886930"
"Al Ḩībah","Al Hibah","28.8000","30.9167","Egypt","EG","EGY","Al Baḩr al Aḩmar","","16209","1818176638"
"Basford","Basford","52.9780","-1.1690","United Kingdom","GB","GBR","Nottingham","","16207","1826063569"
"Alsfeld","Alsfeld","50.7511","9.2711","Germany","DE","DEU","Hesse","","16205","1276584676"
"eMuziwezinto","eMuziwezinto","-30.3167","30.6667","South Africa","ZA","ZAF","KwaZulu-Natal","","16205","1710277194"
"Singhwara","Singhwara","26.1842","85.7368","India","IN","IND","Bihār","","16204","1356777436"
"West Norriton","West Norriton","40.1308","-75.3794","United States","US","USA","Pennsylvania","","16204","1840133862"
"Altinópolis","Altinopolis","-21.0231","-47.3728","Brazil","BR","BRA","São Paulo","minor","16203","1076728807"
"Santa Anita","Santa Anita","30.5118","-111.1234","Mexico","MX","MEX","Sonora","","16203","1484530456"
"Eilenburg","Eilenburg","51.4608","12.6358","Germany","DE","DEU","Saxony","","16201","1276166351"
"Porumāmilla","Porumamilla","15.0167","78.9833","India","IN","IND","Andhra Pradesh","","16201","1356429126"
"Šilutė","Silute","55.3500","21.4833","Lithuania","LT","LTU","Šilutė","admin","16200","1440568024"
"Do‘stobod","Do`stobod","40.8564","68.9281","Uzbekistan","UZ","UZB","Toshkent","","16200","1860923500"
"Vodil","Vodil","40.1789","71.7297","Uzbekistan","UZ","UZB","Farg‘ona","minor","16200","1860396622"
"Handlová","Handlova","48.7272","18.7619","Slovakia","SK","SVK","Nitra","","16199","1703292608"
"Xiangjiaba","Xiangjiaba","28.5627","104.3461","China","CN","CHN","Yunnan","minor","16198","1156235765"
"Gokarna","Gokarna","24.0541","88.1176","India","IN","IND","West Bengal","","16198","1356378146"
"San Pedro de Lloc","San Pedro de Lloc","-7.4167","-79.5000","Peru","PE","PER","La Libertad","","16198","1604981283"
"Taree","Taree","-31.9000","152.4500","Australia","AU","AUS","New South Wales","","16197","1036855717"
"Khutauna","Khutauna","26.4969","86.3959","India","IN","IND","Bihār","","16197","1356005732"
"Llantwit Fardre","Llantwit Fardre","51.5578","-3.3341","United Kingdom","GB","GBR","Rhondda Cynon Taff","","16196","1826473796"
"Saraikela","Saraikela","22.6996","85.9313","India","IN","IND","Jhārkhand","","16196","1356002009"
"Izamal","Izamal","20.9314","-89.0178","Mexico","MX","MEX","Yucatán","","16195","1484567751"
"Brzesko","Brzesko","49.9667","20.6167","Poland","PL","POL","Małopolskie","minor","16193","1616496298"
"Bandora","Bandora","15.4082","73.9813","India","IN","IND","Goa","","16192","1356770456"
"Kozienice","Kozienice","51.5833","21.5667","Poland","PL","POL","Mazowieckie","minor","16192","1616307779"
"Osmaneli","Osmaneli","40.3500","30.0167","Turkey","TR","TUR","Bilecik","minor","16192","1792257463"
"Águas de Lindóia","Aguas de Lindoia","-22.4758","-46.6328","Brazil","BR","BRA","São Paulo","minor","16190","1076621560"
"Roşu","Rosu","44.4509","26.0083","Romania","RO","ROU","Bucureşti","","16189","1642287299"
"Bīleh Savār","Bileh Savar","39.3794","48.3542","Iran","IR","IRN","Ardabīl","minor","16188","1364239600"
"Kanhauli Manohar","Kanhauli Manohar","25.9755","84.6853","India","IN","IND","Bihār","","16187","1356255350"
"Preetz","Preetz","54.2367","10.2822","Germany","DE","DEU","Schleswig-Holstein","","16186","1276274661"
"Tocantins","Tocantins","-21.1750","-43.0178","Brazil","BR","BRA","Minas Gerais","minor","16185","1076558658"
"Sulphur Springs","Sulphur Springs","33.1421","-95.6122","United States","US","USA","Texas","","16185","1840022031"
"Attūr","Attur","8.3224","77.2558","India","IN","IND","Tamil Nādu","","16184","1356205253"
"Ampahimanga","Ampahimanga","-19.1046","47.2004","Madagascar","MG","MDG","Antananarivo","","16184","1450235819"
"Alegria","Alegria","9.4667","125.5767","Philippines","PH","PHL","Surigao del Norte","","16184","1608913712"
"Itāhri","Itahri","25.3130","86.5459","India","IN","IND","Bihār","","16183","1356254245"
"Aruvāpalam","Aruvapalam","9.1833","76.8500","India","IN","IND","Kerala","","16183","1356160390"
"Castellaneta","Castellaneta","40.6333","16.9333","Italy","IT","ITA","Puglia","","16181","1380977317"
"Harenkarspel","Harenkarspel","52.7300","4.7500","Netherlands","NL","NLD","Noord-Holland","","16179","1528667512"
"Brüggen","Bruggen","51.2417","6.1822","Germany","DE","DEU","North Rhine-Westphalia","","16178","1276029002"
"Chotāla","Chotala","29.7808","74.5226","India","IN","IND","Haryāna","","16178","1356016327"
"Shimanovsk","Shimanovsk","52.0000","127.7000","Russia","RU","RUS","Amurskaya Oblast’","minor","16178","1643749021"
"Grosse Pointe Woods","Grosse Pointe Woods","42.4366","-82.8987","United States","US","USA","Michigan","","16177","1840003979"
"Aguadulce","Aguadulce","36.7642","-2.6147","Spain","ES","ESP","Andalusia","","16176","1724436788"
"Riversdale","Riversdale","-34.0969","21.2622","South Africa","ZA","ZAF","Western Cape","","16176","1710864327"
"Ganeshpur","Ganeshpur","25.7678","87.3587","India","IN","IND","Bihār","","16175","1356429813"
"Ségoubougou","Segoubougou","13.3481","-6.3889","Mali","ML","MLI","Ségou","","16175","1466209607"
"Monte Carmelo","Monte Carmelo","9.1875","-70.8131","Venezuela","VE","VEN","Trujillo","minor","16174","1862790453"
"Chorfa","Chorfa","36.3617","4.3308","Algeria","DZ","DZA","Bouira","","16173","1012035343"
"As Sukhnah","As Sukhnah","34.8853","38.8711","Syria","SY","SYR","Ḩimş","minor","16173","1760585431"
"Ivanava","Ivanava","52.1333","25.5500","Belarus","BY","BLR","Brestskaya Voblasts’","minor","16172","1112507447"
"Huarmey","Huarmey","-10.0686","-78.1603","Peru","PE","PER","Ancash","","16172","1604582499"
"Maardu","Maardu","59.4781","25.0161","Estonia","EE","EST","Maardu","minor","16170","1233565021"
"Four Corners","Four Corners","44.9290","-122.9732","United States","US","USA","Oregon","","16168","1840034722"
"Banora Point","Banora Point","-28.2167","153.5333","Australia","AU","AUS","New South Wales","","16167","1036608972"
"Kotoura","Kotoura","35.5000","133.7000","Japan","JP","JPN","Tottori","","16167","1392003461"
"Moulay Bousselham","Moulay Bousselham","34.8786","-6.2933","Morocco","MA","MAR","Rabat-Salé-Kénitra","","16167","1504188471"
"Bingawan","Bingawan","11.2300","122.5700","Philippines","PH","PHL","Iloilo","","16164","1608856667"
"Kirsanov","Kirsanov","52.6500","42.7333","Russia","RU","RUS","Tambovskaya Oblast’","minor","16164","1643643425"
"Ranong","Ranong","9.9619","98.6389","Thailand","TH","THA","Ranong","admin","16163","1764623795"
"Erlensee","Erlensee","50.1333","8.9333","Germany","DE","DEU","Hesse","","16162","1276495268"
"Großenkneten","Grossenkneten","52.9500","8.2667","Germany","DE","DEU","Lower Saxony","","16160","1276069119"
"Wendlingen am Neckar","Wendlingen am Neckar","48.6747","9.3817","Germany","DE","DEU","Baden-Württemberg","","16159","1276408904"
"Baharu","Baharu","22.2040","88.4283","India","IN","IND","West Bengal","","16155","1356142669"
"Knemis Dades","Knemis Dades","31.3090","-6.0280","Morocco","MA","MAR","Drâa-Tafilalet","","16154","1504000136"
"Kamyzyak","Kamyzyak","46.1167","48.0833","Russia","RU","RUS","Astrakhanskaya Oblast’","minor","16154","1643101212"
"Pujilí","Pujili","-0.9500","-78.6900","Ecuador","EC","ECU","Cotopaxi","","16152","1218970258"
"Rāmnagar","Ramnagar","26.0773","86.8387","India","IN","IND","Bihār","","16152","1356412859"
"Rožnov pod Radhoštěm","Roznov pod Radhostem","49.4586","18.1431","Czechia","CZ","CZE","Zlínský Kraj","","16151","1203287923"
"Caldera","Caldera","-27.0667","-70.8333","Chile","CL","CHL","Atacama","","16150","1152916235"
"Pielisjärvi","Pielisjarvi","63.3000","30.0500","Finland","FI","FIN","Pohjois-Karjala","","16150","1246863535"
"Āgiripalle","Agiripalle","16.6833","80.6500","India","IN","IND","Andhra Pradesh","","16150","1356687645"
"Al Awjām","Al Awjam","26.5632","49.9433","Saudi Arabia","SA","SAU","Ash Sharqīyah","","16147","1682207771"
"Ban Kao","Ban Kao","13.8667","99.1500","Thailand","TH","THA","Kanchanaburi","","16147","1764249203"
"Markranstädt","Markranstadt","51.3017","12.2211","Germany","DE","DEU","Saxony","","16145","1276832529"
"Castenaso","Castenaso","44.5097","11.4706","Italy","IT","ITA","Emilia-Romagna","","16145","1380350174"
"Rygge","Rygge","59.3747","10.7147","Norway","NO","NOR","Viken","minor","16145","1578903321"
"Svatove","Svatove","49.4150","38.1550","Ukraine","UA","UKR","Luhanska Oblast","minor","16145","1804850971"
"Kittūr","Kittur","15.5993","74.7879","India","IN","IND","Karnātaka","","16144","1356070622"
"Venustiano Carranza","Venustiano Carranza","16.3294","-92.5625","Mexico","MX","MEX","Chiapas","minor","16144","1484842496"
"Voss","Voss","60.7025","6.4231","Norway","NO","NOR","Vestland","minor","16144","1578803539"
"Tyldesley","Tyldesley","53.5166","-2.4667","United Kingdom","GB","GBR","Wigan","","16142","1826559568"
"Caravaggio","Caravaggio","45.4978","9.6431","Italy","IT","ITA","Lombardy","","16142","1380893805"
"Springfield","Springfield","49.9292","-96.6939","Canada","CA","CAN","Manitoba","","16142","1124000696"
"Sylvan Lake","Sylvan Lake","52.3083","-114.0964","Canada","CA","CAN","Alberta","","16142","1124397940"
"Mafuné","Mafune","12.7847","-4.3597","Mali","ML","MLI","Ségou","","16141","1466428196"
"Trindade","Trindade","0.3000","6.6833","Sao Tome and Principe","ST","STP","Mé-Zóchi","admin","16140","1678096936"
"Parma","Parma","43.2651","-77.7968","United States","US","USA","New York","","16140","1840087782"
"Upala","Upala","10.8645","-84.9942","Costa Rica","CR","CRI","Alajuela","","16139","1188635884"
"Port-de-Bouc","Port-de-Bouc","43.4058","4.9892","France","FR","FRA","Provence-Alpes-Côte d’Azur","","16138","1250000488"
"Santa Cruz Muluá","Santa Cruz Mulua","14.5833","-91.6167","Guatemala","GT","GTM","Retalhuleu","minor","16138","1320315123"
"Lithia Springs","Lithia Springs","33.7811","-84.6487","United States","US","USA","Georgia","","16138","1840013740"
"Punta Umbría","Punta Umbria","37.1667","-6.9500","Spain","ES","ESP","Andalusia","","16137","1724226508"
"East Barnet","East Barnet","51.6430","-0.1630","United Kingdom","GB","GBR","Barnet","","16137","1826125584"
"Grandville","Grandville","42.9004","-85.7564","United States","US","USA","Michigan","","16135","1840002929"
"Cêrro Azul","Cerro Azul","-24.8239","-49.2608","Brazil","BR","BRA","Paraná","minor","16134","1076319045"
"Jaypul","Jaypul","22.7833","88.5695","India","IN","IND","West Bengal","","16134","1356322402"
"Los Muermos","Los Muermos","-41.4000","-73.4833","Chile","CL","CHL","Los Lagos","","16132","1152894778"
"Hermitage","Hermitage","41.2305","-80.4413","United States","US","USA","Pennsylvania","","16132","1840000732"
"Bishop Auckland","Bishop Auckland","54.6630","-1.6760","United Kingdom","GB","GBR","Durham","","16131","1826422730"
"Noale","Noale","45.5501","12.0709","Italy","IT","ITA","Veneto","","16131","1380537608"
"Quarteira","Quarteira","37.0695","-8.1006","Portugal","PT","PRT","Faro","","16131","1620157848"
"Upton","Upton","53.3850","-3.0990","United Kingdom","GB","GBR","Wirral","","16130","1826951403"
"Bang Phae","Bang Phae","13.6916","99.9298","Thailand","TH","THA","Ratchaburi","minor","16130","1764337429"
"’Aïn Babouche","'Ain Babouche","35.9411","7.1856","Algeria","DZ","DZA","Oum el Bouaghi","","16129","1012030735"
"Yeni Suraxanı","Yeni Suraxani","40.4303","50.0360","Azerbaijan","AZ","AZE","Bakı","","16127","1031627896"
"Jakkampālaiyam","Jakkampalaiyam","10.5264","77.2884","India","IN","IND","Tamil Nādu","","16127","1356170346"
"Schlüchtern","Schluchtern","50.3500","9.5167","Germany","DE","DEU","Hesse","","16126","1276713332"
"Chennūr","Chennur","14.5667","78.8000","India","IN","IND","Andhra Pradesh","","16126","1356096953"
"Center Point","Center Point","33.6447","-86.6852","United States","US","USA","Alabama","","16125","1840014789"
"Ségou","Segou","6.6167","2.2167","Benin","BJ","BEN","Atlantique","","16124","1204316381"
"Fort Drum","Fort Drum","44.0450","-75.7845","United States","US","USA","New York","","16124","1840073579"
"Janakkala","Janakkala","60.9167","24.6500","Finland","FI","FIN","Kanta-Häme","minor","16123","1246767263"
"Rustampur","Rustampur","25.5700","85.3061","India","IN","IND","Bihār","","16123","1356881266"
"Bumpe","Bumpe","7.8921","-11.9054","Sierra Leone","SL","SLE","Southern","","16123","1694169724"
"Simcoe","Simcoe","42.8376","-80.3073","Canada","CA","CAN","Ontario","","16121","1124000018"
"Math Lohiyār","Math Lohiyar","26.6247","84.7072","India","IN","IND","Bihār","","16119","1356692789"
"Kāmayakkavundanpatti","Kamayakkavundanpatti","9.7386","77.3200","India","IN","IND","Tamil Nādu","","16118","1356243384"
"Ustroń","Ustron","49.7194","18.8119","Poland","PL","POL","Śląskie","","16118","1616758185"
"Gölhisar","Golhisar","37.1408","29.5075","Turkey","TR","TUR","Burdur","minor","16118","1792026126"
"Douglas","Douglas","31.3602","-109.5394","United States","US","USA","Arizona","","16118","1840019496"
"Subachoque","Subachoque","4.9281","-74.1736","Colombia","CO","COL","Cundinamarca","minor","16117","1170356384"
"Ripon","Ripon","37.7417","-121.1310","United States","US","USA","California","","16117","1840020264"
"Sultānābād","Sultanabad","18.5247","79.2722","India","IN","IND","Andhra Pradesh","","16116","1356975454"
"Kujwa","Kujwa","33.5025","126.7944","Korea, South","KR","KOR","Jeju","","16116","1410125260"
"Parrita","Parrita","9.5471","-84.3464","Costa Rica","CR","CRI","Puntarenas","","16115","1188507189"
"Ābīy Ādī","Abiy Adi","13.6231","39.0017","Ethiopia","ET","ETH","Tigray","","16115","1231200318"
"Ambarakaraka","Ambarakaraka","-13.5088","48.8484","Madagascar","MG","MDG","Antsiranana","","16114","1450875169"
"Gubin","Gubin","51.9500","14.7167","Poland","PL","POL","Lubuskie","","16114","1616164527"
"Balş","Bals","44.3500","24.0994","Romania","RO","ROU","Olt","","16114","1642139572"
"Jalālābād","Jalalabad","29.5972","78.3153","India","IN","IND","Uttar Pradesh","","16113","1356086449"
"Aghbal","Aghbal","34.9394","-2.1272","Morocco","MA","MAR","Oriental","","16113","1504000927"
"Medjana","Medjana","36.1333","4.6667","Algeria","DZ","DZA","Bordj Bou Arréridj","","16112","1012693898"
"Verneuil-sur-Seine","Verneuil-sur-Seine","48.9806","1.9747","France","FR","FRA","Île-de-France","","16112","1250119946"
"Chaona","Chaona","35.1000","107.2167","China","CN","CHN","Gansu","","16111","1156078071"
"Cherukunnu","Cherukunnu","12.0041","75.3004","India","IN","IND","Kerala","","16111","1356554807"
"Bahçe","Bahce","37.2000","36.5833","Turkey","TR","TUR","Osmaniye","minor","16110","1792557707"
"Azalea Park","Azalea Park","28.5473","-81.2956","United States","US","USA","Florida","","16110","1840014082"
"Duxbury","Duxbury","42.0465","-70.7139","United States","US","USA","Massachusetts","","16110","1840053566"
"Gardendale","Gardendale","33.6677","-86.8069","United States","US","USA","Alabama","","16110","1840002820"
"Khusropur","Khusropur","25.4817","85.3849","India","IN","IND","Bihār","","16109","1356005731"
"Tarqui","Tarqui","2.1106","-75.8231","Colombia","CO","COL","Huila","minor","16108","1170724338"
"Svitavy","Svitavy","49.7556","16.4694","Czechia","CZ","CZE","Pardubický Kraj","","16108","1203802204"
"El Ach","El Ach","35.9500","4.6833","Algeria","DZ","DZA","Bordj Bou Arréridj","","16108","1012000004"
"Diabigué","Diabigue","15.1528","-9.3228","Mali","ML","MLI","Kayes","","16107","1466174404"
"Pilkha","Pilkha","23.1645","83.1821","India","IN","IND","Chhattīsgarh","","16106","1356752539"
"Bakarpur Ogairah","Bakarpur Ogairah","25.3294","87.5138","India","IN","IND","Bihār","","16106","1356113318"
"Nonantola","Nonantola","44.6777","11.0430","Italy","IT","ITA","Emilia-Romagna","","16106","1380440392"
"Bovolone","Bovolone","45.2500","11.1333","Italy","IT","ITA","Veneto","","16106","1380019323"
"Frogn","Frogn","59.6989","10.6553","Norway","NO","NOR","Viken","","16106","1578001728"
"Canudos","Canudos","-9.9044","-39.1415","Brazil","BR","BRA","Bahia","minor","16105","1076987172"
"Kajur","Kajur","24.8768","85.2920","India","IN","IND","Bihār","","16104","1356236484"
"Easthampton","Easthampton","42.2651","-72.6720","United States","US","USA","Massachusetts","","16103","1840031156"
"Sūrappalli","Surappalli","11.7187","77.8778","India","IN","IND","Tamil Nādu","","16102","1356168794"
"Nowogard","Nowogard","53.6667","15.1167","Poland","PL","POL","Zachodniopomorskie","","16102","1616864460"
"Panajachel","Panajachel","14.7406","-91.1594","Guatemala","GT","GTM","Sololá","minor","16101","1320143050"
"Hibbing","Hibbing","47.3980","-92.9486","United States","US","USA","Minnesota","","16100","1840006594"
"North Fayette","North Fayette","40.4204","-80.2245","United States","US","USA","Pennsylvania","","16099","1840148209"
"Chinggil","Chinggil","46.6673","90.3786","China","CN","CHN","Xinjiang","minor","16098","1156912323"
"Montbrison","Montbrison","45.6083","4.0658","France","FR","FRA","Auvergne-Rhône-Alpes","minor","16098","1250924928"
"Birhana","Birhana","25.4489","85.7054","India","IN","IND","Bihār","","16098","1356023477"
"Exeter","Exeter","42.9901","-70.9646","United States","US","USA","New Hampshire","","16098","1840054838"
"Jacupiranga","Jacupiranga","-24.6925","-48.0022","Brazil","BR","BRA","São Paulo","minor","16097","1076127392"
"Opa-locka","Opa-locka","25.8997","-80.2551","United States","US","USA","Florida","","16097","1840015156"
"Glasgow","Glasgow","39.6015","-75.7473","United States","US","USA","Delaware","","16095","1840005571"
"Ubatã","Ubata","-14.2139","-39.5228","Brazil","BR","BRA","Bahia","minor","16094","1076839494"
"Hazro","Hazro","38.2561","40.7831","Turkey","TR","TUR","Diyarbakır","minor","16093","1792489008"
"Anantapalle","Anantapalle","16.9767","81.4442","India","IN","IND","Andhra Pradesh","","16092","1356893543"
"Nyahanga","Nyahanga","-2.3829","33.5500","Tanzania","TZ","TZA","Simiyu","","16092","1834609339"
"Johnstone","Johnstone","55.8346","-4.5027","United Kingdom","GB","GBR","Renfrewshire","","16090","1826315811"
"Chai Prakan","Chai Prakan","19.7322","99.1403","Thailand","TH","THA","Chiang Mai","minor","16090","1764347576"
"Aurāhi","Aurahi","26.1895","87.3372","India","IN","IND","Bihār","","16088","1356152123"
"Aquitania","Aquitania","5.5833","-72.8333","Colombia","CO","COL","Boyacá","minor","16087","1170697722"
"Hajdúnánás","Hajdunanas","47.8500","21.4333","Hungary","HU","HUN","Hajdú-Bihar","minor","16087","1348235609"
"Ottūr","Ottur","8.7167","76.7667","India","IN","IND","Kerala","","16085","1356161691"
"Horodok","Horodok","49.7833","23.6444","Ukraine","UA","UKR","Lvivska Oblast","","16085","1804513657"
"Viškovo","Viskovo","45.3759","14.3789","Croatia","HR","HRV","Primorsko-Goranska Županija","minor","16084","1191502082"
"Fatipura","Fatipura","22.8383","74.2313","India","IN","IND","Madhya Pradesh","","16084","1356347990"
"Ottakkadai","Ottakkadai","9.9580","78.1886","India","IN","IND","Tamil Nādu","","16084","1356233663"
"Gavrilov-Yam","Gavrilov-Yam","57.3167","39.8500","Russia","RU","RUS","Yaroslavskaya Oblast’","minor","16084","1643185412"
"Rumilly","Rumilly","45.8758","5.9447","France","FR","FRA","Auvergne-Rhône-Alpes","","16082","1250434844"
"Banigbé","Banigbe","6.9000","2.6500","Benin","BJ","BEN","Plateau","","16080","1204880247"
"Gaillac","Gaillac","43.9014","1.8992","France","FR","FRA","Occitanie","","16080","1250825610"
"Novoukrainka","Novoukrainka","48.3231","31.5242","Ukraine","UA","UKR","Kirovohradska Oblast","minor","16080","1804711566"
"Vauréal","Vaureal","49.0353","2.0328","France","FR","FRA","Île-de-France","","16079","1250591118"
"Kollūru","Kolluru","16.1847","80.7961","India","IN","IND","Andhra Pradesh","","16079","1356157661"
"Rāmewādi","Ramewadi","16.0333","74.3500","India","IN","IND","Mahārāshtra","","16079","1356997924"
"Owase","Owase","34.0708","136.1910","Japan","JP","JPN","Mie","","16079","1392003455"
"Wohlen","Wohlen","47.3506","8.2778","Switzerland","CH","CHE","Aargau","","16078","1756643512"
"Santiago Tulantepec","Santiago Tulantepec","20.0397","-98.3575","Mexico","MX","MEX","Hidalgo","minor","16078","1484221851"
"Mecheraa Asfa","Mecheraa Asfa","35.3839","1.0533","Algeria","DZ","DZA","Tiaret","","16077","1012631861"
"Shāhpur","Shahpur","23.8937","79.0507","India","IN","IND","Madhya Pradesh","","16077","1356440946"
"Olecko","Olecko","54.0333","22.5000","Poland","PL","POL","Warmińsko-Mazurskie","minor","16076","1616175752"
"Hugo","Hugo","45.1671","-92.9588","United States","US","USA","Minnesota","","16076","1840006739"
"Federal","Federal","-30.9500","-58.8000","Argentina","AR","ARG","Entre Ríos","minor","16075","1032401212"
"Dalachi","Dalachi","36.6383","105.0122","China","CN","CHN","Gansu","","16075","1156098982"
"Domont","Domont","49.0283","2.3275","France","FR","FRA","Île-de-France","","16075","1250749171"
"Kalanjūr","Kalanjur","9.1167","76.8500","India","IN","IND","Kerala","","16075","1356161071"
"Tankal","Tankal","8.0000","124.0000","Philippines","PH","PHL","Lanao del Norte","","16075","1608156636"
"Dyersburg","Dyersburg","36.0465","-89.3777","United States","US","USA","Tennessee","","16075","1840013372"
"Bhiloda","Bhiloda","23.4600","73.1500","India","IN","IND","Gujarāt","","16074","1356527886"
"Quiindy","Quiindy","-25.9725","-57.2382","Paraguay","PY","PRY","Paraguarí","","16074","1600822993"
"Yaojia","Yaojia","28.4547","109.1831","China","CN","CHN","Chongqing","","16072","1156978908"
"Füssen","Fussen","47.5667","10.7000","Germany","DE","DEU","Bavaria","","16072","1276059513"
"Léré","Lere","15.7117","-4.9117","Mali","ML","MLI","Tombouctou","","16072","1466628152"
"Mennecy","Mennecy","48.5661","2.4369","France","FR","FRA","Île-de-France","","16071","1250666840"
"Makhu","Makhu","31.1033","74.9963","India","IN","IND","Punjab","","16071","1356055682"
"East Highland Park","East Highland Park","37.5770","-77.3865","United States","US","USA","Virginia","","16071","1840006388"
"Fartura","Fartura","-23.3883","-49.5100","Brazil","BR","BRA","São Paulo","minor","16070","1076486558"
"Aïn Taoujdat","Ain Taoujdat","33.9333","-5.2167","Morocco","MA","MAR","Fès-Meknès","","16070","1504497923"
"Vontimitta","Vontimitta","14.3833","79.0333","India","IN","IND","Andhra Pradesh","","16067","1356090391"
"Safo","Safo","12.7675","-7.9236","Mali","ML","MLI","Koulikoro","","16066","1466531724"
"Sultonobod","Sultonobod","38.4500","68.9500","Tajikistan","TJ","TJK","Nohiyahoi Tobei Jumhurí","","16066","1762709548"
"Tachiarai","Tachiarai","33.3722","130.6225","Japan","JP","JPN","Fukuoka","","16065","1392006046"
"Bādshāhpur","Badshahpur","28.3930","77.0480","India","IN","IND","Haryāna","","16064","1356310926"
"Baléyara","Baleyara","13.7841","2.9515","Niger","NE","NER","Tillabéri","","16063","1562876747"
"Sulechów","Sulechow","52.0833","15.6167","Poland","PL","POL","Lubuskie","","16063","1616086796"
"Mount Pleasant","Mount Pleasant","33.1586","-94.9727","United States","US","USA","Texas","","16061","1840020666"
"Sérarou","Serarou","9.5833","2.6500","Benin","BJ","BEN","Borgou","","16060","1204060961"
"Mikkabi","Mikkabi","34.8031","137.5561","Japan","JP","JPN","Shizuoka","","16059","1392776263"
"Gatesville","Gatesville","31.4445","-97.7317","United States","US","USA","Texas","","16058","1840020825"
"Cenoví","Cenovi","19.2500","-70.3700","Dominican Republic","DO","DOM","Cibao Nordeste","","16056","1214125293"
"Strathroy","Strathroy","42.9558","-81.6226","Canada","CA","CAN","Ontario","","16056","1124990299"
"Ayyampālaiyam","Ayyampalaiyam","10.2253","77.7485","India","IN","IND","Tamil Nādu","","16055","1356840994"
"Darién","Darien","3.9167","-76.6667","Colombia","CO","COL","Valle del Cauca","minor","16054","1170479782"
"Southern Pines","Southern Pines","35.1927","-79.4039","United States","US","USA","North Carolina","","16052","1840017850"
"Middle Smithfield","Middle Smithfield","41.0918","-75.1031","United States","US","USA","Pennsylvania","","16051","1840150869"
"Saint-Leu-la-Forêt","Saint-Leu-la-Foret","49.0175","2.2472","France","FR","FRA","Île-de-France","","16047","1250926315"
"Sivapuram","Sivapuram","11.9075","75.6048","India","IN","IND","Kerala","","16047","1356093379"
"Berezan","Berezan","50.3197","31.4700","Ukraine","UA","UKR","Kyivska Oblast","","16047","1804009720"
"Telfs","Telfs","47.2833","11.0667","Austria","AT","AUT","Tirol","","16046","1040393855"
"Mayilūr","Mayilur","9.9420","76.6395","India","IN","IND","Kerala","","16044","1356160263"
"Al Ḩazm","Al Hazm","16.1642","44.7767","Yemen","YE","YEM","Al Jawf","admin","16044","1887549671"
"Artesia","Artesia","33.8676","-118.0805","United States","US","USA","California","","16044","1840019224"
"Niceville","Niceville","30.5290","-86.4748","United States","US","USA","Florida","","16043","1840015009"
"Saint-Amand-les-Eaux","Saint-Amand-les-Eaux","50.4486","3.4281","France","FR","FRA","Hauts-de-France","","16042","1250163931"
"Scordia","Scordia","37.3000","14.8500","Italy","IT","ITA","Sicilia","","16042","1380710947"
"Agudo","Agudo","-29.6450","-53.2400","Brazil","BR","BRA","Rio Grande do Sul","minor","16041","1076713609"
"Ranohira","Ranohira","-22.4842","45.3942","Madagascar","MG","MDG","Toliara","","16041","1450777804"
"Tourlaville","Tourlaville","49.6417","-1.5775","France","FR","FRA","Normandie","","16040","1250228136"
"Penugonda","Penugonda","16.6547","81.7445","India","IN","IND","Andhra Pradesh","","16038","1356098929"
"Qarabulaq","Qarabulaq","44.9089","78.4922","Kazakhstan","KZ","KAZ","Zhetisū","minor","16037","1398637758"
"Şenkaya","Senkaya","40.5619","42.3464","Turkey","TR","TUR","Erzurum","minor","16035","1792624662"
"North Strabane","North Strabane","40.2279","-80.1488","United States","US","USA","Pennsylvania","","16033","1840147984"
"Worcester Park","Worcester Park","51.3752","-0.2390","United Kingdom","GB","GBR","Sutton","","16031","1826854793"
"Kāyanna","Kayanna","11.4917","75.8417","India","IN","IND","Kerala","","16028","1356103591"
"Mahavelona","Mahavelona","-18.5138","47.2546","Madagascar","MG","MDG","Antananarivo","","16028","1450216247"
"Samarate","Samarate","45.6167","8.7833","Italy","IT","ITA","Lombardy","","16026","1380984900"
"St. Simons","St. Simons","31.1775","-81.3857","United States","US","USA","Georgia","","16026","1840013874"
"Ciudad de Huitzuco","Ciudad de Huitzuco","18.3000","-99.3500","Mexico","MX","MEX","Guerrero","minor","16025","1484912284"
"Floral Park","Floral Park","40.7227","-73.7029","United States","US","USA","New York","","16025","1840005286"
"Lynden","Lynden","48.9502","-122.4545","United States","US","USA","Washington","","16025","1840019752"
"Cajueiro","Cajueiro","-9.3967","-36.1536","Brazil","BR","BRA","Alagoas","minor","16024","1076808412"
"Az Zintān","Az Zintan","31.9306","12.2483","Libya","LY","LBY","Al Jabal al Gharbī","","16024","1434009562"
"Dublin","Dublin","32.5360","-82.9280","United States","US","USA","Georgia","","16023","1840013813"
"Zeulenroda","Zeulenroda","50.6486","11.9806","Germany","DE","DEU","Thuringia","","16021","1276933669"
"Hayden","Hayden","47.7680","-116.8040","United States","US","USA","Idaho","","16021","1840019808"
"Wolf Trap","Wolf Trap","38.9395","-77.2842","United States","US","USA","Virginia","","16020","1840006042"
"Qazyan","Qazyan","40.4302","47.6779","Azerbaijan","AZ","AZE","Ucar","","16018","1031879880"
"South Houston","South Houston","29.6611","-95.2285","United States","US","USA","Texas","","16017","1840022199"
"Rāhon","Rahon","31.0527","76.1191","India","IN","IND","Punjab","","16016","1356318645"
"Marahōm","Marahom","33.8303","75.0832","India","IN","IND","Jammu and Kashmīr","","16015","1356971041"
"Giruá","Girua","-28.0278","-54.3500","Brazil","BR","BRA","Rio Grande do Sul","minor","16013","1076892905"
"Hayange","Hayange","49.3300","6.0628","France","FR","FRA","Grand Est","","16013","1250073762"
"Locarno","Locarno","46.1664","8.7997","Switzerland","CH","CHE","Ticino","","16012","1756696211"
"Ascheberg","Ascheberg","51.7889","7.6200","Germany","DE","DEU","North Rhine-Westphalia","","16012","1276423917"
"Aue","Aue","50.5881","12.7006","Germany","DE","DEU","Saxony","","16012","1276459690"
"Ya‘bad","Ya`bad","32.4457","35.1682","West Bank","XW","XWB","","","16012","1934942551"
"Myrza-Ake","Myrza-Ake","40.7529","73.4153","Kyrgyzstan","KG","KGZ","Osh","","16011","1417504242"
"Marbach am Neckar","Marbach am Neckar","48.9333","9.2500","Germany","DE","DEU","Baden-Württemberg","","16010","1276176133"
"Bracebridge","Bracebridge","45.0333","-79.3000","Canada","CA","CAN","Ontario","","16010","1124793645"
"Santa Ana","Santa Ana","13.9296","-87.2733","Honduras","HN","HND","Francisco Morazán","","16009","1340709645"
"Sátiro Dias","Satiro Dias","-11.6000","-38.6000","Brazil","BR","BRA","Bahia","minor","16008","1076994641"
"Menzelinsk","Menzelinsk","55.7333","53.1167","Russia","RU","RUS","Tatarstan","","16008","1643750653"
"Urucará","Urucara","-2.5358","-57.7600","Brazil","BR","BRA","Amazonas","minor","16007","1076852276"
"Breisach am Rhein","Breisach am Rhein","48.0333","7.5833","Germany","DE","DEU","Baden-Württemberg","","16007","1276880866"
"Rāni Shakarpura","Rani Shakarpura","25.5534","86.2992","India","IN","IND","Bihār","","16007","1356333671"
"South River","South River","40.4455","-74.3783","United States","US","USA","New Jersey","","16007","1840001335"
"Sapatgrām","Sapatgram","26.3373","90.1236","India","IN","IND","Assam","","16006","1356558749"
"Utnūr","Utnur","19.3667","78.7667","India","IN","IND","Andhra Pradesh","","16005","1356434516"
"Kumaranallūr","Kumaranallur","9.6167","76.5833","India","IN","IND","Kerala","","16004","1356487798"
"Highland Village","Highland Village","33.0897","-97.0615","United States","US","USA","Texas","","16004","1840020638"
"Pewaukee","Pewaukee","43.0701","-88.2412","United States","US","USA","Wisconsin","","16002","1840033459"
"Sughrāin","Sughrain","25.7460","86.3250","India","IN","IND","Bihār","","16001","1356055718"
"Sidi Azzouz","Sidi Azzouz","31.7600","-7.6600","Morocco","MA","MAR","Marrakech-Safi","","16001","1504893148"
"El Rosario","El Rosario","22.9922","-105.8572","Mexico","MX","MEX","Sinaloa","minor","16001","1484373649"
"Asarcık","Asarcik","41.0314","36.2683","Turkey","TR","TUR","Samsun","minor","16001","1792169528"
"Summerside","Summerside","46.4000","-63.7833","Canada","CA","CAN","Prince Edward Island","","16001","1124487102"
"Longji","Longji","25.7317","110.0631","China","CN","CHN","Guangxi","","16000","1156982228"
"Asāra","Asara","29.2494","77.2915","India","IN","IND","Uttar Pradesh","","16000","1356236054"
"Dandu Mailāram","Dandu Mailaram","17.2333","78.7667","India","IN","IND","Andhra Pradesh","","16000","1356228452"
"Al Mazār ash Shamālī","Al Mazar ash Shamali","32.4725","35.7928","Jordan","JO","JOR","Irbid","minor","16000","1400714744"
"Tsiningia","Tsiningia","-15.4784","47.4553","Madagascar","MG","MDG","Mahajanga","","16000","1450406103"
"Antindra","Antindra","-14.1337","49.8131","Madagascar","MG","MDG","Antsiranana","","16000","1450679608"
"Andapafito","Andapafito","-16.9147","49.3762","Madagascar","MG","MDG","Toamasina","","16000","1450969130"
"Vohilengo","Vohilengo","-22.5438","47.6944","Madagascar","MG","MDG","Fianarantsoa","","16000","1450242299"
"Manompana","Manompana","-16.6871","49.7385","Madagascar","MG","MDG","Toamasina","","16000","1450170559"
"Bevonotra","Bevonotra","-14.0730","49.6093","Madagascar","MG","MDG","Antsiranana","","16000","1450295554"
"Betanty","Betanty","-25.5666","45.5272","Madagascar","MG","MDG","Toliara","","16000","1450311726"
"Mandrosonoro","Mandrosonoro","-20.5879","45.9832","Madagascar","MG","MDG","Fianarantsoa","","16000","1450073615"
"Ankazondandy","Ankazondandy","-18.6975","47.7966","Madagascar","MG","MDG","Antananarivo","","16000","1450557561"
"Androrangavola","Androrangavola","-20.5292","48.2371","Madagascar","MG","MDG","Fianarantsoa","","16000","1450693503"
"Fiadanana","Fiadanana","-20.8740","47.1767","Madagascar","MG","MDG","Fianarantsoa","","16000","1450506769"
"Alarobia","Alarobia","-18.9684","47.7352","Madagascar","MG","MDG","Antananarivo","","16000","1450929281"
"Inanantonana","Inanantonana","-19.6489","46.6193","Madagascar","MG","MDG","Antananarivo","","16000","1450953986"
"Ambalatany","Ambalatany","-22.5364","47.5881","Madagascar","MG","MDG","Fianarantsoa","","16000","1450788430"
"Andemaka","Andemaka","-22.2779","47.7522","Madagascar","MG","MDG","Fianarantsoa","","16000","1450024135"
"Vohiposa","Vohiposa","-20.9925","47.1623","Madagascar","MG","MDG","Fianarantsoa","","16000","1450467200"
"Anjangoveratra","Anjangoveratra","-14.1378","50.0583","Madagascar","MG","MDG","Antsiranana","","16000","1450405493"
"Leanja","Leanja","-15.5430","47.9186","Madagascar","MG","MDG","Mahajanga","","16000","1450058429"
"Fenoarivo","Fenoarivo","-23.1246","47.5686","Madagascar","MG","MDG","Fianarantsoa","","16000","1450612194"
"Fenoarivo","Fenoarivo","-20.8688","46.8754","Madagascar","MG","MDG","Fianarantsoa","","16000","1450147550"
"Bekitro","Bekitro","-24.5503","45.2991","Madagascar","MG","MDG","Toliara","","16000","1450444164"
"Ambohibe","Ambohibe","-17.4346","49.1069","Madagascar","MG","MDG","Toamasina","","16000","1450755165"
"Tangainony","Tangainony","-22.6945","47.7444","Madagascar","MG","MDG","Fianarantsoa","","16000","1450508448"
"Antsenavolo","Antsenavolo","-21.3904","48.0465","Madagascar","MG","MDG","Fianarantsoa","","16000","1450984218"
"Analila","Analila","-14.4540","49.0474","Madagascar","MG","MDG","Mahajanga","","16000","1450364545"
"Mangabe","Mangabe","-16.7167","46.8167","Madagascar","MG","MDG","Mahajanga","","16000","1450285321"
"Baltit","Baltit","36.3330","74.6660","Pakistan","PK","PAK","Gilgit-Baltistan","","16000","1586417994"
"Tullinge","Tullinge","59.2000","17.8833","Sweden","SE","SWE","Stockholm","","16000","1752531824"
"Kafia Kingi","Kafia Kingi","9.2734","24.4170","South Sudan","SS","SSD","Western Bahr el Ghazal","","16000","1728934320"
"San Ignacio","San Ignacio","14.3333","-89.1833","El Salvador","SV","SLV","Chalatenango","","16000","1222199797"
"Manafwa","Manafwa","0.9564","34.2844","Uganda","UG","UGA","Manafwa","admin","16000","1800257696"
"Buwama","Buwama","0.0633","32.1064","Uganda","UG","UGA","Mpigi","","16000","1800499815"
"Sardoba","Sardoba","40.5422","68.4125","Uzbekistan","UZ","UZB","Sirdaryo","","16000","1860363244"
"Ishtixon Shahri","Ishtixon Shahri","39.9664","66.4861","Uzbekistan","UZ","UZB","Samarqand","minor","16000","1860693720"
"Mông Dương","Mong Duong","21.0553","107.3431","Vietnam","VN","VNM","Quảng Ninh","","16000","1704869193"
"Bethulie","Bethulie","-30.4667","25.9667","South Africa","ZA","ZAF","Free State","","16000","1710614025"
"Troutdale","Troutdale","45.5372","-122.3955","United States","US","USA","Oregon","","16000","1840021209"
"Wātrāp","Watrap","9.6353","77.6389","India","IN","IND","Tamil Nādu","","15999","1356997468"
"Lower Salford","Lower Salford","40.2639","-75.3929","United States","US","USA","Pennsylvania","","15999","1840142128"
"La Grange","La Grange","41.8072","-87.8741","United States","US","USA","Illinois","","15999","1840011255"
"Marco Island","Marco Island","25.9330","-81.6993","United States","US","USA","Florida","","15998","1840036141"
"Chilgazí","Chilgazi","40.1500","70.7333","Tajikistan","TJ","TJK","Sughd","","15997","1762908199"
"Zemrane","Zemrane","31.6700","-7.4400","Morocco","MA","MAR","Marrakech-Safi","","15996","1504983059"
"Iziaslav","Iziaslav","50.1167","26.8000","Ukraine","UA","UKR","Khmelnytska Oblast","","15996","1804060657"
"Walldorf","Walldorf","49.3000","8.6500","Germany","DE","DEU","Baden-Württemberg","","15995","1276002664"
"Neriyamangalam","Neriyamangalam","10.0531","76.7399","India","IN","IND","Kerala","","15994","1356528747"
"Dêngka","Dengka","34.0587","103.2074","China","CN","CHN","Gansu","","15993","1156070302"
"Dianga","Dianga","34.0636","103.2136","China","CN","CHN","Gansu","minor","15993","1156555088"
"Bay Village","Bay Village","41.4851","-81.9317","United States","US","USA","Ohio","","15992","1840003394"
"Üsharal","Usharal","46.1697","80.9394","Kazakhstan","KZ","KAZ","Zhetisū","minor","15991","1398996101"
"Caidat Sidi Boubker El Haj","Caidat Sidi Boubker El Haj","34.9148","-6.0735","Morocco","MA","MAR","Rabat-Salé-Kénitra","","15990","1504131696"
"Seven Oaks","Seven Oaks","34.0475","-81.1435","United States","US","USA","South Carolina","","15990","1840035850"
"Canmore","Canmore","51.0890","-115.3590","Canada","CA","CAN","Alberta","","15990","1124688642"
"East Finchley","East Finchley","51.5902","-0.1753","United Kingdom","GB","GBR","Barnet","","15989","1826180591"
"Caerphilly","Caerphilly","51.5780","-3.2180","United Kingdom","GB","GBR","Caerphilly","","15989","1826322639"
"Lewes","Lewes","50.8747","0.0117","United Kingdom","GB","GBR","East Sussex","","15988","1826774397"
"Nanāttupārai","Nanattuparai","9.3790","76.8779","India","IN","IND","Kerala","","15988","1356215333"
"San Cesareo","San Cesareo","41.8167","12.8000","Italy","IT","ITA","Lazio","","15988","1380153894"
"Ambohimalaza","Ambohimalaza","-18.8667","47.5833","Madagascar","MG","MDG","Antananarivo","","15988","1450435158"
"Guioyo","Guioyo","13.5033","-8.2453","Mali","ML","MLI","Koulikoro","","15988","1466719816"
"Illingen","Illingen","49.3667","7.0333","Germany","DE","DEU","Saarland","","15987","1276359675"
"Santa Catarina Juquila","Santa Catarina Juquila","16.2364","-97.2919","Mexico","MX","MEX","Oaxaca","","15987","1484108848"
"Vallirana","Vallirana","41.3878","1.9322","Spain","ES","ESP","Catalonia","","15985","1724988283"
"Rāiganj Bāzār","Raiganj Bazar","26.7800","82.1430","India","IN","IND","Uttar Pradesh","","15985","1356584709"
"Ḩammām al ‘Alīl","Hammam al `Alil","36.1581","43.2594","Iraq","IQ","IRQ","Nīnawá","","15985","1368957629"
"Tasīl","Tasil","32.8339","35.9697","Syria","SY","SYR","Dar‘ā","minor","15985","1760040877"
"Bathurst","Bathurst","47.6200","-65.6500","Canada","CA","CAN","New Brunswick","","15985","1124816720"
"Vicente Guerrero","Vicente Guerrero","23.7500","-103.9833","Mexico","MX","MEX","Durango","minor","15982","1484862775"
"Balneário do Rincão","Balneario do Rincao","-28.8344","-49.2361","Brazil","BR","BRA","Santa Catarina","minor","15981","1076217271"
"Jāwalgeri","Jawalgeri","15.8656","76.8156","India","IN","IND","Karnātaka","","15980","1356240955"
"Kizhūr","Kizhur","11.9667","75.6667","India","IN","IND","Kerala","","15979","1356780224"
"Kudali","Kudali","9.1500","76.8500","India","IN","IND","Kerala","","15979","1356161068"
"Cruz Machado","Cruz Machado","-26.0169","-51.3469","Brazil","BR","BRA","Paraná","minor","15978","1076000409"
"Ouamri","Ouamri","36.2333","2.5667","Algeria","DZ","DZA","Aïn Defla","","15978","1012075283"
"Antadinga","Antadinga","-22.1469","47.4276","Madagascar","MG","MDG","Fianarantsoa","","15977","1450101676"
"Michelstadt","Michelstadt","49.6786","9.0039","Germany","DE","DEU","Hesse","","15975","1276024719"
"Este","Este","45.2333","11.6667","Italy","IT","ITA","Veneto","","15975","1380163207"
"The Dalles","The Dalles","45.6053","-121.1818","United States","US","USA","Oregon","","15973","1840021212"
"Yurihama","Yurihama","35.4833","133.8667","Japan","JP","JPN","Tottori","","15972","1392003407"
"Chittayankottai","Chittayankottai","10.2686","77.8327","India","IN","IND","Tamil Nādu","","15970","1356245549"
"Neykkārappatti","Neykkarappatti","10.4489","77.4627","India","IN","IND","Tamil Nādu","","15970","1356172097"
"Mwingi","Mwingi","-0.9296","38.0700","Kenya","KE","KEN","Kitui","","15970","1404312666"
"Nyasvizh","Nyasvizh","53.2167","26.6667","Belarus","BY","BLR","Minskaya Voblasts’","minor","15968","1112288294"
"Chertsey","Chertsey","51.3902","-0.5074","United Kingdom","GB","GBR","Surrey","","15967","1826578278"
"Grain Valley","Grain Valley","39.0171","-94.2084","United States","US","USA","Missouri","","15967","1840008531"
"Sukth","Sukth","41.3833","19.5333","Albania","AL","ALB","Durrës","","15966","1008647190"
"Valavakāttumūla","Valavakattumula","9.9800","76.5200","India","IN","IND","Kerala","","15966","1356082162"
"Obra","Obra","24.8910","84.3742","India","IN","IND","Bihār","","15966","1356681679"
"Mohanpur","Mohanpur","25.5620","85.5917","India","IN","IND","Bihār","","15966","1356241175"
"Amarwāra","Amarwara","22.2978","79.1694","India","IN","IND","Madhya Pradesh","","15966","1356152620"
"Capitán Sarmiento","Capitan Sarmiento","-34.1667","-59.7833","Argentina","AR","ARG","Buenos Aires","minor","15965","1032299456"
"Ambohidrapeto","Ambohidrapeto","-18.8971","47.4804","Madagascar","MG","MDG","Antananarivo","","15965","1450249621"
"Bahutāl","Bahutal","24.5714","87.8971","India","IN","IND","West Bengal","","15963","1356754233"
"Warren","Warren","40.6323","-74.5146","United States","US","USA","New Jersey","","15962","1840081703"
"Landen","Landen","50.7547","5.0814","Belgium","BE","BEL","Flanders","","15961","1056582232"
"Kyabé","Kyabe","9.4514","18.9447","Chad","TD","TCD","Moyen-Chari","","15960","1148010568"
"Suşehri","Susehri","40.1658","38.0942","Turkey","TR","TUR","Sivas","minor","15960","1792648554"
"Gentbrugge","Gentbrugge","51.0314","3.7642","Belgium","BE","BEL","Flanders","","15957","1056464201"
"Simmerath","Simmerath","50.6069","6.3000","Germany","DE","DEU","North Rhine-Westphalia","","15955","1276931162"
"Pātapatnam","Patapatnam","18.7500","84.0833","India","IN","IND","Andhra Pradesh","","15954","1356118629"
"Poronaysk","Poronaysk","49.2167","143.1167","Russia","RU","RUS","Sakhalinskaya Oblast’","","15953","1643094568"
"Gourrama","Gourrama","32.3333","-4.0833","Morocco","MA","MAR","Drâa-Tafilalet","","15952","1504780592"
"Longwood","Longwood","28.7014","-81.3487","United States","US","USA","Florida","","15952","1840015957"
"Tagazhi","Tagazhi","9.3707","76.4115","India","IN","IND","Kerala","","15951","1356160800"
"Ishidoriyachō-eso","Ishidoriyacho-eso","39.4839","141.1471","Japan","JP","JPN","Iwate","","15951","1392893507"
"Zhytkavichy","Zhytkavichy","52.2333","27.8667","Belarus","BY","BLR","Homyel’skaya Voblasts’","minor","15950","1112156374"
"Motru","Motru","44.8036","22.9708","Romania","RO","ROU","Gorj","","15950","1642442019"
"Ras el Oued","Ras el Oued","34.1500","-4.0000","Morocco","MA","MAR","Fès-Meknès","","15949","1504000629"
"Mandiakui","Mandiakui","13.0197","-4.4644","Mali","ML","MLI","Ségou","","15949","1466936893"
"Al Bahnasā","Al Bahnasa","28.5353","30.6606","Egypt","EG","EGY","Al Minyā","","15948","1818431123"
"South Hayling","South Hayling","50.7800","-0.9700","United Kingdom","GB","GBR","Hampshire","","15948","1826060826"
"Starobilsk","Starobilsk","49.2775","38.9242","Ukraine","UA","UKR","Luhanska Oblast","minor","15947","1804913112"
"Washington","Washington","40.7050","-89.4340","United States","US","USA","Illinois","","15946","1840010377"
"Ilanskiy","Ilanskiy","56.2414","96.0581","Russia","RU","RUS","Krasnoyarskiy Kray","minor","15945","1643903543"
"Valeggio sul Mincio","Valeggio sul Mincio","45.3500","10.7333","Italy","IT","ITA","Veneto","","15943","1380970991"
"Tarquinia","Tarquinia","42.2492","11.7561","Italy","IT","ITA","Lazio","","15942","1380000153"
"Süchteln","Suchteln","51.2833","6.3833","Germany","DE","DEU","North Rhine-Westphalia","","15941","1276796090"
"Despujols","Despujols","12.5183","122.0108","Philippines","PH","PHL","Romblon","","15940","1608108433"
"Alotau","Alotau","-10.3167","150.4333","Papua New Guinea","PG","PNG","Milne Bay","admin","15939","1598284215"
"Ormeau","Ormeau","-27.7966","153.2600","Australia","AU","AUS","Queensland","","15938","1036779703"
"Hongsi","Hongsi","35.5107","105.5108","China","CN","CHN","Gansu","","15938","1156462347"
"Androy","Androy","-21.3350","47.2719","Madagascar","MG","MDG","Fianarantsoa","","15938","1450421324"
"Brahmadesam","Brahmadesam","11.5449","77.5803","India","IN","IND","Tamil Nādu","","15937","1356163048"
"Alabat","Alabat","14.1023","122.0136","Philippines","PH","PHL","Quezon","","15936","1608115829"
"Campanha","Campanha","-21.8389","-45.3997","Brazil","BR","BRA","Minas Gerais","minor","15935","1076571008"
"Manatanna","Manatanna","11.9125","75.7569","India","IN","IND","Kerala","","15935","1356547055"
"Warrington","Warrington","30.3835","-87.2946","United States","US","USA","Florida","","15935","1840013914"
"Codru","Codru","46.9753","28.8194","Moldova","MD","MDA","Chişinău","","15934","1498544482"
"Gargždai","Gargzdai","55.7128","21.4033","Lithuania","LT","LTU","Klaipėda","","15932","1440368270"
"Sertanópolis","Sertanopolis","-23.0589","-51.0358","Brazil","BR","BRA","Paraná","minor","15930","1076421900"
"Xiaqiaotou","Xiaqiaotou","27.2167","100.1500","China","CN","CHN","Yunnan","minor","15930","1156667293"
"Băileşti","Bailesti","44.0308","23.3525","Romania","RO","ROU","Dolj","","15928","1642673128"
"Noisiel","Noisiel","48.8547","2.6289","France","FR","FRA","Île-de-France","","15927","1250025430"
"Penicuik","Penicuik","55.8260","-3.2200","United Kingdom","GB","GBR","Midlothian","","15926","1826366579"
"Saint-Julien-en-Genevois","Saint-Julien-en-Genevois","46.1436","6.0811","France","FR","FRA","Auvergne-Rhône-Alpes","minor","15925","1250672754"
"Bom Jesus","Bom Jesus","-9.0739","-44.3589","Brazil","BR","BRA","Piauí","minor","15924","1076937557"
"Aporá","Apora","-11.6600","-38.0808","Brazil","BR","BRA","Bahia","minor","15922","1076481861"
"Windham","Windham","42.8076","-71.2995","United States","US","USA","New Hampshire","","15922","1840055881"
"Cumaru","Cumaru","-8.0058","-35.6969","Brazil","BR","BRA","Pernambuco","minor","15920","1076365965"
"Râşnov","Rasnov","45.5933","25.4603","Romania","RO","ROU","Braşov","","15920","1642579613"
"Comarapa","Comarapa","-17.9158","-64.5300","Bolivia","BO","BOL","Santa Cruz","","15919","1068701913"
"Indianola","Indianola","41.3629","-93.5652","United States","US","USA","Iowa","","15918","1840000648"
"Weener","Weener","53.1692","7.3564","Germany","DE","DEU","Lower Saxony","","15916","1276425095"
"Sin-le-Noble","Sin-le-Noble","50.3630","3.1130","France","FR","FRA","Hauts-de-France","","15916","1250652964"
"Alhandra","Alhandra","-7.3504","-34.9284","Brazil","BR","BRA","Paraíba","minor","15914","1076719161"
"Seymour","Seymour","35.8783","-83.7669","United States","US","USA","Tennessee","","15914","1840013386"
"Karambakkudi","Karambakkudi","10.4587","79.1410","India","IN","IND","Tamil Nādu","","15913","1356141439"
"Lakamané","Lakamane","14.5060","-9.9070","Mali","ML","MLI","Kayes","","15912","1466412139"
"Petite-Synthe","Petite-Synthe","51.0194","2.3467","France","FR","FRA","Hauts-de-France","","15911","1250072351"
"Adwick le Street","Adwick le Street","53.5677","-1.1931","United Kingdom","GB","GBR","Doncaster","","15911","1826413996"
"Quixelô","Quixelo","-6.2539","-39.2019","Brazil","BR","BRA","Ceará","minor","15910","1076619844"
"Americus","Americus","32.0736","-84.2248","United States","US","USA","Georgia","","15910","1840013841"
"Red Oak","Red Oak","32.5212","-96.7866","United States","US","USA","Texas","","15909","1840020761"
