"Piaçabuçu","Piacabucu","-10.4086","-36.4339","Brazil","BR","BRA","Alagoas","minor","15908","1076666231"
"Sāyalkudi","Sayalkudi","9.1692","78.4470","India","IN","IND","Tamil Nādu","","15908","1356108648"
"Suchindram","Suchindram","8.1544","77.4670","India","IN","IND","Tamil Nādu","","15908","1356095431"
"Vlagtwedde","Vlagtwedde","53.0261","7.1117","Netherlands","NL","NLD","Groningen","","15908","1528022418"
"Paso de Carrasco","Paso de Carrasco","-34.8714","-56.0272","Uruguay","UY","URY","Canelones","","15908","1858805647"
"Victor","Victor","42.9894","-77.4277","United States","US","USA","New York","","15908","1840004414"
"Hayes","Hayes","51.3780","0.0192","United Kingdom","GB","GBR","Bromley","","15906","1826550930"
"San Giovanni in Fiore","San Giovanni in Fiore","39.2642","16.7003","Italy","IT","ITA","Calabria","","15906","1380843542"
"Seltso","Seltso","53.3678","34.0978","Russia","RU","RUS","Bryanskaya Oblast’","minor","15906","1643772327"
"Kuršumlija","Kursumlija","43.1408","21.2678","Serbia","RS","SRB","Kuršumlija","admin","15905","1688343996"
"Jbabra","Jbabra","34.4314","-4.9642","Morocco","MA","MAR","Fès-Meknès","","15904","1504581289"
"Calbuco","Calbuco","-41.7667","-73.1333","Chile","CL","CHL","Los Lagos","","15903","1152875669"
"Marmeleiro","Marmeleiro","-26.1489","-53.0258","Brazil","BR","BRA","Paraná","minor","15901","1076581635"
"Schaesberg","Schaesberg","50.8944","6.0158","Netherlands","NL","NLD","Limburg","","15900","1528425439"
"Chubbuck","Chubbuck","42.9263","-112.4623","United States","US","USA","Idaho","","15900","1840018667"
"Heggadadevankote","Heggadadevankote","12.0881","76.3296","India","IN","IND","Karnātaka","","15899","1356368626"
"Aladağ","Aladag","37.5464","35.3986","Turkey","TR","TUR","Adana","minor","15897","1792029396"
"Bastogne","Bastogne","50.0042","5.7200","Belgium","BE","BEL","Wallonia","minor","15894","1056747497"
"Rendon","Rendon","32.5789","-97.2349","United States","US","USA","Texas","","15894","1840019421"
"Zunil","Zunil","14.7833","-91.4833","Guatemala","GT","GTM","Quetzaltenango","minor","15893","1320355897"
"Humacao","Humacao","18.1520","-65.8204","Puerto Rico","PR","PRI","Puerto Rico","","15893","1630035683"
"Frederick","Frederick","40.1088","-104.9701","United States","US","USA","Colorado","","15893","1840021364"
"Sint-Kruis","Sint-Kruis","51.2139","3.2503","Belgium","BE","BEL","Flanders","","15892","1056830939"
"Eilendorf","Eilendorf","50.7794","6.1625","Germany","DE","DEU","North Rhine-Westphalia","","15892","1276960521"
"Greater Napanee","Greater Napanee","44.2500","-76.9500","Canada","CA","CAN","Ontario","","15892","1124001319"
"Cerejeiras","Cerejeiras","-13.1889","-60.8122","Brazil","BR","BRA","Rondônia","minor","15890","1076003552"
"Luzhou","Luzhou","23.3686","114.5194","China","CN","CHN","Guangdong","","15890","1156708150"
"San Julián","San Julian","21.0167","-102.1667","Mexico","MX","MEX","Jalisco","minor","15890","1484367855"
"Plaza Huincul","Plaza Huincul","-38.9338","-69.1987","Argentina","AR","ARG","Neuquén","","15887","1032678166"
"Vijayapuri North","Vijayapuri North","16.6028","79.3075","India","IN","IND","Andhra Pradesh","","15887","1356296261"
"Turffontein","Turffontein","-26.2446","28.0397","South Africa","ZA","ZAF","Gauteng","","15887","1710103722"
"Quezon","Quezon","14.0068","122.1824","Philippines","PH","PHL","Quezon","","15886","1608656453"
"Gheorgheni","Gheorgheni","46.7200","25.5900","Romania","RO","ROU","Harghita","","15884","1642450160"
"Seaford","Seaford","40.6678","-73.4922","United States","US","USA","New York","","15884","1840005275"
"Addlestone","Addlestone","51.3695","-0.4901","United Kingdom","GB","GBR","Surrey","","15883","1826253359"
"Vellikulangara","Vellikulangara","10.3667","76.4167","India","IN","IND","Kerala","","15883","1356104442"
"Dighirpār","Dighirpar","22.3034","88.6678","India","IN","IND","West Bengal","","15881","1356585729"
"Lam Luk Ka","Lam Luk Ka","13.9323","100.7494","Thailand","TH","THA","Pathum Thani","minor","15881","1764490226"
"Antrim","Antrim","39.7862","-77.7221","United States","US","USA","Pennsylvania","","15881","1840148478"
"Concorezzo","Concorezzo","45.5897","9.3359","Italy","IT","ITA","Lombardy","","15880","1380380632"
"Sertã","Serta","39.8008","-8.1003","Portugal","PT","PRT","Castelo Branco","minor","15880","1620976292"
"Parkway","Parkway","38.4993","-121.4520","United States","US","USA","California","","15880","1840024628"
"Mahires","Mahires","34.5333","10.5000","Tunisia","TN","TUN","Sfax","","15878","1788002942"
"Fairhaven","Fairhaven","41.6394","-70.8732","United States","US","USA","Massachusetts","","15878","1840053521"
"Brusciano","Brusciano","40.9224","14.4239","Italy","IT","ITA","Campania","","15877","1380728572"
"Esquipulas","Esquipulas","12.6667","-85.7833","Nicaragua","NI","NIC","Matagalpa","minor","15877","1558602400"
"Davutlar","Davutlar","37.7333","27.3000","Turkey","TR","TUR","Aydın","minor","15877","1792954597"
"Beek","Beek","50.9394","5.7961","Netherlands","NL","NLD","Limburg","minor","15875","1528590819"
"Live Oak","Live Oak","29.5545","-98.3404","United States","US","USA","Texas","","15875","1840020960"
"Kishundāspur","Kishundaspur","25.3334","87.3318","India","IN","IND","Bihār","","15874","1356241529"
"Dayton","Dayton","39.2592","-119.5653","United States","US","USA","Nevada","","15873","1840018796"
"Palmer Ranch","Palmer Ranch","27.2286","-82.4672","United States","US","USA","Florida","","15873","1840142108"
"Udayagiri","Udayagiri","14.8667","79.3167","India","IN","IND","Andhra Pradesh","","15870","1356113273"
"Tapejara","Tapejara","-23.7328","-52.8728","Brazil","BR","BRA","Paraná","minor","15869","1076885443"
"Bar","Bar","42.1000","19.1000","Montenegro","ME","MNE","Bar","admin","15868","1499197266"
"Garrel","Garrel","52.9581","8.0253","Germany","DE","DEU","Lower Saxony","","15867","1276561308"
"Coos Bay","Coos Bay","43.3789","-124.2330","United States","US","USA","Oregon","","15867","1840018653"
"Elkton","Elkton","39.6066","-75.8209","United States","US","USA","Maryland","","15867","1840005635"
"Alvarães","Alvaraes","-3.2000","-64.8333","Brazil","BR","BRA","Amazonas","minor","15866","1076076112"
"Villalbilla","Villalbilla","40.4339","-3.2989","Spain","ES","ESP","Madrid","","15866","1724385460"
"Drensteinfurt","Drensteinfurt","51.7944","7.7392","Germany","DE","DEU","North Rhine-Westphalia","","15865","1276206694"
"Finsterwalde","Finsterwalde","51.6282","13.7102","Germany","DE","DEU","Brandenburg","","15864","1276493643"
"Codroipo","Codroipo","45.9614","12.9774","Italy","IT","ITA","Friuli Venezia Giulia","","15863","1380582710"
"Gryfice","Gryfice","53.9147","15.1986","Poland","PL","POL","Zachodniopomorskie","minor","15863","1616794492"
"Budakeszi","Budakeszi","47.5111","18.9300","Hungary","HU","HUN","Pest","minor","15862","1348195369"
"Königslutter am Elm","Konigslutter am Elm","52.2500","10.8167","Germany","DE","DEU","Lower Saxony","","15860","1276192101"
"Wadern","Wadern","49.5167","6.8667","Germany","DE","DEU","Saarland","","15860","1276516463"
"Raychikhinsk","Raychikhinsk","49.7833","129.4167","Russia","RU","RUS","Amurskaya Oblast’","minor","15860","1643638607"
"Rahden","Rahden","52.4167","8.6167","Germany","DE","DEU","North Rhine-Westphalia","","15859","1276217000"
"Nidiyanga","Nidiyanga","12.0889","75.4806","India","IN","IND","Kerala","","15859","1356286527"
"Zevenbergen","Zevenbergen","51.6453","4.5997","Netherlands","NL","NLD","Noord-Brabant","minor","15859","1528233631"
"Le Pecq","Le Pecq","48.8969","2.1069","France","FR","FRA","Île-de-France","","15858","1250075642"
"Ōyodo","Oyodo","34.3906","135.7897","Japan","JP","JPN","Nara","","15856","1392003294"
"Tupi Paulista","Tupi Paulista","-21.3808","-51.5708","Brazil","BR","BRA","São Paulo","minor","15854","1076679633"
"Baghlia","Baghlia","36.8167","3.8500","Algeria","DZ","DZA","Boumerdes","","15854","1012210217"
"Hammam M’Baïls","Hammam M'Bails","36.3258","7.6436","Algeria","DZ","DZA","Guelma","","15854","1012561885"
"Valabhīpur","Valabhipur","21.8878","71.8795","India","IN","IND","Gujarāt","","15852","1356696432"
"Toma","Toma","12.7667","-2.8833","Burkina Faso","BF","BFA","Boucle du Mouhoun","minor","15851","1854082077"
"Fremont","Fremont","41.3535","-83.1147","United States","US","USA","Ohio","","15851","1840000653"
"Sahambala","Sahambala","-17.9199","49.1574","Madagascar","MG","MDG","Toamasina","","15850","1450273239"
"Dembeni","Dembeni","-12.8339","45.1725","Mayotte","YT","MYT","","","15848","1175648104"
"Lonigo","Lonigo","45.3833","11.3833","Italy","IT","ITA","Veneto","","15847","1380114554"
"Xiaozhengzhuang","Xiaozhengzhuang","39.6250","117.9031","China","CN","CHN","Hebei","","15845","1156126253"
"Pawai","Pawai","24.2664","80.1620","India","IN","IND","Madhya Pradesh","","15845","1356453090"
"La Lucila","La Lucila","-34.4833","-58.4833","Argentina","AR","ARG","Buenos Aires","","15844","1032447032"
"Bonito","Bonito","-11.9658","-41.2669","Brazil","BR","BRA","Bahia","minor","15844","1076286351"
"Jataúba","Jatauba","-7.9900","-36.4958","Brazil","BR","BRA","Pernambuco","minor","15843","1076599725"
"Gandevi","Gandevi","20.8200","72.9800","India","IN","IND","Gujarāt","","15843","1356081460"
"Osowa","Osowa","54.4272","18.4708","Poland","PL","POL","Pomorskie","","15843","1616417029"
"Brofodoumé","Brofodoume","5.5136","-3.9307","Côte d’Ivoire","CI","CIV","Abidjan","","15842","1384691434"
"Chhapra Bahās","Chhapra Bahas","26.7266","84.7912","India","IN","IND","Bihār","","15842","1356641308"
"Dassari","Dassari","10.8158","1.1406","Benin","BJ","BEN","Atacora","","15839","1204472631"
"Odaiyakulam","Odaiyakulam","10.5679","76.9105","India","IN","IND","Tamil Nādu","","15838","1356162297"
"Lewiston","Lewiston","43.1793","-78.9710","United States","US","USA","New York","","15838","1840004272"
"Bruck an der Mur","Bruck an der Mur","47.4167","15.2667","Austria","AT","AUT","Steiermark","minor","15837","1040863751"
"Vatomandry","Vatomandry","-19.3279","48.9815","Madagascar","MG","MDG","Toamasina","","15836","1450604534"
"Ban Dung","Ban Dung","17.6986","103.2611","Thailand","TH","THA","Udon Thani","minor","15836","1764905558"
"Hadjadj","Hadjadj","36.1000","0.3333","Algeria","DZ","DZA","Mostaganem","","15835","1012873431"
"Mandialaza","Mandialaza","-18.6056","48.0310","Madagascar","MG","MDG","Toamasina","","15835","1450052263"
"Miguelturra","Miguelturra","38.9667","-3.9500","Spain","ES","ESP","Castille-La Mancha","","15834","1724947836"
"Feke","Feke","37.8150","35.9125","Turkey","TR","TUR","Adana","minor","15833","1792390146"
"Rypin","Rypin","53.0667","19.4500","Poland","PL","POL","Kujawsko-Pomorskie","minor","15832","1616716547"
"Hennebont","Hennebont","47.8050","-3.2775","France","FR","FRA","Bretagne","","15831","1250878648"
"Morriston","Morriston","51.6647","-3.9389","United Kingdom","GB","GBR","Swansea","","15831","1826268056"
"Międzyrzec Podlaski","Miedzyrzec Podlaski","51.9833","22.7833","Poland","PL","POL","Lubelskie","","15830","1616448418"
"Dhusar Tikāpatti","Dhusar Tikapatti","25.5214","87.2212","India","IN","IND","Bihār","","15829","1356095493"
"Srīmushnam","Srimushnam","11.4012","79.4038","India","IN","IND","Tamil Nādu","","15829","1356640376"
"Clarksburg","Clarksburg","39.2862","-80.3232","United States","US","USA","West Virginia","","15829","1840005767"
"Fruitville","Fruitville","27.3328","-82.4616","United States","US","USA","Florida","","15828","1840014179"
"Ostrov","Ostrov","50.3083","12.9478","Czechia","CZ","CZE","Karlovarský Kraj","","15825","1203022506"
"Kodikkulam","Kodikkulam","9.6493","77.5860","India","IN","IND","Tamil Nādu","","15824","1356216825"
"Kadamakudi","Kadamakudi","10.0652","76.2451","India","IN","IND","Kerala","","15823","1356539438"
"Harlingen","Harlingen","53.1736","5.4272","Netherlands","NL","NLD","Fryslân","minor","15822","1528687785"
"Ban Samo Khae","Ban Samo Khae","16.8408","100.3415","Thailand","TH","THA","Phitsanulok","","15821","1764002915"
"Santa Rosa","Santa Rosa","-33.2500","-68.1500","Argentina","AR","ARG","Mendoza","minor","15818","1032261452"
"Tapiramutá","Tapiramuta","-11.8469","-40.7908","Brazil","BR","BRA","Bahia","minor","15818","1076220458"
"Tlaltetela","Tlaltetela","19.3167","-96.9000","Mexico","MX","MEX","Veracruz","minor","15818","1484184075"
"Middleburg Heights","Middleburg Heights","41.3696","-81.8150","United States","US","USA","Ohio","","15817","1840000614"
"Lake Country","Lake Country","50.0833","-119.4142","Canada","CA","CAN","British Columbia","","15817","1124001544"
"Colônia Leopoldina","Colonia Leopoldina","-8.9089","-35.7250","Brazil","BR","BRA","Alagoas","minor","15816","1076490767"
"Ropczyce","Ropczyce","50.0861","21.6333","Poland","PL","POL","Podkarpackie","minor","15815","1616760049"
"Grottammare","Grottammare","42.9891","13.8681","Italy","IT","ITA","Marche","","15814","1380551204"
"Tanakpur","Tanakpur","29.0740","80.1090","India","IN","IND","Uttarākhand","","15810","1356824248"
"Saviano","Saviano","40.9167","14.5167","Italy","IT","ITA","Campania","","15810","1380874488"
"Grimes","Grimes","41.6779","-93.7947","United States","US","USA","Iowa","","15810","1840007068"
"Kallūr","Kallur","17.2000","80.5500","India","IN","IND","Andhra Pradesh","","15807","1356501492"
"Kumano","Kumano","33.8886","136.1002","Japan","JP","JPN","Mie","","15806","1392123261"
"Kabayan","Kabayan","16.6233","120.8381","Philippines","PH","PHL","Benguet","","15806","1608199009"
"Mamadysh","Mamadysh","55.7131","51.4106","Russia","RU","RUS","Tatarstan","","15806","1643004821"
"Ash Shaddādah","Ash Shaddadah","36.0576","40.7348","Syria","SY","SYR","Al Ḩasakah","minor","15806","1760828558"
"Batalha","Batalha","39.6603","-8.8247","Portugal","PT","PRT","Leiria","minor","15805","1620446432"
"Cunit","Cunit","41.1983","1.6406","Spain","ES","ESP","Catalonia","","15804","1724738474"
"Serinyol","Serinyol","36.3667","36.2000","Turkey","TR","TUR","Hatay","minor","15804","1792914235"
"Haftkel","Haftkel","31.4444","49.5314","Iran","IR","IRN","Khūzestān","minor","15802","1364566639"
"Cadoneghe","Cadoneghe","45.4500","11.9333","Italy","IT","ITA","Veneto","","15801","1380080342"
"Lentate sul Seveso","Lentate sul Seveso","45.6784","9.1219","Italy","IT","ITA","Lombardy","","15801","1380948255"
"Cholai","Cholai","12.0400","75.4600","India","IN","IND","Kerala","","15800","1356207232"
"Altay","Altay","46.3728","96.2572","Mongolia","MN","MNG","Govĭ-Altay","admin","15800","1496574715"
"Ixhuatlán del Sureste","Ixhuatlan del Sureste","18.0170","-94.3800","Mexico","MX","MEX","Veracruz","minor","15800","1484815291"
"Adrasmon","Adrasmon","40.6486","69.9856","Tajikistan","TJ","TJK","Sughd","","15800","1762711403"
"Maliana","Maliana","-8.9917","125.2197","Timor-Leste","TL","TLS","Bobonaro","admin","15800","1626637884"
"Tarancón","Tarancon","40.0167","-3.0000","Spain","ES","ESP","Castille-La Mancha","","15799","1724475180"
"Brooklyn Park","Brooklyn Park","39.2170","-76.6174","United States","US","USA","Maryland","","15799","1840031312"
"Diang","Diang","4.5833","13.3500","Cameroon","CM","CMR","Est","","15795","1120665597"
"Langenau","Langenau","48.4967","10.1200","Germany","DE","DEU","Baden-Württemberg","","15792","1276345648"
"Pūluvappatti","Puluvappatti","10.9630","76.8158","India","IN","IND","Tamil Nādu","","15792","1356159468"
"Dhāni Sukhan","Dhani Sukhan","28.7932","76.0502","India","IN","IND","Haryāna","","15792","1356316741"
"Salonta","Salonta","46.8000","21.6500","Romania","RO","ROU","Bihor","","15792","1642519468"
"Bennane","Bennane","35.6833","10.8333","Tunisia","TN","TUN","Monastir","","15792","1788571318"
"Thibodaux","Thibodaux","29.7949","-90.8146","United States","US","USA","Louisiana","","15792","1840015946"
"Centre de Flacq","Centre de Flacq","-20.2002","57.7177","Mauritius","MU","MUS","Flacq","","15791","1480176466"
"Belaur","Belaur","25.4477","84.6473","India","IN","IND","Bihār","","15789","1356591775"
"Kunithala","Kunithala","11.9050","75.7845","India","IN","IND","Kerala","","15789","1356074442"
"Westbury","Westbury","40.7599","-73.5891","United States","US","USA","New York","","15789","1840005332"
"Dhūmnagar","Dhumnagar","26.7560","84.5233","India","IN","IND","Bihār","","15788","1356172124"
"Fontainebleau","Fontainebleau","48.4097","2.7025","France","FR","FRA","Île-de-France","minor","15787","1250101096"
"Fatehpur","Fatehpur","29.7500","76.5500","India","IN","IND","Haryāna","","15787","1356045498"
"Vardannāpet","Vardannapet","17.7735","79.5731","India","IN","IND","Andhra Pradesh","","15787","1356141021"
"Ōarai","Oarai","36.3133","140.5749","Japan","JP","JPN","Ibaraki","","15787","1392502635"
"Krapkowice","Krapkowice","50.4667","17.9667","Poland","PL","POL","Opolskie","minor","15786","1616664766"
"Palagiano","Palagiano","40.5833","17.0500","Italy","IT","ITA","Puglia","","15785","1380205580"
"Gulf Shores","Gulf Shores","30.2764","-87.7017","United States","US","USA","Alabama","","15785","1840013886"
"Shāhpura","Shahpura","23.1366","79.6640","India","IN","IND","Madhya Pradesh","","15784","1356043628"
"Palagonia","Palagonia","37.3333","14.7500","Italy","IT","ITA","Sicilia","","15784","1380106335"
"Altopascio","Altopascio","43.8167","10.6747","Italy","IT","ITA","Tuscany","","15784","1380450023"
"Weston","Weston","44.8906","-89.5487","United States","US","USA","Wisconsin","","15784","1840038093"
"Kāndla Port","Kandla Port","23.0300","70.2200","India","IN","IND","Gujarāt","","15782","1356512112"
"Chethakal","Chethakal","9.4386","76.8322","India","IN","IND","Kerala","","15781","1356788059"
"Mahudha","Mahudha","22.8200","72.9300","India","IN","IND","Gujarāt","","15780","1356391480"
"San Bartolomé Jocotenango","San Bartolome Jocotenango","15.1928","-91.0775","Guatemala","GT","GTM","Quiché","minor","15777","1320987645"
"Macedo de Cavaleiros","Macedo de Cavaleiros","41.5333","-6.9500","Portugal","PT","PRT","Bragança","minor","15776","1620590215"
"Lübbenau/Spreewald","Lubbenau/Spreewald","51.8667","13.9667","Germany","DE","DEU","Brandenburg","","15774","1276392829"
"Elbeuf","Elbeuf","49.2900","1.0100","France","FR","FRA","Normandie","","15774","1250753787"
"Yorito","Yorito","15.0600","-87.2900","Honduras","HN","HND","Yoro","","15774","1340550354"
"Jamestown","Jamestown","46.9063","-98.6937","United States","US","USA","North Dakota","","15774","1840000153"
"Newberry","Newberry","40.1286","-76.7919","United States","US","USA","Pennsylvania","","15774","1840151961"
"Lara","Lara","-38.0167","144.4167","Australia","AU","AUS","Victoria","","15772","1036754750"
"Ouadhia","Ouadhia","36.5500","4.0833","Algeria","DZ","DZA","Tizi Ouzou","","15771","1012312650"
"Ramada","Ramada","38.8036","-9.1911","Portugal","PT","PRT","Lisboa","","15770","1620905945"
"Ebersbach an der Fils","Ebersbach an der Fils","48.7147","9.5236","Germany","DE","DEU","Baden-Württemberg","","15768","1276554005"
"Laurentides","Laurentides","45.8500","-73.7667","Canada","CA","CAN","Quebec","","15768","1124093347"
"Vatutine","Vatutine","49.0119","31.0714","Ukraine","UA","UKR","Cherkaska Oblast","","15763","1804033648"
"Goubellat","Goubellat","36.5333","9.6667","Tunisia","TN","TUN","Béja","","15762","1788528654"
"Eşme","Esme","38.4000","28.9667","Turkey","TR","TUR","Uşak","minor","15762","1792758797"
"Overland","Overland","38.6966","-90.3689","United States","US","USA","Missouri","","15762","1840009744"
"Novo Airão","Novo Airao","-2.6208","-60.9439","Brazil","BR","BRA","Amazonas","minor","15761","1076092136"
"Gonohe","Gonohe","40.5312","141.3080","Japan","JP","JPN","Aomori","","15761","1392003366"
"Hartford","Hartford","43.3223","-88.3784","United States","US","USA","Wisconsin","","15761","1840002831"
"Kannampālaiyam","Kannampalaiyam","10.9954","77.0990","India","IN","IND","Tamil Nādu","","15760","1356169958"
"Bayramiç","Bayramic","39.8128","26.6100","Turkey","TR","TUR","Çanakkale","minor","15760","1792600918"
"Pijiño del Carmen","Pijino del Carmen","9.3333","-74.4500","Colombia","CO","COL","Magdalena","minor","15759","1170562025"
"Taucha","Taucha","51.3800","12.4936","Germany","DE","DEU","Saxony","","15759","1276068319"
"Mansingha","Mansingha","26.7807","84.8367","India","IN","IND","Bihār","","15759","1356678788"
"Al Mu‘abbadah","Al Mu`abbadah","37.0214","41.9609","Syria","SY","SYR","Al Ḩasakah","","15759","1760650060"
"Akambādam","Akambadam","11.1000","76.3167","India","IN","IND","Kerala","","15758","1356079112"
"Sulat","Sulat","11.8200","125.4500","Philippines","PH","PHL","Eastern Samar","","15758","1608107294"
"Zhutian","Zhutian","22.5890","120.5303","Taiwan","TW","TWN","Pingtung","","15757","1158857379"
"Wattignies","Wattignies","50.5856","3.0439","France","FR","FRA","Hauts-de-France","","15756","1250089700"
"Kalanādu","Kalanadu","12.4667","75.0000","India","IN","IND","Kerala","","15755","1356688630"
"Rūpbās","Rupbas","26.9833","77.5833","India","IN","IND","Rājasthān","","15755","1356801450"
"Wailuku","Wailuku","20.8834","-156.5059","United States","US","USA","Hawaii","","15754","1840023239"
"Kasimkota","Kasimkota","17.6736","82.9634","India","IN","IND","Andhra Pradesh","","15753","1356731748"
"San Antonio Palopó","San Antonio Palopo","14.7000","-91.1167","Guatemala","GT","GTM","Sololá","minor","15752","1320477213"
"Vieux Fort","Vieux Fort","13.7280","-60.9540","Saint Lucia","LC","LCA","Vieux-Fort","","15750","1662173284"
"Neustadt in Holstein","Neustadt in Holstein","54.1072","10.8158","Germany","DE","DEU","Schleswig-Holstein","","15749","1276780766"
"Diafarabé","Diafarabe","14.1381","-5.0178","Mali","ML","MLI","Mopti","","15748","1466466241"
"Rutland","Rutland","43.6092","-72.9783","United States","US","USA","Vermont","","15747","1840002632"
"Iporã","Ipora","-24.0028","-53.7039","Brazil","BR","BRA","Paraná","minor","15746","1076130156"
"Sonāpur","Sonapur","25.3561","86.2082","India","IN","IND","Bihār","","15746","1356303493"
"Herisau","Herisau","47.3851","9.2786","Switzerland","CH","CHE","Appenzell Ausserrhoden","admin","15744","1756581563"
"Ardestān","Ardestan","33.3731","52.3689","Iran","IR","IRN","Eşfahān","minor","15744","1364684540"
"Quimavango","Quimavango","-7.6200","13.0300","Angola","AO","AGO","Zaire","","15741","1024629174"
"General Pinedo","General Pinedo","-27.3167","-61.2833","Argentina","AR","ARG","Chaco","minor","15741","1032426830"
"Schwarzenberg","Schwarzenberg","50.5453","12.7792","Germany","DE","DEU","Saxony","","15740","1276831560"
"Rakovník","Rakovnik","50.1039","13.7333","Czechia","CZ","CZE","Středočeský Kraj","","15739","1203062806"
"Titel","Titel","45.2000","20.3000","Serbia","RS","SRB","Titel","admin","15738","1688633486"
"Itatim","Itatim","-12.7119","-39.6978","Brazil","BR","BRA","Bahia","minor","15737","1076003000"
"Sered’","Sered'","48.2833","17.7333","Slovakia","SK","SVK","Trnava","","15737","1703574353"
"Santa Juliana","Santa Juliana","-19.3089","-47.5242","Brazil","BR","BRA","Minas Gerais","minor","15734","1076023766"
"Mirangaba","Mirangaba","-10.9539","-40.5758","Brazil","BR","BRA","Bahia","minor","15734","1076520621"
"Kondrovo","Kondrovo","54.8000","35.9333","Russia","RU","RUS","Kaluzhskaya Oblast’","minor","15734","1643237880"
"Hanover","Hanover","49.4433","-96.8492","Canada","CA","CAN","Manitoba","","15733","1124001704"
"Meco","Meco","40.5539","-3.3261","Spain","ES","ESP","Madrid","","15732","1724484406"
"Hille","Hille","52.3331","8.7500","Germany","DE","DEU","North Rhine-Westphalia","","15731","1276307584"
"Trisshilēri","Trisshileri","11.8333","76.0333","India","IN","IND","Kerala","","15731","1356126290"
"Usuda","Usuda","36.1955","138.4792","Japan","JP","JPN","Nagano","","15731","1392862053"
"Lindås","Lindas","60.7381","5.1600","Norway","NO","NOR","Vestland","","15731","1578074399"
"Chelsea","Chelsea","33.3262","-86.6300","United States","US","USA","Alabama","","15731","1840014823"
"Ribnitz-Damgarten","Ribnitz-Damgarten","54.2500","12.4667","Germany","DE","DEU","Mecklenburg-Western Pomerania","","15729","1276064199"
"Correia Pinto","Correia Pinto","-27.5850","-50.3608","Brazil","BR","BRA","Santa Catarina","minor","15727","1076381418"
"Guasca","Guasca","4.8658","-73.8772","Colombia","CO","COL","Cundinamarca","minor","15727","1170022740"
"Puduppatti","Puduppatti","11.5500","78.2833","India","IN","IND","Tamil Nādu","","15727","1356253569"
"Minamiminowa","Minamiminowa","35.8729","137.9751","Japan","JP","JPN","Nagano","","15727","1392003230"
"Corbera de Llobregat","Corbera de Llobregat","41.4169","1.9314","Spain","ES","ESP","Catalonia","","15726","1724982789"
"Lymington","Lymington","50.7500","-1.5500","United Kingdom","GB","GBR","Hampshire","","15726","1826325282"
"Carugate","Carugate","45.5500","9.3333","Italy","IT","ITA","Lombardy","","15726","1380456369"
"Orizona","Orizona","-17.0314","-48.2958","Brazil","BR","BRA","Goiás","minor","15725","1076705732"
"La Montañita","La Montanita","1.5833","-75.2500","Colombia","CO","COL","Caquetá","minor","15725","1170812971"
"Dūbacherla","Dubacherla","16.9116","81.3569","India","IN","IND","Andhra Pradesh","","15725","1356077652"
"Longmeadow","Longmeadow","42.0475","-72.5718","United States","US","USA","Massachusetts","","15724","1840053448"
"Campina da Lagoa","Campina da Lagoa","-24.5919","-52.7989","Brazil","BR","BRA","Paraná","minor","15723","1076525992"
"Dieburg","Dieburg","49.9000","8.8500","Germany","DE","DEU","Hesse","","15723","1276337501"
"Vail","Vail","32.0217","-110.6937","United States","US","USA","Arizona","","15722","1840019487"
"Zulte","Zulte","50.9167","3.4333","Belgium","BE","BEL","Flanders","","15720","1056878448"
"Bad Neustadt","Bad Neustadt","50.3219","10.2161","Germany","DE","DEU","Bavaria","minor","15720","1276106311"
"Tarūr","Tarur","10.6722","76.4694","India","IN","IND","Kerala","","15720","1356737604"
"San Jacinto Amilpas","San Jacinto Amilpas","17.1000","-96.7667","Mexico","MX","MEX","Oaxaca","","15720","1484813830"
"Patton","Patton","40.8258","-77.9237","United States","US","USA","Pennsylvania","","15720","1840144238"
"Maruim","Maruim","-10.7378","-37.0819","Brazil","BR","BRA","Sergipe","minor","15719","1076470942"
"Knaresborough","Knaresborough","54.0084","-1.4670","United Kingdom","GB","GBR","North Yorkshire","","15718","1826000526"
"Langenberg","Langenberg","51.3519","7.1217","Germany","DE","DEU","North Rhine-Westphalia","","15717","1276538956"
"Eravattūr","Eravattur","11.5833","75.7333","India","IN","IND","Kerala","","15716","1356082903"
"Fort Mohave","Fort Mohave","35.0004","-114.5748","United States","US","USA","Arizona","","15716","1840042961"
"Bharanikāvu Tekku","Bharanikavu Tekku","9.1847","76.5446","India","IN","IND","Kerala","","15715","1356160996"
"Le Vésinet","Le Vesinet","48.8923","2.1331","France","FR","FRA","Île-de-France","","15712","1250736749"
"Coelemu","Coelemu","-36.4878","-72.7028","Chile","CL","CHL","Ñuble","","15711","1152096905"
"Sāhar","Sahar","26.5408","85.8590","India","IN","IND","Bihār","","15711","1356475122"
"Steffisburg","Steffisburg","46.7831","7.6333","Switzerland","CH","CHE","Bern","","15709","1756440418"
"Castillo","Castillo","19.2200","-70.0300","Dominican Republic","DO","DOM","Cibao Nordeste","","15709","1214863705"
"Stará Ľubovňa","Stara L'ubovna","49.3167","20.6833","Slovakia","SK","SVK","Prešov","minor","15707","1703928081"
"Dunaivtsi","Dunaivtsi","48.8894","26.8569","Ukraine","UA","UKR","Khmelnytska Oblast","","15707","1804592967"
"Morges","Morges","46.5167","6.5000","Switzerland","CH","CHE","Vaud","","15705","1756647288"
"Whitewater","Whitewater","42.8372","-88.7341","United States","US","USA","Wisconsin","","15705","1840002476"
"Pochampalli","Pochampalli","17.3473","78.8195","India","IN","IND","Andhra Pradesh","","15704","1356196811"
"Mwinilunga","Mwinilunga","-11.7172","24.4289","Zambia","ZM","ZMB","North-Western","","15704","1894210586"
"Galván","Galvan","18.5039","-71.3400","Dominican Republic","DO","DOM","Enriquillo","","15702","1214696051"
"North Whitehall","North Whitehall","40.6797","-75.5788","United States","US","USA","Pennsylvania","","15702","1840149202"
"Conwy","Conwy","53.2800","-3.8300","United Kingdom","GB","GBR","Conwy","","15700","1826011797"
"Beko","Beko","24.0415","85.9536","India","IN","IND","Jhārkhand","","15700","1356258941"
"Kimwanyi","Kimwanyi","0.4533","32.6347","Uganda","UG","UGA","Wakiso","","15700","1800179354"
"Taima","Taima","34.5111","135.7069","Japan","JP","JPN","Nara","","15699","1392732576"
"Saint-Pierre-des-Corps","Saint-Pierre-des-Corps","47.3914","0.7289","France","FR","FRA","Centre-Val de Loire","","15698","1250354597"
"Hilvarenbeek","Hilvarenbeek","51.4861","5.1367","Netherlands","NL","NLD","Noord-Brabant","minor","15698","1528436938"
"Oulad Alioua","Oulad Alioua","30.3761","-9.3203","Morocco","MA","MAR","Souss-Massa","","15697","1504550844"
"Niepołomice","Niepolomice","50.0339","20.2172","Poland","PL","POL","Małopolskie","","15697","1616183842"
"Coulommiers","Coulommiers","48.8247","3.1068","France","FR","FRA","Île-de-France","","15696","1250097723"
"Newton","Newton","41.6963","-93.0403","United States","US","USA","Iowa","","15696","1840008171"
"Beaucaire","Beaucaire","43.8081","4.6442","France","FR","FRA","Occitanie","","15695","1250121839"
"Fos-sur-Mer","Fos-sur-Mer","43.4403","4.9486","France","FR","FRA","Provence-Alpes-Côte d’Azur","","15694","1250364549"
"Northborough","Northborough","42.3231","-71.6462","United States","US","USA","Massachusetts","","15694","1840053597"
"Mellila","Mellila","33.3833","-7.1333","Morocco","MA","MAR","Casablanca-Settat","","15692","1504008725"
"Si Satchanalai","Si Satchanalai","17.5203","99.7640","Thailand","TH","THA","Sukhothai","minor","15691","1764174789"
"Turkaguda","Turkaguda","17.1530","78.6195","India","IN","IND","Andhra Pradesh","","15689","1356802261"
"Damdama","Damdama","24.4341","87.7849","India","IN","IND","Jhārkhand","","15688","1356137038"
"Buçimas","Bucimas","40.8914","20.6814","Albania","AL","ALB","Korçë","","15687","1008557449"
"Beernem","Beernem","51.1333","3.3333","Belgium","BE","BEL","Flanders","","15687","1056159118"
"Noto","Noto","37.3066","137.1500","Japan","JP","JPN","Ishikawa","","15687","1392003490"
"Aabenraa","Aabenraa","55.0362","9.4180","Denmark","DK","DNK","Syddanmark","minor","15685","1208000017"
"Xixucun","Xixucun","36.6930","113.7950","China","CN","CHN","Hebei","","15683","1156446167"
"Carterton","Carterton","51.7600","-1.5900","United Kingdom","GB","GBR","Oxfordshire","","15682","1826750065"
"Todi","Todi","42.7833","12.4167","Italy","IT","ITA","Umbria","","15682","1380391781"
"Azzano Decimo","Azzano Decimo","45.8833","12.7167","Italy","IT","ITA","Friuli Venezia Giulia","","15681","1380971345"
"Ifanadiana","Ifanadiana","-21.3036","47.6387","Madagascar","MG","MDG","Fianarantsoa","","15681","1450233083"
"Prospect Heights","Prospect Heights","42.1039","-87.9267","United States","US","USA","Illinois","","15681","1840009184"
"San Miguel","San Miguel","13.6411","124.3008","Philippines","PH","PHL","Catanduanes","","15680","1608306903"
"Nova Brasilândia d’Oeste","Nova Brasilandia d'Oeste","-11.7197","-62.3158","Brazil","BR","BRA","Rondônia","minor","15679","1076575922"
"Baeza","Baeza","37.9833","-3.4667","Spain","ES","ESP","Andalusia","","15677","1724128455"
"Binningen","Binningen","47.5333","7.5667","Switzerland","CH","CHE","Basel-Landschaft","","15675","1756488918"
"Yakumo","Yakumo","42.2500","140.2667","Japan","JP","JPN","Hokkaidō","","15674","1392003438"
"Tīrān","Tiran","32.7039","51.1525","Iran","IR","IRN","Eşfahān","minor","15673","1364233124"
"Copparo","Copparo","44.9000","11.8333","Italy","IT","ITA","Emilia-Romagna","","15673","1380210267"
"Dhanot","Dhanot","29.5333","71.6333","Pakistan","PK","PAK","Punjab","","15672","1586715623"
"Springdale","Springdale","39.8769","-74.9724","United States","US","USA","New Jersey","","15672","1840133731"
"Montivilliers","Montivilliers","49.5469","0.1889","France","FR","FRA","Normandie","","15671","1250957103"
"Melonguane","Melonguane","4.0045","126.6827","Indonesia","ID","IDN","Sulawesi Utara","minor","15670","1360210043"
"Renai","Renai","24.0462","121.1304","Taiwan","TW","TWN","Nantou","","15670","1158608821"
"Hillcrest Heights","Hillcrest Heights","38.8373","-76.9641","United States","US","USA","Maryland","","15670","1840005957"
"Orimattila","Orimattila","60.8042","25.7333","Finland","FI","FIN","Päijät-Häme","minor","15669","1246385500"
"Šumbark","Sumbark","49.7986","18.4147","Czechia","CZ","CZE","Moravskoslezský Kraj","","15668","1203900773"
"Hedongcun","Hedongcun","37.7544","102.7906","China","CN","CHN","Gansu","","15667","1156671158"
"Ihaddadene","Ihaddadene","31.2000","-9.6500","Morocco","MA","MAR","Marrakech-Safi","","15667","1504932139"
"Namala Guimbala","Namala Guimbala","13.3636","-9.3875","Mali","ML","MLI","Kayes","","15667","1466256962"
"Bayt Saḩam","Bayt Saham","33.4736","36.3382","Syria","SY","SYR","Rīf Dimashq","","15667","1760362241"
"Bububu","Bububu","-6.1000","39.2167","Tanzania","TZ","TZA","Zanzibar Urban/West","","15666","1834932235"
"Buckley","Buckley","53.1720","-3.0860","United Kingdom","GB","GBR","Flintshire","","15665","1826585914"
"Francheville","Francheville","45.7372","4.7642","France","FR","FRA","Auvergne-Rhône-Alpes","","15664","1250555439"
"Ponders End","Ponders End","51.6460","-0.0460","United Kingdom","GB","GBR","Enfield","","15664","1826336314"
"Ince-in-Makerfield","Ince-in-Makerfield","53.5402","-2.5990","United Kingdom","GB","GBR","Wigan","","15664","1826328021"
"Tsukumiura","Tsukumiura","33.0722","131.8614","Japan","JP","JPN","Ōita","","15664","1392037074"
"Colorado do Oeste","Colorado do Oeste","-13.1167","-60.5417","Brazil","BR","BRA","Rondônia","minor","15663","1076003360"
"Wenwu","Wenwu","24.7413","116.1942","China","CN","CHN","Guangdong","","15662","1156045163"
"Opelousas","Opelousas","30.5252","-92.0816","United States","US","USA","Louisiana","","15662","1840015014"
"Valmontone","Valmontone","41.7833","12.9167","Italy","IT","ITA","Lazio","","15661","1380441456"
"Driouch","Driouch","34.9833","-3.3833","Morocco","MA","MAR","Oriental","","15661","1504125393"
"Bhit Bhagwānpur","Bhit Bhagwanpur","26.1160","86.3550","India","IN","IND","Bihār","","15660","1356282994"
"Kājha","Kajha","25.7747","87.3545","India","IN","IND","Bihār","","15659","1356662670"
"Dhemāji","Dhemaji","27.4833","94.5833","India","IN","IND","Assam","","15659","1356876792"
"Lucé","Luce","48.4389","1.4658","France","FR","FRA","Centre-Val de Loire","","15658","1250521642"
"Murud","Murud","18.3300","72.9600","India","IN","IND","Mahārāshtra","","15658","1356223558"
"Soavina","Soavina","-18.9625","47.5010","Madagascar","MG","MDG","Antananarivo","","15658","1450506005"
"La Cruz","La Cruz","23.9214","-106.8919","Mexico","MX","MEX","Sinaloa","minor","15657","1484243519"
"Zhukovo","Zhukovo","55.0333","36.7500","Russia","RU","RUS","Kaluzhskaya Oblast’","minor","15656","1643886560"
"Ərkivan","Arkivan","39.0171","48.6431","Azerbaijan","AZ","AZE","Masallı","","15654","1031692548"
"Tarhzout n’Aït Yazza","Tarhzout n'Ait Yazza","31.4567","-5.4192","Morocco","MA","MAR","Drâa-Tafilalet","","15654","1504333843"
"Marivorahona","Marivorahona","-13.0863","49.1041","Madagascar","MG","MDG","Antsiranana","","15654","1450497444"
"Ochiai","Ochiai","35.0181","133.7524","Japan","JP","JPN","Okayama","","15652","1392896575"
"Bellmore","Bellmore","40.6569","-73.5285","United States","US","USA","New York","","15652","1840005232"
"Zaṟah Sharan","Zarah Sharan","33.1300","68.7800","Afghanistan","AF","AFG","Paktīkā","","15651","1004895469"
"Palmview","Palmview","26.2318","-98.3823","United States","US","USA","Texas","","15650","1840021028"
"Ban Tha Pho","Ban Tha Pho","16.8582","100.2291","Thailand","TH","THA","Phitsanulok","","15648","1764936471"
"Mvurwi","Mvurwi","-17.0167","30.8500","Zimbabwe","ZW","ZWE","Mashonaland Central","","15645","1716745701"
"Bengonbeyene","Bengonbeyene","1.6931","11.0342","Equatorial Guinea","GQ","GNQ","Wele-Nzas","","15644","1226996248"
"Bālkonda","Balkonda","18.8726","78.3432","India","IN","IND","Andhra Pradesh","","15644","1356903520"
"Kukës","Kukes","42.0833","20.4167","Albania","AL","ALB","Kukës","admin","15643","1008649172"
"Nioro du Rip","Nioro du Rip","13.7450","-15.7746","Senegal","SN","SEN","Kaolack","","15643","1686812399"
"Chenlu","Chenlu","35.0286","109.1547","China","CN","CHN","Shaanxi","","15642","1156334816"
"Baile an Bhiataigh","Baile an Bhiataigh","53.7014","-6.2461","Ireland","IE","IRL","Meath","","15642","1372707268"
"Donacarney","Donacarney","53.7133","-6.2792","Ireland","IE","IRL","Meath","","15642","1372898071"
"Yazu","Yazu","35.4000","134.2500","Japan","JP","JPN","Tottori","","15642","1392003496"
"Câmpulung Moldovenesc","Campulung Moldovenesc","47.5308","25.5514","Romania","RO","ROU","Suceava","","15642","1642825057"
"Scottsboro","Scottsboro","34.6438","-86.0491","United States","US","USA","Alabama","","15641","1840005605"
"Porthcawl","Porthcawl","51.4800","-3.6900","United Kingdom","GB","GBR","Bridgend","","15640","1826674732"
"Capilla de Guadalupe","Capilla de Guadalupe","20.6500","-102.8000","Mexico","MX","MEX","Jalisco","","15640","1484606464"
"Leso","Leso","11.6697","122.3269","Philippines","PH","PHL","Aklan","","15639","1608823601"
"Mitchell","Mitchell","43.7294","-98.0337","United States","US","USA","South Dakota","","15637","1840002642"
"Molinella","Molinella","44.6167","11.6667","Italy","IT","ITA","Emilia-Romagna","","15636","1380126666"
"Jiaojiazhuang","Jiaojiazhuang","38.2636","101.8328","China","CN","CHN","Gansu","","15635","1156488903"
"Summerfield","Summerfield","38.9042","-76.8678","United States","US","USA","Maryland","","15635","1840039531"
"Toui","Toui","8.6833","2.6000","Benin","BJ","BEN","Collines","","15634","1204315946"
"Manūjān","Manujan","27.4031","57.4917","Iran","IR","IRN","Kermān","minor","15634","1364733657"
"North Reading","North Reading","42.5816","-71.0876","United States","US","USA","Massachusetts","","15634","1840053482"
"Rājāpur","Rajapur","26.2861","83.1306","India","IN","IND","Uttar Pradesh","","15632","1356737116"
"Manjīl","Manjil","36.7447","49.4014","Iran","IR","IRN","Gīlān","","15630","1364624018"
"Toyoyama","Toyoyama","35.2505","136.9121","Japan","JP","JPN","Aichi","","15630","1392003523"
"Boudjima","Boudjima","36.8000","4.1500","Algeria","DZ","DZA","Tizi Ouzou","","15628","1012379618"
"Ermúa","Ermua","43.1875","-2.5008","Spain","ES","ESP","Basque Country","","15627","1724922522"
"Guinguinéo","Guinguineo","14.2667","-15.9500","Senegal","SN","SEN","Fatick","","15627","1686164172"
"Palmitos","Palmitos","-27.0678","-53.1608","Brazil","BR","BRA","Santa Catarina","minor","15626","1076113773"
"Hofgeismar","Hofgeismar","51.4833","9.4000","Germany","DE","DEU","Hesse","","15626","1276882512"
"Dammāj","Dammaj","16.8939","43.8022","Yemen","YE","YEM","Şa‘dah","","15626","1887597627"
"Cumru","Cumru","40.2811","-75.9544","United States","US","USA","Pennsylvania","","15626","1840145303"
"Leopoldsburg","Leopoldsburg","51.1177","5.2541","Belgium","BE","BEL","Flanders","","15625","1056277308"
"Langenthal","Langenthal","47.2153","7.7889","Switzerland","CH","CHE","Bern","","15624","1756087578"
"Loma de Cabrera","Loma de Cabrera","19.4220","-71.6150","Dominican Republic","DO","DOM","Cibao Noroeste","","15624","1214366417"
"Serpa","Serpa","37.9333","-7.5833","Portugal","PT","PRT","Beja","minor","15623","1620464160"
"Puttalam","Puttalam","8.0981","77.4640","India","IN","IND","Tamil Nādu","","15622","1356226752"
"Ashikita","Ashikita","32.2994","130.4931","Japan","JP","JPN","Kumamoto","","15621","1392003333"
"Mayoyao","Mayoyao","16.9736","121.2214","Philippines","PH","PHL","Ifugao","","15621","1608130519"
"Trélazé","Trelaze","47.4460","-0.4650","France","FR","FRA","Pays de la Loire","","15620","1250896370"
"Cheramkod","Cheramkod","11.6000","76.3167","India","IN","IND","Tamil Nādu","","15620","1356494273"
"Solapuram","Solapuram","9.3757","77.5598","India","IN","IND","Tamil Nādu","","15620","1356204350"
"Pallappatti","Pallappatti","10.3564","77.9516","India","IN","IND","Tamil Nādu","","15620","1356249292"
"Porto San Giorgio","Porto San Giorgio","43.1848","13.7955","Italy","IT","ITA","Marche","","15618","1380690749"
"Tōbetsu","Tobetsu","43.2167","141.5167","Japan","JP","JPN","Hokkaidō","","15618","1392723776"
"Chom Thong","Chom Thong","18.4901","98.6747","Thailand","TH","THA","Chiang Mai","minor","15618","1764003802"
"Drăgăşani","Dragasani","44.6611","24.2606","Romania","RO","ROU","Vâlcea","","15617","1642790753"
"Kara-Kulja","Kara-Kulja","40.6322","73.5925","Kyrgyzstan","KG","KGZ","Osh","minor","15616","1417892733"
"Mays Chapel","Mays Chapel","39.4343","-76.6516","United States","US","USA","Maryland","","15616","1840031492"
"Tatahuicapan","Tatahuicapan","18.2500","-94.7667","Mexico","MX","MEX","Veracruz","minor","15614","1484402622"
"Oswestry","Oswestry","52.8598","-3.0538","United Kingdom","GB","GBR","Shropshire","","15613","1826246108"
"Jurāwanpur Karāri","Jurawanpur Karari","25.5273","85.4182","India","IN","IND","Bihār","","15612","1356203688"
"Olmué","Olmue","-32.9953","-71.1856","Chile","CL","CHL","Valparaíso","","15611","1152762974"
"La Roda","La Roda","39.2070","-2.1604","Spain","ES","ESP","Castille-La Mancha","","15610","1724000113"
"Dewangarh","Dewangarh","24.8637","85.8584","India","IN","IND","Bihār","","15610","1356231194"
"Mangqu","Mangqu","35.5833","100.7500","China","CN","CHN","Qinghai","minor","15609","1156828773"
"Mölnlycke","Molnlycke","57.6500","12.1333","Sweden","SE","SWE","Västra Götaland","minor","15608","1752294225"
"Narendrapatnam","Narendrapatnam","17.0964","81.8812","India","IN","IND","Andhra Pradesh","","15607","1356083452"
"Kolakalūru","Kolakaluru","16.3052","80.6182","India","IN","IND","Andhra Pradesh","","15607","1356745224"
"Zastron","Zastron","-30.3000","27.0833","South Africa","ZA","ZAF","Free State","","15607","1710172733"
"Antarvedi","Antarvedi","16.3333","81.7333","India","IN","IND","Andhra Pradesh","","15605","1356744905"
"Templin","Templin","53.1167","13.5000","Germany","DE","DEU","Brandenburg","","15604","1276089341"
"Chembagarāmanpudūr","Chembagaramanpudur","8.2461","77.4907","India","IN","IND","Tamil Nādu","","15602","1356228551"
"Calumpang","Calumpang","14.6249","121.0865","Philippines","PH","PHL","Marikina","","15602","1608980243"
"Bilpura","Bilpura","23.2216","79.9917","India","IN","IND","Madhya Pradesh","","15601","1356052061"
"Bexleyheath","Bexleyheath","51.4590","0.1380","United Kingdom","GB","GBR","Bexley","","15600","1826858601"
"Chislehurst","Chislehurst","51.4120","0.0750","United Kingdom","GB","GBR","Bromley","","15600","1826578404"
"Porto Empedocle","Porto Empedocle","37.2944","13.5272","Italy","IT","ITA","Sicilia","","15600","1380764645"
"Bilopillya","Bilopillya","51.1458","34.3117","Ukraine","UA","UKR","Sumska Oblast","","15600","1804185866"
"Julita","Julita","10.9731","124.9622","Philippines","PH","PHL","Leyte","","15598","1608180902"
"Ponsacco","Ponsacco","43.6167","10.6333","Italy","IT","ITA","Tuscany","","15594","1380451204"
"Boppard","Boppard","50.2314","7.5908","Germany","DE","DEU","Rhineland-Palatinate","","15593","1276667317"
"Mouiat Ouennsa","Mouiat Ouennsa","33.1969","6.7053","Algeria","DZ","DZA","El Oued","","15593","1012194512"
"Sayville","Sayville","40.7478","-73.0840","United States","US","USA","New York","","15593","1840005092"
"Sundarpur","Sundarpur","26.3037","84.8581","India","IN","IND","Bihār","","15591","1356729218"
"Crusinallo","Crusinallo","45.8900","8.4081","Italy","IT","ITA","Piedmont","","15591","1380877005"
"Dalanping","Dalanping","28.0189","110.0025","China","CN","CHN","Hunan","","15590","1156793897"
"Epe","Epe","52.1833","7.0333","Germany","DE","DEU","North Rhine-Westphalia","","15589","1276072259"
"Shizukuishi","Shizukuishi","39.6952","140.9758","Japan","JP","JPN","Iwate","","15589","1392537608"
"Chengala","Chengala","12.5087","75.0558","India","IN","IND","Kerala","","15588","1356008556"
"Bhagta","Bhagta","30.4882","75.1013","India","IN","IND","Punjab","","15587","1356054484"
"Bhagwāngola","Bhagwangola","24.3485","88.3243","India","IN","IND","West Bengal","","15587","1356116155"
"Galliate","Galliate","45.4833","8.7000","Italy","IT","ITA","Piedmont","","15587","1380412651"
"Khombole","Khombole","14.7629","-16.6909","Senegal","SN","SEN","Thiès","","15587","1686305401"
"Newport Pagnell","Newport Pagnell","52.0870","-0.7220","United Kingdom","GB","GBR","Milton Keynes","","15586","1826046510"
"Hartselle","Hartselle","34.4391","-86.9396","United States","US","USA","Alabama","","15586","1840013593"
"Pozos","Pozos","9.9536","-84.1926","Costa Rica","CR","CRI","San José","","15585","1188000058"
"Nakhon Nayok","Nakhon Nayok","14.2069","101.2142","Thailand","TH","THA","Nakhon Nayok","admin","15585","1764068248"
"Baynāla","Baynala","22.4835","88.4997","India","IN","IND","West Bengal","","15582","1356212214"
"Karaga","Karaga","9.9250","-0.4297","Ghana","GH","GHA","Northern","","15581","1288380968"
"Maullín","Maullin","-41.6167","-73.6000","Chile","CL","CHL","Los Lagos","","15580","1152172124"
"Akdepe","Akdepe","42.0500","59.4000","Turkmenistan","TM","TKM","Daşoguz","","15580","1795536165"
"Najasa","Najasa","21.0836","-77.7472","Cuba","CU","CUB","Camagüey","minor","15579","1192325619"
"Zevio","Zevio","45.3728","11.1303","Italy","IT","ITA","Veneto","","15579","1380762128"
"Marsaskala","Marsaskala","35.8625","14.5675","Malta","MT","MLT","Marsaskala","admin","15579","1470808916"
"Muhammadābād","Muhammadabad","16.8731","77.8909","India","IN","IND","Andhra Pradesh","","15578","1356713109"
"São Pedro do Sul","Sao Pedro do Sul","-29.6208","-54.1789","Brazil","BR","BRA","Rio Grande do Sul","minor","15577","1076597961"
"Sebt Bni Smith","Sebt Bni Smith","35.1373","-4.7107","Morocco","MA","MAR","Tanger-Tétouan-Al Hoceïma","","15577","1504877940"
"Cosío","Cosio","22.3667","-102.3000","Mexico","MX","MEX","Aguascalientes","minor","15577","1484671410"
"Ban Pang Mu","Ban Pang Mu","19.3336","97.9656","Thailand","TH","THA","Mae Hong Son","","15577","1764504430"
"Kadaiyam","Kadaiyam","8.8320","77.3570","India","IN","IND","Tamil Nādu","","15576","1356657382"
"Belo","Belo","25.8747","86.8855","India","IN","IND","Bihār","","15576","1356552062"
"Xinyi","Xinyi","23.6624","121.0157","Taiwan","TW","TWN","Nantou","","15576","1158120220"
"Pequannock","Pequannock","40.9627","-74.3041","United States","US","USA","New Jersey","","15576","1840081738"
"Kompalle","Kompalle","17.4993","78.4583","India","IN","IND","Andhra Pradesh","","15575","1356654785"
"Bi’r al ‘Abd","Bi'r al `Abd","31.0000","33.0167","Egypt","EG","EGY","Shamāl Sīnā’","minor","15574","1818433972"
"Chamgardān","Chamgardan","32.3931","51.3392","Iran","IR","IRN","Eşfahān","","15574","1364112093"
"Seekonk","Seekonk","41.8379","-71.3174","United States","US","USA","Massachusetts","","15573","1840053523"
"Ernagūdem","Ernagudem","16.9989","81.5061","India","IN","IND","Andhra Pradesh","","15572","1356062617"
"Cochoapa el Grande","Cochoapa el Grande","17.2000","-98.4500","Mexico","MX","MEX","Guerrero","minor","15572","1484944228"
"Toul","Toul","48.6750","5.8917","France","FR","FRA","Grand Est","minor","15570","1250766927"
"Chos Malal","Chos Malal","-37.3833","-70.2667","Argentina","AR","ARG","Neuquén","minor","15567","1032817076"
"Ipuã","Ipua","-20.4381","-48.0122","Brazil","BR","BRA","São Paulo","minor","15567","1076410935"
"Mount Clemens","Mount Clemens","42.5977","-82.8821","United States","US","USA","Michigan","","15567","1840003089"
"Vendôme","Vendome","47.7936","1.0664","France","FR","FRA","Centre-Val de Loire","minor","15566","1250674773"
"Lahoysk","Lahoysk","54.2000","27.8500","Belarus","BY","BLR","Minskaya Voblasts’","minor","15565","1112489566"
"Santa Cruz de la Palma","Santa Cruz de la Palma","28.6825","-17.7650","Spain","ES","ESP","Canary Islands","","15565","1724730721"
"Kasagi","Kasagi","34.3000","135.5000","Japan","JP","JPN","Wakayama","","15565","1392507322"
"Skhour Rehamna","Skhour Rehamna","32.4833","-7.9167","Morocco","MA","MAR","Marrakech-Safi","","15565","1504150525"
"San Miguel Dueñas","San Miguel Duenas","14.5167","-90.8000","Guatemala","GT","GTM","Sacatepéquez","minor","15562","1320250757"
"Tung Tau Tsuen","Tung Tau Tsuen","22.3334","114.1924","Hong Kong","HK","HKG","","","15562","1344000062"
"Miyota","Miyota","36.3212","138.5088","Japan","JP","JPN","Nagano","","15562","1392003209"
"West Lealman","West Lealman","27.8192","-82.7384","United States","US","USA","Florida","","15560","1840039134"
"Canapi","Canapi","-9.1269","-37.6050","Brazil","BR","BRA","Alagoas","minor","15559","1076262890"
"Swinton","Swinton","53.4877","-1.3149","United Kingdom","GB","GBR","Rotherham","","15559","1826312183"
"Berea","Berea","37.5904","-84.2898","United States","US","USA","Kentucky","","15557","1840013225"
"Frei Paulo","Frei Paulo","-10.5494","-37.5344","Brazil","BR","BRA","Sergipe","minor","15556","1076780736"
"Çat","Cat","39.6111","40.9789","Turkey","TR","TUR","Erzurum","minor","15556","1792728659"
"Shively","Shively","38.1970","-85.8136","United States","US","USA","Kentucky","","15556","1840015196"
"El Chal","El Chal","16.6400","-89.6500","Guatemala","GT","GTM","Petén","minor","15555","1320084650"
"Zhirnovsk","Zhirnovsk","50.9833","44.7833","Russia","RU","RUS","Volgogradskaya Oblast’","minor","15555","1643137846"
"Ambérieu-en-Bugey","Amberieu-en-Bugey","45.9631","5.3541","France","FR","FRA","Auvergne-Rhône-Alpes","","15554","1250767338"
"Edakkazhiyūr","Edakkazhiyur","10.6167","75.9833","India","IN","IND","Kerala","","15553","1356700128"
"Machang","Machang","33.1912","107.3732","China","CN","CHN","Shaanxi","","15552","1156253448"
"Jasol","Jasol","25.4900","72.1300","India","IN","IND","Rājasthān","","15552","1356016834"
"Sabbah","Sabbah","33.8036","-7.0372","Morocco","MA","MAR","Rabat-Salé-Kénitra","","15552","1504883472"
"Puerto Pimentel","Puerto Pimentel","-6.8367","-79.9342","Peru","PE","PER","Lambayeque","","15552","1604924541"
"West Ham","West Ham","51.5340","0.0080","United Kingdom","GB","GBR","Newham","","15551","1826369701"
"Einsiedeln","Einsiedeln","47.1278","8.7431","Switzerland","CH","CHE","Schwyz","minor","15550","1756410538"
"Chittūr","Chittur","11.5500","77.7167","India","IN","IND","Tamil Nādu","","15550","1356168530"
"Sāligrāma","Saligrama","12.5602","76.2611","India","IN","IND","Karnātaka","","15549","1356676972"
"Agrate Brianza","Agrate Brianza","45.5783","9.3522","Italy","IT","ITA","Lombardy","","15547","1380660199"
"Santa Cecília","Santa Cecilia","-26.9608","-50.4269","Brazil","BR","BRA","Santa Catarina","minor","15546","1076643785"
"Mollerusa","Mollerusa","41.6319","0.8961","Spain","ES","ESP","Catalonia","","15544","1724107781"
"Ponnamarāvati","Ponnamaravati","10.2803","78.5360","India","IN","IND","Tamil Nādu","","15544","1356460227"
"Eppelheim","Eppelheim","49.4000","8.6333","Germany","DE","DEU","Baden-Württemberg","","15543","1276579726"
"Qaryat Sulūq","Qaryat Suluq","31.6686","20.2503","Libya","LY","LBY","Banghāzī","","15543","1434000178"
"Mezőkövesd","Mezokovesd","47.8067","20.5647","Hungary","HU","HUN","Borsod-Abaúj-Zemplén","minor","15541","1348265393"
"Palhālan","Palhalan","34.1823","74.5506","India","IN","IND","Jammu and Kashmīr","","15540","1356145709"
"Shimanto","Shimanto","33.2167","133.1333","Japan","JP","JPN","Kōchi","","15540","1392003114"
"Mỹ Lương","My Luong","20.8667","105.6667","Vietnam","VN","VNM","Hà Nội","","15540","1704740855"
"Nailsea","Nailsea","51.4300","-2.7600","United Kingdom","GB","GBR","North Somerset","","15539","1826659439"
"Codogno","Codogno","45.1600","9.7050","Italy","IT","ITA","Lombardy","","15539","1380367305"
"Schiffweiler","Schiffweiler","49.3667","7.1167","Germany","DE","DEU","Saarland","","15537","1276169477"
"Souagui","Souagui","36.1167","3.2333","Algeria","DZ","DZA","Médéa","","15536","1012702872"
"Kukkundūr","Kukkundur","13.2404","74.9541","India","IN","IND","Karnātaka","","15536","1356746140"
"Sānātikri","Sanatikri","22.0230","88.5033","India","IN","IND","West Bengal","","15536","1356384809"
"Rakhiv","Rakhiv","48.0500","24.2000","Ukraine","UA","UKR","Zakarpatska Oblast","minor","15536","1804590257"
"Frankfort","Frankfort","40.2810","-86.5212","United States","US","USA","Indiana","","15536","1840008358"
"Kumaralingam","Kumaralingam","10.4894","77.3499","India","IN","IND","Tamil Nādu","","15535","1356001816"
"Bissegem","Bissegem","50.8167","3.2167","Belgium","BE","BEL","Flanders","","15533","1056902569"
