"Parlier","Parlier","36.6087","-119.5434","United States","US","USA","California","","14545","1840020323"
"Moultrie","Moultrie","31.1591","-83.7708","United States","US","USA","Georgia","","14545","1840014977"
"Friedland","Friedland","51.4217","9.9144","Germany","DE","DEU","Lower Saxony","","14544","1276585633"
"Edgewater","Edgewater","40.8237","-73.9740","United States","US","USA","New Jersey","","14544","1840003543"
"Pindorama","Pindorama","-21.1858","-48.9069","Brazil","BR","BRA","São Paulo","minor","14542","1076588629"
"Ban Du","Ban Du","19.9691","99.8589","Thailand","TH","THA","Chiang Rai","","14542","1764009256"
"Blidet Amor","Blidet Amor","32.9514","5.9806","Algeria","DZ","DZA","Ouargla","","14540","1012037042"
"Narragansett","Narragansett","41.4291","-71.4668","United States","US","USA","Rhode Island","","14540","1840106247"
"Australind","Australind","-33.2800","115.7260","Australia","AU","AUS","Western Australia","","14539","1036182351"
"Jun Bel","Jun Bel","39.2428","106.1922","China","CN","CHN","Inner Mongolia","","14538","1156326359"
"Ust’-Ordynskiy","Ust'-Ordynskiy","52.8056","104.7622","Russia","RU","RUS","Irkutskaya Oblast’","minor","14538","1643007224"
"Arbon","Arbon","47.5167","9.4333","Switzerland","CH","CHE","Thurgau","","14537","1756486653"
"Bom Jesus do Galho","Bom Jesus do Galho","-19.8289","-42.3158","Brazil","BR","BRA","Minas Gerais","minor","14536","1076678788"
"Siswa","Siswa","26.6214","84.6739","India","IN","IND","Bihār","","14535","1356000074"
"Bakun","Bakun","16.7925","120.6614","Philippines","PH","PHL","Benguet","","14535","1608668315"
"Siparia","Siparia","10.1333","-61.5000","Trinidad and Tobago","TT","TTO","Siparia","admin","14535","1780418671"
"Nāgireddipalli","Nagireddipalli","14.2701","79.1013","India","IN","IND","Andhra Pradesh","","14534","1356595191"
"Rio Paranaíba","Rio Paranaiba","-19.1939","-46.2469","Brazil","BR","BRA","Minas Gerais","minor","14532","1076417535"
"Náfplio","Nafplio","37.5658","22.8000","Greece","GR","GRC","Pelopónnisos","minor","14532","1300744950"
"Zaouiet Kounta","Zaouiet Kounta","27.2167","-0.2000","Algeria","DZ","DZA","Adrar","","14531","1012228250"
"Aïn Nouissy","Ain Nouissy","35.8000","0.0500","Algeria","DZ","DZA","Mostaganem","","14530","1012768863"
"Kusāha","Kusaha","26.2077","86.9587","India","IN","IND","Bihār","","14530","1356500868"
"Falagueira","Falagueira","38.7589","-9.2261","Portugal","PT","PRT","Lisboa","","14530","1620164302"
"Sarmīn","Sarmin","35.9040","36.7250","Syria","SY","SYR","Idlib","minor","14530","1760931266"
"Kizhakkummuri","Kizhakkummuri","11.3333","75.8167","India","IN","IND","Kerala","","14529","1356087438"
"Ban Kaeng","Ban Kaeng","16.3940","102.0586","Thailand","TH","THA","Chaiyaphum","","14529","1764204808"
"Burglengenfeld","Burglengenfeld","49.2000","12.0333","Germany","DE","DEU","Bavaria","","14527","1276523136"
"Plérin","Plerin","48.5353","-2.7694","France","FR","FRA","Bretagne","","14527","1250209994"
"Thorpe Saint Andrew","Thorpe Saint Andrew","52.6354","1.3431","United Kingdom","GB","GBR","Norfolk","","14526","1826296791"
"Kannamanāyakkanūr","Kannamanayakkanur","10.5527","77.2690","India","IN","IND","Tamil Nādu","","14526","1356171156"
"Pualas","Pualas","7.8200","124.0700","Philippines","PH","PHL","Lanao del Sur","","14526","1608420799"
"Dargahān","Dargahan","26.9667","56.0708","Iran","IR","IRN","Hormozgān","","14525","1364735795"
"Cadaval","Cadaval","39.2500","-9.1000","Portugal","PT","PRT","Lisboa","minor","14525","1620009427"
"Vitomiricë","Vitomirice","42.6950","20.3386","Kosovo","XK","XKS","Pejë","","14523","1901482786"
"Moorestown-Lenola","Moorestown-Lenola","39.9659","-74.9643","United States","US","USA","New Jersey","","14523","1840035113"
"Ottweiler","Ottweiler","49.3667","7.1667","Germany","DE","DEU","Saarland","","14522","1276806597"
"Sha Kok Mei","Sha Kok Mei","22.3784","114.1941","Hong Kong","HK","HKG","","","14522","1344631625"
"Pandhāna","Pandhana","21.6982","76.2249","India","IN","IND","Madhya Pradesh","","14522","1356002397"
"Herselt","Herselt","51.0537","4.8828","Belgium","BE","BEL","Flanders","","14521","1056803578"
"Minignan","Minignan","9.9974","-7.8359","Côte d’Ivoire","CI","CIV","Denguélé","minor","14521","1384218318"
"Salem Lakes","Salem Lakes","42.5366","-88.1306","United States","US","USA","Wisconsin","","14521","1840038106"
"West Bradford","West Bradford","39.9633","-75.7160","United States","US","USA","Pennsylvania","","14520","1840145641"
"Anapoima","Anapoima","4.5503","-74.5361","Colombia","CO","COL","Cundinamarca","minor","14519","1170450555"
"Münster","Munster","49.9167","8.8667","Germany","DE","DEU","Hesse","","14518","1276203607"
"Moston","Moston","53.5156","-2.1848","United Kingdom","GB","GBR","Manchester","","14518","1826000013"
"Cayey","Cayey","18.1150","-66.1630","Puerto Rico","PR","PRI","Puerto Rico","","14518","1630035640"
"Middlesex","Middlesex","40.5744","-74.5011","United States","US","USA","New Jersey","","14518","1840001337"
"Törökbálint","Torokbalint","47.4356","18.9156","Hungary","HU","HUN","Pest","","14517","1348719921"
"Sonora","Sonora","-17.5769","-54.7578","Brazil","BR","BRA","Mato Grosso do Sul","minor","14516","1076003319"
"Saint-Fargeau","Saint-Fargeau","48.5356","2.5241","France","FR","FRA","Île-de-France","","14516","1250000833"
"Pakaryā Harsidhi","Pakarya Harsidhi","26.6526","84.7198","India","IN","IND","Bihār","","14516","1356477129"
"Tabuse","Tabuse","33.9547","132.0414","Japan","JP","JPN","Yamaguchi","","14515","1392416444"
"Rebouças","Reboucas","-25.6208","-50.6928","Brazil","BR","BRA","Paraná","minor","14514","1076989419"
"Diéramana","Dieramana","12.8517","-5.4003","Mali","ML","MLI","Ségou","","14514","1466866439"
"Guachochi","Guachochi","26.8194","-107.0700","Mexico","MX","MEX","Chihuahua","minor","14513","1484533430"
"Mbuyapey","Mbuyapey","-26.2210","-56.7565","Paraguay","PY","PRY","Paraguarí","","14512","1600084808"
"Mosina","Mosina","52.2467","16.8450","Poland","PL","POL","Wielkopolskie","","14511","1616028362"
"Valea Lupului","Valea Lupului","47.1833","27.5000","Romania","RO","ROU","Iaşi","","14510","1642436495"
"Chelsfield","Chelsfield","51.3582","0.1278","United Kingdom","GB","GBR","Bromley","","14507","1826005730"
"Oria","Oria","40.5000","17.6333","Italy","IT","ITA","Puglia","","14507","1380772733"
"Quinapundan","Quinapundan","11.1578","125.5208","Philippines","PH","PHL","Eastern Samar","","14507","1608910750"
"Aberdare","Aberdare","51.7130","-3.4450","United Kingdom","GB","GBR","Rhondda Cynon Taff","","14506","1826427395"
"Suwāsra","Suwasra","24.0698","75.6523","India","IN","IND","Madhya Pradesh","","14505","1356720999"
"San Martín de Loba","San Martin de Loba","8.8333","-73.9167","Colombia","CO","COL","Bolívar","minor","14504","1170000618"
"Farap","Farap","39.1667","63.6000","Turkmenistan","TM","TKM","Lebap","","14503","1795918715"
"Angus","Angus","44.3167","-79.8833","Canada","CA","CAN","Ontario","","14503","1124760864"
"Turnov","Turnov","50.5872","15.1569","Czechia","CZ","CZE","Liberecký Kraj","","14502","1203116739"
"Nadisāl","Nadisal","13.1326","74.7777","India","IN","IND","Karnātaka","","14502","1356233043"
"Gavinivāripālem","Gavinivaripalem","15.8378","80.4315","India","IN","IND","Andhra Pradesh","","14502","1356149556"
"Surajpura","Surajpura","25.2576","86.2283","India","IN","IND","Bihār","","14502","1356446616"
"Sadhoa","Sadhoa","25.4049","87.1980","India","IN","IND","Bihār","","14501","1356262606"
"Guanduqiao","Guanduqiao","29.4792","111.2975","China","CN","CHN","Hunan","","14500","1156303107"
"Kandela","Kandela","29.4500","77.3200","India","IN","IND","Uttar Pradesh","","14500","1356118759"
"Sokone","Sokone","13.8780","-16.3700","Senegal","SN","SEN","Fatick","","14500","1686985910"
"Oyam","Oyam","2.2350","32.3850","Uganda","UG","UGA","Oyam","admin","14500","1800867016"
"West Lincoln","West Lincoln","43.0667","-79.5667","Canada","CA","CAN","Ontario","","14500","1124001460"
"Ceres","Ceres","-29.8667","-61.9500","Argentina","AR","ARG","Santa Fe","","14499","1032855291"
"Yanhewan","Yanhewan","36.7522","109.3678","China","CN","CHN","Shaanxi","","14499","1156889552"
"Ouled Sidi Brahim","Ouled Sidi Brahim","36.3667","3.7167","Algeria","DZ","DZA","Bouira","","14499","1012821401"
"Verona","Verona","42.9892","-89.5383","United States","US","USA","Wisconsin","","14499","1840002903"
"Ludvika","Ludvika","60.1500","15.1833","Sweden","SE","SWE","Dalarna","minor","14498","1752311892"
"Mykolaiv","Mykolaiv","49.5247","23.9789","Ukraine","UA","UKR","Lvivska Oblast","minor","14498","1804613053"
"Tenente Portela","Tenente Portela","-27.3708","-53.7578","Brazil","BR","BRA","Rio Grande do Sul","minor","14497","1076242271"
"Água Fria","Agua Fria","-11.8669","-38.7669","Brazil","BR","BRA","Bahia","minor","14497","1076969631"
"San Gabriel","San Gabriel","0.5983","-77.8353","Ecuador","EC","ECU","Carchi","minor","14497","1218199820"
"Bois-Guillaume","Bois-Guillaume","49.4614","1.1092","France","FR","FRA","Normandie","","14497","1250792031"
"Lingāl","Lingal","16.2833","78.5167","India","IN","IND","Andhra Pradesh","","14497","1356015110"
"Morton","Morton","51.6094","-2.5249","United Kingdom","GB","GBR","South Gloucestershire","","14496","1826561824"
"Chinnavādampatti","Chinnavadampatti","11.0615","76.9838","India","IN","IND","Tamil Nādu","","14494","1356163989"
"Poço das Trincheiras","Poco das Trincheiras","-9.3125","-37.2856","Brazil","BR","BRA","Alagoas","minor","14493","1076000314"
"Niederzier","Niederzier","50.8831","6.4667","Germany","DE","DEU","North Rhine-Westphalia","","14493","1276339063"
"Lākho","Lakho","25.4113","86.1792","India","IN","IND","Bihār","","14493","1356041399"
"Santa Catalina","Santa Catalina","17.5917","120.3644","Philippines","PH","PHL","Ilocos Sur","","14493","1608658662"
"Barhni","Barhni","27.4972","82.7861","India","IN","IND","Uttar Pradesh","","14492","1356667261"
"Mount Vernon","Mount Vernon","38.3140","-88.9174","United States","US","USA","Illinois","","14492","1840008654"
"Deysbrook","Deysbrook","53.4290","-2.9340","United Kingdom","GB","GBR","Liverpool","","14490","1826441033"
"Harduli","Harduli","22.9278","79.9030","India","IN","IND","Madhya Pradesh","","14490","1356310603"
"Ksibet el Mediouni","Ksibet el Mediouni","35.6900","10.8500","Tunisia","TN","TUN","Monastir","","14490","1788726660"
"Eberbach","Eberbach","49.4667","8.9833","Germany","DE","DEU","Baden-Württemberg","","14489","1276456342"
"Ahmed Rachedi","Ahmed Rachedi","36.4000","6.1167","Algeria","DZ","DZA","Mila","","14489","1012767031"
"Askim","Askim","59.5832","11.1629","Norway","NO","NOR","Viken","minor","14488","1578155881"
"Murra","Murra","13.7667","-86.0167","Nicaragua","NI","NIC","Nueva Segovia","minor","14487","1558838779"
"Bothell East","Bothell East","47.8064","-122.1844","United States","US","USA","Washington","","14487","1840041892"
"Araruna","Araruna","-23.9319","-52.4958","Brazil","BR","BRA","Paraná","minor","14485","1076431580"
"Thornbury","Thornbury","51.6094","-2.5249","United Kingdom","GB","GBR","South Gloucestershire","","14485","1826096107"
"Olsberg","Olsberg","51.3500","8.4833","Germany","DE","DEU","North Rhine-Westphalia","","14481","1276829513"
"San Carlos","San Carlos","6.1897","-74.9969","Colombia","CO","COL","Antioquia","minor","14480","1170540736"
"Jasper","Jasper","33.8508","-87.2710","United States","US","USA","Alabama","","14480","1840003778"
"Babhangāwān","Babhangawan","25.3674","86.9501","India","IN","IND","Bihār","","14479","1356005473"
"Fujisaki","Fujisaki","40.6561","140.5028","Japan","JP","JPN","Aomori","","14478","1392919322"
"Mésa Geitoniá","Mesa Geitonia","34.7022","33.0453","Cyprus","CY","CYP","Lemesós","","14477","1196704525"
"Eisenstadt","Eisenstadt","47.8500","16.5167","Austria","AT","AUT","Burgenland","admin","14476","1040751740"
"Barroquinha","Barroquinha","-3.0189","-41.1369","Brazil","BR","BRA","Ceará","minor","14476","1076119723"
"Lotte","Lotte","52.2764","7.9167","Germany","DE","DEU","North Rhine-Westphalia","","14476","1276170713"
"Cehegín","Cehegin","38.0925","-1.7989","Spain","ES","ESP","Murcia","","14476","1724606574"
"Nawada","Nawada","25.5431","85.9240","India","IN","IND","Bihār","","14476","1356099416"
"Buggenhout","Buggenhout","51.0000","4.2000","Belgium","BE","BEL","Flanders","","14475","1056466298"
"Eching","Eching","48.3000","11.6167","Germany","DE","DEU","Bavaria","","14475","1276481683"
"Brainerd","Brainerd","46.3553","-94.1983","United States","US","USA","Minnesota","","14474","1840006644"
"Nampicuan","Nampicuan","15.7342","120.6356","Philippines","PH","PHL","Nueva Ecija","","14471","1608623397"
"Qobustan","Qobustan","40.0824","49.4120","Azerbaijan","AZ","AZE","Bakı","","14470","1031778275"
"Haacht","Haacht","50.9770","4.6384","Belgium","BE","BEL","Flanders","","14470","1056601741"
"Hopatcong","Hopatcong","40.9541","-74.6593","United States","US","USA","New Jersey","","14470","1840003482"
"Ocaña","Ocana","39.9569","-3.4967","Spain","ES","ESP","Castille-La Mancha","","14469","1724751955"
"Chai Nat","Chai Nat","15.1872","100.1283","Thailand","TH","THA","Chai Nat","admin","14469","1764848732"
"Tachov","Tachov","49.7953","12.6331","Czechia","CZ","CZE","Plzeňský Kraj","","14468","1203227002"
"Pilisvörösvár","Pilisvorosvar","47.6211","18.9108","Hungary","HU","HUN","Pest","minor","14468","1348911831"
"Douar Oulad Driss","Douar Oulad Driss","31.9039","-8.3024","Morocco","MA","MAR","Marrakech-Safi","","14468","1504141138"
"Lyžbice","Lyzbice","49.6669","18.6819","Czechia","CZ","CZE","Moravskoslezský Kraj","","14467","1203000067"
"Pākala","Pakala","15.2694","80.0720","India","IN","IND","Andhra Pradesh","","14467","1356674156"
"Markacho","Markacho","24.3263","85.8346","India","IN","IND","Jhārkhand","","14467","1356939966"
"Roh","Roh","24.8905","85.6750","India","IN","IND","Bihār","","14467","1356630941"
"Tlayacapan","Tlayacapan","18.9556","-98.9811","Mexico","MX","MEX","Morelos","minor","14467","1484386110"
"Oneonta","Oneonta","42.4551","-75.0666","United States","US","USA","New York","","14467","1840000405"
"Huizúcar","Huizucar","13.5833","-89.2333","El Salvador","SV","SLV","La Libertad","","14465","1222927503"
"Szarvas","Szarvas","46.8500","20.6000","Hungary","HU","HUN","Békés","minor","14464","1348371438"
"Khallikot","Khallikot","19.6091","85.0861","India","IN","IND","Odisha","","14464","1356087366"
"Goshen","Goshen","41.3817","-74.3498","United States","US","USA","New York","","14463","1840004868"
"Tiruvalanjuli","Tiruvalanjuli","10.9449","79.3286","India","IN","IND","Tamil Nādu","","14460","1356035619"
"Sommacampagna","Sommacampagna","45.4000","10.8500","Italy","IT","ITA","Veneto","","14460","1380030808"
"Radoviš","Radovis","41.6381","22.4644","North Macedonia","MK","MKD","Radoviš","admin","14460","1807341711"
"Plumtree","Plumtree","-20.4781","27.7972","Zimbabwe","ZW","ZWE","Matabeleland South","","14459","1716916272"
"East Whiteland","East Whiteland","40.0474","-75.5547","United States","US","USA","Pennsylvania","","14459","1840150930"
"Ichikawamisato","Ichikawamisato","35.5653","138.5025","Japan","JP","JPN","Yamanashi","","14458","1392003491"
"Lagunia Surajkanth","Lagunia Surajkanth","25.8304","85.7887","India","IN","IND","Bihār","","14457","1356706931"
"Wilmington Island","Wilmington Island","32.0033","-80.9752","United States","US","USA","Georgia","","14457","1840029461"
"Salida","Salida","37.7083","-121.0842","United States","US","USA","California","","14457","1840018908"
"Ankaramena","Ankaramena","-25.0284","46.7572","Madagascar","MG","MDG","Toliara","","14456","1450651511"
"Yangasso","Yangasso","13.0775","-5.3203","Mali","ML","MLI","Ségou","","14456","1466775823"
"Lopik","Lopik","51.9722","4.9464","Netherlands","NL","NLD","Utrecht","minor","14456","1528959358"
"Santo Domingo Xenacoj","Santo Domingo Xenacoj","14.6822","-90.7067","Guatemala","GT","GTM","Sacatepéquez","minor","14455","1320621620"
"Southgate","Southgate","51.6316","-0.1265","United Kingdom","GB","GBR","Enfield","","14454","1826679961"
"Tarlapalli","Tarlapalli","18.8345","79.4907","India","IN","IND","Andhra Pradesh","","14454","1356167301"
"Srīnagar","Srinagar","26.7830","84.3018","India","IN","IND","Bihār","","14454","1356950611"
"Zayda","Zayda","32.8167","-4.9500","Morocco","MA","MAR","Drâa-Tafilalet","","14454","1504467977"
"Larena","Larena","9.2490","123.5910","Philippines","PH","PHL","Siquijor","","14454","1608113335"
"Sopetrán","Sopetran","6.5017","-75.7433","Colombia","CO","COL","Antioquia","minor","14453","1170000615"
"Ráj","Raj","49.8511","18.5639","Czechia","CZ","CZE","Moravskoslezský Kraj","","14453","1203214898"
"Valenton","Valenton","48.7450","2.4672","France","FR","FRA","Île-de-France","","14453","1250188744"
"Santa María","Santa Maria","-32.7469","-70.6597","Chile","CL","CHL","Valparaíso","","14452","1152248168"
"Shatrāna","Shatrana","29.9102","76.1202","India","IN","IND","Punjab","","14452","1356070208"
"Mansāla","Mansala","15.9417","77.4281","India","IN","IND","Andhra Pradesh","","14452","1356670969"
"Jacaraú","Jacarau","-6.6122","-35.2928","Brazil","BR","BRA","Paraíba","minor","14450","1076944790"
"Narahia","Narahia","26.3681","86.5434","India","IN","IND","Bihār","","14450","1356992369"
"Bāra","Bara","24.3146","87.9643","India","IN","IND","West Bengal","","14450","1356955037"
"Corinth","Corinth","34.9474","-88.5143","United States","US","USA","Mississippi","","14450","1840014638"
"Livingston","Livingston","37.3875","-120.7248","United States","US","USA","California","","14450","1840020311"
"Asagiri","Asagiri","32.2403","130.8978","Japan","JP","JPN","Kumamoto","","14448","1392003542"
"Brwinów","Brwinow","52.1417","20.7167","Poland","PL","POL","Mazowieckie","","14448","1616620268"
"Masty","Masty","53.4170","24.5500","Belarus","BY","BLR","Hrodzyenskaya Voblasts’","minor","14447","1112000626"
"Tavagnacco","Tavagnacco","46.1265","13.2152","Italy","IT","ITA","Friuli Venezia Giulia","","14447","1380864690"
"Skippack","Skippack","40.2165","-75.4190","United States","US","USA","Pennsylvania","","14443","1840005466"
"Romsey","Romsey","50.9890","-1.4966","United Kingdom","GB","GBR","Hampshire","","14442","1826793384"
"Lagoa","Lagoa","37.7500","-25.5833","Portugal","PT","PRT","Azores","","14442","1620677502"
"Nether Providence","Nether Providence","39.8971","-75.3697","United States","US","USA","Pennsylvania","","14442","1840152840"
"Xintian","Xintian","28.1905","107.6719","China","CN","CHN","Guizhou","","14441","1156084107"
"Alamo","Alamo","37.8548","-122.0136","United States","US","USA","California","","14441","1840017609"
"Verona","Verona","40.8323","-74.2431","United States","US","USA","New Jersey","","14441","1840131594"
"Alloa","Alloa","56.1160","-3.7930","United Kingdom","GB","GBR","Clackmannanshire","","14440","1826126712"
"Dallas","Dallas","33.9152","-84.8416","United States","US","USA","Georgia","","14440","1840014757"
"Garmen","Garmen","41.6000","23.8167","Bulgaria","BG","BGR","Blagoevgrad","","14439","1100760110"
"Eggenfelden","Eggenfelden","48.4039","12.7642","Germany","DE","DEU","Bavaria","","14439","1276543412"
"Aït Yaïch","Ait Yaich","36.5811","4.3303","Algeria","DZ","DZA","Tizi Ouzou","","14439","1012677951"
"Gernsbach","Gernsbach","48.7633","8.3342","Germany","DE","DEU","Baden-Württemberg","","14438","1276744650"
"Vinci","Vinci","43.7833","10.9167","Italy","IT","ITA","Tuscany","","14438","1380412084"
"Kemp Mill","Kemp Mill","39.0412","-77.0215","United States","US","USA","Maryland","","14437","1840005842"
"Pahou","Pahou","6.3833","2.2167","Benin","BJ","BEN","Atlantique","","14436","1204813265"
"Jacaraci","Jacaraci","-14.8500","-42.4328","Brazil","BR","BRA","Bahia","minor","14436","1076287718"
"Claxton Bay","Claxton Bay","10.3405","-61.4555","Trinidad and Tobago","TT","TTO","Couva/Tabaquite/Talparo","","14436","1780203587"
"Barranco de Loba","Barranco de Loba","8.9500","-74.1167","Colombia","CO","COL","Bolívar","minor","14435","1170730052"
"Sirmaur","Sirmaur","24.8365","81.3645","India","IN","IND","Madhya Pradesh","","14435","1356596778"
"Bokod","Bokod","16.4914","120.8300","Philippines","PH","PHL","Benguet","","14435","1608394399"
"Ban Ao Nang","Ban Ao Nang","8.0314","98.8225","Thailand","TH","THA","Krabi","","14435","1764704232"
"Rauch","Rauch","-36.7667","-59.1000","Argentina","AR","ARG","Buenos Aires","minor","14434","1032991663"
"Araceli","Araceli","10.5529","119.9904","Philippines","PH","PHL","Palawan","","14434","1608953216"
"Lengede","Lengede","52.2000","10.3000","Germany","DE","DEU","Lower Saxony","","14433","1276406361"
"Kalocsa","Kalocsa","46.5333","18.9856","Hungary","HU","HUN","Bács-Kiskun","minor","14433","1348222203"
"Jūnqān","Junqan","32.1522","50.6911","Iran","IR","IRN","Chahār Maḩāl va Bakhtīārī","","14433","1364198008"
"Ampohibe","Ampohibe","-15.0344","50.2969","Madagascar","MG","MDG","Antsiranana","","14433","1450141886"
"Perai","Perai","5.3833","100.3833","Malaysia","MY","MYS","Pulau Pinang","","14433","1458507737"
"Busembatia","Busembatia","0.7750","33.6250","Uganda","UG","UGA","Bugweri","","14431","1800802251"
"Kolwāra","Kolwara","25.3538","86.7700","India","IN","IND","Bihār","","14430","1356151383"
"Ascensión","Ascension","-15.6996","-63.0800","Bolivia","BO","BOL","Santa Cruz","","14429","1068811738"
"Morroa","Morroa","9.3333","-75.3167","Colombia","CO","COL","Sucre","minor","14429","1170532353"
"Baqiābād","Baqiabad","25.1000","82.9000","India","IN","IND","Uttar Pradesh","","14429","1356059895"
"Satwās","Satwas","22.5363","76.6845","India","IN","IND","Madhya Pradesh","","14428","1356509023"
"Bagulin","Bagulin","16.6079","120.4378","Philippines","PH","PHL","La Union","","14428","1608422405"
"Aartselaar","Aartselaar","51.1333","4.3833","Belgium","BE","BEL","Flanders","","14427","1056119316"
"Saint-Gilles","Saint-Gilles","43.6786","4.4317","France","FR","FRA","Occitanie","","14427","1250752437"
"Davorlim","Davorlim","15.2722","73.9924","India","IN","IND","Goa","","14426","1356958388"
"Alūr","Alur","15.3942","77.2264","India","IN","IND","Andhra Pradesh","","14426","1356013492"
"Ulchin","Ulchin","37.0020","129.4003","Korea, South","KR","KOR","Gyeongbuk","","14426","1410704555"
"Dollis Hill","Dollis Hill","51.5641","-0.2341","United Kingdom","GB","GBR","Brent","","14425","1826669520"
"Painan","Painan","-1.3511","100.5756","Indonesia","ID","IDN","Sumatera Barat","minor","14425","1360654433"
"Dornakal","Dornakal","17.4470","80.1510","India","IN","IND","Andhra Pradesh","","14425","1356805121"
"Lavaltrie","Lavaltrie","45.8833","-73.2833","Canada","CA","CAN","Quebec","","14425","1124818327"
"Villa Vásquez","Villa Vasquez","19.7400","-71.4500","Dominican Republic","DO","DOM","Cibao Noroeste","","14424","1214796601"
"Tirkarūr","Tirkarur","10.0667","76.6167","India","IN","IND","Kerala","","14424","1356160008"
"Gryazovets","Gryazovets","58.8833","40.2500","Russia","RU","RUS","Vologodskaya Oblast’","","14424","1643659896"
"Kharki","Kharki","23.9165","85.8596","India","IN","IND","Jhārkhand","","14423","1356199312"
"Clarksdale","Clarksdale","34.1933","-90.5693","United States","US","USA","Mississippi","","14423","1840014696"
"Belvedere Park","Belvedere Park","33.7489","-84.2599","United States","US","USA","Georgia","","14422","1840013699"
"Préveza","Preveza","38.9575","20.7517","Greece","GR","GRC","Ípeiros","minor","14421","1300933723"
"Canteleu","Canteleu","49.4411","1.0261","France","FR","FRA","Normandie","","14420","1250633404"
"Mantaly","Mantaly","-13.1662","48.9647","Madagascar","MG","MDG","Antsiranana","","14420","1450370610"
"East Bridgewater","East Bridgewater","42.0352","-70.9424","United States","US","USA","Massachusetts","","14420","1840053567"
"Zhabinka","Zhabinka","52.2006","24.0233","Belarus","BY","BLR","Brestskaya Voblasts’","minor","14418","1112259690"
"Korsør","Korsor","55.3266","11.1500","Denmark","DK","DNK","Sjælland","","14418","1208142065"
"Barhi","Barhi","23.9033","80.8152","India","IN","IND","Madhya Pradesh","","14418","1356453912"
"Auray","Auray","47.6686","-2.9814","France","FR","FRA","Bretagne","","14417","1250657845"
"Middlewich","Middlewich","53.1920","-2.4430","United Kingdom","GB","GBR","Cheshire East","","14416","1826609580"
"General Cabrera","General Cabrera","-32.7994","-63.8683","Argentina","AR","ARG","Córdoba","","14415","1032554638"
"Vadugapatti","Vadugapatti","11.1518","77.7375","India","IN","IND","Tamil Nādu","","14415","1356165126"
"Gorbea","Gorbea","-39.1000","-72.6833","Chile","CL","CHL","Araucanía","","14414","1152299665"
"Măgurele","Magurele","44.3494","26.0297","Romania","RO","ROU","Ilfov","","14414","1642420938"
"New Cassel","New Cassel","40.7602","-73.5649","United States","US","USA","New York","","14414","1840005239"
"Killarney","Killarney","52.0588","-9.5072","Ireland","IE","IRL","Kerry","","14412","1372916792"
"Saint-Maurice","Saint-Maurice","48.8156","2.4592","France","FR","FRA","Île-de-France","","14411","1250113303"
"Château-d’Olonne","Chateau-d'Olonne","46.5050","-1.7361","France","FR","FRA","Pays de la Loire","","14411","1250339100"
"General MacArthur","General MacArthur","11.2486","125.5400","Philippines","PH","PHL","Eastern Samar","","14411","1608572895"
"San Sebastián","San Sebastian","13.7333","-88.8333","El Salvador","SV","SLV","San Vicente","","14411","1222133372"
"Ghora Gali","Ghora Gali","33.8833","73.3833","Pakistan","PK","PAK","Punjab","","14410","1586486470"
"Chik Bānavar","Chik Banavar","13.0846","77.5014","India","IN","IND","Karnātaka","","14409","1356867810"
"Yéréré","Yerere","15.2590","-9.4270","Mali","ML","MLI","Kayes","","14408","1466674377"
"Farmington","Farmington","42.9895","-77.3087","United States","US","USA","New York","","14408","1840058090"
"Paidiipalli","Paidiipalli","18.0172","79.6159","India","IN","IND","Andhra Pradesh","","14407","1356135654"
"Valbom","Valbom","41.1333","-8.5667","Portugal","PT","PRT","Porto","","14407","1620089620"
"Sukhinichi","Sukhinichi","54.1000","35.3500","Russia","RU","RUS","Kaluzhskaya Oblast’","minor","14407","1643650021"
"East Greenwich","East Greenwich","41.6362","-71.5058","United States","US","USA","Rhode Island","","14407","1840066133"
"Itaú de Minas","Itau de Minas","-20.7389","-46.7519","Brazil","BR","BRA","Minas Gerais","minor","14406","1076747219"
"Markdorf","Markdorf","47.7208","9.3917","Germany","DE","DEU","Baden-Württemberg","","14406","1276086137"
"Mutyālapalle","Mutyalapalle","16.4019","81.5703","India","IN","IND","Andhra Pradesh","","14406","1356287898"
"Scottsbluff","Scottsbluff","41.8684","-103.6616","United States","US","USA","Nebraska","","14406","1840009197"
"Washington Court House","Washington Court House","39.5381","-83.4281","United States","US","USA","Ohio","","14406","1840003801"
"Nagra","Nagra","25.9680","83.8730","India","IN","IND","Uttar Pradesh","","14405","1356649423"
"Haldībāri","Haldibari","26.3300","88.7700","India","IN","IND","West Bengal","","14404","1356516679"
"Landau an der Isar","Landau an der Isar","48.6667","12.6667","Germany","DE","DEU","Bavaria","","14402","1276797945"
"Hetton le Hole","Hetton le Hole","54.8210","-1.4490","United Kingdom","GB","GBR","Sunderland","","14402","1826816233"
"Baoshan","Baoshan","24.7428","120.9991","Taiwan","TW","TWN","Hsinchu","","14402","1158298805"
"Alindao","Alindao","5.0333","21.2167","Central African Republic","CF","CAF","Basse-Kotto","","14401","1140620640"
"Tūprān","Tupran","17.8452","78.4787","India","IN","IND","Andhra Pradesh","","14401","1356032656"
"Bo","Bo","20.6736","105.5311","Vietnam","VN","VNM","Hòa Bình","minor","14401","1704407394"
"Wangjiaxian","Wangjiaxian","36.5108","104.1490","China","CN","CHN","Gansu","","14400","1156046791"
"San Antonio","San Antonio","3.9167","-75.5000","Colombia","CO","COL","Tolima","minor","14400","1170845571"
"Concepción Quezaltepeque","Concepcion Quezaltepeque","14.0833","-88.9500","El Salvador","SV","SLV","Chalatenango","","14400","1222071678"
"Bo‘ston","Bo`ston","41.8500","60.9333","Uzbekistan","UZ","UZB","Qoraqalpog‘iston","","14400","1860795913"
"Choszczno","Choszczno","53.1667","15.4000","Poland","PL","POL","Zachodniopomorskie","minor","14399","1616054552"
"Short Hills","Short Hills","40.7389","-74.3278","United States","US","USA","New Jersey","","14398","1840033408"
"Sorso","Sorso","40.7983","8.5772","Italy","IT","ITA","Sardegna","","14397","1380293910"
"Lohfelden","Lohfelden","51.2667","9.5333","Germany","DE","DEU","Hesse","","14395","1276890913"
"Sainte-Maxime","Sainte-Maxime","43.3090","6.6350","France","FR","FRA","Provence-Alpes-Côte d’Azur","","14394","1250686983"
"Woippy","Woippy","49.1519","6.1522","France","FR","FRA","Grand Est","","14394","1250024439"
"Chiconquiaco","Chiconquiaco","19.7500","-96.8167","Mexico","MX","MEX","Veracruz","minor","14394","1484230887"
"Lubbeek","Lubbeek","50.8817","4.8414","Belgium","BE","BEL","Flanders","","14393","1056043837"
"Kihoku","Kihoku","34.2114","136.3372","Japan","JP","JPN","Mie","","14392","1392003092"
"Majia","Majia","35.4599","103.2076","China","CN","CHN","Gansu","","14391","1156704044"
"Hargāwān","Hargawan","25.1428","85.5652","India","IN","IND","Bihār","","14391","1356006462"
"Liestal","Liestal","47.4839","7.7350","Switzerland","CH","CHE","Basel-Landschaft","admin","14390","1756371637"
"San Cristóbal","San Cristobal","-30.3167","-61.2333","Argentina","AR","ARG","Santa Fe","minor","14389","1032634720"
"Stäfa","Stafa","47.2401","8.7328","Switzerland","CH","CHE","Zürich","","14389","1756312480"
"Löbau","Lobau","51.0944","14.6667","Germany","DE","DEU","Saxony","","14389","1276786301"
"Rheydt","Rheydt","51.1667","6.4500","Germany","DE","DEU","North Rhine-Westphalia","","14389","1276801612"
"Spenge","Spenge","52.1333","8.4833","Germany","DE","DEU","North Rhine-Westphalia","","14389","1276387127"
"Anomabu","Anomabu","5.1749","-1.1214","Ghana","GH","GHA","Central","","14389","1288745249"
"Zaysan","Zaysan","47.4667","84.8667","Kazakhstan","KZ","KAZ","East Kazakhstan","minor","14389","1398700526"
"Mohanpur Gaughāta","Mohanpur Gaughata","25.3345","87.3404","India","IN","IND","Bihār","","14388","1356309943"
"Yamada","Yamada","39.4676","141.9489","Japan","JP","JPN","Iwate","","14388","1392896319"
"Küsnacht","Kusnacht","47.3181","8.5825","Switzerland","CH","CHE","Zürich","","14387","1756976671"
"Rokycany","Rokycany","49.7425","13.5956","Czechia","CZ","CZE","Plzeňský Kraj","","14386","1203614655"
"Shchigry","Shchigry","51.8667","36.9333","Russia","RU","RUS","Kurskaya Oblast’","minor","14386","1643401048"
"Kārempūdi","Karempudi","16.4333","79.7167","India","IN","IND","Andhra Pradesh","","14385","1356058281"
"Maria","Maria","9.1960","123.6550","Philippines","PH","PHL","Siquijor","","14385","1608861500"
"Vāsad","Vasad","22.4500","73.0667","India","IN","IND","Gujarāt","","14384","1356456503"
"Ladainha","Ladainha","-17.6319","-41.7378","Brazil","BR","BRA","Minas Gerais","minor","14383","1076918260"
"Pont-à-Mousson","Pont-a-Mousson","48.9053","6.0547","France","FR","FRA","Grand Est","","14383","1250450574"
"Somerton","Somerton","32.6007","-114.6994","United States","US","USA","Arizona","","14383","1840021997"
"West Derby","West Derby","53.4338","-2.9070","United Kingdom","GB","GBR","Liverpool","","14382","1826890297"
"Lauro Müller","Lauro Muller","-28.3928","-49.3969","Brazil","BR","BRA","Santa Catarina","minor","14381","1076808393"
"La Carlota","La Carlota","37.6667","-4.9333","Spain","ES","ESP","Andalusia","","14381","1724972174"
"Puraini","Puraini","25.5968","86.9892","India","IN","IND","Bihār","","14381","1356050161"
"Kamatgi","Kamatgi","16.1190","75.8482","India","IN","IND","Mahārāshtra","","14380","1356123894"
"Impruneta","Impruneta","43.6854","11.2544","Italy","IT","ITA","Tuscany","","14379","1380948118"
"New Hamburg","New Hamburg","43.3808","-80.7062","Canada","CA","CAN","Ontario","","14379","1124075072"
"Opwijk","Opwijk","50.9667","4.1833","Belgium","BE","BEL","Flanders","","14378","1056667924"
"Villa Rica","Villa Rica","3.1736","-76.4631","Colombia","CO","COL","Cauca","minor","14378","1170820910"
"Abinsk","Abinsk","44.8667","38.1500","Russia","RU","RUS","Krasnodarskiy Kray","minor","14378","1643216828"
"Zeven","Zeven","53.3000","9.2833","Germany","DE","DEU","Lower Saxony","","14376","1276616913"
"Morpeth","Morpeth","55.1675","-1.6908","United Kingdom","GB","GBR","Northumberland","","14376","1826000022"
"Tezu","Tezu","27.9200","96.1700","India","IN","IND","Arunāchal Pradesh","","14376","1356415744"
"Sanlúcar la Mayor","Sanlucar la Mayor","37.3831","-6.2000","Spain","ES","ESP","Andalusia","","14375","1724032342"
"Ożarów Mazowiecki","Ozarow Mazowiecki","52.2167","20.8000","Poland","PL","POL","Mazowieckie","minor","14375","1616007056"
"Doria Sonāpur","Doria Sonapur","26.1830","87.3873","India","IN","IND","Bihār","","14374","1356739647"
"Penuganchiprolu","Penuganchiprolu","16.9033","80.2356","India","IN","IND","Andhra Pradesh","","14374","1356065391"
"Sailāna","Sailana","23.4622","74.9232","India","IN","IND","Madhya Pradesh","","14372","1356046522"
"West Drayton","West Drayton","51.5043","-0.4646","United Kingdom","GB","GBR","Hillingdon","","14370","1826574232"
"Boguchar","Boguchar","49.9500","40.5500","Russia","RU","RUS","Voronezhskaya Oblast’","","14370","1643779708"
"Rosarno","Rosarno","38.4850","15.9797","Italy","IT","ITA","Calabria","","14369","1380355749"
"Nacozari Viejo","Nacozari Viejo","30.3833","-109.6833","Mexico","MX","MEX","Sonora","","14369","1484108383"
"Vatlūru","Vatluru","16.6998","81.0524","India","IN","IND","Andhra Pradesh","","14368","1356799189"
"Patiāli","Patiali","27.7167","79.0167","India","IN","IND","Uttar Pradesh","","14366","1356221146"
"Churumuco de Morelos","Churumuco de Morelos","18.6167","-101.6333","Mexico","MX","MEX","Michoacán","minor","14366","1484004930"
"Miena","Miena","12.6297","-5.9903","Mali","ML","MLI","Sikasso","","14365","1466207096"
"Lindenhurst","Lindenhurst","42.4175","-88.0257","United States","US","USA","Illinois","","14365","1840011163"
"Elizabethton","Elizabethton","36.3367","-82.2370","United States","US","USA","Tennessee","","14364","1840013314"
"West Nipissing / Nipissing Ouest","West Nipissing / Nipissing Ouest","46.3667","-79.9167","Canada","CA","CAN","Ontario","","14364","1124000026"
"Moncks Corner","Moncks Corner","33.1730","-80.0107","United States","US","USA","South Carolina","","14362","1840016863"
"Dumas","Dumas","35.8613","-101.9642","United States","US","USA","Texas","","14362","1840019086"
"Barela","Barela","23.0968","80.0508","India","IN","IND","Madhya Pradesh","","14361","1356660345"
"Neu-Anspach","Neu-Anspach","50.2931","8.5089","Germany","DE","DEU","Hesse","","14359","1276155891"
"Bollullos par del Condado","Bollullos par del Condado","37.3358","-6.5364","Spain","ES","ESP","Andalusia","","14359","1724227724"
"Saint-Omer","Saint-Omer","50.7461","2.2617","France","FR","FRA","Hauts-de-France","minor","14358","1250769262"
"Otley","Otley","53.9050","-1.6870","United Kingdom","GB","GBR","Leeds","","14357","1826254599"
"Santa Rosalía","Santa Rosalia","27.3389","-112.2669","Mexico","MX","MEX","Baja California Sur","minor","14357","1484950775"
"Srbobran","Srbobran","45.5333","19.7833","Serbia","RS","SRB","Srbobran","admin","14357","1688431448"
"Sidi Azzouz","Sidi Azzouz","31.7667","-7.6667","Morocco","MA","MAR","Rabat-Salé-Kénitra","","14356","1504816748"
"Jitaúna","Jitauna","-14.0189","-39.8889","Brazil","BR","BRA","Bahia","minor","14355","1076105440"
"Miho","Miho","36.0045","140.3019","Japan","JP","JPN","Ibaraki","","14355","1392003233"
"Volgorechensk","Volgorechensk","57.4439","41.1592","Russia","RU","RUS","Kostromskaya Oblast’","minor","14355","1643892465"
"Serinhisar","Serinhisar","37.5806","29.2697","Turkey","TR","TUR","Denizli","minor","14355","1792476134"
"Artsyz","Artsyz","45.9944","29.4322","Ukraine","UA","UKR","Odeska Oblast","minor","14355","1804894941"
"North New Hyde Park","North New Hyde Park","40.7460","-73.6876","United States","US","USA","New York","","14354","1840005243"
"Bainbridge","Bainbridge","30.9052","-84.5732","United States","US","USA","Georgia","","14353","1840013899"
"Thondiamannu","Thondiamannu","9.2639","76.8833","India","IN","IND","Kerala","","14352","1356161131"
"Shepherdsville","Shepherdsville","37.9813","-85.7007","United States","US","USA","Kentucky","","14351","1840015214"
"Simões","Simoes","-7.5989","-40.8178","Brazil","BR","BRA","Piauí","minor","14350","1076805001"
"Saddle Brook","Saddle Brook","40.9033","-74.0955","United States","US","USA","New Jersey","","14349","1840081802"
"Carmópolis de Minas","Carmopolis de Minas","-20.5408","-44.6350","Brazil","BR","BRA","Minas Gerais","minor","14348","1076274670"
"Grafing bei München","Grafing bei Munchen","48.0500","11.9667","Germany","DE","DEU","Bavaria","","14348","1276799795"
"Persan","Persan","49.1542","2.2719","France","FR","FRA","Île-de-France","","14348","1250727740"
"Ozark","Ozark","31.4508","-85.6473","United States","US","USA","Alabama","","14348","1840005283"
"Breyten","Breyten","-26.3000","29.9833","South Africa","ZA","ZAF","Mpumalanga","","14347","1710458798"
"Huron","Huron","44.3623","-98.2094","United States","US","USA","South Dakota","","14347","1840002373"
"Fallsburg","Fallsburg","41.7391","-74.6038","United States","US","USA","New York","","14346","1840058089"
"Baulia","Baulia","25.3990","87.6002","India","IN","IND","Bihār","","14345","1356661601"
"Bihpuriāgaon","Bihpuriagaon","27.0172","93.9167","India","IN","IND","Assam","","14345","1356100821"
"Iheddadene","Iheddadene","35.1500","-2.9667","Morocco","MA","MAR","Oriental","","14345","1504836101"
"Jacksonville","Jacksonville","33.8088","-85.7545","United States","US","USA","Alabama","","14345","1840007433"
"Zhutang","Zhutang","23.8528","120.4114","Taiwan","TW","TWN","Changhua","","14343","1158953082"
"Bedford","Bedford","42.4969","-71.2783","United States","US","USA","Massachusetts","","14343","1840053633"
"Jiaoxiyakou","Jiaoxiyakou","26.1283","102.4500","China","CN","CHN","Yunnan","minor","14342","1156159282"
"Balangiga","Balangiga","11.1092","125.3864","Philippines","PH","PHL","Eastern Samar","","14341","1608562317"
"Narhan","Narhan","25.6941","86.0074","India","IN","IND","Bihār","","14340","1356322684"
"Bhānukumāri","Bhanukumari","26.3395","89.7697","India","IN","IND","West Bengal","","14340","1356371010"
"Tianguistengo","Tianguistengo","20.7278","-98.6289","Mexico","MX","MEX","Hidalgo","","14340","1484089008"
"Alto Longá","Alto Longa","-5.2511","-42.2103","Brazil","BR","BRA","Piauí","minor","14339","1076773885"
"Távros","Tavros","37.9667","23.6950","Greece","GR","GRC","Attikí","","14339","1300889563"
"Strathmore","Strathmore","51.0378","-113.4003","Canada","CA","CAN","Alberta","","14339","1124000881"
"Leno","Leno","45.3703","10.2167","Italy","IT","ITA","Lombardy","","14338","1380781038"
"Hindalgi","Hindalgi","16.1364","74.6547","India","IN","IND","Karnātaka","","14337","1356494231"
"Monte Alegre de Sergipe","Monte Alegre de Sergipe","-10.0269","-37.5619","Brazil","BR","BRA","Sergipe","minor","14336","1076297228"
"Castelsarrasin","Castelsarrasin","44.0408","1.1078","France","FR","FRA","Occitanie","minor","14335","1250268017"
"San Andrés Timilpan","San Andres Timilpan","19.8667","-99.7333","Mexico","MX","MEX","México","minor","14335","1484996853"
"Covington","Covington","33.6049","-83.8463","United States","US","USA","Georgia","","14334","1840014808"
"Hershey","Hershey","40.2806","-76.6458","United States","US","USA","Pennsylvania","","14334","1840005400"
"Conisbrough","Conisbrough","53.4790","-1.2270","United Kingdom","GB","GBR","Doncaster","","14333","1826311843"
"Muttukūru","Muttukuru","14.2667","80.1000","India","IN","IND","Andhra Pradesh","","14333","1356004216"
"Pelham","Pelham","42.7335","-71.3240","United States","US","USA","New Hampshire","","14333","1840055379"
"Lakhsetipet","Lakhsetipet","18.8873","79.2069","India","IN","IND","Andhra Pradesh","","14332","1356094959"
"Hasami","Hasami","33.1381","129.8956","Japan","JP","JPN","Nagasaki","","14332","1392003252"
"Belazao","Belazao","-19.8933","46.9659","Madagascar","MG","MDG","Antananarivo","","14332","1450189336"
"Privolzhsk","Privolzhsk","57.3825","41.2861","Russia","RU","RUS","Ivanovskaya Oblast’","minor","14332","1643261146"
"Degache","Degache","33.9833","8.2167","Tunisia","TN","TUN","Tozeur","","14332","1788855852"
"Yanshuiguan","Yanshuiguan","36.8252","110.2345","China","CN","CHN","Shaanxi","","14331","1156437091"
"Riegelsberg","Riegelsberg","49.2833","6.9167","Germany","DE","DEU","Saarland","","14331","1276278201"
"Horta","Horta","38.5333","-28.6333","Portugal","PT","PRT","Azores","","14331","1620589121"
"Mascali","Mascali","37.7578","15.1958","Italy","IT","ITA","Sicilia","","14330","1380299124"
"Anpachi","Anpachi","35.3353","136.6654","Japan","JP","JPN","Gifu","","14330","1392003423"
"Saldaña","Saldana","3.9347","-75.0203","Colombia","CO","COL","Tolima","minor","14329","1170588181"
"Pālda","Palda","22.6800","75.8939","India","IN","IND","Madhya Pradesh","","14329","1356085912"
"Baia-Sprie","Baia-Sprie","47.6592","23.7042","Romania","RO","ROU","Maramureş","","14329","1642427641"
"Latham","Latham","42.7427","-73.7497","United States","US","USA","New York","","14327","1840033905"
"Chesterton","Chesterton","41.5997","-87.0550","United States","US","USA","Indiana","","14326","1840009267"
"Wālājābād","Walajabad","12.7904","79.8236","India","IN","IND","Tamil Nādu","","14325","1356636684"
"Vil’nyans’k","Vil'nyans'k","47.9419","35.4281","Ukraine","UA","UKR","Zaporizka Oblast","","14324","1804823848"
"High River","High River","50.5808","-113.8744","Canada","CA","CAN","Alberta","","14324","1124607825"
"Gua","Gua","22.2136","85.3877","India","IN","IND","","","14323","1356599469"
"Jori Kalān","Jori Kalan","24.2045","84.8770","India","IN","IND","Jhārkhand","","14323","1356087707"
"Polāia Kalān","Polaia Kalan","23.2119","76.5529","India","IN","IND","Madhya Pradesh","","14322","1356741312"
"Chikhli Kalān","Chikhli Kalan","22.2152","78.7430","India","IN","IND","Madhya Pradesh","","14322","1356092059"
"Tepecoyo","Tepecoyo","13.7003","-89.4678","El Salvador","SV","SLV","La Libertad","","14322","1222039134"
"Kottavalasa","Kottavalasa","17.9000","83.2000","India","IN","IND","Andhra Pradesh","","14321","1356779786"
"Ustka","Ustka","54.5833","16.8500","Poland","PL","POL","Pomorskie","","14321","1616638026"
"Sadovoye","Sadovoye","46.0500","30.3667","Ukraine","UA","UKR","Odeska Oblast","","14321","1804829390"
"Tenerife","Tenerife","9.8989","-74.8589","Colombia","CO","COL","Magdalena","minor","14320","1170763439"
"Ollioules","Ollioules","43.1330","5.8500","France","FR","FRA","Provence-Alpes-Côte d’Azur","","14320","1250044981"
"Kizhariyūr","Kizhariyur","11.4833","75.6833","India","IN","IND","Kerala","","14320","1356367922"
"Candelaria","Candelaria","18.4042","-66.2175","Puerto Rico","PR","PRI","Puerto Rico","","14319","1630023689"
"Balangkas","Balangkas","14.7381","120.9978","Philippines","PH","PHL","Bataan","","14318","1608211994"
"Estremoz","Estremoz","38.8422","-7.5881","Portugal","PT","PRT","Évora","minor","14318","1620467967"
"Uxbridge","Uxbridge","42.0593","-71.6380","United States","US","USA","Massachusetts","","14318","1840053609"
"Robbinsdale","Robbinsdale","45.0261","-93.3332","United States","US","USA","Minnesota","","14318","1840008931"
"Kārkūdalpatti","Karkudalpatti","11.5002","78.3521","India","IN","IND","Tamil Nādu","","14316","1356253579"
"Doctor Juan Eulogio Estigarribia","Doctor Juan Eulogio Estigarribia","-25.3718","-55.7046","Paraguay","PY","PRY","Caaguazú","","14316","1600438790"
"Vīraghattam","Viraghattam","18.6833","83.6000","India","IN","IND","Andhra Pradesh","","14315","1356596508"
"Bradley Gardens","Bradley Gardens","40.5711","-74.6678","United States","US","USA","New Jersey","","14315","1840033232"
"Salīmpur","Salimpur","25.2480","86.2347","India","IN","IND","Bihār","","14314","1356008658"
"Radzymin","Radzymin","52.4167","21.1833","Poland","PL","POL","Mazowieckie","","14314","1616443722"
"Peumo","Peumo","-34.3961","-71.1694","Chile","CL","CHL","Libertador General Bernardo O’Higgins","","14313","1152229023"
"Hobe Sound","Hobe Sound","27.0729","-80.1425","United States","US","USA","Florida","","14313","1840014188"
"Iflissen","Iflissen","36.8636","4.2203","Algeria","DZ","DZA","Tizi Ouzou","","14311","1012326451"
"Lich","Lich","50.5217","8.8208","Germany","DE","DEU","Hesse","","14310","1276029431"
"Flers","Flers","48.7518","-0.5605","France","FR","FRA","Normandie","","14308","1250849360"
"Mūrak","Murak","35.3762","36.6897","Syria","SY","SYR","Ḩamāh","","14307","1760107905"
"Māngoli","Mangoli","16.6500","75.8100","India","IN","IND","Karnātaka","","14306","1356957360"
"Tsukawaki","Tsukawaki","33.2831","131.1515","Japan","JP","JPN","Ōita","","14306","1392760554"
"Amay","Amay","50.5478","5.3192","Belgium","BE","BEL","Wallonia","","14305","1056317273"
"Rehlingen-Siersburg","Rehlingen-Siersburg","49.3686","6.6786","Germany","DE","DEU","Saarland","","14305","1276372658"
"Sarqan","Sarqan","45.4100","79.9186","Kazakhstan","KZ","KAZ","Zhetisū","minor","14305","1398159801"
"Santo Antônio dos Lopes","Santo Antonio dos Lopes","-4.8689","-44.3600","Brazil","BR","BRA","Maranhão","minor","14304","1076178562"
"Huliyār","Huliyar","13.5828","76.5361","India","IN","IND","Karnātaka","","14304","1356127585"
"Chudovo","Chudovo","59.1167","31.6667","Russia","RU","RUS","Novgorodskaya Oblast’","minor","14302","1643696989"
"Fakola","Fakola","10.5444","-6.9147","Mali","ML","MLI","Sikasso","","14301","1466659709"
"Kidbrooke","Kidbrooke","51.4621","0.0273","United Kingdom","GB","GBR","Greenwich","","14300","1826659843"
"Nagongera","Nagongera","0.7700","34.0261","Uganda","UG","UGA","Tororo","","14300","1800803785"
"Romitan Shahri","Romitan Shahri","39.9333","64.3833","Uzbekistan","UZ","UZB","Buxoro","minor","14300","1860913419"
"Sariosiyo","Sariosiyo","38.4133","67.9572","Uzbekistan","UZ","UZB","Surxondaryo","","14300","1860882708"
"Chenôve","Chenove","47.2917","5.0081","France","FR","FRA","Bourgogne-Franche-Comté","","14299","1250661547"
"Kambainellūr","Kambainellur","12.2071","78.3187","India","IN","IND","Tamil Nādu","","14299","1356561953"
"Nantucket","Nantucket","41.2831","-70.0692","United States","US","USA","Massachusetts","","14299","1840053617"
"Rock Ferry","Rock Ferry","53.3730","-3.0080","United Kingdom","GB","GBR","Wirral","","14298","1826250027"
"Dayr al Barshā","Dayr al Barsha","27.7572","30.9100","Egypt","EG","EGY","Al Minyā","","14297","1818073234"
"Baruun-Urt","Baruun-Urt","46.6829","113.2786","Mongolia","MN","MNG","Sühbaatar","admin","14297","1496627655"
"Coronel Bogado","Coronel Bogado","-27.1700","-56.2500","Paraguay","PY","PRY","Itapúa","","14297","1600512741"
"Shirley","Shirley","51.3813","-0.0543","United Kingdom","GB","GBR","Croydon","","14296","1826702063"
"Krasnyy Kut","Krasnyy Kut","50.9500","46.9667","Russia","RU","RUS","Saratovskaya Oblast’","","14296","1643654009"
"Pollokshaws","Pollokshaws","55.8252","-4.2947","United Kingdom","GB","GBR","East Renfrewshire","","14295","1826777307"
"Algarrobo","Algarrobo","10.1000","-74.2667","Colombia","CO","COL","Magdalena","minor","14294","1170405852"
"Algarrobo","Algarrobo","10.1000","-74.2667","Colombia","CO","COL","Magdalena","","14294","1170512460"
"Buckingham","Buckingham","51.9950","-0.9860","United Kingdom","GB","GBR","Buckinghamshire","","14294","1826027326"
"Korangal","Korangal","17.1070","77.6270","India","IN","IND","Andhra Pradesh","","14294","1356182344"
"Omegna","Omegna","45.8781","8.4069","Italy","IT","ITA","Piedmont","","14294","1380579967"
"Eski Īkan","Eski Ikan","43.1833","68.5333","Kazakhstan","KZ","KAZ","Türkistan","","14294","1398338734"
"Ushkonyr","Ushkonyr","43.1942","76.5367","Kazakhstan","KZ","KAZ","Almaty","","14294","1398000774"
"Ochër","Ocher","57.8833","54.7333","Russia","RU","RUS","Permskiy Kray","minor","14294","1643072449"
"Ambohimanga Atsimo","Ambohimanga Atsimo","-20.8783","47.5928","Madagascar","MG","MDG","Fianarantsoa","","14293","1450661685"
"Orbetello","Orbetello","42.4394","11.2125","Italy","IT","ITA","Tuscany","","14292","1380129001"
"Našice","Nasice","45.4833","18.1000","Croatia","HR","HRV","Osječko-Baranjska Županija","minor","14291","1191359646"
"Sison","Sison","9.6592","125.5272","Philippines","PH","PHL","Surigao del Norte","","14290","1608527049"
"Krasnozavodsk","Krasnozavodsk","56.4333","38.2333","Russia","RU","RUS","Moskovskaya Oblast’","","14290","1643009707"
"Iona","Iona","26.5160","-81.9601","United States","US","USA","Florida","","14290","1840028702"
"Chiaravalle","Chiaravalle","43.5997","13.3257","Italy","IT","ITA","Marche","","14289","1380566953"
"Altınekin","Altinekin","38.3078","32.8686","Turkey","TR","TUR","Konya","minor","14289","1792784602"
"Chard","Chard","50.8728","-2.9587","United Kingdom","GB","GBR","Somerset","","14287","1826438736"
"Anantarāzupeta","Anantarazupeta","14.0014","79.3319","India","IN","IND","Andhra Pradesh","","14287","1356328441"
"Bariariyā","Bariariya","26.5105","84.7165","India","IN","IND","Bihār","","14287","1356092761"
"Bousso","Bousso","10.4825","16.7161","Chad","TD","TCD","Chari-Baguirmi","","14286","1148720066"
"Ban Don Kaeo","Ban Don Kaeo","18.8567","98.9689","Thailand","TH","THA","Chiang Mai","","14286","1764651646"
"Shimada","Shimada","40.5990","141.3976","Japan","JP","JPN","Aomori","","14282","1392783715"
"Mjölby","Mjolby","58.3321","15.1312","Sweden","SE","SWE","Östergötland","minor","14282","1752185099"
"Gualdo Tadino","Gualdo Tadino","43.2333","12.7833","Italy","IT","ITA","Umbria","","14281","1380252231"
"New Kingman-Butler","New Kingman-Butler","35.2645","-114.0091","United States","US","USA","Arizona","","14281","1840037118"
"Ungutūru","Unguturu","16.8230","81.4238","India","IN","IND","Andhra Pradesh","","14280","1356443968"
"East Milton","East Milton","30.6175","-86.9636","United States","US","USA","Florida","","14280","1840025112"
"Benito Juárez","Benito Juarez","-37.6667","-59.7833","Argentina","AR","ARG","Buenos Aires","minor","14279","1032382110"
"Bikkavolu","Bikkavolu","16.9500","82.0500","India","IN","IND","Andhra Pradesh","","14278","1356624036"
"Biały Kamień","Bialy Kamien","50.7814","16.2539","Poland","PL","POL","Dolnośląskie","","14278","1616208893"
"Puxinanã","Puxinana","-7.1608","-35.9608","Brazil","BR","BRA","Paraíba","minor","14277","1076989636"
"Patcham","Patcham","50.8640","-0.1500","United Kingdom","GB","GBR","Brighton and Hove","","14277","1826835720"
"Santa Maria a Vico","Santa Maria a Vico","41.0333","14.4833","Italy","IT","ITA","Campania","","14277","1380703992"
"El Barrio de la Soledad","El Barrio de la Soledad","16.8000","-95.1167","Mexico","MX","MEX","Oaxaca","","14277","1484814019"
"Razan","Razan","35.3925","49.0331","Iran","IR","IRN","Hamadān","minor","14275","1364076890"
"Nkhata Bay","Nkhata Bay","-11.6333","34.3000","Malawi","MW","MWI","Nkhata Bay","admin","14274","1454517378"
"Ucar","Ucar","40.5183","47.6542","Azerbaijan","AZ","AZE","Ucar","admin","14273","1031822434"
"Ghaura","Ghaura","24.5059","79.0781","India","IN","IND","Madhya Pradesh","","14273","1356126141"
"Vedasandūr","Vedasandur","10.5310","77.9502","India","IN","IND","Tamil Nādu","","14273","1356044131"
"Mongeri","Mongeri","8.3207","-11.7343","Sierra Leone","SL","SLE","Southern","","14273","1694288062"
"Ban Nong Kula","Ban Nong Kula","16.6500","99.9500","Thailand","TH","THA","Phitsanulok","","14273","1764676544"
"Pak Thong Chai","Pak Thong Chai","14.7167","102.0167","Thailand","TH","THA","Nakhon Ratchasima","minor","14272","1764718877"
"Ban Tha Thong","Ban Tha Thong","16.8582","100.2291","Thailand","TH","THA","Phitsanulok","","14270","1764306656"
"Tendrara","Tendrara","33.0500","-2.0000","Morocco","MA","MAR","Oriental","","14269","1504340310"
"Ciénega de Flores","Cienega de Flores","25.9500","-100.1833","Mexico","MX","MEX","Nuevo León","minor","14268","1484782533"
"Pineville","Pineville","31.3414","-92.4096","United States","US","USA","Louisiana","","14268","1840014963"
"Bökönbaev","Bokonbaev","42.1100","76.9900","Kyrgyzstan","KG","KGZ","Ysyk-Köl","minor","14267","1417321497"
"Manoharpur","Manoharpur","22.3746","85.1923","India","IN","IND","Jhārkhand","","14265","1356895889"
"Det Udom","Det Udom","14.9060","105.0784","Thailand","TH","THA","Ubon Ratchathani","minor","14264","1764920064"
"Weston","Weston","53.4130","-2.7980","United Kingdom","GB","GBR","Halton","","14263","1826832575"
"Mannūr","Mannur","17.2994","76.0984","India","IN","IND","Karnātaka","","14263","1356143550"
"Mionica","Mionica","44.2500","20.0833","Serbia","RS","SRB","Mionica","admin","14263","1688862283"
"Poynton","Poynton","53.3500","-2.1167","United Kingdom","GB","GBR","Cheshire East","","14260","1826399707"
"Morokweng","Morokweng","-26.1270","23.7750","South Africa","ZA","ZAF","North West","","14260","1710258346"
