"Gołdap","Goldap","54.3161","22.3094","Poland","PL","POL","Warmińsko-Mazurskie","minor","13378","1616193832"
"Moody","Moody","33.5986","-86.4963","United States","US","USA","Alabama","","13378","1840014770"
"Várzea Nova","Varzea Nova","-11.2589","-40.9419","Brazil","BR","BRA","Bahia","minor","13377","1076669086"
"San José de Maipo","San Jose de Maipo","-33.6400","-70.3531","Chile","CL","CHL","Región Metropolitana","","13376","1152128380"
"Paruchūru","Paruchuru","15.9670","80.2750","India","IN","IND","Andhra Pradesh","","13375","1356304321"
"Ribeira Brava","Ribeira Brava","32.6722","-17.0639","Portugal","PT","PRT","Madeira","","13375","1620853683"
"Sainte-Sophie","Sainte-Sophie","45.8200","-73.9000","Canada","CA","CAN","Quebec","","13375","1124001574"
"Blue Ash","Blue Ash","39.2480","-84.3827","United States","US","USA","Ohio","","13374","1840003812"
"Pottsville","Pottsville","40.6798","-76.2091","United States","US","USA","Pennsylvania","","13374","1840002775"
"Wake","Wake","34.8028","134.1575","Japan","JP","JPN","Okayama","","13373","1392389367"
"Aghbala","Aghbala","32.4833","-5.6333","Morocco","MA","MAR","Béni Mellal-Khénifra","","13373","1504000722"
"Sault Ste. Marie","Sault Ste. Marie","46.4817","-84.3723","United States","US","USA","Michigan","","13373","1840003938"
"Amity","Amity","40.2905","-75.7477","United States","US","USA","Pennsylvania","","13373","1840151686"
"Boechout","Boechout","51.1594","4.4923","Belgium","BE","BEL","Flanders","","13372","1056225265"
"Chino Valley","Chino Valley","34.7594","-112.4120","United States","US","USA","Arizona","","13372","1840022753"
"Kawatana","Kawatana","33.0728","129.8614","Japan","JP","JPN","Nagasaki","","13370","1392003444"
"Margraten","Margraten","50.8225","5.8203","Netherlands","NL","NLD","Limburg","","13370","1528721027"
"Feldbach","Feldbach","46.9500","15.8833","Austria","AT","AUT","Steiermark","minor","13369","1040342228"
"Saint Budeaux","Saint Budeaux","50.4033","-4.1856","United Kingdom","GB","GBR","Plymouth","","13369","1826218483"
"Grez-Doiceau","Grez-Doiceau","50.7333","4.7000","Belgium","BE","BEL","Wallonia","","13368","1056606953"
"Bāgli","Bagli","22.6412","76.3488","India","IN","IND","Madhya Pradesh","","13368","1356499857"
"Zollikon","Zollikon","47.3422","8.5783","Switzerland","CH","CHE","Zürich","","13367","1756438023"
"Calle Larga","Calle Larga","-32.8831","-70.6486","Chile","CL","CHL","Valparaíso","","13366","1152509615"
"Douar Oulad Nader","Douar Oulad Nader","32.3278","-6.5006","Morocco","MA","MAR","Béni Mellal-Khénifra","","13366","1504911149"
"Barka Parbatta","Barka Parbatta","25.3396","87.0576","India","IN","IND","Bihār","","13365","1356452934"
"Hatoyama","Hatoyama","35.9814","139.3341","Japan","JP","JPN","Saitama","","13365","1392003229"
"El Almendro","El Almendro","11.6833","-84.7000","Nicaragua","NI","NIC","Río San Juan","minor","13363","1558104640"
"Bischofsheim","Bischofsheim","49.9833","8.3500","Germany","DE","DEU","Hesse","","13362","1276670052"
"Arzachena","Arzachena","41.0801","9.3880","Italy","IT","ITA","Sardegna","","13362","1380105084"
"Washington","Washington","40.1741","-80.2465","United States","US","USA","Pennsylvania","","13361","1840003668"
"Shawangunk","Shawangunk","41.6335","-74.2654","United States","US","USA","New York","","13361","1840087908"
"Charlton","Charlton","42.1351","-71.9680","United States","US","USA","Massachusetts","","13359","1840053584"
"Yengema","Yengema","8.7144","-11.1706","Sierra Leone","SL","SLE","Eastern","","13358","1694224678"
"Zehak","Zehak","30.8933","61.6789","Iran","IR","IRN","Sīstān va Balūchestān","minor","13357","1364240166"
"Lake Forest Park","Lake Forest Park","47.7574","-122.2864","United States","US","USA","Washington","","13356","1840019837"
"Hantsavichy","Hantsavichy","52.7500","26.4333","Belarus","BY","BLR","Brestskaya Voblasts’","minor","13355","1112778811"
"Franconia","Franconia","40.3055","-75.3590","United States","US","USA","Pennsylvania","","13355","1840102936"
"Mangalapur","Mangalapur","13.6245","79.5803","India","IN","IND","Andhra Pradesh","","13353","1356401073"
"Słupca","Slupca","52.3000","17.8667","Poland","PL","POL","Wielkopolskie","minor","13353","1616372877"
"Pell City","Pell City","33.5610","-86.2669","United States","US","USA","Alabama","","13353","1840014771"
"Western Springs","Western Springs","41.8023","-87.9006","United States","US","USA","Illinois","","13353","1840011333"
"Atlantic Beach","Atlantic Beach","30.3375","-81.4127","United States","US","USA","Florida","","13353","1840013956"
"Egg Buckland","Egg Buckland","50.4006","-4.1136","United Kingdom","GB","GBR","Plymouth","","13351","1826735321"
"Makwassie","Makwassie","-27.3167","25.9833","South Africa","ZA","ZAF","North West","","13351","1710051570"
"Tiorpāra","Tiorpara","22.2380","88.5614","India","IN","IND","West Bengal","","13350","1356566924"
"Mucur","Mucur","39.0636","34.3783","Turkey","TR","TUR","Kırşehir","minor","13350","1792744709"
"Port-Alfred","Port-Alfred","48.3333","-70.8833","Canada","CA","CAN","Quebec","","13350","1124108942"
"Bijai","Bijai","25.4711","87.0874","India","IN","IND","Bihār","","13349","1356213954"
"Udachnyy","Udachnyy","66.4000","112.3167","Russia","RU","RUS","Sakha (Yakutiya)","","13349","1643138235"
"Oxford","Oxford","42.1286","-71.8665","United States","US","USA","Massachusetts","","13349","1840053601"
"Sabana Iglesia","Sabana Iglesia","19.3300","-70.7500","Dominican Republic","DO","DOM","Cibao Norte","","13348","1214409279"
"Henderson","Henderson","32.1576","-94.7960","United States","US","USA","Texas","","13348","1840020767"
"Saarwellingen","Saarwellingen","49.3500","6.8333","Germany","DE","DEU","Saarland","","13347","1276467371"
"Kotor","Kotor","42.4300","18.7700","Montenegro","ME","MNE","Kotor","admin","13347","1499573612"
"Cadereyta","Cadereyta","20.6910","-99.8190","Mexico","MX","MEX","Querétaro","minor","13347","1484014263"
"Clinton","Clinton","40.6315","-74.8553","United States","US","USA","New Jersey","","13347","1840003604"
"Peabiru","Peabiru","-23.9128","-52.3428","Brazil","BR","BRA","Paraná","minor","13346","1076249784"
"Nattappettai","Nattappettai","12.8187","79.7493","India","IN","IND","Tamil Nādu","","13346","1356365336"
"Sigli","Sigli","15.0631","75.4667","India","IN","IND","Karnātaka","","13346","1356206388"
"Shetpe","Shetpe","44.1667","52.1167","Kazakhstan","KZ","KAZ","Mangghystaū","minor","13346","1398066409"
"Zbarazh","Zbarazh","49.6667","25.7778","Ukraine","UA","UKR","Ternopilska Oblast","","13346","1804980168"
"Conway","Conway","28.4968","-81.3316","United States","US","USA","Florida","","13346","1840013121"
"Vemulapūdi","Vemulapudi","17.6087","82.6138","India","IN","IND","Andhra Pradesh","","13345","1356480875"
"El Carmen","El Carmen","13.7167","-88.9000","El Salvador","SV","SLV","Cuscatlán","","13345","1222575606"
"Harrison","Harrison","44.1935","-88.2941","United States","US","USA","Wisconsin","","13345","1840038103"
"Payyanadam","Payyanadam","11.0108","76.4457","India","IN","IND","Kerala","","13344","1356909394"
"Nesconset","Nesconset","40.8467","-73.1522","United States","US","USA","New York","","13344","1840005051"
"Człuchów","Czluchow","53.6500","17.3667","Poland","PL","POL","Pomorskie","minor","13343","1616601877"
"Bedburg","Bedburg","51.7667","6.1833","Germany","DE","DEU","North Rhine-Westphalia","","13341","1276539122"
"Buli","Buli","14.4430","121.0510","Philippines","PH","PHL","Muntinlupa","","13341","1608451344"
"Steamboat Springs","Steamboat Springs","40.4777","-106.8243","United States","US","USA","Colorado","","13341","1840021374"
"Pazhanji","Pazhanji","10.6885","76.0505","India","IN","IND","Kerala","","13339","1356143998"
"Karapürçek","Karapurcek","40.6425","30.5386","Turkey","TR","TUR","Sakarya","minor","13339","1792042219"
"Mangalāpuram","Mangalapuram","11.5667","78.3788","India","IN","IND","Tamil Nādu","","13337","1356224150"
"Rezzato","Rezzato","45.5150","10.3175","Italy","IT","ITA","Lombardy","","13337","1380707152"
"Bonita","Bonita","32.6651","-117.0296","United States","US","USA","California","","13336","1840018015"
"Serrolândia","Serrolandia","-11.4158","-40.3019","Brazil","BR","BRA","Bahia","minor","13335","1076239269"
"Yantzaza","Yantzaza","-3.8500","-78.7500","Ecuador","EC","ECU","Zamora-Chinchipe","minor","13335","1218094886"
"Marungūr","Marungur","8.1721","77.5037","India","IN","IND","Tamil Nādu","","13335","1356204785"
"Rājpur","Rajpur","25.0768","84.2055","India","IN","IND","Bihār","","13334","1356396028"
"Alzano Lombardo","Alzano Lombardo","45.7317","9.7283","Italy","IT","ITA","Lombardy","","13334","1380900977"
"Kumlu","Kumlu","36.3728","36.4528","Turkey","TR","TUR","Hatay","minor","13333","1792271557"
"Kingston","Kingston","41.2652","-75.8876","United States","US","USA","Pennsylvania","","13333","1840000756"
"Chandi","Chandi","22.3503","88.2828","India","IN","IND","West Bengal","","13332","1356146343"
"Sant’Angelo Lodigiano","Sant'Angelo Lodigiano","45.2389","9.4097","Italy","IT","ITA","Lombardy","","13331","1380951177"
"Cusset","Cusset","46.1353","3.4572","France","FR","FRA","Auvergne-Rhône-Alpes","","13329","1250595334"
"Hillcrest","Hillcrest","-29.7800","30.7628","South Africa","ZA","ZAF","KwaZulu-Natal","","13329","1710122351"
"Itapuí","Itapui","-22.2333","-48.7192","Brazil","BR","BRA","São Paulo","minor","13328","1076494773"
"Puerto Morazán","Puerto Morazan","12.8500","-87.1833","Nicaragua","NI","NIC","Chinandega","","13328","1558742913"
"Val-des-Monts","Val-des-Monts","45.6500","-75.6667","Canada","CA","CAN","Quebec","","13328","1124001051"
"Franklin Park","Franklin Park","40.4439","-74.5431","United States","US","USA","New Jersey","","13327","1840039889"
"North Fair Oaks","North Fair Oaks","37.4754","-122.2034","United States","US","USA","California","","13327","1840028325"
"Tórshavn","Torshavn","62.0000","-6.7833","Faroe Islands","FO","FRO","Tórshavn","primary","13326","1234904517"
"Amarpura","Amarpura","26.3667","73.9833","India","IN","IND","Rājasthān","","13326","1356854535"
"Santa Maria a Monte","Santa Maria a Monte","43.7000","10.6833","Italy","IT","ITA","Tuscany","","13326","1380753148"
"Dambal","Dambal","15.2960","75.7737","India","IN","IND","Karnātaka","","13325","1356008490"
"Ashton","Ashton","-33.8347","20.0547","South Africa","ZA","ZAF","Western Cape","","13325","1710554296"
"Portland","Portland","36.5921","-86.5239","United States","US","USA","Tennessee","","13325","1840014418"
"Tiruvārpu","Tiruvarpu","9.5811","76.4749","India","IN","IND","Kerala","","13324","1356161362"
"Pataili","Pataili","25.7872","85.8316","India","IN","IND","Bihār","","13324","1356933920"
"Kodinsk","Kodinsk","58.6833","99.1833","Russia","RU","RUS","Krasnoyarskiy Kray","minor","13324","1643232820"
"Okkerneutboom","Okkerneutboom","-24.5950","31.1390","South Africa","ZA","ZAF","Limpopo","","13324","1710148389"
"Bexley","Bexley","39.9650","-82.9343","United States","US","USA","Ohio","","13324","1840003759"
"Hösbach","Hosbach","50.0000","9.2000","Germany","DE","DEU","Bavaria","","13323","1276827182"
"Bacup","Bacup","53.7040","-2.1990","United Kingdom","GB","GBR","Lancashire","","13323","1826120221"
"Dohta","Dohta","26.1071","87.9091","India","IN","IND","Bihār","","13323","1356946301"
"Coatesville","Coatesville","39.9849","-75.8200","United States","US","USA","Pennsylvania","","13323","1840001424"
"Beamsville","Beamsville","43.1710","-79.4767","Canada","CA","CAN","Ontario","","13323","1124672291"
"Hanımçiftliği","Hanimciftligi","38.3833","38.3333","Turkey","TR","TUR","Malatya","","13322","1792147557"
"South Daytona","South Daytona","29.1657","-81.0055","United States","US","USA","Florida","","13322","1840015950"
"Saint-Amable","Saint-Amable","45.6500","-73.3000","Canada","CA","CAN","Quebec","","13322","1124000904"
"Bachhauta","Bachhauta","25.5242","86.4606","India","IN","IND","Bihār","","13321","1356866644"
"Kiiminki","Kiiminki","65.1333","25.7750","Finland","FI","FIN","Pohjois-Pohjanmaa","","13320","1246609687"
"Bonneville","Bonneville","46.0797","6.4014","France","FR","FRA","Auvergne-Rhône-Alpes","minor","13320","1250437955"
"Carluke","Carluke","55.7340","-3.8340","United Kingdom","GB","GBR","South Lanarkshire","","13320","1826058388"
"Manerbio","Manerbio","45.3667","10.1333","Italy","IT","ITA","Lombardy","","13319","1380871035"
"Kuurne","Kuurne","50.8500","3.2833","Belgium","BE","BEL","Flanders","","13318","1056459162"
"Dumariā","Dumaria","26.7652","84.3964","India","IN","IND","Bihār","","13317","1356718086"
"Farādonbeh","Faradonbeh","32.0064","51.2175","Iran","IR","IRN","Chahār Maḩāl va Bakhtīārī","","13317","1364199475"
"Santa Marcela","Santa Marcela","18.2872","121.4375","Philippines","PH","PHL","Apayao","","13317","1608825041"
"Morąg","Morag","53.9167","19.9333","Poland","PL","POL","Warmińsko-Mazurskie","","13317","1616114206"
"Wąbrzeźno","Wabrzezno","53.2833","18.9500","Poland","PL","POL","Kujawsko-Pomorskie","minor","13317","1616122226"
"Petushki","Petushki","55.9333","39.4667","Russia","RU","RUS","Vladimirskaya Oblast’","minor","13317","1643011606"
"Buşrá al Ḩarīr","Busra al Harir","32.8402","36.3418","Syria","SY","SYR","Dar‘ā","","13315","1760065014"
"Düzköy","Duzkoy","40.8742","39.4256","Turkey","TR","TUR","Trabzon","minor","13312","1792021967"
"Ounagha","Ounagha","31.5333","-9.5500","Morocco","MA","MAR","Marrakech-Safi","","13310","1504589161"
"Chifubu","Chifubu","-12.9333","28.6167","Zambia","ZM","ZMB","Copperbelt","","13307","1894511606"
"Sidi Abd el Moumene","Sidi Abd el Moumene","35.6528","0.0139","Algeria","DZ","DZA","Mascara","","13306","1012411970"
"Nārāyangarh","Narayangarh","24.2708","75.0501","India","IN","IND","Madhya Pradesh","","13306","1356079928"
"Butler","Butler","40.8616","-79.8962","United States","US","USA","Pennsylvania","","13306","1840000857"
"Ban Na Chom Thian","Ban Na Chom Thian","12.8356","100.9264","Thailand","TH","THA","Chon Buri","","13305","1764606820"
"Ambodilazana","Ambodilazana","-18.1000","49.1667","Madagascar","MG","MDG","Toamasina","","13304","1450502468"
"Grimstad","Grimstad","58.3405","8.5934","Norway","NO","NOR","Agder","minor","13304","1578703293"
"Camaná","Camana","-16.6167","-72.7167","Peru","PE","PER","Arequipa","","13304","1604379091"
"Trenton","Trenton","39.4792","-84.4620","United States","US","USA","Ohio","","13304","1840003805"
"Kāgvād","Kagvad","16.4800","74.7800","India","IN","IND","Mahārāshtra","","13303","1356059342"
"Rosas","Rosas","2.2667","-76.7500","Colombia","CO","COL","Cauca","minor","13302","1170048993"
"Bouskene","Bouskene","36.1833","3.2333","Algeria","DZ","DZA","Médéa","","13302","1012674329"
"Sweden","Sweden","43.1791","-77.9406","United States","US","USA","New York","","13302","1840087957"
"Stocksbridge","Stocksbridge","53.4780","-1.5880","United Kingdom","GB","GBR","Sheffield","","13301","1826907758"
"Makarska","Makarska","43.2931","17.0200","Croatia","HR","HRV","Splitsko-Dalmatinska Županija","minor","13301","1191012753"
"Kadena","Kadena","26.3617","127.7553","Japan","JP","JPN","Okinawa","","13301","1392320952"
"Saint-Jean-de-Védas","Saint-Jean-de-Vedas","43.5772","3.8247","France","FR","FRA","Occitanie","","13300","1250545862"
"Shiremoor","Shiremoor","55.0366","-1.5048","United Kingdom","GB","GBR","North Tyneside","","13300","1826653309"
"Kusa","Kusa","55.3500","59.4500","Russia","RU","RUS","Chelyabinskaya Oblast’","minor","13300","1643204008"
"Nishon Tumani","Nishon Tumani","38.6558","65.6994","Uzbekistan","UZ","UZB","Qashqadaryo","","13300","1860315743"
"Charxin","Charxin","39.6967","66.7686","Uzbekistan","UZ","UZB","Samarqand","","13300","1860828377"
"Östringen","Ostringen","49.2194","8.7108","Germany","DE","DEU","Baden-Württemberg","","13299","1276810660"
"Ras El Oued","Ras El Oued","34.3390","-4.5558","Morocco","MA","MAR","Fès-Meknès","","13299","1504323676"
"Olfen","Olfen","51.7167","7.3833","Germany","DE","DEU","North Rhine-Westphalia","","13298","1276474415"
"Goh","Goh","24.9845","84.6498","India","IN","IND","Bihār","","13297","1356422757"
"Callaway","Callaway","30.1349","-85.5568","United States","US","USA","Florida","","13297","1840013958"
"Albatera","Albatera","38.1786","-0.8681","Spain","ES","ESP","Valencia","","13296","1724280918"
"Ponte San Giovanni","Ponte San Giovanni","43.0897","12.4456","Italy","IT","ITA","Umbria","","13296","1380000108"
"Reeuwijk","Reeuwijk","52.0500","4.7300","Netherlands","NL","NLD","Zuid-Holland","","13296","1528903557"
"Penrith","Penrith","-33.7511","150.6942","Australia","AU","AUS","New South Wales","","13295","1036796452"
"Sirhāli Kalān","Sirhali Kalan","31.2783","74.9414","India","IN","IND","Punjab","","13295","1356211889"
"Ratnāpuram","Ratnapuram","18.6283","79.5517","India","IN","IND","Andhra Pradesh","","13293","1356503205"
"Undrājavaram","Undrajavaram","16.7866","81.6997","India","IN","IND","Andhra Pradesh","","13293","1356797513"
"Pushing","Pushing","38.1833","69.4333","Tajikistan","TJ","TJK","Khatlon","","13293","1762385172"
"Maní","Mani","4.8167","-72.2833","Colombia","CO","COL","Casanare","minor","13291","1170495978"
"Dębno","Debno","52.7333","14.7000","Poland","PL","POL","Zachodniopomorskie","","13291","1616728902"
"Arendonk","Arendonk","51.3226","5.0845","Belgium","BE","BEL","Flanders","","13290","1056153119"
"Soyaniquilpan","Soyaniquilpan","19.9892","-99.4361","Mexico","MX","MEX","México","minor","13290","1484895616"
"Badhoevedorp","Badhoevedorp","52.3333","4.7833","Netherlands","NL","NLD","Noord-Holland","","13290","1528100185"
"San Rafael Oriente","San Rafael Oriente","13.3833","-88.3500","El Salvador","SV","SLV","San Miguel","","13290","1222301206"
"Oued Tlélat","Oued Tlelat","35.5500","-0.4500","Algeria","DZ","DZA","Oran","","13289","1012265788"
"Padaivedu","Padaivedu","11.4401","77.8089","India","IN","IND","Tamil Nādu","","13287","1356166710"
"Trubchevsk","Trubchevsk","52.5667","33.7667","Russia","RU","RUS","Bryanskaya Oblast’","","13287","1643481460"
"El Tabo","El Tabo","-33.4586","-71.6619","Chile","CL","CHL","Valparaíso","","13286","1152719676"
"Catemu","Catemu","-32.8828","-70.6483","Chile","CL","CHL","Valparaíso","","13285","1152810666"
"Korenovsk","Korenovsk","45.4686","39.4519","Russia","RU","RUS","Krasnodarskiy Kray","minor","13284","1643474762"
"Woodland Park","Woodland Park","40.8904","-74.1946","United States","US","USA","New Jersey","","13284","1840056421"
"Aginiparru","Aginiparru","16.6817","80.7839","India","IN","IND","Andhra Pradesh","","13283","1356998058"
"Marietta","Marietta","39.4241","-81.4465","United States","US","USA","Ohio","","13282","1840001545"
"Annāmalainagar","Annamalainagar","11.4000","79.7333","India","IN","IND","Tamil Nādu","","13281","1356979937"
"Kūhbil","Kuhbil","36.5169","41.9605","Iraq","IQ","IRQ","Nīnawá","","13281","1368670995"
"Bayt Sāḩūr","Bayt Sahur","31.7009","35.2263","West Bank","XW","XWB","","","13281","1934945594"
"Kings Park West","Kings Park West","38.8151","-77.2960","United States","US","USA","Virginia","","13281","1840041769"
"Inajá","Inaja","-8.9030","-37.8270","Brazil","BR","BRA","Pernambuco","minor","13280","1076678213"
"Pānchgani","Panchgani","17.9250","73.8000","India","IN","IND","Mahārāshtra","","13280","1356363420"
"Loveland","Loveland","39.2677","-84.2733","United States","US","USA","Ohio","","13280","1840003809"
"Guillena","Guillena","37.5333","-6.0500","Spain","ES","ESP","Andalusia","","13279","1724767687"
"Fatehpur","Fatehpur","25.5089","85.1939","India","IN","IND","Bihār","","13279","1356353116"
"Prattipādu","Prattipadu","16.1878","80.3392","India","IN","IND","Andhra Pradesh","","13279","1356837402"
"Vetralla","Vetralla","42.3106","12.0792","Italy","IT","ITA","Lazio","","13279","1380933431"
"Standish","Standish","53.5860","-2.6640","United Kingdom","GB","GBR","Wigan","","13278","1826196984"
"Gura Humorului","Gura Humorului","47.5539","25.8892","Romania","RO","ROU","Suceava","","13278","1642117970"
"Beverungen","Beverungen","51.6628","9.3725","Germany","DE","DEU","North Rhine-Westphalia","","13277","1276597510"
"Ayancık","Ayancik","41.9500","34.5833","Turkey","TR","TUR","Sinop","minor","13277","1792845166"
"Ettāpur","Ettapur","11.6625","78.4764","India","IN","IND","Tamil Nādu","","13276","1356005422"
"İkizce","Ikizce","41.0531","37.0769","Turkey","TR","TUR","Ordu","minor","13276","1792639602"
"New Hanover","New Hanover","40.3145","-75.5566","United States","US","USA","Pennsylvania","","13276","1840103521"
"Graulhet","Graulhet","43.7617","1.9892","France","FR","FRA","Occitanie","","13275","1250475546"
"Tummanatti","Tummanatti","11.4284","76.7585","India","IN","IND","Tamil Nādu","","13275","1356750225"
"Montepulciano","Montepulciano","43.1000","11.7833","Italy","IT","ITA","Tuscany","","13274","1380295341"
"Hawaiian Paradise Park","Hawaiian Paradise Park","19.5828","-154.9695","United States","US","USA","Hawaii","","13273","1840029582"
"Sterling","Sterling","40.6205","-103.1925","United States","US","USA","Colorado","","13273","1840021377"
"West Boldon","West Boldon","54.9450","-1.4410","United Kingdom","GB","GBR","South Tyneside","","13271","1826523613"
"Raghunāthpur","Raghunathpur","25.5615","84.3050","India","IN","IND","Bihār","","13271","1356365003"
"Ŭrtaowul","Urtaowul","41.1908","69.1494","Uzbekistan","UZ","UZB","Toshkent","","13271","1860578331"
"Portage La Prairie","Portage La Prairie","49.9728","-98.2919","Canada","CA","CAN","Manitoba","","13270","1124282782"
"Joaquim Nabuco","Joaquim Nabuco","-8.6239","-35.5328","Brazil","BR","BRA","Pernambuco","minor","13269","1076344424"
"Thame","Thame","51.7500","-0.9700","United Kingdom","GB","GBR","Oxfordshire","","13269","1826274943"
"Buttar","Buttar","31.0038","75.3973","India","IN","IND","Punjab","","13269","1356502615"
"Clayton","Clayton","39.8689","-84.3292","United States","US","USA","Ohio","","13269","1840010584"
"Modakkurichchi","Modakkurichchi","11.2329","77.7794","India","IN","IND","Tamil Nādu","","13268","1356167384"
"Żnin","Znin","52.8500","17.7000","Poland","PL","POL","Kujawsko-Pomorskie","minor","13268","1616616613"
"Zehdenick","Zehdenick","52.9833","13.3333","Germany","DE","DEU","Brandenburg","","13267","1276607810"
"Tega Cay","Tega Cay","35.0390","-81.0111","United States","US","USA","South Carolina","","13267","1840015488"
"Bugugoucun","Bugugoucun","41.6904","117.4483","China","CN","CHN","Hebei","","13266","1156450424"
"Cremlingen","Cremlingen","52.2489","10.6542","Germany","DE","DEU","Lower Saxony","","13266","1276495554"
"Lourdes","Lourdes","43.0942","-0.0469","France","FR","FRA","Occitanie","","13266","1250430295"
"Ban Chomphu Nuea","Ban Chomphu Nuea","16.6833","100.6667","Thailand","TH","THA","Phitsanulok","","13266","1764044071"
"Kingersheim","Kingersheim","47.7922","7.3386","France","FR","FRA","Grand Est","","13265","1250069091"
"Skoghall","Skoghall","59.3333","13.4333","Sweden","SE","SWE","Värmland","minor","13265","1752185362"
"Šternberk","Sternberk","49.7306","17.2989","Czechia","CZ","CZE","Olomoucký Kraj","","13264","1203827138"
"Tanagura","Tanagura","37.0299","140.3796","Japan","JP","JPN","Fukushima","","13264","1392922842"
"Tarhūnah","Tarhunah","32.4339","13.6344","Libya","LY","LBY","Ţarābulus","","13264","1434109178"
"Rābor","Rabor","29.2903","56.9133","Iran","IR","IRN","Kermān","minor","13263","1364476007"
"Los Chiles","Los Chiles","10.9639","-84.5990","Costa Rica","CR","CRI","Alajuela","","13262","1188974834"
"Torredonjimeno","Torredonjimeno","37.7667","-3.9500","Spain","ES","ESP","Andalusia","","13261","1724172384"
"Betanzos","Betanzos","43.2792","-8.2106","Spain","ES","ESP","Galicia","","13261","1724011741"
"Tergnier","Tergnier","49.6564","3.2883","France","FR","FRA","Hauts-de-France","","13261","1250044921"
"Peringom","Peringom","12.2236","75.3139","India","IN","IND","Kerala","","13261","1356083465"
"Baş Göynük","Bas Goynuk","41.3258","47.1136","Azerbaijan","AZ","AZE","Şəki","","13260","1031767565"
"Linlithgow","Linlithgow","55.9791","-3.6105","United Kingdom","GB","GBR","West Lothian","","13260","1826000089"
"Torquay","Torquay","-38.3333","144.3167","Australia","AU","AUS","Victoria","","13258","1036765457"
"Liangwancun","Liangwancun","28.5034","104.2611","China","CN","CHN","Yunnan","","13258","1156673586"
"Karivalamvandanallūr","Karivalamvandanallur","9.2715","77.5416","India","IN","IND","Tamil Nādu","","13258","1356203361"
"Doddipatla","Doddipatla","16.5167","81.8436","India","IN","IND","Andhra Pradesh","","13258","1356959809"
"Aldeia de Paio Pires","Aldeia de Paio Pires","38.6272","-9.0761","Portugal","PT","PRT","Setúbal","","13258","1620232437"
"Knutsford","Knutsford","53.3025","-2.3708","United Kingdom","GB","GBR","Cheshire East","","13256","1826240471"
"Ourtzagh","Ourtzagh","34.5500","-4.9333","Morocco","MA","MAR","Fès-Meknès","","13256","1504945412"
"El Tablón","El Tablon","1.4269","-77.0969","Colombia","CO","COL","Nariño","minor","13255","1170509980"
"Īnderbor","Inderbor","48.5500","51.7833","Kazakhstan","KZ","KAZ","Atyraū","minor","13254","1398316274"
"Solonytsivka","Solonytsivka","49.9869","36.0619","Ukraine","UA","UKR","Kharkivska Oblast","","13254","1804926194"
"Sheerness","Sheerness","51.4410","0.7600","United Kingdom","GB","GBR","Kent","","13252","1826263896"
"Cedar Grove","Cedar Grove","40.8565","-74.2288","United States","US","USA","New Jersey","","13252","1840081752"
"Peshkopi","Peshkopi","41.6833","20.4281","Albania","AL","ALB","Dibër","admin","13251","1008412550"
"Arês","Ares","-6.1939","-35.1600","Brazil","BR","BRA","Rio Grande do Norte","minor","13251","1076599761"
"Medway","Medway","42.1535","-71.4291","United States","US","USA","Massachusetts","","13251","1840053674"
"Montespertoli","Montespertoli","43.6500","11.0833","Italy","IT","ITA","Tuscany","","13250","1380899851"
"Huntington","Huntington","38.7916","-77.0740","United States","US","USA","Virginia","","13250","1840006030"
"Muragācha","Muragacha","22.6960","88.4200","India","IN","IND","West Bengal","","13249","1356999062"
"La Victoria","La Victoria","4.5214","-76.0364","Colombia","CO","COL","Valle del Cauca","minor","13247","1170932962"
"Fehmarnsund","Fehmarnsund","54.4454","11.1702","Germany","DE","DEU","Schleswig-Holstein","","13247","1276306503"
"Dingle","Dingle","53.3774","-2.9613","United Kingdom","GB","GBR","Liverpool","","13246","1826286712"
"Sumbha","Sumbha","25.5789","86.3608","India","IN","IND","Bihār","","13246","1356013417"
"Paraíso do Norte","Paraiso do Norte","-23.2808","-52.6019","Brazil","BR","BRA","Paraná","minor","13245","1076269054"
"Usumatlán","Usumatlan","14.9489","-89.7767","Guatemala","GT","GTM","Zacapa","minor","13245","1320983656"
"Kuttyattur","Kuttyattur","11.9754","75.4927","India","IN","IND","Kerala","","13244","1356206291"
"Ad Duraykīsh","Ad Duraykish","34.8951","36.1430","Syria","SY","SYR","Ţarţūs","minor","13244","1760515031"
"Puerto San Martín","Puerto San Martin","-32.7167","-60.7333","Argentina","AR","ARG","Santa Fe","","13243","1032928261"
"Pé de Serra","Pe de Serra","-11.8339","-39.6128","Brazil","BR","BRA","Bahia","minor","13243","1076313589"
"Chhapra","Chhapra","26.4005","85.3721","India","IN","IND","Bihār","","13242","1356942378"
"Ortaklar","Ortaklar","37.8833","27.5000","Turkey","TR","TUR","Aydın","minor","13242","1792405965"
"Zhashkiv","Zhashkiv","49.2358","30.1111","Ukraine","UA","UKR","Cherkaska Oblast","","13242","1804691013"
"Connersville","Connersville","39.6582","-85.1410","United States","US","USA","Indiana","","13241","1840007318"
"Manivilundān","Manivilundan","11.6004","78.7169","India","IN","IND","Tamil Nādu","","13240","1356244165"
"Lubsko","Lubsko","51.7833","14.9667","Poland","PL","POL","Lubuskie","","13240","1616174794"
"Mouvaux","Mouvaux","50.7039","3.1414","France","FR","FRA","Hauts-de-France","","13239","1250337691"
"Dharmaram","Dharmaram","18.3038","79.4892","India","IN","IND","Andhra Pradesh","","13239","1356091555"
"Fernandina Beach","Fernandina Beach","30.6571","-81.4511","United States","US","USA","Florida","","13239","1840013929"
"North Greenbush","North Greenbush","42.6706","-73.6633","United States","US","USA","New York","","13239","1840087735"
"Daulatnagar","Daulatnagar","25.3216","87.8443","India","IN","IND","West Bengal","","13235","1356122184"
"Aïn Youcef","Ain Youcef","35.0500","-1.3667","Algeria","DZ","DZA","Tlemcen","","13234","1012281811"
"Nanjai Kilābādi","Nanjai Kilabadi","11.2658","77.7700","India","IN","IND","Tamil Nādu","","13234","1356167399"
"Dharphari","Dharphari","26.1501","84.9564","India","IN","IND","Bihār","","13234","1356009147"
"Casandrino","Casandrino","40.9333","14.2500","Italy","IT","ITA","Campania","","13234","1380625213"
"Schleiden","Schleiden","50.5331","6.4667","Germany","DE","DEU","North Rhine-Westphalia","","13233","1276198974"
"Casatenovo","Casatenovo","45.6983","9.3117","Italy","IT","ITA","Lombardy","","13233","1380592679"
"Star","Star","43.7026","-116.4914","United States","US","USA","Idaho","","13231","1840021279"
"Damaishan","Damaishan","24.5006","112.2754","China","CN","CHN","Guangdong","","13230","1156858739"
"Perladka","Perladka","12.6426","75.1049","India","IN","IND","Kerala","","13230","1356433918"
"Ivaí","Ivai","-25.0108","-50.8589","Brazil","BR","BRA","Paraná","minor","13229","1076679254"
"Santa Juana","Santa Juana","-37.1660","-72.9330","Chile","CL","CHL","Biobío","","13228","1152335973"
"La Grange Park","La Grange Park","41.8308","-87.8723","United States","US","USA","Illinois","","13227","1840011256"
"Terebovlya","Terebovlya","49.3000","25.6903","Ukraine","UA","UKR","Ternopilska Oblast","","13226","1804560427"
"Accokeek","Accokeek","38.6745","-77.0023","United States","US","USA","Maryland","","13226","1840005943"
"Sebt Labrikiyne","Sebt Labrikiyne","32.2944","-8.0722","Morocco","MA","MAR","Marrakech-Safi","","13225","1504100244"
"Roding","Roding","49.2000","12.5167","Germany","DE","DEU","Bavaria","","13224","1276027598"
"Sābang","Sabang","22.1830","87.5990","India","IN","IND","West Bengal","","13224","1356188574"
"Adygeysk","Adygeysk","44.8832","39.1902","Russia","RU","RUS","Adygeya","minor","13224","1643365200"
"Afir","Afir","36.7676","3.7029","Algeria","DZ","DZA","Boumerdes","","13223","1012675026"
"Mahalpur","Mahalpur","31.3618","76.0377","India","IN","IND","Punjab","","13223","1356794919"
"Gopālasamudram","Gopalasamudram","8.6747","77.6379","India","IN","IND","Tamil Nādu","","13223","1356203301"
"Waconia","Waconia","44.8422","-93.7896","United States","US","USA","Minnesota","","13223","1840010008"
"California","California","38.2969","-76.4949","United States","US","USA","Maryland","","13223","1840006228"
"Newton","Newton","35.6630","-81.2335","United States","US","USA","North Carolina","","13223","1840014523"
"Domžale","Domzale","46.1394","14.5950","Slovenia","SI","SVN","Domžale","admin","13222","1705822721"
"Mesudiye","Mesudiye","40.4625","37.7725","Turkey","TR","TUR","Ordu","minor","13221","1792237188"
"Nioaque","Nioaque","-21.1350","-55.8300","Brazil","BR","BRA","Mato Grosso do Sul","minor","13220","1076087049"
"Basseterre","Basseterre","17.3000","-62.7333","Saint Kitts and Nevis","KN","KNA","Saint George Basseterre","primary","13220","1659198919"
"Derecik","Derecik","37.0830","44.3110","Turkey","TR","TUR","Hakkâri","","13220","1792649716"
"Jūla Buzarg","Jula Buzarg","19.4639","76.9861","India","IN","IND","Mahārāshtra","","13219","1356594198"
"Yakage","Yakage","34.6275","133.5872","Japan","JP","JPN","Okayama","","13218","1392939800"
"Tafrant","Tafrant","34.6250","-5.1242","Morocco","MA","MAR","Fès-Meknès","","13217","1504722056"
"Harrison","Harrison","36.2438","-93.1198","United States","US","USA","Arkansas","","13217","1840013327"
"Muriedas","Muriedas","43.4303","-3.8603","Spain","ES","ESP","Cantabria","","13216","1724481585"
"Pácora","Pacora","5.5258","-75.4589","Colombia","CO","COL","Caldas","minor","13214","1170478424"
"Arsali","Arsali","24.3754","83.5903","India","IN","IND","Jhārkhand","","13214","1356616827"
"Mathurāpur","Mathurapur","24.9073","85.9836","India","IN","IND","Bihār","","13214","1356236454"
"Wickede","Wickede","51.4964","7.8658","Germany","DE","DEU","North Rhine-Westphalia","","13213","1276828839"
"El Esnam","El Esnam","36.3211","4.0139","Algeria","DZ","DZA","Bouira","","13213","1012386357"
"Bichkunda","Bichkunda","18.4000","77.7167","India","IN","IND","Andhra Pradesh","","13213","1356419572"
"Shin'onsen","Shin'onsen","35.6167","134.4500","Japan","JP","JPN","Hyōgo","","13213","1392003167"
"Blegny","Blegny","50.6667","5.7333","Belgium","BE","BEL","Wallonia","","13212","1056021214"
"Lariano","Lariano","41.7333","12.8333","Italy","IT","ITA","Lazio","","13212","1380374934"
"Fátima","Fatima","39.6256","-8.6658","Portugal","PT","PRT","Santarém","","13212","1620677968"
"Aguilar","Aguilar","37.5167","-4.6500","Spain","ES","ESP","Andalusia","","13210","1724391215"
"Yamato","Yamato","32.6858","130.8358","Japan","JP","JPN","Kumamoto","","13210","1392003078"
"Kathevaram","Kathevaram","16.2610","80.6360","India","IN","IND","Andhra Pradesh","","13209","1356570574"
"Khiria","Khiria","25.6047","87.4578","India","IN","IND","Bihār","","13209","1356527725"
"San Martino di Lupari","San Martino di Lupari","45.6557","11.8594","Italy","IT","ITA","Veneto","","13209","1380028466"
"Villa González Ortega","Villa Gonzalez Ortega","22.5136","-101.9189","Mexico","MX","MEX","Zacatecas","minor","13208","1484927187"
"Walsall Wood","Walsall Wood","52.6277","-1.9301","United Kingdom","GB","GBR","Walsall","","13207","1826891290"
"Ambohidronono","Ambohidronono","-18.7611","48.0264","Madagascar","MG","MDG","Toamasina","","13206","1450192899"
"El Sobrante","El Sobrante","33.8724","-117.4624","United States","US","USA","California","","13206","1840075804"
"Bondāda","Bondada","16.5295","81.4549","India","IN","IND","Andhra Pradesh","","13205","1356484226"
"Chulumani","Chulumani","-16.6833","-67.8667","Bolivia","BO","BOL","La Paz","","13204","1068146431"
"Brieselang","Brieselang","52.5833","13.0000","Germany","DE","DEU","Brandenburg","","13204","1276596392"
"Beyla","Beyla","8.6833","-8.6333","Guinea","GN","GIN","N’Zérékoré","minor","13204","1324564039"
"Sankt Georgen im Schwarzwald","Sankt Georgen im Schwarzwald","48.1247","8.3308","Germany","DE","DEU","Baden-Württemberg","","13203","1276384519"
"Værløse","Vaerlose","55.7825","12.3686","Denmark","DK","DNK","Hovedstaden","","13203","1208862489"
"Novellara","Novellara","44.8500","10.7333","Italy","IT","ITA","Emilia-Romagna","","13203","1380114632"
"Noceto","Noceto","44.8098","10.1773","Italy","IT","ITA","Emilia-Romagna","","13203","1380187452"
"Douar Sidi Laaroussi","Douar Sidi Laaroussi","31.8450","-9.1586","Morocco","MA","MAR","Marrakech-Safi","","13202","1504954714"
"Benairia","Benairia","36.3500","1.3833","Algeria","DZ","DZA","Chlef","","13200","1012515960"
"Zima","Zima","53.9167","102.0500","Russia","RU","RUS","Irkutskaya Oblast’","minor","13200","1643510813"
"Xaafuun","Xaafuun","10.4167","51.2667","Somalia","SO","SOM","Bari","","13200","1706739156"
"Rosbach vor der Höhe","Rosbach vor der Hohe","50.2986","8.7006","Germany","DE","DEU","Hesse","","13199","1276636774"
"Tonakkal","Tonakkal","8.6312","76.9555","India","IN","IND","Kerala","","13198","1356162248"
"Guttal","Guttal","14.8333","75.6333","India","IN","IND","Karnātaka","","13198","1356063552"
"Aïn Lechiakh","Ain Lechiakh","36.1569","2.4042","Algeria","DZ","DZA","Aïn Defla","","13196","1012316027"
"Tempio Pausania","Tempio Pausania","40.9015","9.1044","Italy","IT","ITA","Sardegna","minor","13196","1380832522"
"Southwick","Southwick","50.8360","-0.2390","United Kingdom","GB","GBR","West Sussex","","13195","1826708962"
"Jaidte Lbatma","Jaidte Lbatma","31.6806","-7.7281","Morocco","MA","MAR","Marrakech-Safi","","13193","1504017587"
"Bombarral","Bombarral","39.2672","-9.1581","Portugal","PT","PRT","Leiria","minor","13193","1620112554"
"Chenggong","Chenggong","23.1167","121.3500","Taiwan","TW","TWN","Taitung","","13193","1158560266"
"Bundāla","Bundala","31.5333","74.9833","India","IN","IND","Punjab","","13192","1356723444"
"Gmunden","Gmunden","47.9181","13.7994","Austria","AT","AUT","Oberösterreich","minor","13191","1040670341"
"Mutterstadt","Mutterstadt","49.4333","8.3500","Germany","DE","DEU","Rhineland-Palatinate","","13191","1276681342"
"Hüllhorst","Hullhorst","52.2833","8.6667","Germany","DE","DEU","North Rhine-Westphalia","","13189","1276646127"
"Hissāramuruvani","Hissaramuruvani","15.7710","77.4194","India","IN","IND","Andhra Pradesh","","13189","1356635083"
"Orangeburg","Orangeburg","33.4928","-80.8671","United States","US","USA","South Carolina","","13189","1840014812"
"Liedekerke","Liedekerke","50.8667","4.0833","Belgium","BE","BEL","Flanders","","13188","1056222350"
"Jobat","Jobat","22.4160","74.5683","India","IN","IND","Madhya Pradesh","","13188","1356471365"
"Vila Pouca de Aguiar","Vila Pouca de Aguiar","41.4833","-7.6333","Portugal","PT","PRT","Vila Real","minor","13187","1620331126"
"Green Valley","Green Valley","39.3414","-77.2400","United States","US","USA","Maryland","","13187","1840133409"
"Santa Ana","Santa Ana","9.9320","-84.1760","Costa Rica","CR","CRI","San José","","13186","1188252548"
"Palsāna","Palsana","27.5121","75.3260","India","IN","IND","Rājasthān","","13186","1356898090"
"Ban Khlong","Ban Khlong","16.8353","100.2320","Thailand","TH","THA","Phitsanulok","","13186","1764509673"
"Rio de Contas","Rio de Contas","-13.5789","-41.8108","Brazil","BR","BRA","Bahia","minor","13184","1076754744"
"Villacidro","Villacidro","39.4578","8.7424","Italy","IT","ITA","Sardegna","minor","13184","1380833253"
"Castelnuovo di Verona","Castelnuovo di Verona","45.4333","10.7667","Italy","IT","ITA","Veneto","","13184","1380923037"
"Agua de Dios","Agua de Dios","4.3781","-74.6739","Colombia","CO","COL","Cundinamarca","minor","13182","1170261758"
"Mārathalli","Marathalli","12.1500","77.1000","India","IN","IND","Karnātaka","","13182","1356719858"
"Treuchtlingen","Treuchtlingen","48.9553","10.9094","Germany","DE","DEU","Bavaria","","13181","1276141545"
"San Clemente","San Clemente","15.7119","120.3603","Philippines","PH","PHL","Tarlac","","13181","1608579832"
"Oncativo","Oncativo","-31.9167","-63.6667","Argentina","AR","ARG","Córdoba","","13180","1032751442"
"Parvomay","Parvomay","42.1000","25.2167","Bulgaria","BG","BGR","Plovdiv","","13180","1100284082"
"Fraserburgh","Fraserburgh","57.6930","-2.0050","United Kingdom","GB","GBR","Aberdeenshire","","13180","1826713495"
"Herbrechtingen","Herbrechtingen","48.6253","10.1739","Germany","DE","DEU","Baden-Württemberg","","13179","1276327261"
"Olympia Heights","Olympia Heights","25.7240","-80.3388","United States","US","USA","Florida","","13179","1840014247"
"Lincolnwood","Lincolnwood","42.0054","-87.7330","United States","US","USA","Illinois","","13179","1840011259"
"Sovetskoe","Sovetskoe","41.0518","72.7397","Kyrgyzstan","KG","KGZ","Jalal-Abad","","13178","1417936909"
"Auria","Auria","24.8563","87.0112","India","IN","IND","Bihār","","13177","1356826386"
"Hashikami","Hashikami","40.4525","141.6211","Japan","JP","JPN","Aomori","","13176","1392003105"
"Cariamanga","Cariamanga","-4.3200","-79.5600","Ecuador","EC","ECU","Loja","minor","13175","1218774934"
"Santa Teresa","Santa Teresa","-25.0167","-53.5667","Brazil","BR","BRA","Paraná","minor","13174","1076296224"
"Bagadó","Bagado","5.4167","-76.4167","Colombia","CO","COL","Chocó","minor","13174","1170462492"
"Mānikpur","Manikpur","25.1339","86.6777","India","IN","IND","Bihār","","13174","1356061598"
"Kiskőrös","Kiskoros","46.6203","19.2836","Hungary","HU","HUN","Bács-Kiskun","minor","13173","1348641106"
"Melilli","Melilli","37.1833","15.1167","Italy","IT","ITA","Sicilia","","13171","1380628157"
"Penamalūru","Penamaluru","16.4681","80.7194","India","IN","IND","Andhra Pradesh","","13170","1356199565"
"Druskininkai","Druskininkai","54.0206","23.9725","Lithuania","LT","LTU","Druskininkai","admin","13170","1440489111"
"Bou Arada","Bou Arada","36.3500","9.6167","Tunisia","TN","TUN","Siliana","","13170","1788598968"
"River Ridge","River Ridge","29.9593","-90.2202","United States","US","USA","Louisiana","","13170","1840013995"
"Qal‘eh Ganj","Qal`eh Ganj","27.5250","57.8800","Iran","IR","IRN","Kermān","minor","13169","1364072799"
"Casale sul Sile","Casale sul Sile","45.5988","12.3243","Italy","IT","ITA","Veneto","","13168","1380855247"
"Khoyniki","Khoyniki","51.8892","29.9644","Belarus","BY","BLR","Homyel’skaya Voblasts’","minor","13167","1112972491"
"Ridgefield Park","Ridgefield Park","40.8543","-74.0201","United States","US","USA","New Jersey","","13167","1840000898"
"Enriquillo","Enriquillo","17.9000","-71.2333","Dominican Republic","DO","DOM","Enriquillo","","13164","1214173250"
"Leżajsk","Lezajsk","50.2667","22.4333","Poland","PL","POL","Podkarpackie","minor","13164","1616610279"
"Hājan","Hajan","34.2989","74.6168","India","IN","IND","Jammu and Kashmīr","","13163","1356406781"
"Trebur","Trebur","49.9250","8.4056","Germany","DE","DEU","Hesse","","13162","1276689795"
"Samālsar","Samalsar","30.6364","74.9983","India","IN","IND","Punjab","","13161","1356305754"
"Santa María de Ipire","Santa Maria de Ipire","8.8156","-65.3225","Venezuela","VE","VEN","Guárico","minor","13161","1862961193"
"Arzgir","Arzgir","45.3694","44.2281","Russia","RU","RUS","Stavropol’skiy Kray","minor","13160","1643130198"
"Monteux","Monteux","44.0361","4.9970","France","FR","FRA","Provence-Alpes-Côte d’Azur","","13159","1250058114"
"Miahuatlán","Miahuatlan","18.2833","-97.2833","Mexico","MX","MEX","Puebla","minor","13159","1484451722"
"Vestby","Vestby","59.6051","10.7524","Norway","NO","NOR","Viken","","13159","1578197278"
"Ban Chorakhe Samphan","Ban Chorakhe Samphan","14.3278","99.8554","Thailand","TH","THA","Suphan Buri","","13157","1764660410"
"’Aïn Mouilah","'Ain Mouilah","34.7500","3.4833","Algeria","DZ","DZA","Djelfa","","13155","1012992575"
"Zabaykalsk","Zabaykalsk","49.6514","117.3269","Russia","RU","RUS","Zabaykal’skiy Kray","minor","13154","1643974760"
"Oulad Chikh","Oulad Chikh","32.8544","-7.5386","Morocco","MA","MAR","Casablanca-Settat","","13153","1504262708"
"Villa Juárez","Villa Juarez","27.1278","-109.8426","Mexico","MX","MEX","Sonora","minor","13153","1484467834"
"Mulungu do Morro","Mulungu do Morro","-11.9658","-41.6389","Brazil","BR","BRA","Bahia","minor","13152","1076271115"
"Villa Sandino","Villa Sandino","12.0500","-84.9833","Nicaragua","NI","NIC","Chontales","minor","13152","1558762382"
"Igrapiúna","Igrapiuna","-13.8258","-39.1419","Brazil","BR","BRA","Bahia","minor","13151","1076750964"
"Mahao","Mahao","26.8675","108.3267","China","CN","CHN","Guizhou","","13151","1156500145"
"Matsushima","Matsushima","38.3802","141.0673","Japan","JP","JPN","Miyagi","","13151","1392903558"
"Capaya","Capaya","10.4286","-66.2717","Venezuela","VE","VEN","Miranda","","13151","1862251461"
"Dorado","Dorado","18.4657","-66.2726","Puerto Rico","PR","PRI","Puerto Rico","","13151","1630023736"
"Drochia","Drochia","48.0333","27.7500","Moldova","MD","MDA","Drochia","admin","13150","1498968635"
"Karabanovo","Karabanovo","56.3167","38.7000","Russia","RU","RUS","Vladimirskaya Oblast’","","13150","1643955513"
"Celebration","Celebration","28.3102","-81.5510","United States","US","USA","Florida","","13150","1840014138"
"South Glengarry","South Glengarry","45.2000","-74.5833","Canada","CA","CAN","Ontario","","13150","1124001506"
"Hulkoti","Hulkoti","15.4333","75.5333","India","IN","IND","Karnātaka","","13149","1356580585"
"Barsbüttel","Barsbuttel","53.5689","10.1711","Germany","DE","DEU","Hamburg","","13148","1276921067"
"Santa María Jalapa del Marqués","Santa Maria Jalapa del Marques","16.4401","-95.4434","Mexico","MX","MEX","Oaxaca","minor","13148","1484628971"
"Tinglayan","Tinglayan","17.2650","121.1489","Philippines","PH","PHL","Kalinga","","13148","1608957422"
"Rio do Antônio","Rio do Antonio","-14.4108","-42.0758","Brazil","BR","BRA","Bahia","minor","13146","1076833793"
"Nako","Nako","-29.6481","27.7336","Lesotho","LS","LSO","Maseru","","13146","1426816465"
"Cypress Lake","Cypress Lake","26.5392","-81.8999","United States","US","USA","Florida","","13145","1840029032"
"Gibraleón","Gibraleon","37.3753","-6.9694","Spain","ES","ESP","Andalusia","","13144","1724585426"
"Autun","Autun","46.9517","4.2994","France","FR","FRA","Bourgogne-Franche-Comté","minor","13144","1250474820"
"Ban Nong Hoi","Ban Nong Hoi","18.7500","99.0167","Thailand","TH","THA","Chiang Mai","","13144","1764993744"
"Chañaral","Chanaral","-26.3444","-70.6219","Chile","CL","CHL","Atacama","minor","13143","1152993625"
"Vigodarzere","Vigodarzere","45.4814","11.8738","Italy","IT","ITA","Veneto","","13143","1380176970"
"Singuilucan","Singuilucan","19.9675","-98.5178","Mexico","MX","MEX","Hidalgo","minor","13143","1484024966"
"Głuchołazy","Glucholazy","50.3131","17.3742","Poland","PL","POL","Opolskie","","13143","1616458381"
"Alovera","Alovera","40.5967","-3.2481","Spain","ES","ESP","Castille-La Mancha","","13142","1724090496"
"Ketsch","Ketsch","49.3658","8.5336","Germany","DE","DEU","Baden-Württemberg","","13141","1276661701"
"Hamworthy","Hamworthy","50.7207","-2.0109","United Kingdom","GB","GBR","Bournemouth, Christchurch and Poole","","13141","1826152071"
"Bajala","Bajala","12.8537","74.8853","India","IN","IND","Karnātaka","","13141","1356317866"
"Crispiano","Crispiano","40.6000","17.2333","Italy","IT","ITA","Puglia","","13139","1380058805"
"Webb City","Webb City","37.1412","-94.4676","United States","US","USA","Missouri","","13139","1840010878"
"Sali","Sali","25.9606","-0.0275","Algeria","DZ","DZA","Adrar","","13138","1012996789"
"Bålsta","Balsta","59.5833","17.5000","Sweden","SE","SWE","Uppsala","minor","13138","1752539011"
"Pacatuba","Pacatuba","-10.4533","-36.6514","Brazil","BR","BRA","Sergipe","","13137","1076001109"
"Dardenne Prairie","Dardenne Prairie","38.7565","-90.7319","United States","US","USA","Missouri","","13137","1840007428"
"Superior","Superior","39.9340","-105.1588","United States","US","USA","Colorado","","13136","1840022425"
"Kaua Kol","Kaua Kol","24.8447","85.8867","India","IN","IND","Bihār","","13135","1356077753"
"Florham Park","Florham Park","40.7773","-74.3953","United States","US","USA","New Jersey","","13134","1840003582"
"Glendale","Glendale","43.1287","-87.9277","United States","US","USA","Wisconsin","","13134","1840003037"
"Sainte-Marie","Sainte-Marie","46.4500","-71.0333","Canada","CA","CAN","Quebec","","13134","1124650507"
"Latisana","Latisana","45.7833","13.0000","Italy","IT","ITA","Friuli Venezia Giulia","","13133","1380553278"
"Novi Bečej","Novi Becej","45.6000","20.1167","Serbia","RS","SRB","Novi Bečej","admin","13133","1688588712"
"Kaharlyk","Kaharlyk","49.8522","30.8092","Ukraine","UA","UKR","Kyivska Oblast","minor","13133","1804596715"
"Shīnīlē","Shinile","9.6667","41.8333","Ethiopia","ET","ETH","Sumalē","","13132","1231940232"
"Amboise","Amboise","47.4042","0.9800","France","FR","FRA","Centre-Val de Loire","","13132","1250134855"
"Gothva","Gothva","23.4781","72.5624","India","IN","IND","Gujarāt","","13132","1356152956"
"Mala Vyska","Mala Vyska","48.6500","31.6333","Ukraine","UA","UKR","Kirovohradska Oblast","minor","13132","1804230769"
"Bensekrane","Bensekrane","35.0667","-1.2167","Algeria","DZ","DZA","Tlemcen","","13130","1012963304"
"Whitby","Whitby","54.4858","-0.6206","United Kingdom","GB","GBR","North Yorkshire","","13130","1826806363"
"North Perth","North Perth","43.7300","-80.9500","Canada","CA","CAN","Ontario","","13130","1124000749"
"Sarezzo","Sarezzo","45.6500","10.2000","Italy","IT","ITA","Lombardy","","13129","1380756460"
"Qulan","Qulan","42.9100","72.7150","Kazakhstan","KZ","KAZ","Zhambyl","minor","13128","1398525079"
"Kofelē","Kofele","7.0000","38.7500","Ethiopia","ET","ETH","Oromīya","","13127","1231392237"
"Tetāri","Tetari","25.3757","87.0691","India","IN","IND","Bihār","","13126","1356504789"
"Berezne","Berezne","50.9967","26.7394","Ukraine","UA","UKR","Rivnenska Oblast","","13126","1804802755"
"Saktipur","Saktipur","23.8640","88.1987","India","IN","IND","West Bengal","","13123","1356407230"
"Ayodhyāpattanam","Ayodhyapattanam","11.6755","78.2409","India","IN","IND","Tamil Nādu","","13122","1356219753"
"Ba Chúc","Ba Chuc","10.5000","104.9000","Vietnam","VN","VNM","An Giang","","13122","1704637528"
"Püspökladány","Puspokladany","47.3197","21.1139","Hungary","HU","HUN","Hajdú-Bihar","minor","13121","1348038932"
"Berkeley Heights","Berkeley Heights","40.6764","-74.4244","United States","US","USA","New Jersey","","13121","1840081748"
"Cicuco","Cicuco","9.2667","-74.6500","Colombia","CO","COL","Bolívar","minor","13120","1170569018"
"Mount Vernon","Mount Vernon","38.7140","-77.1043","United States","US","USA","Virginia","","13120","1840006020"
"Las Vegas","Las Vegas","35.6011","-105.2206","United States","US","USA","New Mexico","","13120","1840020397"
"Sidmant al Jabal","Sidmant al Jabal","29.0856","30.9344","Egypt","EG","EGY","Al Fayyūm","","13119","1818324066"
"Barlinek","Barlinek","53.0000","15.2000","Poland","PL","POL","Zachodniopomorskie","","13119","1616433075"
"General Enrique Mosconi","General Enrique Mosconi","-22.6000","-63.8167","Argentina","AR","ARG","Salta","","13118","1032708180"
"Nemours","Nemours","48.2674","2.6970","France","FR","FRA","Île-de-France","","13118","1250798290"
"San Vicente","San Vicente","17.5947","120.3753","Philippines","PH","PHL","Ilocos Sur","","13118","1608946096"
"Alvorada D’Oeste","Alvorada D'Oeste","-11.3417","-62.2861","Brazil","BR","BRA","Rondônia","minor","13117","1076530041"
"Giporlos","Giporlos","11.1208","125.4494","Philippines","PH","PHL","Eastern Samar","","13117","1608760153"
"Soddy-Daisy","Soddy-Daisy","35.2571","-85.1739","United States","US","USA","Tennessee","","13117","1840035990"
"Koregaon","Koregaon","18.6456","74.0592","India","IN","IND","Mahārāshtra","","13116","1356565279"
"Silago","Silago","10.5291","125.1618","Philippines","PH","PHL","Southern Leyte","","13116","1608487781"
"Maqsūda","Maqsuda","26.2410","86.0585","India","IN","IND","Bihār","","13115","1356976484"
"Mahaboboka","Mahaboboka","-22.8982","44.3430","Madagascar","MG","MDG","Toliara","","13115","1450446461"
"Tubmanburg","Tubmanburg","6.8667","-10.8167","Liberia","LR","LBR","Bomi","admin","13114","1430503114"
"Altos","Altos","-25.2621","-57.2494","Paraguay","PY","PRY","Cordillera","","13114","1600982607"
"Iraci","Iraci","-8.8078","-35.9519","Brazil","BR","BRA","Pernambuco","minor","13113","1076000903"
"Wehr","Wehr","47.6297","7.9044","Germany","DE","DEU","Baden-Württemberg","","13113","1276432205"
"Wasserburg am Inn","Wasserburg am Inn","48.0617","12.2333","Germany","DE","DEU","Bavaria","","13112","1276900487"
"Betatao","Betatao","-18.2026","47.8886","Madagascar","MG","MDG","Antananarivo","","13112","1450435049"
"Barhī","Barhi","24.3045","85.4195","India","IN","IND","Jhārkhand","","13111","1356431545"
"Toura","Toura","11.2436","2.3831","Benin","BJ","BEN","Alibori","","13110","1204764388"
"Brig-Glis","Brig-Glis","46.3159","7.9876","Switzerland","CH","CHE","Valais","minor","13109","1756778801"
"Quattro Castella","Quattro Castella","44.6333","10.4667","Italy","IT","ITA","Emilia-Romagna","","13109","1380509604"
"Miarinarivo","Miarinarivo","-18.9608","46.9036","Madagascar","MG","MDG","Antananarivo","minor","13109","1450403783"
"Lake Station","Lake Station","41.5729","-87.2599","United States","US","USA","Indiana","","13109","1840008195"
"Shitāb Diāra","Shitab Diara","25.7563","84.6133","India","IN","IND","Bihār","","13108","1356138394"
"Sargūr","Sargur","11.9997","76.3961","India","IN","IND","Karnātaka","","13108","1356430206"
"Bergen","Bergen","51.5992","6.0336","Netherlands","NL","NLD","Limburg","minor","13108","1528008506"
"Phalaborwa","Phalaborwa","-23.9333","31.1167","South Africa","ZA","ZAF","Limpopo","","13108","1710768568"
"Kanabūr","Kanabur","13.3523","75.4517","India","IN","IND","Karnātaka","","13107","1356968867"
"Kallūr","Kallur","16.1405","77.2081","India","IN","IND","Karnātaka","","13107","1356064038"
"Gland","Gland","46.4200","6.2700","Switzerland","CH","CHE","Vaud","","13106","1756505867"
"Rājupālem","Rajupalem","15.1385","79.9960","India","IN","IND","Andhra Pradesh","","13106","1356902831"
"São Domingos","Sao Domingos","-13.3983","-46.3183","Brazil","BR","BRA","Goiás","minor","13103","1076319800"
"Wantage","Wantage","51.5890","-1.4270","United Kingdom","GB","GBR","Oxfordshire","","13103","1826123790"
"Tirumakūdal Narsipur","Tirumakudal Narsipur","12.2121","76.9018","India","IN","IND","Karnātaka","","13103","1356885614"
"Mountain Park","Mountain Park","33.8458","-84.1314","United States","US","USA","Georgia","","13102","1840143063"
"Pavona","Pavona","41.7167","12.6167","Italy","IT","ITA","Lazio","","13100","1380467506"
"Carpinteria","Carpinteria","34.3962","-119.5118","United States","US","USA","California","","13100","1840019187"
"Fyzabad","Fyzabad","10.1833","-61.5500","Trinidad and Tobago","TT","TTO","Siparia","","13099","1780514222"
