"Gurramkonda","Gurramkonda","13.7822","78.5900","India","IN","IND","Andhra Pradesh","","15158","1356284759"
"Nazaré","Nazare","39.6000","-9.0667","Portugal","PT","PRT","Leiria","minor","15158","1620000054"
"Meruoca","Meruoca","-3.5419","-40.4550","Brazil","BR","BRA","Ceará","minor","15157","1076314792"
"Mátészalka","Mateszalka","47.9431","22.3167","Hungary","HU","HUN","Szabolcs-Szatmár-Bereg","minor","15157","1348758097"
"Lebanon","Lebanon","37.6717","-92.6603","United States","US","USA","Missouri","","15157","1840008711"
"Poděbrady","Podebrady","50.1425","15.1189","Czechia","CZ","CZE","Středočeský Kraj","","15156","1203251007"
"Blaydon","Blaydon","54.9630","-1.7190","United Kingdom","GB","GBR","Gateshead","","15155","1826275133"
"Winkfield","Winkfield","51.4318","-0.7096","United Kingdom","GB","GBR","Bracknell Forest","","15152","1826199391"
"Chittarikal","Chittarikal","12.3234","75.3583","India","IN","IND","Kerala","","15152","1356444668"
"San Pedro Tapanatepec","San Pedro Tapanatepec","16.3667","-94.2000","Mexico","MX","MEX","Oaxaca","","15152","1484844084"
"Front Royal","Front Royal","38.9260","-78.1838","United States","US","USA","Virginia","","15152","1840006045"
"Kawaminami","Kawaminami","32.1919","131.5258","Japan","JP","JPN","Miyazaki","","15151","1392313930"
"Vincent","Vincent","34.0983","-117.9238","United States","US","USA","California","","15151","1840074687"
"Florencia","Florencia","10.3665","-84.4814","Costa Rica","CR","CRI","Alajuela","","15149","1188578028"
"New Brighton","New Brighton","53.4320","-3.0490","United Kingdom","GB","GBR","Wirral","","15149","1826841065"
"Poço Fundo","Poco Fundo","-21.7808","-45.9650","Brazil","BR","BRA","Minas Gerais","minor","15148","1076793223"
"Argun","Argun","43.2944","45.8839","Russia","RU","RUS","Chechnya","minor","15148","1643005496"
"Biritinga","Biritinga","-11.6169","-38.8000","Brazil","BR","BRA","Bahia","minor","15146","1076152180"
"Mallāpuram","Mallapuram","11.9823","78.2480","India","IN","IND","Tamil Nādu","","15145","1356979622"
"Hüyük","Huyuk","37.9519","31.5958","Turkey","TR","TUR","Konya","minor","15144","1792361232"
"Telua","Telua","26.6396","84.5108","India","IN","IND","Bihār","","15143","1356133939"
"Vicovu de Sus","Vicovu de Sus","47.9258","25.6800","Romania","RO","ROU","Suceava","","15143","1642275762"
"Alice","Alice","-32.7892","26.8350","South Africa","ZA","ZAF","Eastern Cape","","15143","1710093776"
"Glasgow","Glasgow","37.0048","-85.9263","United States","US","USA","Kentucky","","15141","1840013268"
"Canet de Mar","Canet de Mar","41.5833","2.5833","Spain","ES","ESP","Catalonia","","15140","1724398623"
"Belmont","Belmont","35.2212","-81.0401","United States","US","USA","North Carolina","","15140","1840013469"
"América Dourada","America Dourada","-11.4550","-41.4358","Brazil","BR","BRA","Bahia","minor","15137","1076121763"
"Castiglione del Lago","Castiglione del Lago","43.1271","12.0452","Italy","IT","ITA","Umbria","","15137","1380310295"
"Kontiolahti","Kontiolahti","62.7667","29.8500","Finland","FI","FIN","Pohjois-Karjala","minor","15136","1246150764"
"Horsham","Horsham","-36.7167","142.2000","Australia","AU","AUS","Victoria","","15134","1036654340"
"Kawasaki","Kawasaki","33.6000","130.8150","Japan","JP","JPN","Fukuoka","","15134","1392730705"
"Västerhaninge","Vasterhaninge","59.1167","18.1000","Sweden","SE","SWE","Stockholm","minor","15134","1752693403"
"Grodzisk Wielkopolski","Grodzisk Wielkopolski","52.2333","16.3667","Poland","PL","POL","Wielkopolskie","minor","15131","1616036580"
"Johnson City","Johnson City","42.1230","-75.9624","United States","US","USA","New York","","15130","1840004658"
"Mineral Wells","Mineral Wells","32.8169","-98.0776","United States","US","USA","Texas","","15130","1840020689"
"Gangāpur","Gangapur","25.5136","86.8957","India","IN","IND","Bihār","","15129","1356374719"
"Majiagoucha","Majiagoucha","37.5033","109.6303","China","CN","CHN","Shaanxi","","15128","1156112478"
"Ambohimierambe-Andranofito","Ambohimierambe-Andranofito","-19.7909","47.4258","Madagascar","MG","MDG","Antananarivo","","15127","1450911993"
"Bella Vista","Bella Vista","-27.0333","-65.3000","Argentina","AR","ARG","Tucumán","minor","15126","1032337057"
"Baiersbronn","Baiersbronn","48.5058","8.3711","Germany","DE","DEU","Baden-Württemberg","","15126","1276633374"
"Laxou","Laxou","48.6864","6.1528","France","FR","FRA","Grand Est","","15126","1250742857"
"Sansepolcro","Sansepolcro","43.5756","12.1439","Italy","IT","ITA","Tuscany","","15125","1380207996"
"Lóvua","Lovua","-7.3470","20.1751","Angola","AO","AGO","Lunda-Norte","","15124","1024086412"
"Bayserke","Bayserke","43.4797","77.0336","Kazakhstan","KZ","KAZ","Almaty","","15124","1398644775"
"Warni","Warni","18.5436","77.9072","India","IN","IND","Andhra Pradesh","","15123","1356627298"
"Srīvardhan","Srivardhan","18.0333","73.0167","India","IN","IND","Mahārāshtra","","15123","1356545269"
"Kutchan","Kutchan","42.9000","140.7667","Japan","JP","JPN","Hokkaidō","","15123","1392245778"
"Ban Na Kham","Ban Na Kham","14.0048","101.8409","Thailand","TH","THA","Prachin Buri","","15123","1764834379"
"Jaguapitã","Jaguapita","-23.1128","-51.5319","Brazil","BR","BRA","Paraná","minor","15122","1076089933"
"Tagounite","Tagounite","29.9585","-5.9151","Morocco","MA","MAR","Drâa-Tafilalet","","15122","1504500189"
"Zacualpan","Zacualpan","18.7197","-99.7800","Mexico","MX","MEX","México","minor","15121","1484694794"
"Mazagran","Mazagran","35.9019","0.7269","Algeria","DZ","DZA","Mostaganem","","15120","1012333313"
"Ashby de la Zouch","Ashby de la Zouch","52.7460","-1.4760","United Kingdom","GB","GBR","Leicestershire","","15120","1826304398"
"Xihuangni","Xihuangni","38.3575","113.8519","China","CN","CHN","Hebei","","15119","1156189817"
"Česká Třebová","Ceska Trebova","49.9019","16.4472","Czechia","CZ","CZE","Pardubický Kraj","","15119","1203262802"
"Astravyets","Astravyets","54.6136","25.9553","Belarus","BY","BLR","Hrodzyenskaya Voblasts’","minor","15116","1112665123"
"Vize","Vize","41.5736","27.7653","Turkey","TR","TUR","Kırklareli","minor","15116","1792206953"
"Illzach","Illzach","47.7831","7.3486","France","FR","FRA","Grand Est","","15115","1250260364"
"Aïn Mediouna","Ain Mediouna","34.5000","-4.5500","Morocco","MA","MAR","Fès-Meknès","","15115","1504603767"
"Rumst","Rumst","51.0833","4.4167","Belgium","BE","BEL","Flanders","","15114","1056887516"
"Koduman","Koduman","9.1917","76.8000","India","IN","IND","Kerala","","15114","1356161025"
"Tamaki","Tamaki","34.4833","136.6333","Japan","JP","JPN","Mie","","15113","1392003483"
"Cuarte de Huerva","Cuarte de Huerva","41.5833","-0.9167","Spain","ES","ESP","Aragon","","15112","1724381446"
"Radviliškis","Radviliskis","55.8000","23.5500","Lithuania","LT","LTU","Radviliškis","admin","15112","1440712589"
"Sakabansi","Sakabansi","10.0442","3.3821","Benin","BJ","BEN","Borgou","","15111","1204658968"
"Miraí","Mirai","-21.1953","-42.6142","Brazil","BR","BRA","Minas Gerais","minor","15111","1076394477"
"Maesawa","Maesawa","39.0500","141.1167","Japan","JP","JPN","Iwate","","15111","1392023085"
"Bhoj","Bhoj","16.5333","74.4500","India","IN","IND","Karnātaka","","15110","1356958224"
"Itki Thākurgaon","Itki Thakurgaon","23.3456","85.1114","India","IN","IND","Jhārkhand","","15108","1356191932"
"Khaira","Khaira","26.3433","87.1476","India","IN","IND","Bihār","","15108","1356244858"
"Chautham","Chautham","25.5439","86.6567","India","IN","IND","Bihār","","15107","1356148093"
"Doumanaba","Doumanaba","11.6750","-5.9314","Mali","ML","MLI","Sikasso","","15105","1466783109"
"Gondomar","Gondomar","42.1111","-8.7611","Spain","ES","ESP","Galicia","","15103","1724301277"
"Brake","Brake","53.3333","8.4833","Germany","DE","DEU","Lower Saxony","minor","15102","1276055035"
"Bilaua","Bilaua","26.0501","78.2752","India","IN","IND","Madhya Pradesh","","15102","1356056913"
"Kulunda","Kulunda","52.5827","78.9473","Russia","RU","RUS","Altayskiy Kray","","15102","1643649266"
"Fritzlar","Fritzlar","51.1333","9.2833","Germany","DE","DEU","Hesse","","15101","1276290750"
"Newtown","Newtown","39.9920","-75.4106","United States","US","USA","Pennsylvania","","15101","1840152845"
"Silvino Lobos","Silvino Lobos","12.3281","124.8464","Philippines","PH","PHL","Northern Samar","","15100","1608688340"
"Vandalia","Vandalia","39.8791","-84.1930","United States","US","USA","Ohio","","15100","1840003786"
"Markgröningen","Markgroningen","48.9047","9.0808","Germany","DE","DEU","Baden-Württemberg","","15099","1276236194"
"Nopala de Villagran","Nopala de Villagran","20.2528","-99.6433","Mexico","MX","MEX","Hidalgo","","15099","1484987808"
"Witzenhausen","Witzenhausen","51.3422","9.8578","Germany","DE","DEU","Hesse","","15097","1276417378"
"Kenmore","Kenmore","42.9646","-78.8713","United States","US","USA","New York","","15097","1840004386"
"Wülflingen","Wulflingen","47.5100","8.6830","Switzerland","CH","CHE","Zürich","","15096","1756013743"
"Huitzilan","Huitzilan","19.9667","-97.6833","Mexico","MX","MEX","Puebla","minor","15096","1484786185"
"Usingen","Usingen","50.3344","8.5375","Germany","DE","DEU","Hesse","","15095","1276509598"
"Galatone","Galatone","40.1500","18.0667","Italy","IT","ITA","Puglia","","15095","1380792497"
"Torelló","Torello","42.0495","2.2650","Spain","ES","ESP","Catalonia","","15093","1724191754"
"Ban Ton Thong Chai","Ban Ton Thong Chai","18.3375","99.5334","Thailand","TH","THA","Lampang","","15093","1764171016"
"Grenzach-Wyhlen","Grenzach-Wyhlen","47.5450","7.6758","Germany","DE","DEU","Baden-Württemberg","","15092","1276030397"
"Babhani Bholwa","Babhani Bholwa","26.0876","86.7456","India","IN","IND","Bihār","","15092","1356256590"
"Al Madāmūd","Al Madamud","25.7333","32.7125","Egypt","EG","EGY","Al Uqşur","","15091","1818431308"
"Tagoloan","Tagoloan","8.1333","124.2667","Philippines","PH","PHL","Lanao del Norte","","15091","1608053612"
"Highland Springs","Highland Springs","37.5516","-77.3285","United States","US","USA","Virginia","","15091","1840006391"
"Bhatranha","Bhatranha","25.9846","86.6348","India","IN","IND","Bihār","","15090","1356565056"
"Neustadt bei Coburg","Neustadt bei Coburg","50.3289","11.1211","Germany","DE","DEU","Bavaria","","15089","1276116282"
"Changamkari","Changamkari","9.6333","76.8667","India","IN","IND","Kerala","","15089","1356160805"
"Putaparti","Putaparti","14.1660","77.8110","India","IN","IND","Andhra Pradesh","","15088","1356082274"
"Cernavodă","Cernavoda","44.3381","28.0336","Romania","RO","ROU","Constanţa","","15088","1642042708"
"Rossville","Rossville","39.3572","-76.4767","United States","US","USA","Maryland","","15088","1840031398"
"Capotille","Capotille","19.4480","-71.6929","Haiti","HT","HTI","Nord-Est","","15086","1332991129"
"Kidal","Kidal","18.4333","1.4000","Mali","ML","MLI","Kidal","admin","15086","1466444510"
"Sooke","Sooke","48.3761","-123.7378","Canada","CA","CAN","British Columbia","","15086","1124034713"
"Tabhka Khās","Tabhka Khas","25.6518","85.9426","India","IN","IND","Bihār","","15084","1356969970"
"Berkley","Berkley","42.4986","-83.1853","United States","US","USA","Michigan","","15084","1840002437"
"Bad Wurzach","Bad Wurzach","47.9094","9.8994","Germany","DE","DEU","Baden-Württemberg","","15083","1276243830"
"Hasanpur","Hasanpur","26.1147","87.2319","India","IN","IND","Bihār","","15083","1356626949"
"Jadia","Jadia","26.0937","86.9852","India","IN","IND","Bihār","","15083","1356747886"
"Phôngsali","Phongsali","21.6833","102.1000","Laos","LA","LAO","Phôngsali","admin","15083","1418524729"
"Beech Grove","Beech Grove","39.7157","-86.0871","United States","US","USA","Indiana","","15082","1840007307"
"La Flèche","La Fleche","47.6959","-0.0747","France","FR","FRA","Pays de la Loire","minor","15081","1250450362"
"Bina","Bina","26.0792","86.6326","India","IN","IND","Bihār","","15079","1356257236"
"Laurinburg","Laurinburg","34.7602","-79.4773","United States","US","USA","North Carolina","","15079","1840014631"
"Bonheiden","Bonheiden","51.0224","4.5479","Belgium","BE","BEL","Flanders","","15078","1056704706"
"Issoire","Issoire","45.5450","3.2497","France","FR","FRA","Auvergne-Rhône-Alpes","minor","15078","1250940085"
"Makapanstad","Makapanstad","-25.2390","28.1160","South Africa","ZA","ZAF","North West","","15076","1710456011"
"West Park","West Park","25.9840","-80.1923","United States","US","USA","Florida","","15076","1840016002"
"Saint-Avertin","Saint-Avertin","47.3675","0.7278","France","FR","FRA","Centre-Val de Loire","","15075","1250209573"
"Kohīr","Kohir","17.6000","77.7167","India","IN","IND","Andhra Pradesh","","15075","1356364942"
"Natividade do Carangola","Natividade do Carangola","-21.0419","-41.9728","Brazil","BR","BRA","Rio de Janeiro","minor","15074","1076436673"
"Hatton","Hatton","6.8897","80.5981","Sri Lanka","LK","LKA","Central","","15073","1144603282"
"Campodarsego","Campodarsego","45.5000","11.9167","Italy","IT","ITA","Veneto","","15072","1380456540"
"Hasanganj","Hasanganj","26.7800","80.6700","India","IN","IND","Uttar Pradesh","","15071","1356117454"
"Clevelândia","Clevelandia","-26.3958","-52.4708","Brazil","BR","BRA","Paraná","minor","15070","1076001262"
"Mqam at Tolba","Mqam at Tolba","33.9375","-6.2544","Morocco","MA","MAR","Rabat-Salé-Kénitra","","15070","1504020296"
"Ipauçu","Ipaucu","-23.0569","-49.6267","Brazil","BR","BRA","São Paulo","minor","15069","1076000796"
"Grefrath","Grefrath","51.3333","6.3333","Germany","DE","DEU","North Rhine-Westphalia","","15069","1276931895"
"Büttelborn","Buttelborn","49.9000","8.5167","Germany","DE","DEU","Hesse","","15068","1276655872"
"Château-Thierry","Chateau-Thierry","49.0400","3.4000","France","FR","FRA","Hauts-de-France","minor","15068","1250189547"
"Mani","Mani","13.2600","-0.2094","Burkina Faso","BF","BFA","Est","","15066","1854799448"
"Peddapalle","Peddapalle","14.4046","78.9456","India","IN","IND","Andhra Pradesh","","15065","1356337770"
"Devendranagar","Devendranagar","24.6169","80.3789","India","IN","IND","Madhya Pradesh","","15065","1356740875"
"Depew","Depew","42.9118","-78.7043","United States","US","USA","New York","","15065","1840004397"
"Northenden","Northenden","53.4075","-2.2583","United Kingdom","GB","GBR","Manchester","","15064","1826100514"
"Ut Bulag","Ut Bulag","44.9089","82.2054","China","CN","CHN","Xinjiang","","15063","1156364809"
"Ogíjares","Ogijares","37.1167","-3.6000","Spain","ES","ESP","Andalusia","","15063","1724843693"
"Olonne-sur-Mer","Olonne-sur-Mer","46.5369","-1.7717","France","FR","FRA","Pays de la Loire","","15061","1250986690"
"Degtyarsk","Degtyarsk","56.7000","60.1167","Russia","RU","RUS","Sverdlovskaya Oblast’","","15061","1643565822"
"Sabou","Sabou","12.0667","-2.2333","Burkina Faso","BF","BFA","Centre-Ouest","","15060","1854948165"
"Bangor","Bangor","53.2280","-4.1280","United Kingdom","GB","GBR","Isle of Anglesey","","15060","1826969137"
"Washington","Washington","39.7494","-77.5579","United States","US","USA","Pennsylvania","","15060","1840146370"
"Alvinópolis","Alvinopolis","-20.1069","-43.0489","Brazil","BR","BRA","Minas Gerais","minor","15059","1076309584"
"Adilcevaz","Adilcevaz","38.8058","42.7469","Turkey","TR","TUR","Bitlis","minor","15059","1792411490"
"Pedara","Pedara","37.6167","15.0667","Italy","IT","ITA","Sicilia","","15058","1380359884"
"Andondabe","Andondabe","-17.7665","49.3793","Madagascar","MG","MDG","Toamasina","","15058","1450987708"
"Tatarikan","Tatarikan","7.7300","124.1200","Philippines","PH","PHL","Lanao del Sur","","15057","1608749088"
"Gantt","Gantt","34.7837","-82.4027","United States","US","USA","South Carolina","","15057","1840013492"
"Echuca","Echuca","-36.1333","144.7500","Australia","AU","AUS","Victoria","","15056","1036292989"
"Kanungu","Kanungu","-0.8969","29.7756","Uganda","UG","UGA","Kanungu","admin","15056","1800715667"
"Adams","Adams","40.7092","-80.0118","United States","US","USA","Pennsylvania","","15056","1840149061"
"Bolivia","Bolivia","22.0750","-78.3503","Cuba","CU","CUB","Ciego de Ávila","minor","15055","1192406744"
"Şuhut","Suhut","38.5333","30.5500","Turkey","TR","TUR","Afyonkarahisar","minor","15054","1792959774"
"Durham","Durham","43.1174","-70.9194","United States","US","USA","New Hampshire","","15054","1840054805"
"Le Bourget","Le Bourget","48.9353","2.4256","France","FR","FRA","Île-de-France","","15052","1250722122"
"Patnanungan","Patnanungan","14.7800","122.1800","Philippines","PH","PHL","Quezon","","15052","1608203189"
"Rizal","Rizal","8.5272","123.5517","Philippines","PH","PHL","Zamboanga del Norte","","15052","1608940142"
"New Paltz","New Paltz","41.7577","-74.0883","United States","US","USA","New York","","15051","1840004731"
"Rajni","Rajni","25.8132","86.9772","India","IN","IND","Bihār","","15050","1356061146"
"Ekma","Ekma","25.9670","84.5383","India","IN","IND","Bihār","","15048","1356937137"
"Kawagoe","Kawagoe","35.0167","136.6667","Japan","JP","JPN","Mie","","15048","1392003468"
"Los Osos","Los Osos","35.3065","-120.8242","United States","US","USA","California","","15048","1840017805"
"Perchtoldsdorf","Perchtoldsdorf","48.1167","16.2667","Austria","AT","AUT","Niederösterreich","","15047","1040055191"
"Amlash","Amlash","37.0944","50.1928","Iran","IR","IRN","Gīlān","minor","15047","1364041120"
"Port Royal","Port Royal","32.3557","-80.7029","United States","US","USA","South Carolina","","15047","1840016975"
"Pontinia","Pontinia","41.4083","13.0443","Italy","IT","ITA","Lazio","","15046","1380666503"
"La Magdalena Tlaltelulco","La Magdalena Tlaltelulco","19.2667","-98.2000","Mexico","MX","MEX","Tlaxcala","minor","15046","1484446251"
"Tonawanda","Tonawanda","43.0105","-78.8805","United States","US","USA","New York","","15044","1840004381"
"Murray Bridge","Murray Bridge","-35.1170","139.2670","Australia","AU","AUS","South Australia","","15043","1036345943"
"Tubod","Tubod","9.5547","125.5697","Philippines","PH","PHL","Surigao del Norte","","15043","1608095348"
"Uckfield","Uckfield","50.9700","0.1000","United Kingdom","GB","GBR","East Sussex","","15041","1826320254"
"Revūr","Revur","16.8216","79.9926","India","IN","IND","Andhra Pradesh","","15041","1356950387"
"Guadalupe Victoria","Guadalupe Victoria","19.2833","-97.3333","Mexico","MX","MEX","Puebla","","15041","1484527511"
"Talladega","Talladega","33.4333","-86.0986","United States","US","USA","Alabama","","15041","1840008244"
"Kamitonda","Kamitonda","33.7000","135.4333","Japan","JP","JPN","Wakayama","","15040","1392003148"
"Ochanthururtha","Ochanthururtha","10.0000","76.2333","India","IN","IND","Kerala","","15039","1356107020"
"Chépica","Chepica","-34.7333","-71.2833","Chile","CL","CHL","Libertador General Bernardo O’Higgins","","15037","1152611232"
"El Arenal","El Arenal","20.2167","-98.9167","Mexico","MX","MEX","Hidalgo","","15037","1484425146"
"Contamana","Contamana","-7.3333","-75.0167","Peru","PE","PER","Loreto","minor","15036","1604465551"
"Tone","Tone","35.8578","140.1392","Japan","JP","JPN","Ibaraki","","15035","1392003334"
"Le Hochet","Le Hochet","-20.1350","57.5211","Mauritius","MU","MUS","Pamplemousses","","15034","1480875761"
"Capela","Capela","-9.4075","-36.0736","Brazil","BR","BRA","Alagoas","minor","15032","1076765224"
"Satyāmangala","Satyamangala","13.0193","76.1243","India","IN","IND","Karnātaka","","15032","1356349288"
"Filiaşi","Filiasi","44.4000","23.5200","Romania","RO","ROU","Dolj","","15031","1642083363"
"Mastic","Mastic","40.8096","-72.8479","United States","US","USA","New York","","15031","1840005090"
"Langerwehe","Langerwehe","50.8167","6.3497","Germany","DE","DEU","North Rhine-Westphalia","","15030","1276770497"
"Udiyāvara","Udiyavara","13.3097","74.7366","India","IN","IND","Karnātaka","","15029","1356112857"
"Bissendorf","Bissendorf","52.2333","8.1667","Germany","DE","DEU","Lower Saxony","","15028","1276073314"
"Ban Ho Mae Salong","Ban Ho Mae Salong","20.1631","99.6225","Thailand","TH","THA","Chiang Rai","","15028","1764427138"
"Ferreiros","Ferreiros","-7.4478","-35.2439","Brazil","BR","BRA","Pernambuco","minor","15026","1076407638"
"Monroe","Monroe","39.4461","-84.3667","United States","US","USA","Ohio","","15024","1840008465"
"Roanoke Rapids","Roanoke Rapids","36.4452","-77.6490","United States","US","USA","North Carolina","","15024","1840014437"
"Swallownest","Swallownest","53.3623","-1.3251","United Kingdom","GB","GBR","Rotherham","","15022","1826951859"
"Kēralasshēri","Keralassheri","10.8250","76.5000","India","IN","IND","Kerala","","15022","1356161156"
"Kutavettūr","Kutavettur","8.9167","76.7500","India","IN","IND","Kerala","","15021","1356161440"
"Brasilândia","Brasilandia","-17.0087","-46.0086","Brazil","BR","BRA","Minas Gerais","minor","15020","1076593373"
"Klimavichy","Klimavichy","53.6167","31.9500","Belarus","BY","BLR","Mahilyowskaya Voblasts’","minor","15020","1112437772"
"Puerto Salgar","Puerto Salgar","5.5000","-74.5833","Colombia","CO","COL","Cundinamarca","minor","15019","1170945460"
"Kuusamo","Kuusamo","65.9667","29.1833","Finland","FI","FIN","Pohjois-Pohjanmaa","minor","15019","1246292850"
"Islāmpur","Islampur","24.1548","88.4665","India","IN","IND","West Bengal","","15019","1356728986"
"Bangui","Bangui","18.5378","120.7653","Philippines","PH","PHL","Ilocos Norte","","15019","1608972484"
"Ban Mae Sun Luang","Ban Mae Sun Luang","19.8305","99.1706","Thailand","TH","THA","Chiang Mai","","15019","1764535667"
"Boa Esperança do Sul","Boa Esperanca do Sul","-21.9925","-48.3908","Brazil","BR","BRA","São Paulo","minor","15018","1076269444"
"Netherton","Netherton","52.4908","-2.0835","United Kingdom","GB","GBR","Dudley","","15017","1826114854"
"Aruvikkara","Aruvikkara","8.3331","77.2788","India","IN","IND","Tamil Nādu","","15017","1356205251"
"White Center","White Center","47.5086","-122.3479","United States","US","USA","Washington","","15017","1840037727"
"Kaintragarh","Kaintragarh","20.7211","84.5351","India","IN","IND","Odisha","","15016","1356082620"
"Landsberg","Landsberg","51.5333","12.1667","Germany","DE","DEU","Saxony-Anhalt","","15015","1276487466"
"Konārka","Konarka","19.8908","86.1003","India","IN","IND","Odisha","","15015","1356415171"
"Shamsa","Shamsa","25.6230","85.9310","India","IN","IND","Bihār","","15015","1356028488"
"Hudiksvall","Hudiksvall","61.7290","17.1121","Sweden","SE","SWE","Gävleborg","minor","15015","1752219385"
"Westervoort","Westervoort","51.9667","5.9667","Netherlands","NL","NLD","Gelderland","minor","15014","1528918651"
"Busko-Zdrój","Busko-Zdroj","50.4667","20.7167","Poland","PL","POL","Świętokrzyskie","minor","15014","1616795752"
"Andorinha","Andorinha","-10.3450","-39.8328","Brazil","BR","BRA","Bahia","minor","15012","1076869918"
"Camp Pendleton South","Camp Pendleton South","33.2329","-117.3930","United States","US","USA","California","","15011","1840073902"
"Cassano delle Murge","Cassano delle Murge","40.8833","16.7667","Italy","IT","ITA","Puglia","","15010","1380045660"
"Gloversville","Gloversville","43.0491","-74.3465","United States","US","USA","New York","","15010","1840000375"
"Struga","Struga","41.1775","20.6789","North Macedonia","MK","MKD","Struga","admin","15009","1807746682"
"Dionísio Cerqueira","Dionisio Cerqueira","-26.2550","-53.6400","Brazil","BR","BRA","Santa Catarina","minor","15008","1076396640"
"Dembecha","Dembecha","10.5500","37.4833","Ethiopia","ET","ETH","Āmara","","15008","1231138306"
"Naduvattam","Naduvattam","11.4808","76.5437","India","IN","IND","Tamil Nādu","","15008","1356153745"
"Saidpur","Saidpur","25.5436","86.5640","India","IN","IND","Bihār","","15008","1356110200"
"Schiffdorf","Schiffdorf","53.5358","8.6589","Germany","DE","DEU","Lower Saxony","","15007","1276001395"
"Alpedrete","Alpedrete","40.6583","-4.0322","Spain","ES","ESP","Madrid","","15006","1724547365"
"Roquebrune-sur-Argens","Roquebrune-sur-Argens","43.4300","6.6300","France","FR","FRA","Provence-Alpes-Côte d’Azur","","15006","1250822704"
"Kasli","Kasli","55.9000","60.7667","Russia","RU","RUS","Chelyabinskaya Oblast’","minor","15006","1643483987"
"Macomb","Macomb","40.4709","-90.6807","United States","US","USA","Illinois","","15006","1840009411"
"Wallan","Wallan","-37.4167","144.9833","Australia","AU","AUS","Victoria","","15004","1036357414"
"Hudson","Hudson","44.9639","-92.7312","United States","US","USA","Wisconsin","","15004","1840002135"
"Mossendjo","Mossendjo","-2.9453","12.7156","Congo (Brazzaville)","CG","COG","Niari","","15003","1178679314"
"Barajor","Barajor","24.7992","86.3731","India","IN","IND","Bihār","","15003","1356256861"
"Pavannur","Pavannur","11.9500","75.5000","India","IN","IND","Kerala","","15003","1356610498"
"Pacific Grove","Pacific Grove","36.6188","-121.9259","United States","US","USA","California","","15003","1840020359"
"Carrières-sur-Seine","Carrieres-sur-Seine","48.9108","2.2889","France","FR","FRA","Île-de-France","","15002","1250595706"
"Ben Taieb","Ben Taieb","35.0837","-3.4696","Morocco","MA","MAR","Oriental","","15002","1504783487"
"Verdal","Verdal","63.7922","11.4817","Norway","NO","NOR","Trøndelag","minor","15002","1578893544"
"Acala","Acala","16.5533","-92.8069","Mexico","MX","MEX","Chiapas","minor","15001","1484788928"
"Fayrōz Kōh","Fayroz Koh","34.5225","65.2517","Afghanistan","AF","AFG","Ghōr","admin","15000","1004988038"
"Taywarah","Taywarah","33.5100","64.4200","Afghanistan","AF","AFG","Ghōr","minor","15000","1004304837"
"Barakī","Baraki","33.9333","68.9167","Afghanistan","AF","AFG","Lōgar","","15000","1004392037"
"Spitak","Spitak","40.8372","44.2675","Armenia","AM","ARM","Lorri","","15000","1051088654"
"Villa Ojo de Agua","Villa Ojo de Agua","-29.5167","-63.7000","Argentina","AR","ARG","Santiago del Estero","minor","15000","1032372035"
"Bāisāri","Baisari","22.7959","90.1259","Bangladesh","BD","BGD","Barishal","","15000","1050065179"
"Jamaica","Jamaica","22.9756","-82.1685","Cuba","CU","CUB","Mayabeque","","15000","1192343325"
"Guayos","Guayos","22.0496","-79.4611","Cuba","CU","CUB","Sancti Spíritus","","15000","1192879612"
"Tillor Khurd","Tillor Khurd","22.6170","75.9480","India","IN","IND","Madhya Pradesh","","15000","1356079469"
"Chettikulam","Chettikulam","8.0943","77.5614","India","IN","IND","Tamil Nādu","","15000","1356381744"
"Muttamtura","Muttamtura","8.1300","77.3200","India","IN","IND","Tamil Nādu","","15000","1356554525"
"Mundia","Mundia","27.4014","75.6892","India","IN","IND","Rājasthān","","15000","1356019552"
"Damalcheruvu","Damalcheruvu","13.4833","79.0500","India","IN","IND","Andhra Pradesh","","15000","1356187711"
"Miri","Miri","19.2800","74.8400","India","IN","IND","Mahārāshtra","","15000","1356050457"
"Cortalim","Cortalim","15.3978","73.9106","India","IN","IND","Goa","","15000","1356736301"
"Majhgawān","Majhgawan","24.8000","80.8000","India","IN","IND","Madhya Pradesh","","15000","1356094132"
"Hombal","Hombal","15.5164","75.5556","India","IN","IND","Karnātaka","","15000","1356899456"
"Bellatti","Bellatti","12.6500","78.0000","India","IN","IND","Tamil Nādu","","15000","1356087295"
"Singhānwāla","Singhanwala","30.7699","75.1218","India","IN","IND","Punjab","","15000","1356366501"
"Hullahalli","Hullahalli","12.1000","76.5500","India","IN","IND","Karnātaka","","15000","1356006254"
"Sathamba","Sathamba","23.1691","73.3266","India","IN","IND","Gujarāt","","15000","1356082832"
"Valattūr","Valattur","12.8899","78.8394","India","IN","IND","Tamil Nādu","","15000","1356050917"
"Turori","Turori","17.8278","76.6903","India","IN","IND","Mahārāshtra","","15000","1356614924"
"Shafinagar","Shafinagar","28.4117","78.1365","India","IN","IND","Uttar Pradesh","","15000","1356022856"
"Khāndhār","Khandhar","26.0233","76.6097","India","IN","IND","Rājasthān","","15000","1356918200"
"Galatge","Galatge","16.4200","74.5800","India","IN","IND","Karnātaka","","15000","1356046792"
"Vasa","Vasa","22.6608","72.7552","India","IN","IND","Gujarāt","","15000","1356125170"
"Barţalah","Bartalah","36.3537","43.3813","Iraq","IQ","IRQ","Nīnawá","","15000","1368230046"
"Amirlī","Amirli","34.7271","44.5878","Iraq","IQ","IRQ","Şalāḩ ad Dīn","","15000","1368331180"
"Quthing","Quthing","-30.4001","27.7002","Lesotho","LS","LSO","Quthing","admin","15000","1426618526"
"Manambondro","Manambondro","-23.7998","47.5450","Madagascar","MG","MDG","Fianarantsoa","","15000","1450557454"
"Milenaka","Milenaka","-22.8386","43.5849","Madagascar","MG","MDG","Toliara","","15000","1450835609"
"Soalala","Soalala","-16.1025","45.3267","Madagascar","MG","MDG","Mahajanga","","15000","1450631176"
"Ambodiriana","Ambodiriana","-19.5888","47.5319","Madagascar","MG","MDG","Antananarivo","","15000","1450970500"
"Befasy","Befasy","-20.5779","44.3600","Madagascar","MG","MDG","Toliara","","15000","1450031681"
"Kopoky","Kopoky","-25.2122","45.2095","Madagascar","MG","MDG","Toliara","","15000","1450764380"
"Ramainandro","Ramainandro","-19.2969","47.0040","Madagascar","MG","MDG","Antananarivo","","15000","1450704256"
"Ambinanindrano","Ambinanindrano","-20.6804","47.8027","Madagascar","MG","MDG","Fianarantsoa","","15000","1450049097"
"Analamary","Analamary","-24.2455","47.2196","Madagascar","MG","MDG","Toliara","","15000","1450722054"
"Ambatomanjaka","Ambatomanjaka","-18.8761","46.8658","Madagascar","MG","MDG","Antananarivo","","15000","1450557644"
"Andranovelona","Andranovelona","-19.6295","47.6204","Madagascar","MG","MDG","Antananarivo","","15000","1450879443"
"Ianantsony","Ianantsony","-23.5523","43.7603","Madagascar","MG","MDG","Toliara","","15000","1450210749"
"Imanombo","Imanombo","-24.4363","45.8257","Madagascar","MG","MDG","Toliara","","15000","1450493019"
"Beroy Atsimo","Beroy Atsimo","-24.0044","44.6642","Madagascar","MG","MDG","Toliara","","15000","1450415670"
"Alarobia Bemaha","Alarobia Bemaha","-20.2109","46.8881","Madagascar","MG","MDG","Antananarivo","","15000","1450979840"
"Talata Ampano","Talata Ampano","-21.5512","47.0340","Madagascar","MG","MDG","Fianarantsoa","","15000","1450352718"
"Ambatoharanana","Ambatoharanana","-17.3424","49.1186","Madagascar","MG","MDG","Toamasina","","15000","1450149595"
"Sahave","Sahave","-21.0793","47.1126","Madagascar","MG","MDG","Fianarantsoa","","15000","1450964359"
"Bevoay","Bevoay","-24.4833","47.0167","Madagascar","MG","MDG","Toliara","","15000","1450951688"
"Anahidrano","Anahidrano","-15.0162","47.8912","Madagascar","MG","MDG","Mahajanga","","15000","1450053738"
"Ambahive","Ambahive","-22.2000","47.7167","Madagascar","MG","MDG","Fianarantsoa","","15000","1450201009"
"Ifatsy","Ifatsy","-22.3902","47.7359","Madagascar","MG","MDG","Fianarantsoa","","15000","1450298054"
"Ankisabe","Ankisabe","-19.2951","46.4812","Madagascar","MG","MDG","Antananarivo","","15000","1450772097"
"Anjoma-Ramartina","Anjoma-Ramartina","-19.6397","45.9543","Madagascar","MG","MDG","Antananarivo","","15000","1450497768"
"Lokomby","Lokomby","-22.1826","47.7463","Madagascar","MG","MDG","Fianarantsoa","","15000","1450028790"
"Behisatse","Behisatse","-21.8062","45.1226","Madagascar","MG","MDG","Toliara","","15000","1450538114"
"Iharan̈a","Iharana","-13.3750","50.0100","Madagascar","MG","MDG","Antsiranana","","15000","1450849551"
"Manandona","Manandona","-20.0553","47.0556","Madagascar","MG","MDG","Antananarivo","","15000","1450309894"
"Antanimenabaka","Antanimenabaka","-16.9373","48.4913","Madagascar","MG","MDG","Toamasina","","15000","1450330628"
"Marofototra","Marofototra","-20.8525","48.1546","Madagascar","MG","MDG","Fianarantsoa","","15000","1450760830"
"Tsiatajavona-Ankaratra","Tsiatajavona-Ankaratra","-19.3777","47.3319","Madagascar","MG","MDG","Antananarivo","","15000","1450357089"
"Antsoso","Antsoso","-19.8167","46.8667","Madagascar","MG","MDG","Antananarivo","","15000","1450373078"
"Ambesisika","Ambesisika","-16.5205","46.8544","Madagascar","MG","MDG","Mahajanga","","15000","1450028481"
"Ankilimivory","Ankilimivory","-24.4724","44.9772","Madagascar","MG","MDG","Toliara","","15000","1450659823"
"Antanifotsy","Antanifotsy","-16.8667","49.6333","Madagascar","MG","MDG","Toamasina","","15000","1450612710"
"Wān Long","Wan Long","22.1667","99.1833","Burma","MM","MMR","Shan State","","15000","1104904549"
"Kyaukmyaung","Kyaukmyaung","22.5833","95.9500","Burma","MM","MMR","Sagaing","","15000","1104023096"
"Aiyetoro Gbede","Aiyetoro Gbede","7.9833","6.0000","Nigeria","NG","NGA","Kogi","","15000","1566150800"
"Amawom","Amawom","5.4667","7.5667","Nigeria","NG","NGA","Abia","","15000","1566956703"
"Rāmechhāp","Ramechhap","27.3260","86.0870","Nepal","NP","NPL","","","15000","1524628973"
"Bhimphedi","Bhimphedi","27.5510","85.1300","Nepal","NP","NPL","","","15000","1524596923"
"Salyan","Salyan","28.3500","82.1833","Nepal","NP","NPL","","","15000","1524828921"
"Richmond","Richmond","-41.3333","173.1833","New Zealand","NZ","NZL","Tasman","admin","15000","1554001427"
"Mian Sahib","Mian Sahib","28.1559","68.6397","Pakistan","PK","PAK","Sindh","","15000","1586510355"
"Awan Patti","Awan Patti","34.2500","73.6600","Pakistan","PK","PAK","Azad Kashmir","","15000","1586260952"
"Koungheul","Koungheul","13.9667","-14.8053","Senegal","SN","SEN","Kaffrine","","15000","1686554670"
"Bakel","Bakel","14.9042","-12.4583","Senegal","SN","SEN","Tambacounda","","15000","1686470120"
"Yufle","Yufle","10.3758","47.1964","Somalia","SO","SOM","Sanaag","","15000","1706706214"
"Kuljibrīn","Kuljibrin","36.5368","37.1171","Syria","SY","SYR","Ḩalab","","15000","1760857046"
"Sarmadā","Sarmada","36.1855","36.7223","Syria","SY","SYR","Idlib","","15000","1760828582"
"Gammarth","Gammarth","36.9097","10.2867","Tunisia","TN","TUN","Tunis","","15000","1788251361"
"Özdere","Ozdere","38.0175","27.1283","Turkey","TR","TUR","İzmir","","15000","1792471771"
"Novyi Buh","Novyi Buh","47.6833","32.5000","Ukraine","UA","UKR","Mykolaivska Oblast","minor","15000","1804139918"
"Kalongo","Kalongo","3.0400","33.3711","Uganda","UG","UGA","Agago","","15000","1800772178"
"Matuga","Matuga","0.4603","32.5286","Uganda","UG","UGA","Wakiso","","15000","1800696552"
"Zombo","Zombo","2.5131","30.9081","Uganda","UG","UGA","Zombo","admin","15000","1800293674"
"Mutukula","Mutukula","-0.9997","31.4167","Uganda","UG","UGA","Rakai","","15000","1800910667"
"Chaguaramas","Chaguaramas","9.3333","-66.2667","Venezuela","VE","VEN","Guárico","minor","15000","1862406127"
"Clarines","Clarines","9.9433","-65.1661","Venezuela","VE","VEN","Anzoátegui","minor","15000","1862292462"
"Kezi","Kezi","-20.9167","28.4667","Zimbabwe","ZW","ZWE","Matabeleland South","","15000","1716107111"
"Yinhua","Yinhua","33.4500","110.2500","China","CN","CHN","Shaanxi","","14999","1156133477"
"Talpa de Allende","Talpa de Allende","20.3806","-104.8222","Mexico","MX","MEX","Jalisco","minor","14997","1484030876"
"Shambu","Shambu","9.5667","37.1000","Ethiopia","ET","ETH","Oromīya","","14995","1231819871"
"Sanyi","Sanyi","24.4167","120.7667","Taiwan","TW","TWN","Miaoli","","14995","1158612872"
"Huchuan","Huchuan","34.9249","106.1409","China","CN","CHN","Gansu","","14993","1156405295"
"Şüvəlan","Suvalan","40.4843","50.1840","Azerbaijan","AZ","AZE","Bakı","","14992","1031090215"
"Weißwasser/Oberlausitz","Weisswasser/Oberlausitz","51.5000","14.6333","Germany","DE","DEU","Saxony","","14992","1276986089"
"Anororo","Anororo","-17.5149","48.4353","Madagascar","MG","MDG","Toamasina","","14992","1450000237"
"Santa","Santa","17.4860","120.4344","Philippines","PH","PHL","Ilocos Sur","","14992","1608245743"
"Susanville","Susanville","40.4206","-120.6132","United States","US","USA","California","","14992","1840021348"
"Pochëp","Pochep","52.9333","33.4500","Russia","RU","RUS","Bryanskaya Oblast’","minor","14991","1643674732"
"Antequera","Antequera","9.7812","123.8975","Philippines","PH","PHL","Bohol","","14990","1608570243"
"La Gloria","La Gloria","8.5833","-73.5833","Colombia","CO","COL","Cesar","minor","14989","1170957032"
"Arlington","Arlington","35.2594","-89.6680","United States","US","USA","Tennessee","","14989","1840015458"
"Kaguchi","Kaguchi","11.4519","76.8061","India","IN","IND","Tamil Nādu","","14988","1356141085"
"Pyryatyn","Pyryatyn","50.2500","32.5333","Ukraine","UA","UKR","Poltavska Oblast","","14988","1804468272"
"Salinas da Margarida","Salinas da Margarida","-12.8708","-38.7639","Brazil","BR","BRA","Bahia","minor","14987","1076707335"
"Sant’Arpino","Sant'Arpino","40.9575","14.2492","Italy","IT","ITA","Campania","","14986","1380239503"
"Greenlawn","Greenlawn","40.8632","-73.3646","United States","US","USA","New York","","14986","1840005074"
"Calanogas","Calanogas","7.7500","124.1000","Philippines","PH","PHL","Lanao del Sur","","14985","1608508694"
"Yelur","Yelur","15.7817","74.5178","India","IN","IND","Karnātaka","","14984","1356581985"
"Lapseki","Lapseki","40.3439","26.6836","Turkey","TR","TUR","Çanakkale","minor","14984","1792992667"
"Māndleshwar","Mandleshwar","22.1760","75.6599","India","IN","IND","Madhya Pradesh","","14983","1356901779"
"Pine","Pine","40.6437","-80.0315","United States","US","USA","Pennsylvania","","14983","1840147147"
"Āndipālaiyam","Andipalaiyam","11.0920","77.3150","India","IN","IND","Tamil Nādu","","14982","1356165565"
"Metuchen","Metuchen","40.5424","-74.3628","United States","US","USA","New Jersey","","14982","1840003633"
"Highland Park","Highland Park","40.5006","-74.4283","United States","US","USA","New Jersey","","14981","1840003636"
"Obando","Obando","4.5833","-75.9167","Colombia","CO","COL","Valle del Cauca","minor","14980","1170669388"
"Kurichchi","Kurichchi","11.5701","77.6969","India","IN","IND","Tamil Nādu","","14980","1356004481"
"Belkheir","Belkheir","36.4667","7.4833","Algeria","DZ","DZA","Guelma","","14979","1012094424"
"Bouchegouf","Bouchegouf","36.4667","7.4833","Algeria","DZ","DZA","Guelma","","14979","1012850453"
"Tiadiaye","Tiadiaye","14.4209","-16.7061","Senegal","SN","SEN","Thiès","","14975","1686233081"
"Texenna","Texenna","36.6500","5.7833","Algeria","DZ","DZA","Jijel","","14974","1012088200"
"Casalmaggiore","Casalmaggiore","44.9858","10.4147","Italy","IT","ITA","Lombardy","","14974","1380588723"
"Candói","Candoi","-25.6628","-52.1258","Brazil","BR","BRA","Paraná","","14973","1076520622"
"Porcia","Porcia","45.9667","12.6167","Italy","IT","ITA","Friuli Venezia Giulia","","14971","1380622956"
"Castelnuovo Rangone","Castelnuovo Rangone","44.5519","10.9358","Italy","IT","ITA","Emilia-Romagna","","14971","1380301860"
"Chrysoúpoli","Chrysoupoli","40.9833","24.7000","Greece","GR","GRC","Anatolikí Makedonía kai Thráki","minor","14970","1300208248"
"Avanos","Avanos","38.7150","34.8467","Turkey","TR","TUR","Nevşehir","minor","14968","1792692545"
"Spring Creek","Spring Creek","40.7450","-115.5983","United States","US","USA","Nevada","","14967","1840018704"
"Kenora","Kenora","49.7667","-94.4833","Canada","CA","CAN","Ontario","","14967","1124844807"
"Dinan","Dinan","48.4564","-2.0489","France","FR","FRA","Bretagne","minor","14966","1250726966"
"Kenley","Kenley","51.3242","-0.0969","United Kingdom","GB","GBR","Croydon","","14966","1826081355"
"Hārohalli","Harohalli","12.6807","77.4743","India","IN","IND","Karnātaka","","14966","1356851750"
"Pallasovka","Pallasovka","50.0500","46.8833","Russia","RU","RUS","Volgogradskaya Oblast’","minor","14966","1643361305"
"Santa Brígida","Santa Brigida","-9.7358","-38.1258","Brazil","BR","BRA","Bahia","minor","14965","1076986156"
"El Hadjira","El Hadjira","32.6167","5.5167","Algeria","DZ","DZA","Ouargla","","14965","1012333168"
"Holliston","Holliston","42.1977","-71.4450","United States","US","USA","Massachusetts","","14964","1840053479"
"Paralímni","Paralimni","35.0333","33.9833","Cyprus","CY","CYP","Ammóchostos","","14963","1196452575"
"Saint-Servan-sur-Mer","Saint-Servan-sur-Mer","48.6361","-2.0147","France","FR","FRA","Bretagne","","14963","1250223780"
"Baucau","Baucau","-8.4757","126.4563","Timor-Leste","TL","TLS","Baucau","admin","14961","1626835210"
"Cold Lake","Cold Lake","54.4642","-110.1825","Canada","CA","CAN","Alberta","","14961","1124089461"
"Veliki Preslav","Veliki Preslav","43.1667","26.8167","Bulgaria","BG","BGR","Shumen","","14960","1100285364"
"Langelsheim","Langelsheim","51.9381","10.3350","Germany","DE","DEU","Lower Saxony","","14960","1276567894"
"Goluwāli","Goluwali","29.6300","74.0600","India","IN","IND","Rājasthān","","14960","1356120216"
"’Tlat Bni Oukil","'Tlat Bni Oukil","32.5770","-6.8400","Morocco","MA","MAR","Béni Mellal-Khénifra","","14960","1504789319"
"Santa Luzia","Santa Luzia","-6.8719","-36.9189","Brazil","BR","BRA","Paraíba","minor","14959","1076884988"
"Bludenz","Bludenz","47.1333","9.8167","Austria","AT","AUT","Vorarlberg","minor","14956","1040404083"
"Vianópolis","Vianopolis","-16.7419","-48.5158","Brazil","BR","BRA","Goiás","minor","14956","1076970203"
"Paris","Paris","43.2000","-80.3833","Canada","CA","CAN","Ontario","","14956","1124828151"
"Monkey Bay","Monkey Bay","-14.0728","34.9201","Malawi","MW","MWI","Mangochi","","14955","1454428949"
"Much","Much","50.9167","7.4000","Germany","DE","DEU","North Rhine-Westphalia","","14953","1276464394"
"Dolo","Dolo","45.4249","12.0758","Italy","IT","ITA","Veneto","","14953","1380619643"
"South Farmingdale","South Farmingdale","40.7175","-73.4473","United States","US","USA","New York","","14953","1840005276"
"Coconuco","Coconuco","2.2500","-76.4167","Colombia","CO","COL","Cauca","minor","14952","1170332695"
"Great Baddow","Great Baddow","51.7190","0.5070","United Kingdom","GB","GBR","Essex","","14951","1826685396"
"Finale Emilia","Finale Emilia","44.8319","11.2957","Italy","IT","ITA","Emilia-Romagna","","14951","1380983848"
"Sudbury","Sudbury","51.5537","-0.3199","United Kingdom","GB","GBR","Ealing","","14950","1826460632"
"Wyke","Wyke","53.7333","-1.7667","United Kingdom","GB","GBR","Bradford","","14950","1826505143"
"Neustadt an der Donau","Neustadt an der Donau","48.8000","11.7667","Germany","DE","DEU","Bavaria","","14949","1276348770"
"Kalininsk","Kalininsk","51.5000","44.4667","Russia","RU","RUS","Saratovskaya Oblast’","","14949","1643016449"
"Hooksett","Hooksett","43.0709","-71.4365","United States","US","USA","New Hampshire","","14949","1840055022"
"Branchburg","Branchburg","40.5629","-74.7140","United States","US","USA","New Jersey","","14948","1840081705"
"Washington","Washington","38.5515","-91.0154","United States","US","USA","Missouri","","14948","1840010770"
"Vallūr","Vallur","13.2560","80.2818","India","IN","IND","Tamil Nādu","","14947","1356924542"
"Lambidou","Lambidou","14.3122","-9.5508","Mali","ML","MLI","Kayes","","14947","1466544469"
"Malsch","Malsch","48.8808","8.3342","Germany","DE","DEU","Baden-Württemberg","","14946","1276981496"
"Beckingen","Beckingen","49.3928","6.7008","Germany","DE","DEU","Saarland","","14945","1276301126"
"Hazel Park","Hazel Park","42.4619","-83.0977","United States","US","USA","Michigan","","14945","1840002444"
"Mitane","Mitane","40.1017","140.0050","Japan","JP","JPN","Akita","","14944","1392003191"
"Ratba","Ratba","34.7833","-4.9333","Morocco","MA","MAR","Fès-Meknès","","14944","1504991654"
"Mendrisio","Mendrisio","45.8667","8.9833","Switzerland","CH","CHE","Ticino","","14942","1756337416"
"Ritterhude","Ritterhude","53.1831","8.7561","Germany","DE","DEU","Bremen","","14942","1276391599"
"Lemon Hill","Lemon Hill","38.5172","-121.4573","United States","US","USA","California","","14942","1840075922"
"Joaíma","Joaima","-16.6542","-41.0306","Brazil","BR","BRA","Minas Gerais","minor","14941","1076626637"
"Popovo","Popovo","43.3496","26.2270","Bulgaria","BG","BGR","Targovishte","","14940","1100589134"
"Sopelana","Sopelana","43.3814","-2.9792","Spain","ES","ESP","Basque Country","","14940","1724497959"
"Restinga Sêca","Restinga Seca","-29.8128","-53.3750","Brazil","BR","BRA","Rio Grande do Sul","minor","14939","1076824655"
"Majholi","Majholi","23.5011","79.9240","India","IN","IND","Madhya Pradesh","","14939","1356086946"
"Lilburn","Lilburn","33.8897","-84.1364","United States","US","USA","Georgia","","14939","1840015613"
"Uusikaupunki","Uusikaupunki","60.8000","21.4167","Finland","FI","FIN","Varsinais-Suomi","minor","14938","1246110587"
"Villers-lès-Nancy","Villers-les-Nancy","48.6731","6.1547","France","FR","FRA","Grand Est","","14938","1250058932"
"Ganjām","Ganjam","19.3870","85.0508","India","IN","IND","","","14938","1356354762"
"Świdwin","Swidwin","53.7833","15.7667","Poland","PL","POL","Zachodniopomorskie","minor","14937","1616092118"
"Kimyogarlar","Kimyogarlar","39.6672","66.8461","Uzbekistan","UZ","UZB","Samarqand","","14937","1860415259"
"Calkiní","Calkini","20.3667","-90.0500","Mexico","MX","MEX","Campeche","minor","14934","1484329915"
"Chāndi","Chandi","25.7296","87.5195","India","IN","IND","Bihār","","14933","1356259583"
"Lake Arbor","Lake Arbor","38.9105","-76.8304","United States","US","USA","Maryland","","14932","1840031485"
"Iṭaharā","Itahara","26.5500","87.6200","Nepal","NP","NPL","","","14931","1524010413"
"Jisr ez Zarqā","Jisr ez Zarqa","32.5381","34.9122","Israel","IL","ISR","Haifa","","14930","1376963985"
"Ahigbé Koffikro","Ahigbe Koffikro","5.4075","-3.3802","Côte d’Ivoire","CI","CIV","Comoé","","14928","1384105456"
"Chemmanam","Chemmanam","9.8072","76.2774","India","IN","IND","Kerala","","14928","1356162169"
"Nalerigu","Nalerigu","10.5273","-0.3698","Ghana","GH","GHA","North East","admin","14927","1288845503"
"Waunakee","Waunakee","43.1829","-89.4447","United States","US","USA","Wisconsin","","14927","1840002904"
"Schwabmünchen","Schwabmunchen","48.1789","10.7550","Germany","DE","DEU","Bavaria","","14926","1276593802"
"Barysh","Barysh","53.6500","47.1000","Russia","RU","RUS","Ul’yanovskaya Oblast’","","14924","1643221892"
"Brooks","Brooks","50.5642","-111.8989","Canada","CA","CAN","Alberta","","14924","1124093123"
"Yellāreddi","Yellareddi","18.1859","78.0212","India","IN","IND","Andhra Pradesh","","14923","1356002311"
"Lānjī","Lanji","21.5018","80.5406","India","IN","IND","Madhya Pradesh","","14923","1356732050"
"Haubourdin","Haubourdin","50.6097","2.9878","France","FR","FRA","Hauts-de-France","","14922","1250525131"
"Sembedu","Sembedu","13.1298","79.5634","India","IN","IND","Tamil Nādu","","14922","1356153290"
"Lakkundi","Lakkundi","15.3897","75.7183","India","IN","IND","Karnātaka","","14922","1356271975"
"Henderson","Henderson","36.3256","-78.4151","United States","US","USA","North Carolina","","14922","1840014433"
"Castañuelas","Castanuelas","19.7000","-71.5000","Dominican Republic","DO","DOM","Cibao Noroeste","","14921","1214540220"
"Nakagawa","Nakagawa","36.7382","140.1715","Japan","JP","JPN","Tochigi","","14921","1392003508"
"Tecuala","Tecuala","22.4004","-105.4600","Mexico","MX","MEX","Nayarit","minor","14921","1484955369"
"Fairview","Fairview","40.8182","-74.0022","United States","US","USA","New Jersey","","14920","1840003549"
"Pursa","Pursa","26.3019","86.4778","India","IN","IND","Bihār","","14919","1356602949"
"Nerchinsk","Nerchinsk","51.9944","116.5556","Russia","RU","RUS","Zabaykal’skiy Kray","minor","14919","1643896987"
"Kunnumēl","Kunnumel","9.3500","76.4000","India","IN","IND","Kerala","","14918","1356160821"
"Potsdam","Potsdam","44.6774","-75.0396","United States","US","USA","New York","","14917","1840004061"
"Lālejīn","Lalejin","34.9742","48.4756","Iran","IR","IRN","Hamadān","","14916","1364688538"
"Lolotique","Lolotique","13.5500","-88.3500","El Salvador","SV","SLV","San Miguel","","14916","1222136023"
"Kew Green","Kew Green","51.5308","-0.2248","United Kingdom","GB","GBR","Richmond upon Thames","","14915","1826123345"
"Lagangilang","Lagangilang","17.6100","120.7300","Philippines","PH","PHL","Abra","","14914","1608928439"
"Jever","Jever","53.5744","7.9008","Germany","DE","DEU","Lower Saxony","minor","14913","1276105413"
"Barra do Sul","Barra do Sul","-26.4682","-48.6104","Brazil","BR","BRA","Santa Catarina","minor","14912","1076000413"
"Sardinal","Sardinal","10.5343","-85.6955","Costa Rica","CR","CRI","Guanacaste","","14912","1188475127"
"Badarpur","Badarpur","24.8685","92.5961","India","IN","IND","Assam","","14912","1356793949"
"San Juan","San Juan","10.2700","125.1800","Philippines","PH","PHL","Southern Leyte","","14912","1608987406"
"Kela Khera","Kela Khera","29.0900","79.1900","India","IN","IND","Uttarākhand","","14911","1356055136"
"Ammūr","Ammur","12.9750","79.3628","India","IN","IND","Tamil Nādu","","14910","1356248445"
"Ain Kansara","Ain Kansara","34.1500","-4.8314","Morocco","MA","MAR","Fès-Meknès","","14910","1504724133"
"West University Place","West University Place","29.7157","-95.4321","United States","US","USA","Texas","","14907","1840022205"
"Sindhnūr","Sindhnur","15.7700","76.7556","India","IN","IND","Karnātaka","","14906","1356158630"
"Aizubange","Aizubange","37.5615","139.8216","Japan","JP","JPN","Fukushima","","14906","1392003207"
"Vinanivao","Vinanivao","-15.8832","50.2746","Madagascar","MG","MDG","Antsiranana","","14906","1450469991"
"Çifteler","Cifteler","39.3831","31.0392","Turkey","TR","TUR","Eskişehir","minor","14906","1792521829"
"Kentville","Kentville","45.0775","-64.4958","Canada","CA","CAN","Nova Scotia","","14905","1124530137"
"Yauco","Yauco","18.0344","-66.8615","Puerto Rico","PR","PRI","Puerto Rico","","14903","1630035600"
"Aiyampuzha","Aiyampuzha","10.2500","76.4667","India","IN","IND","Kerala","","14902","1356101977"
"Kurate","Kurate","33.7921","130.6741","Japan","JP","JPN","Fukuoka","","14901","1392001825"
"Chapelle-lez-Herlaimont","Chapelle-lez-Herlaimont","50.4667","4.2833","Belgium","BE","BEL","Wallonia","","14900","1056800453"
"Beizhou","Beizhou","29.1636","112.6811","China","CN","CHN","Hunan","","14900","1156915193"
"Vakhsh","Vakhsh","37.7108","68.8311","Tajikistan","TJ","TJK","Khatlon","minor","14900","1762695931"
"Qumqo‘rg‘on","Qumqo`rg`on","37.8278","67.5972","Uzbekistan","UZ","UZB","Surxondaryo","","14900","1860294369"
"Quan’ancun","Quan'ancun","25.1345","114.2646","China","CN","CHN","Guangdong","","14898","1156577171"
"Arnouville-lès-Gonesse","Arnouville-les-Gonesse","48.9878","2.4175","France","FR","FRA","Île-de-France","","14898","1250419168"
"Glenn Dale","Glenn Dale","38.9833","-76.8040","United States","US","USA","Maryland","","14896","1840005955"
"Tsabit","Tsabit","28.3503","-0.2208","Algeria","DZ","DZA","Adrar","","14895","1012512451"
"Sisian","Sisian","39.5208","46.0322","Armenia","AM","ARM","Syunik’","","14894","1051297901"
"Coquimatlán","Coquimatlan","19.2038","-103.8086","Mexico","MX","MEX","Colima","minor","14892","1484193381"
"Nastola","Nastola","60.9500","25.9333","Finland","FI","FIN","Päijät-Häme","","14890","1246731228"
"Valangimān","Valangiman","10.8897","79.3940","India","IN","IND","Tamil Nādu","","14890","1356317285"
"Naxxar","Naxxar","35.9150","14.4447","Malta","MT","MLT","Naxxar","admin","14890","1470470220"
"Stolac","Stolac","43.0839","17.9592","Bosnia and Herzegovina","BA","BIH","Bosnia and Herzegovina, Federation of","minor","14889","1070102395"
"Dimiao","Dimiao","9.6200","124.1700","Philippines","PH","PHL","Bohol","","14889","1608602385"
"Kisvárda","Kisvarda","48.2264","22.0844","Hungary","HU","HUN","Szabolcs-Szatmár-Bereg","minor","14888","1348590811"
"Boulder City","Boulder City","35.8407","-114.9257","United States","US","USA","Nevada","","14888","1840019028"
"Jhandāpur","Jhandapur","25.3995","86.9479","India","IN","IND","Bihār","","14886","1356240717"
"Sassenheim","Sassenheim","52.2258","4.5225","Netherlands","NL","NLD","Zuid-Holland","minor","14886","1528941330"
"Putyvl","Putyvl","51.3167","33.8667","Ukraine","UA","UKR","Sumska Oblast","","14886","1804280760"
"Fort Payne","Fort Payne","34.4559","-85.6965","United States","US","USA","Alabama","","14886","1840004822"
"Sahakevo","Sahakevo","-20.2703","47.8502","Madagascar","MG","MDG","Toamasina","","14885","1450256846"
"Chemax","Chemax","20.6550","-87.9372","Mexico","MX","MEX","Yucatán","","14885","1484867017"
"West Wickham","West Wickham","51.3765","-0.0193","United Kingdom","GB","GBR","Bromley","","14884","1826669089"
"Parapatti","Parapatti","12.1083","78.0198","India","IN","IND","Tamil Nādu","","14884","1356086834"
"Cerro Maggiore","Cerro Maggiore","45.6000","8.9500","Italy","IT","ITA","Lombardy","","14884","1380334696"
"Tarumã","Taruma","-22.7469","-50.5769","Brazil","BR","BRA","São Paulo","minor","14882","1076499806"
"Doukouya","Doukouya","6.4262","-5.5592","Côte d’Ivoire","CI","CIV","Gôh-Djiboua","","14881","1384210901"
"Champāpur","Champapur","26.8881","84.8340","India","IN","IND","Bihār","","14881","1356899056"
"Bacuag","Bacuag","9.6081","125.6405","Philippines","PH","PHL","Surigao del Norte","","14881","1608421649"
"Przeworsk","Przeworsk","50.0667","22.5000","Poland","PL","POL","Podkarpackie","minor","14881","1616040608"
