"Ngolobougou","Ngolobougou","12.1733","-6.7089","Mali","ML","MLI","Koulikoro","","14880","1466137512"
"Sera","Sera","34.5869","133.0567","Japan","JP","JPN","Hiroshima","","14878","1392003350"
"San Tomas","San Tomas","15.8792","120.5883","Philippines","PH","PHL","Pangasinan","","14878","1608865943"
"Lidzbark Warmiński","Lidzbark Warminski","54.1167","20.5833","Poland","PL","POL","Warmińsko-Mazurskie","minor","14878","1616280672"
"Loganville","Loganville","33.8353","-83.8958","United States","US","USA","Georgia","","14878","1840015656"
"Ālampur","Alampur","15.8793","78.1334","India","IN","IND","Andhra Pradesh","","14877","1356839498"
"Hanamsāgar","Hanamsagar","15.8722","76.0431","India","IN","IND","Karnātaka","","14874","1356799012"
"Fiorenzuola d’Arda","Fiorenzuola d'Arda","44.9333","9.9000","Italy","IT","ITA","Emilia-Romagna","","14874","1380545358"
"Nisko","Nisko","50.5200","22.1394","Poland","PL","POL","Podkarpackie","minor","14874","1616837686"
"Hereford","Hereford","34.8225","-102.4001","United States","US","USA","Texas","","14874","1840020462"
"Oldsmar","Oldsmar","28.0506","-82.6698","United States","US","USA","Florida","","14872","1840015111"
"Ravels","Ravels","51.3708","4.9926","Belgium","BE","BEL","Flanders","","14871","1056915524"
"Breaza","Breaza","45.1872","25.6622","Romania","RO","ROU","Prahova","","14871","1642547235"
"Forest City","Forest City","28.6619","-81.4444","United States","US","USA","Florida","","14871","1840028825"
"Kastsyukovichy","Kastsyukovichy","53.3333","32.0500","Belarus","BY","BLR","Mahilyowskaya Voblasts’","minor","14870","1112780059"
"Shklow","Shklow","54.2236","30.2864","Belarus","BY","BLR","Mahilyowskaya Voblasts’","minor","14870","1112362928"
"Harchoune","Harchoune","36.1139","1.5056","Algeria","DZ","DZA","Chlef","","14869","1012500238"
"Tayum","Tayum","17.6200","120.6600","Philippines","PH","PHL","Abra","","14869","1608000454"
"Hedehusene","Hedehusene","55.6470","12.1936","Denmark","DK","DNK","Hovedstaden","","14868","1208482999"
"Shepshed","Shepshed","52.7711","-1.2951","United Kingdom","GB","GBR","Leicestershire","","14867","1826737427"
"Riverdale","Riverdale","33.5639","-84.4103","United States","US","USA","Georgia","","14866","1840014815"
"Madalena","Madalena","-4.8569","-39.5769","Brazil","BR","BRA","Ceará","minor","14864","1076658814"
"Cujubim","Cujubim","-9.3628","-62.5853","Brazil","BR","BRA","Rondônia","minor","14863","1076802495"
"Vellālāpuram","Vellalapuram","11.6525","77.9380","India","IN","IND","Tamil Nādu","","14863","1356168688"
"Barharwā","Barharwa","24.8571","87.7790","India","IN","IND","Jhārkhand","","14863","1356166271"
"Yuchi","Yuchi","23.9000","120.9333","Taiwan","TW","TWN","Nantou","","14863","1158195284"
"Ayní","Ayni","39.3975","68.5406","Tajikistan","TJ","TJK","Sughd","minor","14862","1762304788"
"Münsingen","Munsingen","48.4128","9.4953","Germany","DE","DEU","Baden-Württemberg","","14860","1276411655"
"Grecia","Grecia","10.0693","-84.3136","Costa Rica","CR","CRI","Alajuela","","14859","1188985866"
"Groß-Zimmern","Gross-Zimmern","49.8833","8.8333","Germany","DE","DEU","Hesse","","14859","1276589803"
"Tamani","Tamani","13.1067","-7.8379","Mali","ML","MLI","Koulikoro","","14858","1466811966"
"Chāilāha","Chailaha","26.6738","84.8801","India","IN","IND","Bihār","","14857","1356011638"
"Havre de Grace","Havre de Grace","39.5480","-76.1146","United States","US","USA","Maryland","","14857","1840005667"
"Pomorie","Pomorie","42.5569","27.6405","Bulgaria","BG","BGR","Burgas","minor","14856","1100639674"
"Chegdomyn","Chegdomyn","51.1178","133.0241","Russia","RU","RUS","Khabarovskiy Kray","","14855","1643328181"
"Williamstown","Williamstown","39.6874","-74.9786","United States","US","USA","New Jersey","","14855","1840016785"
"Nagarūr","Nagarur","8.7333","76.8500","India","IN","IND","Kerala","","14854","1356161815"
"Great Falls","Great Falls","39.0110","-77.3013","United States","US","USA","Virginia","","14854","1840006028"
"Davidson","Davidson","35.4840","-80.8247","United States","US","USA","North Carolina","","14852","1840016353"
"Qiaoyang","Qiaoyang","35.0393","104.1960","China","CN","CHN","Gansu","","14851","1156800797"
"Stein bei Nürnberg","Stein bei Nurnberg","49.4167","11.0167","Germany","DE","DEU","Bavaria","","14851","1276407895"
"Mori","Mori","42.1000","140.5833","Japan","JP","JPN","Hokkaidō","","14851","1392003424"
"Bromborough","Bromborough","53.3360","-2.9780","United Kingdom","GB","GBR","Wirral","","14850","1826223984"
"Ritchie","Ritchie","-29.0500","24.6000","South Africa","ZA","ZAF","Northern Cape","","14850","1710291310"
"Berlare","Berlare","51.0250","4.0025","Belgium","BE","BEL","Flanders","","14849","1056435659"
"Montévrain","Montevrain","48.8750","2.7456","France","FR","FRA","Île-de-France","","14847","1250069787"
"Chīpurupalle","Chipurupalle","18.3000","83.5667","India","IN","IND","Andhra Pradesh","","14847","1356643864"
"Niquinohomo","Niquinohomo","11.9000","-86.1000","Nicaragua","NI","NIC","Masaya","minor","14847","1558281722"
"El Maknassi","El Maknassi","34.6042","9.6056","Tunisia","TN","TUN","Sidi Bouzid","","14844","1788035263"
"Madhuban","Madhuban","26.4386","85.1357","India","IN","IND","Bihār","","14843","1356095720"
"Rylsk","Rylsk","51.5667","34.6667","Russia","RU","RUS","Kurskaya Oblast’","minor","14843","1643436531"
"Tremelo","Tremelo","50.9918","4.7039","Belgium","BE","BEL","Flanders","","14842","1056959552"
"Terra Rica","Terra Rica","-22.7089","-52.6169","Brazil","BR","BRA","Paraná","minor","14842","1076538470"
"Gabane","Gabane","-24.6667","25.7822","Botswana","BW","BWA","Kweneng","","14842","1072883950"
"Rellingen","Rellingen","53.6500","9.8167","Germany","DE","DEU","Schleswig-Holstein","","14840","1276483816"
"Avalpūndurai","Avalpundurai","11.2310","77.7182","India","IN","IND","Tamil Nādu","","14840","1356164216"
"Liangshan","Liangshan","25.5903","105.8050","China","CN","CHN","Guizhou","","14839","1156827436"
"Huitán","Huitan","15.1000","-91.6167","Guatemala","GT","GTM","Quetzaltenango","minor","14839","1320474688"
"Koumaïra","Koumaira","15.7833","-3.8667","Mali","ML","MLI","Tombouctou","","14839","1466639325"
"Tostedt","Tostedt","53.2833","9.7167","Germany","DE","DEU","Lower Saxony","","14835","1276412627"
"San Mateo del Mar","San Mateo del Mar","16.2105","-94.9822","Mexico","MX","MEX","Oaxaca","","14835","1484954959"
"San Vito","San Vito","8.8400","-82.9784","Costa Rica","CR","CRI","Puntarenas","","14834","1188392681"
"Bela Vista do Paraíso","Bela Vista do Paraiso","-22.9969","-51.1908","Brazil","BR","BRA","Paraná","minor","14833","1076738885"
"Haga","Haga","36.5483","140.0582","Japan","JP","JPN","Tochigi","","14833","1392003489"
"Jinta","Jinta","37.8366","102.5560","China","CN","CHN","Gansu","","14830","1156146091"
"Taurianova","Taurianova","38.3500","16.0167","Italy","IT","ITA","Calabria","","14830","1380999931"
"Timissa","Timissa","13.8228","-4.2078","Mali","ML","MLI","Ségou","","14829","1466100201"
"Botelhos","Botelhos","-21.6424","-46.3937","Brazil","BR","BRA","Minas Gerais","minor","14828","1076129493"
"Monterrey","Monterrey","4.8783","-72.8972","Colombia","CO","COL","Casanare","minor","14828","1170450558"
"Saint-Avold","Saint-Avold","49.1044","6.7067","France","FR","FRA","Grand Est","","14828","1250159254"
"Betsukai","Betsukai","43.4000","145.1167","Japan","JP","JPN","Hokkaidō","","14828","1392367898"
"Hariharpāra","Hariharpara","24.0468","88.4244","India","IN","IND","West Bengal","","14827","1356090743"
"Cherry Hill Mall","Cherry Hill Mall","39.9384","-75.0117","United States","US","USA","New Jersey","","14827","1840033469"
"Grândola","Grandola","38.1768","-8.5689","Portugal","PT","PRT","Setúbal","minor","14826","1620454238"
"Tall Abyaḑ","Tall Abyad","36.6965","38.9538","Syria","SY","SYR","Ar Raqqah","minor","14825","1760694879"
"Mercaderes","Mercaderes","1.8000","-77.1667","Colombia","CO","COL","Cauca","minor","14824","1170092647"
"Kumāramangalam","Kumaramangalam","11.3676","77.9300","India","IN","IND","Tamil Nādu","","14824","1356166797"
"Cabral","Cabral","18.2500","-71.2167","Dominican Republic","DO","DOM","Enriquillo","","14823","1214056250"
"Tendūkheda","Tendukheda","23.3962","79.5395","India","IN","IND","Madhya Pradesh","","14822","1356099152"
"California City","California City","35.1578","-117.8721","United States","US","USA","California","","14821","1840019149"
"Tadjourah","Tadjourah","11.7833","42.8833","Djibouti","DJ","DJI","Tadjourah","admin","14820","1262504958"
"Petersfield","Petersfield","51.0038","-0.9374","United Kingdom","GB","GBR","Hampshire","","14820","1826282977"
"Ponto Novo","Ponto Novo","-10.8628","-40.1336","Brazil","BR","BRA","Bahia","minor","14819","1076602226"
"Montargis","Montargis","47.9978","2.7333","France","FR","FRA","Centre-Val de Loire","minor","14819","1250190345"
"Bolhrad","Bolhrad","45.6672","28.6128","Ukraine","UA","UKR","Odeska Oblast","minor","14818","1804273550"
"Cabañas","Cabanas","14.9333","-89.8000","Guatemala","GT","GTM","Zacapa","minor","14817","1320540151"
"Warwick","Warwick","40.2503","-75.0818","United States","US","USA","Pennsylvania","","14817","1840150057"
"Cherrapunji","Cherrapunji","25.2840","91.7210","India","IN","IND","Meghālaya","","14816","1356603770"
"Port Antonio","Port Antonio","18.1757","-76.4503","Jamaica","JM","JAM","Portland","admin","14816","1388024275"
"Kumārīpur","Kumaripur","25.4425","87.6217","India","IN","IND","Bihār","","14815","1356335845"
"Nenmini","Nenmini","11.0528","76.2083","India","IN","IND","Kerala","","14815","1356108947"
"Kochkor-Ata","Kochkor-Ata","41.0358","72.4814","Kyrgyzstan","KG","KGZ","Jalal-Abad","","14814","1417211654"
"Doğanhisar","Doganhisar","38.1447","31.6781","Turkey","TR","TUR","Konya","minor","14812","1792413713"
"Niedernhausen","Niedernhausen","50.1667","8.3167","Germany","DE","DEU","Hesse","","14811","1276265252"
"Karakoçan","Karakocan","38.9500","40.0333","Turkey","TR","TUR","Elazığ","minor","14811","1792070024"
"Cândido de Abreu","Candido de Abreu","-24.5669","-51.3333","Brazil","BR","BRA","Paraná","minor","14809","1076875901"
"Ilkley","Ilkley","53.9250","-1.8220","United Kingdom","GB","GBR","Bradford","","14809","1826221289"
"Patrocínio Paulista","Patrocinio Paulista","-20.6394","-47.2817","Brazil","BR","BRA","São Paulo","minor","14807","1076390439"
"Benipati","Benipati","26.4442","85.9083","India","IN","IND","Bihār","","14806","1356245268"
"Józefosław","Jozefoslaw","52.1069","21.0392","Poland","PL","POL","Mazowieckie","","14806","1616077121"
"Radzyń Podlaski","Radzyn Podlaski","51.7828","22.6242","Poland","PL","POL","Lubelskie","minor","14806","1616425780"
"Comox","Comox","49.6733","-124.9022","Canada","CA","CAN","British Columbia","","14806","1124788300"
"Buerarema","Buerarema","-14.9589","-39.3000","Brazil","BR","BRA","Bahia","minor","14804","1076122498"
"Drahichyn","Drahichyn","52.1833","25.1500","Belarus","BY","BLR","Brestskaya Voblasts’","minor","14804","1112244200"
"Cerritos","Cerritos","22.4275","-100.2783","Mexico","MX","MEX","San Luis Potosí","minor","14804","1484001904"
"Dennis","Dennis","41.7064","-70.1644","United States","US","USA","Massachusetts","","14803","1840053500"
"Dehmoí","Dehmoi","40.2167","69.5167","Tajikistan","TJ","TJK","Sughd","","14802","1762633756"
"Ostroh","Ostroh","50.3333","26.5167","Ukraine","UA","UKR","Rivnenska Oblast","","14801","1804135367"
"Al Mālikīyah","Al Malikiyah","26.1008","50.4878","Bahrain","BH","BHR","Ash Shamālīyah","","14800","1048201058"
"Weizhou","Weizhou","21.0214","109.1214","China","CN","CHN","Guangxi","","14800","1156518237"
"Muthallath al Azraq","Muthallath al Azraq","31.8342","36.8150","Jordan","JO","JOR","Az Zarqā’","minor","14800","1400807685"
"San Julian","San Julian","11.7536","125.4558","Philippines","PH","PHL","Eastern Samar","","14800","1608494835"
"Anta","Anta","41.0073","-8.6250","Portugal","PT","PRT","Aveiro","","14800","1620706972"
"Hanover","Hanover","42.1224","-70.8566","United States","US","USA","Massachusetts","","14800","1840053568"
"Devarapalle","Devarapalle","17.0300","81.3700","India","IN","IND","Andhra Pradesh","","14796","1356067935"
"Merate","Merate","45.7000","9.4243","Italy","IT","ITA","Lombardy","","14796","1380531302"
"Souto Soares","Souto Soares","-12.0889","-41.6378","Brazil","BR","BRA","Bahia","minor","14795","1076113405"
"Pālod","Palod","8.7033","77.0264","India","IN","IND","Kerala","","14795","1356892558"
"Città Sant’Angelo","Citta Sant'Angelo","42.5167","14.0500","Italy","IT","ITA","Abruzzo","","14795","1380482747"
"Baguley","Baguley","53.3990","-2.2760","United Kingdom","GB","GBR","Manchester","","14794","1826354552"
"Stony Point","Stony Point","41.2593","-74.0112","United States","US","USA","New York","","14793","1840058529"
"Shuichecun","Shuichecun","24.0900","116.0174","China","CN","CHN","Guangdong","","14792","1156655066"
"Kapiri Mposhi","Kapiri Mposhi","-13.9772","28.6847","Zambia","ZM","ZMB","Central","","14792","1894676779"
"Bensville","Bensville","38.6176","-77.0077","United States","US","USA","Maryland","","14792","1840073595"
"Dęblin","Deblin","51.5667","21.8614","Poland","PL","POL","Lubelskie","","14791","1616913108"
"Łapy","Lapy","52.9833","22.8833","Poland","PL","POL","Podlaskie","","14790","1616816583"
"Harsefeld","Harsefeld","53.4500","9.5000","Germany","DE","DEU","Lower Saxony","","14789","1276886588"
"Ezzhiliga","Ezzhiliga","33.3000","-6.5333","Morocco","MA","MAR","Rabat-Salé-Kénitra","","14788","1504882785"
"Sortavala","Sortavala","61.7056","30.6958","Russia","RU","RUS","Kareliya","minor","14787","1643799487"
"Araputanga","Araputanga","-15.4708","-58.3528","Brazil","BR","BRA","Mato Grosso","minor","14786","1076938208"
"Itamonte","Itamonte","-22.2839","-44.8700","Brazil","BR","BRA","Minas Gerais","minor","14786","1076596384"
"Konina","Konina","12.4567","-5.7725","Mali","ML","MLI","Sikasso","","14786","1466228520"
"Fiadanana","Fiadanana","-18.2250","46.8844","Madagascar","MG","MDG","Antananarivo","","14784","1450707459"
"Lampa","Lampa","-15.3636","-70.3656","Peru","PE","PER","Puno","","14780","1604742918"
"Dubovka","Dubovka","49.0500","44.8333","Russia","RU","RUS","Volgogradskaya Oblast’","minor","14779","1643833054"
"Le Raincy","Le Raincy","48.9000","2.5167","France","FR","FRA","Île-de-France","minor","14778","1250257678"
"Oulad Dahmane","Oulad Dahmane","36.3667","3.4667","Algeria","DZ","DZA","Médéa","","14777","1012179843"
"Armagh","Armagh","54.3499","-6.6546","United Kingdom","GB","GBR","Armagh City, Banbridge and Craigavon","","14777","1826000010"
"Greensburg","Greensburg","40.3113","-79.5445","United States","US","USA","Pennsylvania","","14777","1840001137"
"Sanquelim","Sanquelim","15.5027","73.7669","India","IN","IND","Goa","","14776","1356841313"
"Morris","Morris","41.3749","-88.4304","United States","US","USA","Illinois","","14775","1840008243"
"Sítio do Quinto","Sitio do Quinto","-10.3500","-38.2169","Brazil","BR","BRA","Bahia","minor","14773","1076768739"
"Verrières-le-Buisson","Verrieres-le-Buisson","48.7464","2.2674","France","FR","FRA","Île-de-France","","14772","1250622233"
"Laterza","Laterza","40.6333","16.8000","Italy","IT","ITA","Puglia","","14771","1380697612"
"Hückeswagen","Huckeswagen","51.1450","7.3417","Germany","DE","DEU","North Rhine-Westphalia","","14770","1276742746"
"Marlow","Marlow","51.5700","-0.7800","United Kingdom","GB","GBR","Buckinghamshire","","14770","1826308165"
"Tabatinga","Tabatinga","-21.7169","-48.6878","Brazil","BR","BRA","São Paulo","minor","14769","1076705867"
"Kamrāwān","Kamrawan","25.6956","85.8380","India","IN","IND","Bihār","","14768","1356728932"
"Curtorim","Curtorim","15.2800","74.0300","India","IN","IND","Goa","","14766","1356468637"
"Harhorin","Harhorin","47.2000","102.8333","Mongolia","MN","MNG","Övörhangay","minor","14765","1496223301"
"Hasanpur Juned","Hasanpur Juned","25.5915","85.5238","India","IN","IND","Bihār","","14764","1356120153"
"Lummen","Lummen","50.9862","5.1927","Belgium","BE","BEL","Flanders","","14762","1056359094"
"Chitila","Chitila","44.5083","25.9819","Romania","RO","ROU","Ilfov","","14762","1642960997"
"Bo’ness","Bo'ness","56.0168","-3.6089","United Kingdom","GB","GBR","Falkirk","","14760","1826331223"
"Obanazawa","Obanazawa","38.6000","140.4000","Japan","JP","JPN","Yamagata","","14760","1392411470"
"Diankabou","Diankabou","14.5844","-3.0814","Mali","ML","MLI","Mopti","","14760","1466359730"
"Tavares","Tavares","-7.6358","-37.8783","Brazil","BR","BRA","Paraíba","minor","14759","1076181148"
"Fameck","Fameck","49.3000","6.1100","France","FR","FRA","Grand Est","","14759","1250380278"
"Cherupazhasshi","Cherupazhasshi","12.0916","75.4414","India","IN","IND","Kerala","","14759","1356974529"
"Lebanon","Lebanon","43.6353","-72.2531","United States","US","USA","New Hampshire","","14759","1840002192"
"Hirono","Hirono","40.4085","141.7187","Japan","JP","JPN","Iwate","","14757","1392003416"
"Luduş","Ludus","46.4778","24.0961","Romania","RO","ROU","Mureş","","14757","1642649798"
"Cumpăna","Cumpana","44.1128","28.5558","Romania","RO","ROU","Constanţa","","14757","1642472472"
"Penrith","Penrith","54.6648","-2.7548","United Kingdom","GB","GBR","Cumbria","","14756","1826839302"
"Maqat","Maqat","47.6500","53.3167","Kazakhstan","KZ","KAZ","Atyraū","minor","14756","1398887034"
"Matungao","Matungao","8.1300","124.1700","Philippines","PH","PHL","Lanao del Norte","","14756","1608497733"
"Tiltil","Tiltil","-33.0817","-70.9278","Chile","CL","CHL","Región Metropolitana","","14755","1152063956"
"Worthington","Worthington","40.0950","-83.0209","United States","US","USA","Ohio","","14754","1840010522"
"Uhingen","Uhingen","48.7058","9.5919","Germany","DE","DEU","Baden-Württemberg","","14753","1276901108"
"Lockhart","Lockhart","28.6270","-81.4354","United States","US","USA","Florida","","14753","1840014095"
"El Ateuf","El Ateuf","32.4775","3.7478","Algeria","DZ","DZA","Ghardaïa","","14752","1012236470"
"Briniamaro","Briniamaro","10.7411","2.0731","Benin","BJ","BEN","Atacora","","14751","1204210282"
"Romilly-sur-Seine","Romilly-sur-Seine","48.5167","3.7275","France","FR","FRA","Grand Est","","14751","1250726047"
"Balham","Balham","51.4434","-0.1525","United Kingdom","GB","GBR","Wandsworth","","14751","1826329398"
"Vohipeno","Vohipeno","-22.3569","47.8407","Madagascar","MG","MDG","Fianarantsoa","","14751","1450599708"
"Antioch","Antioch","42.4742","-88.0721","United States","US","USA","Illinois","","14751","1840010115"
"Pincourt","Pincourt","45.3833","-73.9833","Canada","CA","CAN","Quebec","","14751","1124637966"
"Mozarlândia","Mozarlandia","-14.7450","-50.5708","Brazil","BR","BRA","Goiás","minor","14750","1076012080"
"Whitefish Bay","Whitefish Bay","43.1131","-87.9003","United States","US","USA","Wisconsin","","14750","1840003036"
"Teignmouth","Teignmouth","50.5515","-3.4886","United Kingdom","GB","GBR","Devon","","14749","1826052083"
"Perunkolattūr","Perunkolattur","12.0430","78.9174","India","IN","IND","Tamil Nādu","","14749","1356689266"
"Sinmpérékou","Sinmperekou","11.2333","2.4167","Benin","BJ","BEN","Alibori","","14748","1204770736"
"Sasso Marconi","Sasso Marconi","44.4000","11.2500","Italy","IT","ITA","Emilia-Romagna","","14747","1380881391"
"Masallı","Masalli","39.0324","48.6722","Azerbaijan","AZ","AZE","Masallı","admin","14746","1031126416"
"Entre Rios de Minas","Entre Rios de Minas","-20.6708","-44.0658","Brazil","BR","BRA","Minas Gerais","minor","14746","1076189083"
"Danilov","Danilov","58.1833","40.1667","Russia","RU","RUS","Yaroslavskaya Oblast’","minor","14746","1643198619"
"Hammonton","Hammonton","39.6572","-74.7678","United States","US","USA","New Jersey","","14746","1840003800"
"Ijra","Ijra","26.3119","86.0037","India","IN","IND","Bihār","","14745","1356811927"
"Banbridge","Banbridge","54.3490","-6.2700","United Kingdom","GB","GBR","Armagh City, Banbridge and Craigavon","","14744","1826331367"
"Eshowe","Eshowe","-28.8883","31.4483","South Africa","ZA","ZAF","KwaZulu-Natal","","14744","1710174822"
"Cocorná","Cocorna","6.0569","-75.1853","Colombia","CO","COL","Antioquia","minor","14743","1170897315"
"Punata","Punata","-17.5500","-65.8333","Bolivia","BO","BOL","Cochabamba","","14742","1068639665"
"Garhpura","Garhpura","25.6638","86.1818","India","IN","IND","Bihār","","14741","1356108641"
"San Juan del Sur","San Juan del Sur","11.2500","-85.8667","Nicaragua","NI","NIC","Rivas","minor","14741","1558967577"
"Tredegar","Tredegar","51.7776","-3.2407","United Kingdom","GB","GBR","Blaenau Gwent","","14740","1826084160"
"Larkhall","Larkhall","55.7370","-3.9720","United Kingdom","GB","GBR","South Lanarkshire","","14740","1826423474"
"Boula’wane","Boula'wane","32.8607","-8.0530","Morocco","MA","MAR","Casablanca-Settat","","14740","1504484491"
"Chatham","Chatham","39.6733","-89.6934","United States","US","USA","Illinois","","14740","1840010560"
"Cecil","Cecil","40.3147","-80.1942","United States","US","USA","Pennsylvania","","14740","1840034893"
"Mississippi Mills","Mississippi Mills","45.2167","-76.2000","Canada","CA","CAN","Ontario","","14740","1124001617"
"Vaddāpalli","Vaddapalli","18.5323","77.8959","India","IN","IND","Andhra Pradesh","","14737","1356963102"
"Youdiou","Youdiou","14.2772","-3.1703","Mali","ML","MLI","Mopti","","14737","1466943053"
"Burshtyn","Burshtyn","49.2583","24.6278","Ukraine","UA","UKR","Ivano-Frankivska Oblast","","14737","1804941166"
"Bodmin","Bodmin","50.4660","-4.7180","United Kingdom","GB","GBR","Cornwall","","14736","1826850129"
"Andūrkonam","Andurkonam","8.5969","76.8664","India","IN","IND","Kerala","","14736","1356216802"
"Tepetzintla","Tepetzintla","21.1658","-97.8511","Mexico","MX","MEX","Veracruz","minor","14736","1484385901"
"Breukelen","Breukelen","52.1717","5.0017","Netherlands","NL","NLD","Utrecht","","14736","1528284816"
"Pilar","Pilar","-31.6833","-63.9000","Argentina","AR","ARG","Córdoba","","14735","1032492017"
"Deming","Deming","32.2631","-107.7525","United States","US","USA","New Mexico","","14735","1840019458"
"Bailleul","Bailleul","50.7392","2.7333","France","FR","FRA","Hauts-de-France","","14734","1250119605"
"Labiod Medjadja","Labiod Medjadja","36.2500","1.4000","Algeria","DZ","DZA","Chlef","","14733","1012893577"
"Sakhā","Sakha","31.0881","30.9456","Egypt","EG","EGY","Kafr ash Shaykh","","14733","1818238723"
"Guilford","Guilford","39.8811","-77.6012","United States","US","USA","Pennsylvania","","14733","1840073686"
"Río Negro","Rio Negro","-40.7833","-73.2000","Chile","CL","CHL","Los Lagos","","14732","1152537804"
"Sullivan","Sullivan","43.0923","-75.8794","United States","US","USA","New York","","14732","1840058535"
"Pindaí","Pindai","-14.4928","-42.6869","Brazil","BR","BRA","Bahia","minor","14731","1076864570"
"Tsimlyansk","Tsimlyansk","47.6478","42.0961","Russia","RU","RUS","Rostovskaya Oblast’","minor","14731","1643104941"
"Chaabat el Leham","Chaabat el Leham","35.3361","-1.1011","Algeria","DZ","DZA","Aïn Temouchent","","14730","1012304289"
"Langwedel","Langwedel","52.9667","9.2167","Germany","DE","DEU","Lower Saxony","","14729","1276601336"
"Joubb Jannîne","Joubb Jannine","33.6333","35.7833","Lebanon","LB","LBN","Béqaa","minor","14728","1422617067"
"Selb","Selb","50.1667","12.1333","Germany","DE","DEU","Bavaria","","14727","1276030522"
"Roseau","Roseau","15.3014","-61.3883","Dominica","DM","DMA","Saint George","primary","14725","1212060440"
"Loreto","Loreto","26.0128","-111.3433","Mexico","MX","MEX","Baja California Sur","minor","14724","1484876942"
"Söğütlü","Sogutlu","40.9000","30.4833","Turkey","TR","TUR","Sakarya","minor","14724","1792276598"
"Neqāb","Neqab","36.7108","57.4100","Iran","IR","IRN","Khorāsān-e Raẕavī","minor","14723","1364003209"
"Matsushige","Matsushige","34.1339","134.5803","Japan","JP","JPN","Tokushima","","14723","1392003501"
"Bou Djeniba","Bou Djeniba","32.9000","-6.7833","Morocco","MA","MAR","Béni Mellal-Khénifra","","14722","1504676510"
"Ramsey","Ramsey","41.0595","-74.1454","United States","US","USA","New Jersey","","14722","1840000896"
"Bāladharmāram","Baladharmaram","17.4104","79.9690","India","IN","IND","Andhra Pradesh","","14721","1356744948"
"Muy Muy","Muy Muy","12.7667","-85.6333","Nicaragua","NI","NIC","Matagalpa","minor","14721","1558387669"
"Prestwick","Prestwick","55.4956","-4.6142","United Kingdom","GB","GBR","South Ayrshire","","14720","1826710421"
"San Ġwann","San Gwann","35.9094","14.4786","Malta","MT","MLT","San Ġwann","admin","14720","1470073144"
"Alagoinha","Alagoinha","-12.3333","-42.0833","Brazil","BR","BRA","Bahia","","14718","1076539476"
"Hickory Hills","Hickory Hills","41.7248","-87.8280","United States","US","USA","Illinois","","14718","1840007030"
"Riofrío","Riofrio","4.1561","-76.2878","Colombia","CO","COL","Valle del Cauca","minor","14716","1170785545"
"Varnsdorf","Varnsdorf","50.9117","14.6183","Czechia","CZ","CZE","Ústecký Kraj","","14716","1203159316"
"Oulad Driss","Oulad Driss","31.9996","-8.2276","Morocco","MA","MAR","Marrakech-Safi","","14716","1504026756"
"Hilchenbach","Hilchenbach","50.9983","8.1094","Germany","DE","DEU","North Rhine-Westphalia","","14714","1276321870"
"Sāhit","Sahit","25.5888","85.7948","India","IN","IND","Bihār","","14714","1356553966"
"Mediouna","Mediouna","33.4500","-7.5100","Morocco","MA","MAR","Casablanca-Settat","","14712","1504371270"
"Troon","Troon","55.5400","-4.6600","United Kingdom","GB","GBR","South Ayrshire","","14710","1826943206"
"Chhāpia","Chhapia","26.0831","84.8447","India","IN","IND","Bihār","","14710","1356064201"
"Tarumirim","Tarumirim","-19.2808","-42.0069","Brazil","BR","BRA","Minas Gerais","minor","14709","1076777364"
"Paola","Paola","39.3667","16.0333","Italy","IT","ITA","Calabria","","14709","1380181514"
"Androrangavola","Androrangavola","-21.5037","47.7174","Madagascar","MG","MDG","Fianarantsoa","","14709","1450623784"
"Uch-Korgon","Uch-Korgon","40.2288","72.0592","Kyrgyzstan","KG","KGZ","Batken","minor","14708","1417468277"
"San Ramón","San Ramon","-11.1247","-75.3569","Peru","PE","PER","Junín","","14708","1604957373"
"Lockhart","Lockhart","29.8785","-97.6831","United States","US","USA","Texas","","14708","1840020936"
"Triunfo","Triunfo","-7.8378","-38.1019","Brazil","BR","BRA","Pernambuco","minor","14705","1076950985"
"Purísima de la Concepción","Purisima de la Concepcion","9.2333","-75.7333","Colombia","CO","COL","Córdoba","minor","14705","1170780807"
"Shimubi","Shimubi","19.1645","110.3043","China","CN","CHN","Hainan","","14702","1156654799"
"Santa Croce sull’ Arno","Santa Croce sull' Arno","43.7202","10.7727","Italy","IT","ITA","Tuscany","","14702","1380678049"
"Tiszaújváros","Tiszaujvaros","47.9228","21.0519","Hungary","HU","HUN","Borsod-Abaúj-Zemplén","minor","14700","1348143264"
"Hima","Hima","0.2906","30.1775","Uganda","UG","UGA","Kasese","","14700","1800860546"
"Tinchlik","Tinchlik","40.4264","71.4956","Uzbekistan","UZ","UZB","Farg‘ona","","14700","1860903091"
"Tirumalaiyampālaiyam","Tirumalaiyampalaiyam","10.8790","76.9295","India","IN","IND","Tamil Nādu","","14699","1356159709"
"Cēsis","Cesis","57.3131","25.2747","Latvia","LV","LVA","Cēsis","admin","14699","1428840269"
"Kōteshwar","Koteshwar","13.6070","74.7500","India","IN","IND","Karnātaka","","14697","1356687235"
"Tapes","Tapes","-30.6728","-51.3958","Brazil","BR","BRA","Rio Grande do Sul","minor","14695","1076622644"
"Villa Alegre","Villa Alegre","-35.6747","-71.7439","Chile","CL","CHL","Maule","","14695","1152729852"
"Surbo","Surbo","40.4000","18.1333","Italy","IT","ITA","Puglia","","14695","1380657814"
"Ospitaletto","Ospitaletto","45.5553","10.0733","Italy","IT","ITA","Lombardy","","14694","1380485790"
"Nishinoomote","Nishinoomote","30.7325","130.9969","Japan","JP","JPN","Kagoshima","","14694","1392981409"
"Onklou","Onklou","9.5000","1.9833","Benin","BJ","BEN","Donga","","14693","1204898832"
"Tlaxcala","Tlaxcala","19.3125","-98.2400","Mexico","MX","MEX","Tlaxcala","admin","14692","1484359502"
"Saint-Jean-de-Luz","Saint-Jean-de-Luz","43.3900","-1.6600","France","FR","FRA","Nouvelle-Aquitaine","","14690","1250210112"
"Lope de Vega","Lope de Vega","12.2983","124.6238","Philippines","PH","PHL","Northern Samar","","14690","1608016163"
"Kirchhatten","Kirchhatten","53.0184","8.3500","Germany","DE","DEU","Lower Saxony","","14688","1276291083"
"Kodāngipatti","Kodangipatti","9.9920","77.4332","India","IN","IND","Tamil Nādu","","14688","1356242702"
"Baie du Tombeau","Baie du Tombeau","-20.1138","57.5066","Mauritius","MU","MUS","Pamplemousses","","14687","1480279659"
"Kurumbalūr","Kurumbalur","11.2360","78.8005","India","IN","IND","Tamil Nādu","","14686","1356242181"
"Cedar Lake","Cedar Lake","41.3696","-87.4389","United States","US","USA","Indiana","","14686","1840009259"
"Alexander City","Alexander City","32.9229","-85.9358","United States","US","USA","Alabama","","14686","1840013788"
"Abensberg","Abensberg","48.8000","11.8500","Germany","DE","DEU","Bavaria","","14685","1276501504"
"Collecchio","Collecchio","44.7527","10.2157","Italy","IT","ITA","Emilia-Romagna","","14684","1380939433"
"Ankadinandriana","Ankadinandriana","-19.0586","47.6633","Madagascar","MG","MDG","Antananarivo","","14684","1450861528"
"Coremas","Coremas","-7.0139","-37.9458","Brazil","BR","BRA","Paraíba","minor","14683","1076489874"
"Paramati","Paramati","11.1544","78.0213","India","IN","IND","Tamil Nādu","","14683","1356176307"
"La Carolina","La Carolina","38.2667","-3.6167","Spain","ES","ESP","Andalusia","","14681","1724252481"
"Rubiera","Rubiera","44.6500","10.7833","Italy","IT","ITA","Emilia-Romagna","","14680","1380779258"
"Pattensen","Pattensen","52.2667","9.7667","Germany","DE","DEU","Lower Saxony","","14678","1276603378"
"Lognes","Lognes","48.8360","2.6278","France","FR","FRA","Île-de-France","","14678","1250582714"
"Montabaur","Montabaur","50.4375","7.8258","Germany","DE","DEU","Rhineland-Palatinate","minor","14677","1276982904"
"Melksham","Melksham","51.3710","-2.1380","United Kingdom","GB","GBR","Wiltshire","","14677","1826642248"
"Ngoulemakong","Ngoulemakong","3.0833","11.4333","Cameroon","CM","CMR","Sud","","14675","1120215656"
"Mahatsinjo","Mahatsinjo","-17.7487","47.0172","Madagascar","MG","MDG","Mahajanga","","14675","1450180817"
"Enyellé","Enyelle","2.8119","18.0136","Congo (Brazzaville)","CG","COG","Likouala","","14674","1178204059"
"Caiapônia","Caiaponia","-16.9569","-51.8100","Brazil","BR","BRA","Goiás","minor","14673","1076081886"
"Broadlands","Broadlands","39.0168","-77.5167","United States","US","USA","Virginia","","14673","1840024498"
"Chirpan","Chirpan","42.1981","25.3304","Bulgaria","BG","BGR","Stara Zagora","","14672","1100767507"
"Ranomafana","Ranomafana","-18.9598","48.8460","Madagascar","MG","MDG","Toamasina","","14672","1450951573"
"Thuin","Thuin","50.3398","4.2874","Belgium","BE","BEL","Wallonia","minor","14671","1056107614"
"Wibsey","Wibsey","53.7672","-1.7728","United Kingdom","GB","GBR","Bradford","","14671","1826433552"
"Corridonia","Corridonia","43.2482","13.5075","Italy","IT","ITA","Marche","","14670","1380496994"
"Sterling","Sterling","41.7996","-89.6956","United States","US","USA","Illinois","","14670","1840009200"
"Mānantheri","Manantheri","11.8428","75.6150","India","IN","IND","Kerala","","14667","1356706496"
"Bellaa","Bellaa","36.2000","5.8500","Algeria","DZ","DZA","Sétif","","14666","1012089071"
"Béré","Bere","9.3156","16.1597","Chad","TD","TCD","Tandjilé","","14666","1148449680"
"Pudur","Pudur","9.0001","77.2076","India","IN","IND","Tamil Nādu","","14665","1356243296"
"Navashino","Navashino","55.5500","42.2000","Russia","RU","RUS","Nizhegorodskaya Oblast’","minor","14664","1643012933"
"Lakeland North","Lakeland North","47.3374","-122.2812","United States","US","USA","Washington","","14664","1840074254"
"Esbiaat","Esbiaat","32.2044","-8.5608","Morocco","MA","MAR","Marrakech-Safi","","14662","1504764211"
"Malvik","Malvik","63.4333","10.6833","Norway","NO","NOR","Trøndelag","","14662","1578696010"
"Las Guáranas","Las Guaranas","19.2000","-70.2200","Dominican Republic","DO","DOM","Cibao Nordeste","","14661","1214326778"
"Santa Marta de Tormes","Santa Marta de Tormes","40.9494","-5.6325","Spain","ES","ESP","Castille-Leon","","14661","1724596061"
"Kushimoto","Kushimoto","33.4667","135.7833","Japan","JP","JPN","Wakayama","","14661","1392703742"
"Slobozhanske","Slobozhanske","48.5336","35.0781","Ukraine","UA","UKR","Dnipropetrovska Oblast","","14661","1804133428"
"Condoto","Condoto","5.1000","-76.6500","Colombia","CO","COL","Chocó","minor","14660","1170624933"
"Dzuunmod","Dzuunmod","47.7069","106.9528","Mongolia","MN","MNG","Töv","admin","14660","1496245822"
"Kysucké Nové Mesto","Kysucke Nove Mesto","49.3000","18.7833","Slovakia","SK","SVK","Žilina","minor","14660","1703666551"
"Thonotosassa","Thonotosassa","28.0464","-82.2910","United States","US","USA","Florida","","14660","1840014154"
"Kamalganj","Kamalganj","27.2700","79.6500","India","IN","IND","Uttar Pradesh","","14659","1356502371"
"Madagh","Madagh","35.0133","-2.3397","Morocco","MA","MAR","Oriental","","14659","1504000835"
"St. Clair","St. Clair","42.7833","-82.3500","Canada","CA","CAN","Ontario","","14659","1124000228"
"Rasulpur Dhuria","Rasulpur Dhuria","25.5693","87.0375","India","IN","IND","Bihār","","14658","1356806028"
"Owosso","Owosso","42.9955","-84.1760","United States","US","USA","Michigan","","14658","1840003068"
"Black Forest","Black Forest","39.0608","-104.6752","United States","US","USA","Colorado","","14658","1840017562"
"Gladeview","Gladeview","25.8395","-80.2368","United States","US","USA","Florida","","14657","1840029038"
"Złotoryja","Zlotoryja","51.1333","15.9167","Poland","PL","POL","Dolnośląskie","minor","14656","1616742834"
"Greendale","Greendale","42.9371","-88.0018","United States","US","USA","Wisconsin","","14656","1840003038"
"Capinópolis","Capinopolis","-18.6819","-49.5700","Brazil","BR","BRA","Minas Gerais","minor","14655","1076136434"
"Mmopone","Mmopone","-24.5669","25.8733","Botswana","BW","BWA","Kweneng","","14655","1072944302"
"Djanet","Djanet","24.5550","9.4853","Algeria","DZ","DZA","Djanet","admin","14655","1012827195"
"At-Bashy","At-Bashy","41.1725","75.7968","Kyrgyzstan","KG","KGZ","Naryn","minor","14655","1417188010"
"Malo","Malo","45.6582","11.4047","Italy","IT","ITA","Veneto","","14654","1380662716"
"Alginet","Alginet","39.2625","-0.4683","Spain","ES","ESP","Valencia","","14652","1724793089"
"Kujūkuri","Kujukuri","35.5333","140.4333","Japan","JP","JPN","Chiba","","14652","1392003306"
"Mulakād","Mulakad","9.8902","76.6546","India","IN","IND","Kerala","","14651","1356160234"
"Boguszów-Gorce","Boguszow-Gorce","50.7667","16.2000","Poland","PL","POL","Dolnośląskie","","14648","1616569765"
"Kaonke","Kaonke","30.7659","75.4172","India","IN","IND","Punjab","","14646","1356051266"
"Sprimont","Sprimont","50.5053","5.6618","Belgium","BE","BEL","Wallonia","","14645","1056261345"
"Saint-Brevin-les-Pins","Saint-Brevin-les-Pins","47.2486","-2.1656","France","FR","FRA","Pays de la Loire","","14645","1250221865"
"Chippewa Falls","Chippewa Falls","44.9358","-91.3902","United States","US","USA","Wisconsin","","14643","1840002108"
"Ferrier","Ferrier","19.6155","-71.7779","Haiti","HT","HTI","Nord-Est","","14642","1332033044"
"Vubatalai","Vubatalai","11.3597","76.7649","India","IN","IND","Tamil Nādu","","14640","1356521470"
"Mangamila","Mangamila","-18.5667","47.8667","Madagascar","MG","MDG","Antananarivo","","14640","1450330746"
"Mineral del Monte","Mineral del Monte","20.1333","-98.6667","Mexico","MX","MEX","Hidalgo","minor","14640","1484360018"
"Gouré","Goure","13.9874","10.2700","Niger","NE","NER","Zinder","minor","14639","1562482102"
"Sisa","Sisa","-6.6142","-76.6936","Peru","PE","PER","San Martín","","14639","1604313737"
"Targuist","Targuist","34.9500","-4.3000","Morocco","MA","MAR","Tanger-Tétouan-Al Hoceïma","","14638","1504459578"
"Técpan de Galeana","Tecpan de Galeana","17.2500","-100.6833","Mexico","MX","MEX","Guerrero","minor","14638","1484708548"
"Limanowa","Limanowa","49.7006","20.4267","Poland","PL","POL","Małopolskie","minor","14635","1616015371"
"Tiruvāsaladi","Tiruvasaladi","11.4013","79.7746","India","IN","IND","Tamil Nādu","","14634","1356235662"
"Woudrichem","Woudrichem","51.8128","5.0003","Netherlands","NL","NLD","Noord-Brabant","minor","14634","1528290983"
"Mahinog","Mahinog","9.1500","124.7800","Philippines","PH","PHL","Camiguin","","14634","1608465702"
"Bilozerske","Bilozerske","48.8667","37.1333","Ukraine","UA","UKR","Donetska Oblast","","14634","1804777830"
"Sepīdān","Sepidan","30.2594","51.9853","Iran","IR","IRN","Fārs","minor","14633","1364046715"
"Terrace","Terrace","54.5164","-128.5997","Canada","CA","CAN","British Columbia","","14633","1124878479"
"Ternitz","Ternitz","47.7167","16.0333","Austria","AT","AUT","Niederösterreich","","14632","1040196639"
"Cómbita","Combita","5.7500","-73.2500","Colombia","CO","COL","Boyacá","minor","14632","1170000033"
"Montmagny","Montmagny","48.9744","2.3467","France","FR","FRA","Île-de-France","","14632","1250194364"
"Farnborough","Farnborough","51.3591","0.0741","United Kingdom","GB","GBR","Bromley","","14632","1826247244"
"Rosà","Rosa","45.7167","11.7667","Italy","IT","ITA","Veneto","","14632","1380877179"
"Sigulda","Sigulda","57.1539","24.8544","Latvia","LV","LVA","Sigulda","admin","14632","1428703594"
"Rio Piracicaba","Rio Piracicaba","-19.9289","-43.1739","Brazil","BR","BRA","Minas Gerais","minor","14631","1076877084"
"Teixeira","Teixeira","-7.2228","-37.2539","Brazil","BR","BRA","Paraíba","minor","14631","1076864397"
"Langenselbold","Langenselbold","50.1833","9.0333","Germany","DE","DEU","Hesse","","14630","1276686360"
"Djebahia","Djebahia","36.4764","3.7578","Algeria","DZ","DZA","Bouira","","14630","1012694694"
"Pinia","Pinia","14.2639","-3.9464","Mali","ML","MLI","Mopti","","14630","1466826925"
"Misaki","Misaki","34.3167","135.1500","Japan","JP","JPN","Ōsaka","","14629","1392003214"
"Beacon","Beacon","41.5036","-73.9655","United States","US","USA","New York","","14629","1840000499"
"Hutchinson","Hutchinson","44.8855","-94.3768","United States","US","USA","Minnesota","","14629","1840006756"
"Hanover","Hanover","40.8197","-74.4287","United States","US","USA","New Jersey","","14627","1840081717"
"Mercier","Mercier","45.3200","-73.7500","Canada","CA","CAN","Quebec","","14626","1124186621"
"Néa Alikarnassós","Nea Alikarnassos","35.3167","25.1833","Greece","GR","GRC","Kríti","","14624","1300433837"
"Abony","Abony","47.1892","20.0053","Hungary","HU","HUN","Pest","","14624","1348748527"
"Goulmima","Goulmima","31.6944","-4.9592","Morocco","MA","MAR","Drâa-Tafilalet","","14624","1504139417"
"Bohodukhiv","Bohodukhiv","50.1617","35.5256","Ukraine","UA","UKR","Kharkivska Oblast","minor","14624","1804919140"
"Lumino","Lumino","0.3250","33.9958","Uganda","UG","UGA","Busia","","14624","1800145886"
"Dahé","Dahe","6.5167","1.9500","Benin","BJ","BEN","Mono","","14622","1204007633"
"Immenstadt im Allgäu","Immenstadt im Allgau","47.5667","10.2167","Germany","DE","DEU","Bavaria","","14622","1276627298"
"Alangānallūr","Alanganallur","10.0470","78.0903","India","IN","IND","Tamil Nādu","","14622","1356192802"
"Port Glasgow","Port Glasgow","55.9340","-4.6906","United Kingdom","GB","GBR","Inverclyde","","14620","1826330462"
"Rafína","Rafina","38.0167","24.0000","Greece","GR","GRC","Attikí","minor","14620","1300557701"
"Magione","Magione","43.1500","12.2000","Italy","IT","ITA","Umbria","","14620","1380265251"
"Zontecomatlán de López y Fuentes","Zontecomatlan de Lopez y Fuentes","20.7667","-98.3333","Mexico","MX","MEX","Veracruz","minor","14620","1484226245"
"Vredefort","Vredefort","-27.0167","27.3833","South Africa","ZA","ZAF","Free State","","14619","1710724426"
"Neubiberg","Neubiberg","48.0833","11.6833","Germany","DE","DEU","Bavaria","","14618","1276417573"
"Ringwood","Ringwood","50.8829","-1.7314","United Kingdom","GB","GBR","Hampshire","","14618","1826578409"
"Boston","Boston","7.8697","126.3761","Philippines","PH","PHL","Davao Oriental","","14618","1608800917"
"Cambuci","Cambuci","-21.5750","-41.9108","Brazil","BR","BRA","Rio de Janeiro","minor","14616","1076525044"
"Guajiquiro","Guajiquiro","14.1209","-87.8303","Honduras","HN","HND","La Paz","","14616","1340570749"
"Kankipādu","Kankipadu","16.4500","80.7833","India","IN","IND","Andhra Pradesh","","14616","1356836923"
"Negreşti-Oaş","Negresti-Oas","47.8694","23.4242","Romania","RO","ROU","Satu Mare","","14616","1642109083"
"Bar-le-Duc","Bar-le-Duc","48.7719","5.1603","France","FR","FRA","Grand Est","minor","14615","1250231244"
"Neutraubling","Neutraubling","48.9936","12.1953","Germany","DE","DEU","Bavaria","","14614","1276485988"
"Wilsdruff","Wilsdruff","51.0522","13.5383","Germany","DE","DEU","Saxony","","14613","1276738335"
"Vemulūru","Vemuluru","16.9337","81.8057","India","IN","IND","Andhra Pradesh","","14613","1356414293"
"Roncade","Roncade","45.6246","12.3766","Italy","IT","ITA","Veneto","","14613","1380417225"
"Kiri","Kiri","-1.4955","18.9277","Congo (Kinshasa)","CD","COD","Mai-Ndombe","","14612","1180133436"
"Paliaturutu","Paliaturutu","10.2959","76.1581","India","IN","IND","Kerala","","14611","1356045443"
"Bartabwa","Bartabwa","0.8380","35.8097","Kenya","KE","KEN","Baringo","","14611","1404047345"
"Huasuo","Huasuo","35.4043","107.0869","China","CN","CHN","Gansu","","14610","1156020651"
"Castellammare del Golfo","Castellammare del Golfo","38.0264","12.8806","Italy","IT","ITA","Sicilia","","14610","1380531580"
"Batuan","Batuan","12.4222","123.7817","Philippines","PH","PHL","Masbate","","14610","1608145736"
"Naranja","Naranja","25.5164","-80.4222","United States","US","USA","Florida","","14610","1840014246"
"Anzegem","Anzegem","50.8333","3.4667","Belgium","BE","BEL","Flanders","","14609","1056104188"
"Hatten","Hatten","53.0083","8.3167","Germany","DE","DEU","Lower Saxony","","14608","1276627272"
"Tullamore","Tullamore","53.2667","-7.5000","Ireland","IE","IRL","Offaly","admin","14607","1372035774"
"İspir","Ispir","40.4836","40.9953","Turkey","TR","TUR","Erzurum","minor","14607","1792529316"
"Monticello","Monticello","45.2991","-93.7996","United States","US","USA","Minnesota","","14607","1840007795"
"Tornesch","Tornesch","53.7000","9.7167","Germany","DE","DEU","Schleswig-Holstein","","14606","1276106363"
"Montesson","Montesson","48.9085","2.1496","France","FR","FRA","Île-de-France","","14606","1250211420"
"Lowton","Lowton","53.4710","-2.5690","United Kingdom","GB","GBR","Wigan","","14605","1826374228"
"Carmignano","Carmignano","43.8103","11.0149","Italy","IT","ITA","Tuscany","","14605","1380264482"
"Suō-Ōshima","Suo-Oshima","33.9167","132.2333","Japan","JP","JPN","Yamaguchi","","14605","1392001396"
"Río Branco","Rio Branco","-32.5972","-53.3833","Uruguay","UY","URY","Cerro Largo","","14604","1858289927"
"Fraser","Fraser","42.5388","-82.9496","United States","US","USA","Michigan","","14604","1840002421"
"Sinha","Sinha","25.6902","84.6291","India","IN","IND","Bihār","","14603","1356887123"
"Ayt ’Attou ou L’Arbi","Ayt 'Attou ou L'Arbi","31.5456","-8.2967","Morocco","MA","MAR","Marrakech-Safi","","14603","1504796196"
"Swansea","Swansea","38.5507","-89.9858","United States","US","USA","Illinois","","14603","1840012880"
"Sveti Ivan Zelina","Sveti Ivan Zelina","45.9500","16.2333","Croatia","HR","HRV","Zagrebačka Županija","minor","14602","1191628730"
"Arroio dos Ratos","Arroio dos Ratos","-30.0769","-51.7289","Brazil","BR","BRA","Rio Grande do Sul","minor","14601","1076770923"
"Cabarete","Cabarete","19.7511","-70.4083","Dominican Republic","DO","DOM","Cibao Norte","","14600","1214941065"
"Uzun","Uzun","38.3667","68.0056","Uzbekistan","UZ","UZB","Surxondaryo","","14600","1860948605"
"Chigwell","Chigwell","51.6225","0.0723","United Kingdom","GB","GBR","Essex","","14599","1826768266"
"Çay","Cay","38.5833","31.0333","Turkey","TR","TUR","Afyonkarahisar","minor","14599","1792955156"
"Nova Ponte","Nova Ponte","-19.1983","-47.7272","Brazil","BR","BRA","Minas Gerais","minor","14598","1076000777"
"Nesebar","Nesebar","42.6595","27.7247","Bulgaria","BG","BGR","Burgas","minor","14596","1100835570"
"Lauda-Königshofen","Lauda-Konigshofen","49.5686","9.7039","Germany","DE","DEU","Baden-Württemberg","","14596","1276018769"
"Great Bend","Great Bend","38.3593","-98.8015","United States","US","USA","Kansas","","14596","1840001656"
"Masmouda","Masmouda","34.7862","-5.7078","Morocco","MA","MAR","Tanger-Tétouan-Al Hoceïma","","14594","1504193768"
"Holalagondi","Holalagondi","15.4873","77.0464","India","IN","IND","Andhra Pradesh","","14593","1356510446"
"Falls Church","Falls Church","38.8847","-77.1751","United States","US","USA","Virginia","","14593","1840003835"
"Jędrzejów","Jedrzejow","50.6333","20.3000","Poland","PL","POL","Świętokrzyskie","minor","14592","1616363750"
"Red Bluff","Red Bluff","40.1735","-122.2413","United States","US","USA","California","","14592","1840020176"
"Guastalla","Guastalla","44.9214","10.6542","Italy","IT","ITA","Emilia-Romagna","","14591","1380315818"
"Plochingen","Plochingen","48.7117","9.4164","Germany","DE","DEU","Baden-Württemberg","","14590","1276921571"
"Sātyūn","Satyun","28.5667","75.1167","India","IN","IND","Rājasthān","","14590","1356998995"
"Villa Yapacaní","Villa Yapacani","-17.4028","-63.8850","Bolivia","BO","BOL","Santa Cruz","","14589","1068932083"
"Yokoshiba","Yokoshiba","35.6500","140.4833","Japan","JP","JPN","Chiba","","14589","1392617948"
"Kelamangalam","Kelamangalam","12.6031","77.8519","India","IN","IND","Tamil Nādu","","14588","1356944454"
"Dinmānpur","Dinmanpur","25.9112","85.9288","India","IN","IND","Bihār","","14588","1356756110"
"Palmeirais","Palmeirais","-5.9778","-43.0633","Brazil","BR","BRA","Piauí","minor","14587","1076925403"
"Sangota","Sangota","34.7833","72.4167","Pakistan","PK","PAK","Khyber Pakhtunkhwa","","14587","1586001723"
"Granados","Granados","14.9139","-90.5233","Guatemala","GT","GTM","Baja Verapaz","minor","14585","1320807744"
"Čajetina","Cajetina","43.7500","19.7167","Serbia","RS","SRB","Čajetina","admin","14585","1688018668"
"Saint-Genis-Pouilly","Saint-Genis-Pouilly","46.2437","6.0250","France","FR","FRA","Auvergne-Rhône-Alpes","","14584","1250112043"
"Thillangéri","Thillangeri","11.9500","75.6167","India","IN","IND","Kerala","","14583","1356744024"
"Oulad Bou Rahmoun","Oulad Bou Rahmoun","32.2954","-6.6668","Morocco","MA","MAR","Béni Mellal-Khénifra","","14583","1504264037"
"Tostado","Tostado","-29.2333","-61.7667","Argentina","AR","ARG","Santa Fe","minor","14582","1032032722"
"Balīgaon","Baligaon","25.4196","84.4951","India","IN","IND","Bihār","","14582","1356489968"
"Gümüşhacıköy","Gumushacikoy","40.8667","35.2167","Turkey","TR","TUR","Amasya","minor","14582","1792935743"
"Bílina","Bilina","50.5481","13.7761","Czechia","CZ","CZE","Ústecký Kraj","","14580","1203669701"
"Al Qbab","Al Qbab","32.7333","-5.5167","Morocco","MA","MAR","Béni Mellal-Khénifra","","14580","1504689479"
"Lucao","Lucao","23.4133","120.3092","Taiwan","TW","TWN","Chiayi","","14579","1158141608"
"Alexandria","Alexandria","45.8776","-95.3767","United States","US","USA","Minnesota","","14579","1840006680"
"Ágios Athanásios","Agios Athanasios","34.7086","33.0503","Cyprus","CY","CYP","Lemesós","","14578","1196729508"
"Ząbkowice Śląskie","Zabkowice Slaskie","50.5833","16.8167","Poland","PL","POL","Dolnośląskie","minor","14578","1616718625"
"Aleksandrovka","Aleksandrovka","42.8524","74.2224","Kyrgyzstan","KG","KGZ","Chüy","","14577","1417705377"
"Severínia","Severinia","-20.8089","-48.8028","Brazil","BR","BRA","São Paulo","minor","14576","1076968616"
"Cherryland","Cherryland","37.6792","-122.1038","United States","US","USA","California","","14575","1840028361"
"Talya","Talya","14.0420","76.1840","India","IN","IND","Karnātaka","","14574","1356667785"
"Kānjikkovil","Kanjikkovil","11.3689","77.5962","India","IN","IND","Tamil Nādu","","14572","1356169226"
"Jitwārpur Nizāmat","Jitwarpur Nizamat","25.8489","85.8006","India","IN","IND","Bihār","","14571","1356394181"
"Pineto","Pineto","42.6167","14.0667","Italy","IT","ITA","Abruzzo","","14571","1380708207"
"Bou Salem","Bou Salem","36.6167","8.9667","Tunisia","TN","TUN","Jendouba","","14571","1788364620"
"Tzaneen","Tzaneen","-23.8333","30.1667","South Africa","ZA","ZAF","Limpopo","","14571","1710120942"
"Lakkampatti","Lakkampatti","11.4461","77.4118","India","IN","IND","Tamil Nādu","","14570","1356163777"
"Kuleshovka","Kuleshovka","47.0833","39.5667","Russia","RU","RUS","Rostovskaya Oblast’","","14568","1643894648"
"Sassenberg","Sassenberg","51.9897","8.0408","Germany","DE","DEU","North Rhine-Westphalia","","14566","1276379002"
"Palayad","Palayad","11.5847","75.7528","India","IN","IND","Kerala","","14566","1356047881"
"Akora","Akora","26.4721","78.7989","India","IN","IND","Madhya Pradesh","","14566","1356169043"
"Edenburg","Edenburg","-29.7347","25.9369","South Africa","ZA","ZAF","Free State","","14566","1710160465"
"Benfreha","Benfreha","35.6933","-0.4192","Algeria","DZ","DZA","Oran","","14565","1012584749"
"Paniem","Paniem","15.5167","78.3500","India","IN","IND","Andhra Pradesh","","14565","1356154152"
"Breza","Breza","44.0210","18.2610","Bosnia and Herzegovina","BA","BIH","Bosnia and Herzegovina, Federation of","minor","14564","1070229008"
"Kottacheruvu","Kottacheruvu","14.1886","77.7658","India","IN","IND","Andhra Pradesh","","14564","1356316170"
"Andoain","Andoain","43.2167","-2.0167","Spain","ES","ESP","Basque Country","","14563","1724830496"
"Naivasha","Naivasha","-0.7167","36.4333","Kenya","KE","KEN","Nakuru","","14563","1404904927"
"Qazyqurt","Qazyqurt","41.7598","69.3880","Kazakhstan","KZ","KAZ","Türkistan","minor","14563","1398181231"
"Jastrebarsko","Jastrebarsko","45.6667","15.6500","Croatia","HR","HRV","Zagrebačka Županija","minor","14562","1191489216"
"Darpa","Darpa","26.8400","84.9774","India","IN","IND","Bihār","","14562","1356075097"
"Debar","Debar","41.5250","20.5272","North Macedonia","MK","MKD","Debar","admin","14561","1807621851"
"Essau","Essau","13.4833","-16.5333","Gambia, The","GM","GMB","North Bank","","14560","1270359208"
"Tiruppāchūr","Tiruppachur","13.1384","79.8764","India","IN","IND","Tamil Nādu","","14560","1356568594"
"Clarkston","Clarkston","33.8117","-84.2403","United States","US","USA","Georgia","","14560","1840014776"
"Key Biscayne","Key Biscayne","25.6908","-80.1653","United States","US","USA","Florida","","14560","1840018333"
"San Francisco","San Francisco","15.6715","-87.0394","Honduras","HN","HND","Atlántida","","14559","1340403835"
"Relangi","Relangi","16.7050","81.6470","India","IN","IND","Andhra Pradesh","","14559","1356133893"
"Loviisa","Loviisa","60.4583","26.2333","Finland","FI","FIN","Uusimaa","minor","14557","1246944790"
"Ban San Phak Wan Luang","Ban San Phak Wan Luang","18.7049","98.9661","Thailand","TH","THA","Chiang Mai","","14557","1764106797"
"Bijaipur","Bijaipur","26.0556","77.3697","India","IN","IND","Madhya Pradesh","","14555","1356820272"
"Caln","Caln","40.0014","-75.7619","United States","US","USA","Pennsylvania","","14555","1840034888"
"Bicas","Bicas","-21.7250","-43.0589","Brazil","BR","BRA","Minas Gerais","minor","14554","1076204929"
"Solila","Solila","-21.4166","46.6174","Madagascar","MG","MDG","Fianarantsoa","","14553","1450014035"
"Ratzeburg","Ratzeburg","53.7000","10.7500","Germany","DE","DEU","Schleswig-Holstein","minor","14552","1276258916"
"Adekar Kebouche","Adekar Kebouche","36.6833","4.6667","Algeria","DZ","DZA","Bejaïa","","14552","1012937154"
"Halwāra","Halwara","30.7167","75.6500","India","IN","IND","Punjab","","14551","1356371341"
"El Paisnal","El Paisnal","13.9667","-89.2167","El Salvador","SV","SLV","San Salvador","","14551","1222184186"
"Wilbraham","Wilbraham","42.1270","-72.4308","United States","US","USA","Massachusetts","","14551","1840053629"
"Pontivy","Pontivy","48.0692","-2.9614","France","FR","FRA","Bretagne","minor","14547","1250640308"
"Iakora","Iakora","-23.1039","46.6566","Madagascar","MG","MDG","Fianarantsoa","","14547","1450296994"
"Talitsa","Talitsa","57.0125","63.7292","Russia","RU","RUS","Sverdlovskaya Oblast’","minor","14547","1643272531"
"Reidsville","Reidsville","36.3376","-79.6725","United States","US","USA","North Carolina","","14547","1840014436"
"Gundlapelle","Gundlapelle","16.4102","79.8813","India","IN","IND","Andhra Pradesh","","14546","1356048740"
"Marofinaritra","Marofinaritra","-15.0384","50.1171","Madagascar","MG","MDG","Antsiranana","","14546","1450912826"
"Les Sables-d’Olonne","Les Sables-d'Olonne","46.4972","-1.7833","France","FR","FRA","Pays de la Loire","minor","14545","1250216385"
"Merimandroso","Merimandroso","-18.7517","47.5162","Madagascar","MG","MDG","Antananarivo","","14545","1450984411"
"Nolensville","Nolensville","35.9572","-86.6719","United States","US","USA","Tennessee","","14545","1840016219"
