"Kozy","Kozy","49.8450","19.1417","Poland","PL","POL","Śląskie","","13098","1616180693"
"Miranda do Corvo","Miranda do Corvo","40.1000","-8.3333","Portugal","PT","PRT","Coimbra","minor","13098","1620469916"
"Kavitāl","Kavital","16.1082","76.7962","India","IN","IND","Karnātaka","","13097","1356057978"
"Medapādu","Medapadu","17.0044","82.1001","India","IN","IND","Andhra Pradesh","","13097","1356630785"
"Mazatlán Villa de Flores","Mazatlan Villa de Flores","18.0167","-96.9167","Mexico","MX","MEX","Oaxaca","minor","13097","1484893255"
"Kirchheim bei München","Kirchheim bei Munchen","48.1833","11.7500","Germany","DE","DEU","Bavaria","","13094","1276864694"
"San Martín Zapotitlán","San Martin Zapotitlan","14.6000","-91.6000","Guatemala","GT","GTM","Retalhuleu","minor","13094","1320924510"
"Dover","Dover","40.5304","-81.4806","United States","US","USA","Ohio","","13094","1840007217"
"Cambridge","Cambridge","38.5515","-76.0787","United States","US","USA","Maryland","","13094","1840006165"
"Hadamar","Hadamar","50.4500","8.0500","Germany","DE","DEU","Hesse","","13093","1276022783"
"Kottāram","Kottaram","8.1188","77.5243","India","IN","IND","Tamil Nādu","","13093","1356204817"
"Wollaston","Wollaston","52.4619","-2.1663","United Kingdom","GB","GBR","Dudley","","13092","1826737467"
"Taishi","Taishi","34.5167","135.6500","Japan","JP","JPN","Ōsaka","","13092","1392283998"
"Mercedes Umaña","Mercedes Umana","13.5667","-88.5000","El Salvador","SV","SLV","Usulután","","13092","1222697666"
"Wolvega","Wolvega","52.8755","5.9969","Netherlands","NL","NLD","Fryslân","minor","13090","1528105224"
"Joure","Joure","52.9650","5.8000","Netherlands","NL","NLD","Fryslân","minor","13090","1528021505"
"North Palm Beach","North Palm Beach","26.8217","-80.0576","United States","US","USA","Florida","","13089","1840018307"
"Itano","Itano","34.1444","134.4626","Japan","JP","JPN","Tokushima","","13087","1392003282"
"Hidrolândia","Hidrolandia","-16.9619","-49.2289","Brazil","BR","BRA","Goiás","minor","13086","1076638231"
"Bocholt","Bocholt","51.1729","5.5792","Belgium","BE","BEL","Flanders","","13085","1056755409"
"La Vega","La Vega","4.9992","-74.3411","Colombia","CO","COL","Cundinamarca","minor","13085","1170671820"
"La Llagosta","La Llagosta","41.5156","2.1928","Spain","ES","ESP","Catalonia","","13085","1724195852"
"Tōnoshō","Tonosho","35.8333","140.6667","Japan","JP","JPN","Chiba","","13085","1392003419"
"Al Jumaylīyah","Al Jumayliyah","25.6208","51.0819","Qatar","QA","QAT","Ash Shīḩānīyah","","13085","1634232373"
"Küssnacht","Kussnacht","47.0828","8.4408","Switzerland","CH","CHE","Schwyz","minor","13084","1756750260"
"San Antonio del Tequendama","San Antonio del Tequendama","4.6328","-74.3522","Colombia","CO","COL","Cundinamarca","minor","13084","1170251762"
"Gaurhāti","Gaurhati","22.7687","87.8084","India","IN","IND","West Bengal","","13084","1356148504"
"Manching","Manching","48.7186","11.4972","Germany","DE","DEU","Bavaria","","13083","1276452710"
"Phra Samut Chedi","Phra Samut Chedi","13.6022","100.5721","Thailand","TH","THA","Samut Prakan","minor","13082","1764769560"
"Viera East","Viera East","28.2613","-80.7149","United States","US","USA","Florida","","13082","1840039118"
"Darłowo","Darlowo","54.4208","16.4097","Poland","PL","POL","Zachodniopomorskie","","13081","1616699844"
"Andaraí","Andarai","-12.8069","-41.3308","Brazil","BR","BRA","Bahia","minor","13080","1076838333"
"Caldeirão Grande","Caldeirao Grande","-11.0200","-40.3028","Brazil","BR","BRA","Bahia","minor","13080","1076740446"
"Horst","Horst","51.4514","6.0536","Netherlands","NL","NLD","Limburg","minor","13080","1528023090"
"Gurlapeta","Gurlapeta","18.1167","83.4167","India","IN","IND","Andhra Pradesh","","13078","1356550356"
"Takkolam","Takkolam","13.0164","79.7325","India","IN","IND","Tamil Nādu","","13078","1356344925"
"Simijaca","Simijaca","5.5019","-73.8519","Colombia","CO","COL","Cundinamarca","minor","13077","1170095690"
"Chandhaus","Chandhaus","25.2977","84.8595","India","IN","IND","Bihār","","13077","1356304256"
"Udaipur Bithwār","Udaipur Bithwar","26.2872","86.1578","India","IN","IND","Bihār","","13077","1356840356"
"Kamikawa","Kamikawa","36.2139","139.1017","Japan","JP","JPN","Saitama","","13077","1392003364"
"Peddavadlapūdi","Peddavadlapudi","16.4098","80.6114","India","IN","IND","Andhra Pradesh","","13076","1356150720"
"Ekwāri","Ekwari","25.2975","84.4994","India","IN","IND","Bihār","","13075","1356073073"
"Huguan Nongchang","Huguan Nongchang","21.2015","110.2459","China","CN","CHN","Guangdong","","13074","1156566709"
"Nasiyanūr","Nasiyanur","11.3381","77.6408","India","IN","IND","Tamil Nādu","","13074","1356169374"
"Hajdúhadház","Hajduhadhaz","47.6833","21.6667","Hungary","HU","HUN","Hajdú-Bihar","minor","13073","1348644629"
"Motobu","Motobu","26.6581","127.8981","Japan","JP","JPN","Okinawa","","13073","1392003540"
"Gouandé","Gouande","10.7828","0.9186","Benin","BJ","BEN","Atacora","","13071","1204660302"
"Fannūj","Fannuj","26.5753","59.6403","Iran","IR","IRN","Sīstān va Balūchestān","minor","13070","1364947990"
"Çaykara","Caykara","40.7475","40.2419","Turkey","TR","TUR","Trabzon","minor","13070","1792430327"
"Pendlebury","Pendlebury","53.5075","-2.3154","United Kingdom","GB","GBR","Salford","","13069","1826555461"
"Goodmayes","Goodmayes","51.5631","0.1133","United Kingdom","GB","GBR","Redbridge","","13069","1826397253"
"Dărmăneşti","Darmanesti","46.3700","26.4797","Romania","RO","ROU","Bacău","","13069","1642492566"
"Grand Terrace","Grand Terrace","34.0312","-117.3132","United States","US","USA","California","","13069","1840020403"
"Las Rosas","Las Rosas","-32.4833","-61.5833","Argentina","AR","ARG","Santa Fe","minor","13068","1032811294"
"Gorakhpur","Gorakhpur","29.4467","75.6724","India","IN","IND","Haryāna","","13068","1356489469"
"Killai","Killai","11.4493","79.7668","India","IN","IND","Tamil Nādu","","13066","1356235645"
"Kalikiri","Kalikiri","13.6333","78.8000","India","IN","IND","Andhra Pradesh","","13065","1356592994"
"Pallappālaiyam","Pallappalaiyam","10.9951","77.0845","India","IN","IND","Tamil Nādu","","13065","1356169956"
"Cotegipe","Cotegipe","-12.0278","-44.2578","Brazil","BR","BRA","Bahia","minor","13063","1076905904"
"Jālhalli","Jalhalli","13.0333","77.5500","India","IN","IND","Karnātaka","","13063","1356033556"
"Stoughton","Stoughton","42.9237","-89.2225","United States","US","USA","Wisconsin","","13063","1840002901"
"Juan de Herrera","Juan de Herrera","18.8667","-71.2333","Dominican Republic","DO","DOM","El Valle","","13062","1214992695"
"Horodyshche","Horodyshche","49.2925","31.4581","Ukraine","UA","UKR","Cherkaska Oblast","minor","13062","1804360634"
"Wächtersbach","Wachtersbach","50.2547","9.2919","Germany","DE","DEU","Hesse","","13061","1276414935"
"Adi Keyh","Adi Keyh","14.8333","39.3667","Eritrea","ER","ERI","Ma’ĭkel","","13061","1232384326"
"Dinbéla","Dinbela","11.7275","-6.3581","Mali","ML","MLI","Sikasso","","13061","1466030364"
"Ribeirão do Pinhal","Ribeirao do Pinhal","-23.4167","-50.3500","Brazil","BR","BRA","Paraná","minor","13060","1076116676"
"Paina","Paina","25.5406","86.9939","India","IN","IND","Bihār","","13060","1356441040"
"La Grande","La Grande","45.3242","-118.0865","United States","US","USA","Oregon","","13059","1840019924"
"Balua","Balua","26.3272","87.6231","India","IN","IND","Bihār","","13057","1356806047"
"Mohgaon","Mohgaon","21.6394","78.7364","India","IN","IND","Madhya Pradesh","","13057","1356501396"
"Hasköy","Haskoy","38.6822","41.6894","Turkey","TR","TUR","Muş","minor","13057","1792439039"
"Kuruman","Kuruman","-27.4500","23.4333","South Africa","ZA","ZAF","Northern Cape","","13057","1710332978"
"Linnich","Linnich","50.9789","6.2678","Germany","DE","DEU","North Rhine-Westphalia","","13056","1276427998"
"Kafr ‘Awān","Kafr `Awan","32.4167","35.6833","Jordan","JO","JOR","Irbid","","13056","1400261137"
"Woolwich","Woolwich","39.7400","-75.3170","United States","US","USA","New Jersey","","13056","1840081674"
"Muri","Muri","46.9319","7.4872","Switzerland","CH","CHE","Bern","","13054","1756349869"
"Castlebar","Castlebar","53.8500","-9.3000","Ireland","IE","IRL","Mayo","admin","13054","1372066739"
"Lamaçães","Lamacaes","41.5444","-8.3947","Portugal","PT","PRT","Braga","","13054","1620999765"
"Claremont","Claremont","43.3790","-72.3368","United States","US","USA","New Hampshire","","13054","1840002805"
"Rabot","Rabot","38.6167","68.1833","Tajikistan","TJ","TJK","Nohiyahoi Tobei Jumhurí","","13053","1762294560"
"Alto Garças","Alto Garcas","-16.9439","-53.5278","Brazil","BR","BRA","Mato Grosso","minor","13052","1076413625"
"Nidzica","Nidzica","53.3583","20.4250","Poland","PL","POL","Warmińsko-Mazurskie","minor","13052","1616216829"
"Fords","Fords","40.5359","-74.3126","United States","US","USA","New Jersey","","13052","1840005409"
"Dom Feliciano","Dom Feliciano","-30.7039","-52.1078","Brazil","BR","BRA","Rio Grande do Sul","minor","13051","1076532414"
"Vetlanda","Vetlanda","57.4333","15.0667","Sweden","SE","SWE","Jönköping","minor","13050","1752000768"
"Gamboula","Gamboula","4.1333","15.1500","Central African Republic","CF","CAF","Mambéré-Kadéï","","13048","1140530300"
"Fonsorbes","Fonsorbes","43.5369","1.2319","France","FR","FRA","Occitanie","","13048","1250172848"
"Forlimpopoli","Forlimpopoli","44.1833","12.1333","Italy","IT","ITA","Emilia-Romagna","","13047","1380469474"
"Palos Verdes Estates","Palos Verdes Estates","33.7872","-118.3973","United States","US","USA","California","","13047","1840020503"
"Monte Belo","Monte Belo","-21.3258","-46.3678","Brazil","BR","BRA","Minas Gerais","minor","13046","1076552957"
"Kani-Bonzon","Kani-Bonzon","14.1403","-3.6183","Mali","ML","MLI","Mopti","","13046","1466062821"
"Alcácer do Sal","Alcacer do Sal","38.3725","-8.5133","Portugal","PT","PRT","Setúbal","minor","13046","1620351188"
"Afanyangan","Afanyangan","6.4833","1.6500","Togo","TG","TGO","Maritime","","13046","1768926605"
"Danga","Danga","16.4619","-3.1314","Mali","ML","MLI","Tombouctou","","13045","1466716384"
"La Crucecita","La Crucecita","15.7753","-96.1425","Mexico","MX","MEX","Oaxaca","","13044","1484030886"
"Linganore","Linganore","39.4127","-77.3014","United States","US","USA","Maryland","","13044","1840026627"
"Turvo","Turvo","-28.9258","-49.6789","Brazil","BR","BRA","Santa Catarina","","13043","1076843922"
"Pandireddigūdem","Pandireddigudem","16.8000","81.3167","India","IN","IND","Andhra Pradesh","","13043","1356551071"
"Pūlla","Pulla","16.8094","81.3238","India","IN","IND","Andhra Pradesh","","13043","1356959196"
"Anadyr","Anadyr","64.7333","177.5167","Russia","RU","RUS","Chukotskiy Avtonomnyy Okrug","admin","13043","1643453469"
"Manturovo","Manturovo","58.3333","44.7667","Russia","RU","RUS","Kostromskaya Oblast’","minor","13043","1643951602"
"Fatehpur","Fatehpur","26.2813","87.1084","India","IN","IND","Bihār","","13041","1356115572"
"Drongen","Drongen","51.0503","3.6628","Belgium","BE","BEL","Flanders","","13038","1056322707"
"Rasauli","Rasauli","26.1270","84.8378","India","IN","IND","Bihār","","13038","1356589887"
"Mettet","Mettet","50.3211","4.6590","Belgium","BE","BEL","Wallonia","","13037","1056136798"
"Mango","Mango","27.9914","-82.3070","United States","US","USA","Florida","","13037","1840014157"
"Charābidya","Charabidya","22.3271","88.7879","India","IN","IND","West Bengal","","13035","1356210457"
"Dahu","Dahu","24.3978","120.8486","Taiwan","TW","TWN","Miaoli","","13035","1158685093"
"Thompson","Thompson","55.7433","-97.8553","Canada","CA","CAN","Manitoba","","13035","1124110693"
"Turbihāl","Turbihal","15.7614","76.5964","India","IN","IND","Karnātaka","","13034","1356364510"
"Palmital","Palmital","-24.8928","-52.2028","Brazil","BR","BRA","Paraná","minor","13033","1076062841"
"Olivar Bajo","Olivar Bajo","-34.2289","-70.8799","Chile","CL","CHL","Libertador General Bernardo O’Higgins","","13033","1152427692"
"Olivar","Olivar","-34.2330","-70.8830","Chile","CL","CHL","Libertador General Bernardo O’Higgins","","13033","1152993328"
"Hungen","Hungen","50.4667","8.9000","Germany","DE","DEU","Hesse","","13033","1276067778"
"D'Iberville","D'Iberville","30.4709","-88.9011","United States","US","USA","Mississippi","","13033","1840015023"
"Lowshān","Lowshan","36.6278","49.5114","Iran","IR","IRN","Gīlān","","13032","1364318823"
"Shahr-e Herāt","Shahr-e Herat","30.0547","54.3717","Iran","IR","IRN","Yazd","minor","13032","1364330823"
"Tezontepec","Tezontepec","19.8833","-98.8167","Mexico","MX","MEX","Hidalgo","minor","13032","1484120923"
"Stjørdalshalsen","Stjordalshalsen","63.4667","10.9333","Norway","NO","NOR","Trøndelag","","13032","1578486368"
"Tomball","Tomball","30.0951","-95.6194","United States","US","USA","Texas","","13032","1840022203"
"Capo d’Orlando","Capo d'Orlando","38.1500","14.7333","Italy","IT","ITA","Sicilia","","13031","1380000117"
"Nova Gorica","Nova Gorica","45.9558","13.6433","Slovenia","SI","SVN","Nova Gorica","admin","13031","1705939355"
"Smyrna","Smyrna","39.2935","-75.6083","United States","US","USA","Delaware","","13031","1840005820"
"Ajas","Ajas","34.3316","74.6801","India","IN","IND","Jammu and Kashmīr","","13028","1356098164"
"Dārāsuram","Darasuram","10.9515","79.3562","India","IN","IND","Tamil Nādu","","13027","1356172289"
"Neykkārappatti","Neykkarappatti","11.6225","78.1058","India","IN","IND","Tamil Nādu","","13027","1356219731"
"Blytheville","Blytheville","35.9321","-89.9051","United States","US","USA","Arkansas","","13026","1840013390"
"Roßdorf","Rossdorf","49.8500","8.7500","Germany","DE","DEU","Hesse","","13025","1276485958"
"Çatalpınar","Catalpinar","40.8789","37.4531","Turkey","TR","TUR","Ordu","minor","13025","1792029598"
"Missões","Missoes","-14.8839","-44.0908","Brazil","BR","BRA","Minas Gerais","minor","13024","1076497793"
"Holborn","Holborn","51.5204","-0.1136","United Kingdom","GB","GBR","Camden","","13023","1826657058"
"San Pietro Vernotico","San Pietro Vernotico","40.5116","18.0143","Italy","IT","ITA","Puglia","","13022","1380961722"
"Buharkent","Buharkent","37.9617","28.7422","Turkey","TR","TUR","Aydın","minor","13022","1792505587"
"Dayālpur Sāpha","Dayalpur Sapha","25.7122","85.3188","India","IN","IND","Bihār","","13021","1356063075"
"Barāon","Baraon","25.4551","84.2661","India","IN","IND","Bihār","","13021","1356156731"
"Mountain Home","Mountain Home","36.3351","-92.3840","United States","US","USA","Arkansas","","13021","1840014452"
"Shīn","Shin","34.7786","36.4237","Syria","SY","SYR","Ḩimş","minor","13020","1760607600"
"Caledon","Caledon","-34.2300","19.4283","South Africa","ZA","ZAF","Western Cape","","13020","1710038887"
"Bolongongo","Bolongongo","-8.4667","15.2500","Angola","AO","AGO","Cuanza-Norte","","13019","1024319966"
"Taichang","Taichang","35.4002","107.7739","China","CN","CHN","Gansu","","13019","1156082573"
"Bohmte","Bohmte","52.3667","8.3167","Germany","DE","DEU","Lower Saxony","","13019","1276943763"
"Scheeßel","Scheessel","53.1706","9.4831","Germany","DE","DEU","Lower Saxony","","13019","1276647577"
"Neuri","Neuri","26.0076","86.1841","India","IN","IND","Bihār","","13019","1356795978"
"Sharon","Sharon","41.2340","-80.4998","United States","US","USA","Pennsylvania","","13019","1840003441"
"Dinshawāy","Dinshaway","30.6000","30.8167","Egypt","EG","EGY","Al Minūfīyah","","13018","1818787891"
"Brackley","Brackley","52.0320","-1.1470","United Kingdom","GB","GBR","Northamptonshire","","13018","1826334139"
"Ubaporanga","Ubaporanga","-19.6350","-42.1058","Brazil","BR","BRA","Minas Gerais","minor","13017","1076516869"
"Fatehpur","Fatehpur","25.2463","87.0380","India","IN","IND","Bihār","","13017","1356278039"
"Bārah","Barah","25.3885","85.4912","India","IN","IND","Bihār","","13017","1356539403"
"Candiba","Candiba","-14.4108","-42.8669","Brazil","BR","BRA","Bahia","minor","13016","1076540136"
"Fuldatal","Fuldatal","51.3833","9.5500","Germany","DE","DEU","Hesse","","13016","1276357406"
"Leibnitz","Leibnitz","46.7831","15.5450","Austria","AT","AUT","Steiermark","minor","13014","1040580132"
"Abrera","Abrera","41.5167","1.9000","Spain","ES","ESP","Catalonia","","13014","1724786014"
"Gangoli","Gangoli","13.6538","74.6664","India","IN","IND","Karnātaka","","13014","1356041450"
"Peddakūrapādu","Peddakurapadu","16.4833","80.2667","India","IN","IND","Andhra Pradesh","","13014","1356574972"
"Kalaiyamputtūr","Kalaiyamputtur","10.4542","77.4831","India","IN","IND","Tamil Nādu","","13013","1356172091"
"Athens","Athens","32.2041","-95.8321","United States","US","USA","Texas","","13013","1840019500"
"Seclin","Seclin","50.5489","3.0303","France","FR","FRA","Hauts-de-France","","13011","1250824349"
"Belpukur","Belpukur","21.9851","88.2125","India","IN","IND","West Bengal","","13011","1356759284"
"Ampanavoana","Ampanavoana","-15.6878","50.3604","Madagascar","MG","MDG","Antsiranana","","13009","1450838781"
"Thara","Thara","26.7027","78.2788","India","IN","IND","Madhya Pradesh","","13008","1356561205"
"West Carrollton","West Carrollton","39.6701","-84.2542","United States","US","USA","Ohio","","13008","1840059955"
"Chandauli","Chandauli","25.8972","85.7161","India","IN","IND","Bihār","","13007","1356346615"
"Zolote","Zolote","48.6928","38.5194","Ukraine","UA","UKR","Luhanska Oblast","","13007","1804231300"
"Sidhwān","Sidhwan","31.2725","75.3652","India","IN","IND","Punjab","","13006","1356895699"
"Kaji","Kaji","26.0285","102.7888","China","CN","CHN","Yunnan","minor","13005","1156095715"
"Canet-en-Roussillon","Canet-en-Roussillon","42.7067","3.0078","France","FR","FRA","Occitanie","","13005","1250710356"
"Lawaan","Lawaan","11.1408","125.3011","Philippines","PH","PHL","Eastern Samar","","13003","1608580234"
"Suamico","Suamico","44.6354","-88.0683","United States","US","USA","Wisconsin","","13003","1840000309"
"Wimauma","Wimauma","27.6964","-82.3034","United States","US","USA","Florida","","13003","1840014155"
"Quzanlı","Quzanli","40.1591","47.1653","Azerbaijan","AZ","AZE","Ağdam","","13002","1031479140"
"Holly Hill","Holly Hill","29.2442","-81.0465","United States","US","USA","Florida","","13002","1840015078"
"Alaverdi","Alaverdi","41.1333","44.6500","Armenia","AM","ARM","Lorri","","13000","1051787137"
"Abarán","Abaran","38.2031","-1.4003","Spain","ES","ESP","Murcia","","13000","1724553721"
"Galashiels","Galashiels","55.6194","-2.8033","United Kingdom","GB","GBR","Scottish Borders","","13000","1826185661"
"Jalam","Jalam","20.8167","76.5833","India","IN","IND","Mahārāshtra","","13000","1356626352"
"Ghorādongri","Ghoradongri","22.1228","78.0025","India","IN","IND","Madhya Pradesh","","13000","1356051896"
"Moviya","Moviya","21.9153","70.8465","India","IN","IND","Gujarāt","","13000","1356256946"
"Amauna","Amauna","25.0531","84.5169","India","IN","IND","Bihār","","13000","1356626059"
"Dammennu","Dammennu","16.8255","81.7079","India","IN","IND","Andhra Pradesh","","13000","1356047567"
"Kahhalé","Kahhale","33.8219","35.5875","Lebanon","LB","LBN","Mont-Liban","","13000","1422675912"
"Ambararata","Ambararata","-15.0408","48.5492","Madagascar","MG","MDG","Mahajanga","","13000","1450169435"
"Marovandrika","Marovandrika","-22.5191","47.6665","Madagascar","MG","MDG","Fianarantsoa","","13000","1450169623"
"Morafeno","Morafeno","-21.0974","48.1779","Madagascar","MG","MDG","Fianarantsoa","","13000","1450422826"
"Andreba","Andreba","-14.5971","48.1881","Madagascar","MG","MDG","Mahajanga","","13000","1450633860"
"Marovato","Marovato","-25.5290","45.2769","Madagascar","MG","MDG","Toliara","","13000","1450393411"
"Ampitasimo","Ampitasimo","-17.7833","48.3833","Madagascar","MG","MDG","Toamasina","","13000","1450380832"
"Ambohimahavelona","Ambohimahavelona","-23.4456","43.8966","Madagascar","MG","MDG","Toliara","","13000","1450064416"
"Isaka-Ivondro","Isaka-Ivondro","-24.7986","46.8647","Madagascar","MG","MDG","Toliara","","13000","1450725316"
"Ambodiampana","Ambodiampana","-14.5280","49.8533","Madagascar","MG","MDG","Antsiranana","","13000","1450410168"
"Andranomamy","Andranomamy","-16.5357","47.1242","Madagascar","MG","MDG","Mahajanga","","13000","1450780614"
"Ihorombe","Ihorombe","-23.0083","47.5315","Madagascar","MG","MDG","Fianarantsoa","","13000","1450066210"
"Mahatsinjo","Mahatsinjo","-22.8125","47.4513","Madagascar","MG","MDG","Fianarantsoa","","13000","1450644475"
"Antongomena-Bevary","Antongomena-Bevary","-15.9549","45.9403","Madagascar","MG","MDG","Mahajanga","","13000","1450046754"
"Antsirabe Afovoany","Antsirabe Afovoany","-15.9574","48.9666","Madagascar","MG","MDG","Mahajanga","","13000","1450923807"
"Sahavalanina-Antenina","Sahavalanina-Antenina","-16.5705","49.2493","Madagascar","MG","MDG","Toamasina","","13000","1450370161"
"Belemoka","Belemoka","-21.7823","47.6060","Madagascar","MG","MDG","Fianarantsoa","","13000","1450739147"
"Mavorano","Mavorano","-21.7912","47.9456","Madagascar","MG","MDG","Toliara","","13000","1450909135"
"Evato","Evato","-22.6000","47.6833","Madagascar","MG","MDG","Fianarantsoa","","13000","1450349321"
"Tranovaho","Tranovaho","-25.3054","44.9762","Madagascar","MG","MDG","Toliara","","13000","1450131232"
"Amborompotsy","Amborompotsy","-24.6791","44.9507","Madagascar","MG","MDG","Toliara","","13000","1450600717"
"Ambalakindresy","Ambalakindresy","-21.1664","47.3352","Madagascar","MG","MDG","Fianarantsoa","","13000","1450729938"
"Ambahoabe","Ambahoabe","-16.7828","49.5207","Madagascar","MG","MDG","Toamasina","","13000","1450430279"
"Vohitrindry","Vohitrindry","-22.3751","47.8362","Madagascar","MG","MDG","Fianarantsoa","","13000","1450431689"
"Befandriana","Befandriana","-15.2542","48.5425","Madagascar","MG","MDG","Mahajanga","","13000","1450151702"
"Ampanefena","Ampanefena","-13.8588","49.9449","Madagascar","MG","MDG","Antsiranana","","13000","1450684282"
"Ankilivalo","Ankilivalo","-20.2984","44.6361","Madagascar","MG","MDG","Toliara","","13000","1450597906"
"Anjiajia","Anjiajia","-16.4644","46.9572","Madagascar","MG","MDG","Mahajanga","","13000","1450871087"
"Ambatondrakalavao","Ambatondrakalavao","-19.4481","47.5078","Madagascar","MG","MDG","Antananarivo","","13000","1450037495"
"Kirano","Kirano","-21.8333","47.0500","Madagascar","MG","MDG","Fianarantsoa","","13000","1450729863"
"Sakoabe","Sakoabe","-22.1937","47.8396","Madagascar","MG","MDG","Fianarantsoa","","13000","1450793349"
"Maroviro","Maroviro","-21.2283","44.7418","Madagascar","MG","MDG","Toliara","","13000","1450225913"
"Ambakireny","Ambakireny","-17.6232","47.8439","Madagascar","MG","MDG","Mahajanga","","13000","1450303775"
"Tsiately","Tsiately","-23.3309","47.6101","Madagascar","MG","MDG","Fianarantsoa","","13000","1450928724"
"Ambohitsilaozana","Ambohitsilaozana","-17.6994","48.4687","Madagascar","MG","MDG","Toamasina","","13000","1450224032"
"Ambazoa","Ambazoa","-25.3147","45.8960","Madagascar","MG","MDG","Toliara","","13000","1450252226"
"Ambodisakoana","Ambodisakoana","-15.4058","47.9597","Madagascar","MG","MDG","Mahajanga","","13000","1450641793"
"Bemanevika","Bemanevika","-14.1403","50.1244","Madagascar","MG","MDG","Antsiranana","","13000","1450530961"
"Ambondrona","Ambondrona","-21.2683","46.9937","Madagascar","MG","MDG","Fianarantsoa","","13000","1450002861"
"Ambatolampy","Ambatolampy","-18.9000","46.1167","Madagascar","MG","MDG","Antananarivo","","13000","1450574788"
"Bejofo","Bejofo","-17.8362","48.2185","Madagascar","MG","MDG","Toamasina","","13000","1450197169"
"Manambolo","Manambolo","-15.2840","49.7099","Madagascar","MG","MDG","Toamasina","","13000","1450568646"
"Mangindrano","Mangindrano","-14.2687","48.9592","Madagascar","MG","MDG","Mahajanga","","13000","1450075192"
"Ankilimalinika","Ankilimalinika","-22.9569","43.5642","Madagascar","MG","MDG","Toliara","","13000","1450201063"
"Sandrakatsy","Sandrakatsy","-16.3397","49.6131","Madagascar","MG","MDG","Toamasina","","13000","1450889811"
"Marojala","Marojala","-14.4680","50.0320","Madagascar","MG","MDG","Antsiranana","","13000","1450598155"
"Ilafy","Ilafy","-17.8919","48.4145","Madagascar","MG","MDG","Toamasina","","13000","1450451732"
"Morarano","Morarano","-18.9120","47.3032","Madagascar","MG","MDG","Antananarivo","","13000","1450596372"
"Mandritsara","Mandritsara","-19.5500","47.0500","Madagascar","MG","MDG","Antananarivo","","13000","1450508025"
"Befeta","Befeta","-21.2304","47.0495","Madagascar","MG","MDG","Fianarantsoa","","13000","1450865101"
"Amboaboa","Amboaboa","-15.9448","48.7186","Madagascar","MG","MDG","Mahajanga","","13000","1450226220"
"Manambidala","Manambidala","-22.7500","47.2667","Madagascar","MG","MDG","Fianarantsoa","","13000","1450982031"
"Andohajango","Andohajango","-15.9098","48.4970","Madagascar","MG","MDG","Mahajanga","","13000","1450979666"
"Ḩarmah","Harmah","25.9262","45.3297","Saudi Arabia","SA","SAU","Ar Riyāḑ","","13000","1682617431"
"Sunne","Sunne","59.8333","13.1500","Sweden","SE","SWE","Värmland","minor","13000","1752127912"
"Kumi","Kumi","1.4608","33.9361","Uganda","UG","UGA","Kumi","admin","13000","1800429770"
"Lavello","Lavello","41.0500","15.8000","Italy","IT","ITA","Basilicata","","12998","1380330095"
"Ayaş","Ayas","40.0167","32.3333","Turkey","TR","TUR","Ankara","minor","12998","1792609303"
"Vieira do Minho","Vieira do Minho","41.6333","-8.1333","Portugal","PT","PRT","Braga","minor","12997","1620164873"
"Bocas del Toro","Bocas del Toro","9.3333","-82.2500","Panama","PA","PAN","Bocas del Toro","admin","12996","1591037947"
"Manalalondo","Manalalondo","-19.2544","47.1138","Madagascar","MG","MDG","Antananarivo","","12995","1450712810"
"Anandāpuram","Anandapuram","11.0900","76.9422","India","IN","IND","Tamil Nādu","","12993","1356159561"
"Gornalwood","Gornalwood","52.5230","-2.1240","United Kingdom","GB","GBR","Dudley","","12992","1826716353"
"Lohiyār Ujain","Lohiyar Ujain","26.6284","84.7452","India","IN","IND","Bihār","","12992","1356078372"
"Mounds View","Mounds View","45.1071","-93.2076","United States","US","USA","Minnesota","","12992","1840007840"
"Spáta","Spata","37.9667","23.9167","Greece","GR","GRC","Attikí","minor","12991","1300805467"
"Ficarazzi","Ficarazzi","38.0923","13.4639","Italy","IT","ITA","Sicilia","","12991","1380754605"
"Baduriātola","Baduriatola","24.0928","84.0895","India","IN","IND","Jhārkhand","","12990","1356511216"
"Kottapadi","Kottapadi","10.0667","76.6000","India","IN","IND","Kerala","","12990","1356160062"
"Kara-Kyshtak","Kara-Kyshtak","40.1187","72.1005","Kyrgyzstan","KG","KGZ","Batken","","12990","1417214210"
"Chhāra","Chhara","28.6957","76.7072","India","IN","IND","Haryāna","","12989","1356068522"
"Chāwalhāti","Chawalhati","26.4841","88.5677","India","IN","IND","West Bengal","","12988","1356096734"
"Nacozari de García","Nacozari de Garcia","30.3833","-109.6833","Mexico","MX","MEX","Sonora","minor","12987","1484112459"
"Korneuburg","Korneuburg","48.3453","16.3331","Austria","AT","AUT","Niederösterreich","minor","12986","1040595988"
"Auriol","Auriol","43.3681","5.6361","France","FR","FRA","Provence-Alpes-Côte d’Azur","","12986","1250066730"
"Zandhoven","Zandhoven","51.2150","4.6608","Belgium","BE","BEL","Flanders","","12985","1056347611"
"Sai Wan Ho","Sai Wan Ho","22.2877","114.1365","Hong Kong","HK","HKG","","","12985","1344000086"
"Steinkjer","Steinkjer","64.0147","11.4942","Norway","NO","NOR","Trøndelag","admin","12985","1578642047"
"Paso de los Toros","Paso de los Toros","-32.8112","-56.5086","Uruguay","UY","URY","Durazno","","12985","1858768851"
"Santa Cruz Atizapán","Santa Cruz Atizapan","19.1756","-99.4886","Mexico","MX","MEX","México","minor","12984","1484011710"
"Kibiito","Kibiito","0.4775","30.1925","Uganda","UG","UGA","Bunyangabu","admin","12984","1800035606"
"Ivanić-Grad","Ivanic-Grad","45.7081","16.3947","Croatia","HR","HRV","Zagrebačka Županija","minor","12982","1191909415"
"Kollipara","Kollipara","16.2877","80.7519","India","IN","IND","Andhra Pradesh","","12982","1356510810"
"Vrbovec","Vrbovec","45.8833","16.4333","Croatia","HR","HRV","Zagrebačka Županija","minor","12981","1191484288"
"Bisee","Bisee","14.0243","-60.9744","Saint Lucia","LC","LCA","Castries","","12980","1662015000"
"Yiewsley","Yiewsley","51.5130","-0.4710","United Kingdom","GB","GBR","Hillingdon","","12979","1826369645"
"Chāng","Chang","28.8808","76.2427","India","IN","IND","Haryāna","","12979","1356551039"
"Jiānganj","Jianganj","25.8661","87.2612","India","IN","IND","Bihār","","12976","1356725284"
"Höör","Hoor","55.9333","13.5333","Sweden","SE","SWE","Skåne","minor","12976","1752091999"
"Radomir","Radomir","42.5457","22.9623","Bulgaria","BG","BGR","Pernik","","12975","1100594345"
"San Lucas","San Lucas","13.4167","-86.6000","Nicaragua","NI","NIC","Madriz","minor","12975","1558795437"
"Kanel","Kanel","15.4833","-13.1667","Senegal","SN","SEN","Matam","","12975","1686649291"
"Sátoraljaújhely","Satoraljaujhely","48.3941","21.6561","Hungary","HU","HUN","Borsod-Abaúj-Zemplén","minor","12973","1348874769"
"Sidi Moussa Ben Ali","Sidi Moussa Ben Ali","33.5594","-7.3817","Morocco","MA","MAR","Casablanca-Settat","","12973","1504600250"
"Castellbisbal","Castellbisbal","41.4760","1.9830","Spain","ES","ESP","Catalonia","","12972","1724327677"
"Culaba","Culaba","11.6578","124.5425","Philippines","PH","PHL","Leyte","","12972","1608715779"
"Pretoria-Noord","Pretoria-Noord","-25.6731","28.1733","South Africa","ZA","ZAF","Gauteng","","12972","1710539287"
"Sitalpur","Sitalpur","26.4050","85.0070","India","IN","IND","Bihār","","12971","1356050429"
"Ben","Ben","32.5447","50.7475","Iran","IR","IRN","Chahār Maḩāl va Bakhtīārī","minor","12971","1364428326"
"Turi","Turi","40.9167","17.0167","Italy","IT","ITA","Puglia","","12971","1380683365"
"Vysokovsk","Vysokovsk","56.3167","36.5500","Russia","RU","RUS","Moskovskaya Oblast’","","12971","1643011226"
"Marple","Marple","53.3970","-2.0610","United Kingdom","GB","GBR","Stockport","","12970","1826000495"
"Barwat Pasrāin","Barwat Pasrain","26.7925","84.5469","India","IN","IND","Bihār","","12970","1356005091"
"Phulwaria","Phulwaria","25.9395","85.0035","India","IN","IND","Bihār","","12969","1356334092"
"Bachrā","Bachra","23.6886","85.0703","India","IN","IND","Jhārkhand","","12969","1356195250"
"Senmayachō-senmaya","Senmayacho-senmaya","38.9369","141.3314","Japan","JP","JPN","Iwate","","12969","1392275683"
"Wanderley","Wanderley","-12.1200","-43.8878","Brazil","BR","BRA","Bahia","minor","12968","1076046103"
"Rovinj","Rovinj","45.0833","13.6333","Croatia","HR","HRV","Istarska Županija","minor","12968","1191599469"
"An Thành B","An Thanh B","10.1958","106.3314","Vietnam","VN","VNM","Bến Tre","","12968","1704953278"
"Casinhas","Casinhas","-7.7411","-35.7211","Brazil","BR","BRA","Pernambuco","minor","12967","1076002951"
"Berck-sur-Mer","Berck-sur-Mer","50.4089","1.5933","France","FR","FRA","Hauts-de-France","","12967","1250250433"
"Lingamparti","Lingamparti","17.2827","82.1231","India","IN","IND","Andhra Pradesh","","12967","1356156344"
"Chapantongo","Chapantongo","20.2833","-99.4000","Mexico","MX","MEX","Hidalgo","","12967","1484970395"
"Itatiaiuçu","Itatiaiucu","-20.1969","-44.4208","Brazil","BR","BRA","Minas Gerais","minor","12966","1076406808"
"Festus","Festus","38.2194","-90.4097","United States","US","USA","Missouri","","12965","1840008652"
"Uppāda","Uppada","17.0833","82.3333","India","IN","IND","Andhra Pradesh","","12964","1356472489"
"Lynnfield","Lynnfield","42.5356","-71.0382","United States","US","USA","Massachusetts","","12964","1840053531"
"Palangarai","Palangarai","11.1978","77.3058","India","IN","IND","Tamil Nādu","","12963","1356165837"
"Garhi","Garhi","25.0447","79.6772","India","IN","IND","Madhya Pradesh","","12962","1356775899"
"Mizil","Mizil","45.0000","26.4406","Romania","RO","ROU","Prahova","","12962","1642044399"
"Shenley Church End","Shenley Church End","52.0220","-0.7880","United Kingdom","GB","GBR","Milton Keynes","","12961","1826650494"
"Miami","Miami","36.8878","-94.8711","United States","US","USA","Oklahoma","","12960","1840020346"
"Bedford","Bedford","41.3919","-81.5360","United States","US","USA","Ohio","","12960","1840003396"
"Montesarchio","Montesarchio","41.0667","14.6333","Italy","IT","ITA","Campania","","12959","1380707425"
"Cardoso Moreira","Cardoso Moreira","-21.4878","-41.6158","Brazil","BR","BRA","Rio de Janeiro","minor","12958","1076342720"
"Châlette-sur-Loing","Chalette-sur-Loing","48.0125","2.7364","France","FR","FRA","Centre-Val de Loire","","12958","1250465626"
"Somerville","Somerville","40.5696","-74.6092","United States","US","USA","New Jersey","","12958","1840001056"
"Shanyincun","Shanyincun","37.9151","114.4126","China","CN","CHN","Hebei","","12957","1156553999"
"Wicklow","Wicklow","52.9779","-6.0330","Ireland","IE","IRL","Wicklow","admin","12957","1372662642"
"Kūdangulam","Kudangulam","8.1901","77.7002","India","IN","IND","Tamil Nādu","","12957","1356249202"
"Pomfret","Pomfret","42.4029","-79.3534","United States","US","USA","New York","","12956","1840087818"
"Pingtiancun","Pingtiancun","25.2225","114.6252","China","CN","CHN","Guangdong","","12955","1156840263"
"Jhaua","Jhaua","25.6250","84.5161","India","IN","IND","Bihār","","12955","1356368167"
"Montefiascone","Montefiascone","42.5333","12.0333","Italy","IT","ITA","Lazio","","12955","1380379185"
"Flint","Flint","53.2482","-3.1358","United Kingdom","GB","GBR","Flintshire","","12953","1826504781"
"Pucioasa","Pucioasa","45.0742","25.4342","Romania","RO","ROU","Dâmboviţa","","12953","1642731261"
"Mogocha","Mogocha","53.7333","119.7667","Russia","RU","RUS","Zabaykal’skiy Kray","minor","12953","1643177886"
"Twistringen","Twistringen","52.8000","8.6500","Germany","DE","DEU","Lower Saxony","","12952","1276091874"
"Mirdaul","Mirdaul","26.2363","87.0971","India","IN","IND","Bihār","","12951","1356003414"
"Saposoa","Saposoa","-6.9364","-76.7718","Peru","PE","PER","San Martín","","12951","1604843122"
"Villeneuve-lès-Avignon","Villeneuve-les-Avignon","43.9672","4.7967","France","FR","FRA","Occitanie","","12950","1250823512"
"Ionia","Ionia","42.9773","-85.0727","United States","US","USA","Michigan","","12950","1840003075"
"Mulakalūru","Mulakaluru","16.2776","80.0672","India","IN","IND","Andhra Pradesh","","12949","1356896759"
"Bocşa","Bocsa","45.3747","21.7106","Romania","RO","ROU","Caraş-Severin","","12949","1642424364"
"Libertad","Libertad","8.5583","124.3500","Philippines","PH","PHL","Misamis Oriental","","12948","1608897342"
"Rödental","Rodental","50.2833","11.0667","Germany","DE","DEU","Bavaria","","12947","1276302053"
"Jaitpur","Jaitpur","25.9132","84.5730","India","IN","IND","Bihār","","12946","1356034927"
"Tartarugalzinho","Tartarugalzinho","1.5058","-50.9119","Brazil","BR","BRA","Amapá","minor","12945","1076510504"
"Lakkavaram","Lakkavaram","17.0628","81.2919","India","IN","IND","Andhra Pradesh","","12945","1356073499"
"Carpenedolo","Carpenedolo","45.3654","10.4323","Italy","IT","ITA","Lombardy","","12945","1380820310"
"Newcastle","Newcastle","47.5304","-122.1633","United States","US","USA","Washington","","12945","1840019831"
"Český Krumlov","Cesky Krumlov","48.8111","14.3153","Czechia","CZ","CZE","Jihočeský Kraj","","12944","1203973467"
"Cherutana Tekku","Cherutana Tekku","9.3230","76.4382","India","IN","IND","Kerala","","12944","1356160876"
"Brejões","Brejoes","-13.1039","-39.7958","Brazil","BR","BRA","Bahia","minor","12943","1076965135"
"Shiwan","Shiwan","37.4622","109.3797","China","CN","CHN","Shaanxi","","12942","1156709549"
"Camponogara","Camponogara","45.3833","12.0667","Italy","IT","ITA","Veneto","","12942","1380151926"
"Aïn Jemaa","Ain Jemaa","34.0333","-5.8000","Morocco","MA","MAR","Fès-Meknès","","12942","1504158964"
"Elandsdoorn","Elandsdoorn","-25.2880","29.1960","South Africa","ZA","ZAF","Mpumalanga","","12941","1710800977"
"Nossa Senhora do Livramento","Nossa Senhora do Livramento","-15.7750","-56.3458","Brazil","BR","BRA","Mato Grosso","minor","12940","1076933932"
"Berja","Berja","36.8453","-2.9469","Spain","ES","ESP","Andalusia","","12939","1724229322"
"Sākhmohan","Sakhmohan","25.6325","85.9859","India","IN","IND","Bihār","","12939","1356048948"
"Rochester","Rochester","42.6866","-83.1198","United States","US","USA","Michigan","","12939","1840002428"
"Japoatã","Japoata","-10.3467","-36.8011","Brazil","BR","BRA","Sergipe","minor","12938","1076539060"
"Rāmpur Shāmchand","Rampur Shamchand","25.5664","85.3289","India","IN","IND","Bihār","","12937","1356906624"
"Matinilla","Matinilla","9.9246","-84.0713","Costa Rica","CR","CRI","San José","","12936","1188724391"
"Trebaseleghe","Trebaseleghe","45.5833","12.0500","Italy","IT","ITA","Veneto","","12936","1380826282"
"Gomparou","Gomparou","11.3000","2.4489","Benin","BJ","BEN","Alibori","","12934","1204353834"
"Morungaba","Morungaba","-22.8800","-46.7917","Brazil","BR","BRA","São Paulo","minor","12934","1076597172"
"Avocado Heights","Avocado Heights","34.0391","-117.9970","United States","US","USA","California","","12934","1840028318"
"Campo de Criptana","Campo de Criptana","39.4000","-3.1167","Spain","ES","ESP","Castille-La Mancha","","12932","1724221240"
"Aït I’yach","Ait I'yach","32.6667","-4.9556","Morocco","MA","MAR","Drâa-Tafilalet","","12932","1504002583"
"Isalo","Isalo","-19.7370","45.4392","Madagascar","MG","MDG","Toliara","","12930","1450249721"
"San Pablo","San Pablo","1.6725","-77.0139","Colombia","CO","COL","Nariño","minor","12929","1170794698"
"Kachavaram","Kachavaram","16.5361","79.7187","India","IN","IND","Andhra Pradesh","","12928","1356086007"
"Pionerskiy","Pionerskiy","54.9517","20.2333","Russia","RU","RUS","Kaliningradskaya Oblast’","minor","12928","1643251057"
"Wadersloh","Wadersloh","51.7386","8.2514","Germany","DE","DEU","North Rhine-Westphalia","","12927","1276176692"
"Ātmakūru","Atmakuru","14.6452","77.3554","India","IN","IND","Andhra Pradesh","","12926","1356647980"
"Song Phi Nong","Song Phi Nong","14.2241","100.0209","Thailand","TH","THA","Suphan Buri","minor","12926","1764684967"
"Balatonfüred","Balatonfured","46.9500","17.8833","Hungary","HU","HUN","Veszprém","minor","12925","1348517997"
"Qal‘at al Maḑīq","Qal`at al Madiq","35.4147","36.3908","Syria","SY","SYR","Ḩamāh","minor","12925","1760079003"
"Nova Londrina","Nova Londrina","-22.7658","-52.9850","Brazil","BR","BRA","Paraná","minor","12923","1076898480"
"Besigheim","Besigheim","48.9983","9.1417","Germany","DE","DEU","Baden-Württemberg","","12923","1276386454"
"Saint-Hilaire-de-Riez","Saint-Hilaire-de-Riez","46.7219","-1.9442","France","FR","FRA","Pays de la Loire","","12923","1250215793"
"Medfield","Medfield","42.1848","-71.3050","United States","US","USA","Massachusetts","","12923","1840053552"
"Fengdeng","Fengdeng","38.5514","106.2464","China","CN","CHN","Ningxia","","12922","1156185967"
"Paranhos","Paranhos","-23.8928","-55.4308","Brazil","BR","BRA","Mato Grosso do Sul","minor","12921","1076900363"
"Woolton","Woolton","53.3740","-2.8650","United Kingdom","GB","GBR","Liverpool","","12921","1826782144"
"Kingsbury","Kingsbury","43.3440","-73.5396","United States","US","USA","New York","","12921","1840058216"
"Sint-Gillis-bij-Dendermonde","Sint-Gillis-bij-Dendermonde","51.0189","4.1058","Belgium","BE","BEL","Flanders","","12920","1056239926"
"Amarwā Khurd","Amarwa Khurd","26.8333","84.2500","India","IN","IND","Uttar Pradesh","","12920","1356263819"
"Tezze sul Brenta","Tezze sul Brenta","45.6862","11.7042","Italy","IT","ITA","Veneto","","12920","1380238354"
"Sugarland Run","Sugarland Run","39.0309","-77.3762","United States","US","USA","Virginia","","12920","1840024510"
"Chamical","Chamical","-30.3667","-66.3167","Argentina","AR","ARG","La Rioja","minor","12919","1032026963"
"Valparaíso","Valparaiso","22.7667","-103.5667","Mexico","MX","MEX","Zacatecas","minor","12919","1484885454"
"Buritirama","Buritirama","-5.5928","-47.0178","Brazil","BR","BRA","Maranhão","minor","12918","1076000008"
"Castiglion Fiorentino","Castiglion Fiorentino","43.3439","11.9189","Italy","IT","ITA","Tuscany","","12918","1380916249"
"Bujari","Bujari","-9.8308","-67.9519","Brazil","BR","BRA","Acre","minor","12917","1076224328"
"Statte","Statte","40.5667","17.2000","Italy","IT","ITA","Puglia","","12917","1380083106"
"Kent","Kent","41.4735","-73.7319","United States","US","USA","New York","","12917","1840058632"
"Schodack","Schodack","42.5297","-73.6858","United States","US","USA","New York","","12916","1840087891"
"Vejer de la Frontera","Vejer de la Frontera","36.2500","-5.9667","Spain","ES","ESP","Andalusia","","12915","1724776060"
"Sant Sadurní d’Anoia","Sant Sadurni d'Anoia","41.4261","1.7850","Spain","ES","ESP","Catalonia","","12915","1724266131"
"Kalanaur","Kalanaur","32.0100","75.0900","India","IN","IND","Punjab","","12915","1356773306"
"Tonoshō","Tonosho","34.4833","134.1833","Japan","JP","JPN","Kagawa","","12915","1392016671"
"Adolfo Gonzáles Chaves","Adolfo Gonzales Chaves","-38.0333","-60.0833","Argentina","AR","ARG","Buenos Aires","minor","12914","1032667376"
"Odder","Odder","55.9772","10.1683","Denmark","DK","DNK","Midtjylland","minor","12914","1208566393"
"Balbalan","Balbalan","17.4436","121.2008","Philippines","PH","PHL","Kalinga","","12914","1608060387"
"Anolaima","Anolaima","4.7617","-74.4640","Colombia","CO","COL","Cundinamarca","minor","12911","1170457629"
"Schinnen","Schinnen","50.9428","5.8894","Netherlands","NL","NLD","Limburg","minor","12911","1528127651"
"Greenville","Greenville","44.3003","-88.5365","United States","US","USA","Wisconsin","","12911","1840123723"
"Leagrave","Leagrave","51.9030","-0.4660","United Kingdom","GB","GBR","Luton","","12910","1826319019"
"Neunkirchen","Neunkirchen","50.7997","8.0000","Germany","DE","DEU","North Rhine-Westphalia","","12909","1276694320"
"Saint-André","Saint-Andre","50.6608","3.0450","France","FR","FRA","Hauts-de-France","","12909","1250188482"
"Kingstown","Kingstown","13.1578","-61.2250","Saint Vincent and the Grenadines","VC","VCT","Saint George","primary","12909","1670376659"
"Nosivka","Nosivka","50.9300","31.5806","Ukraine","UA","UKR","Chernihivska Oblast","","12908","1804559608"
"Waianae","Waianae","21.4568","-158.1758","United States","US","USA","Hawaii","","12907","1840029552"
"Bloomsburg","Bloomsburg","41.0027","-76.4561","United States","US","USA","Pennsylvania","","12906","1840000811"
"San Mateo","San Mateo","9.7400","-64.5531","Venezuela","VE","VEN","Anzoátegui","minor","12905","1862621121"
"Barra de Santa Rosa","Barra de Santa Rosa","-6.7200","-36.0608","Brazil","BR","BRA","Paraíba","minor","12904","1076169130"
"Tashi","Tashi","34.5000","106.5333","China","CN","CHN","Shaanxi","","12904","1156072954"
"Karāhal","Karahal","25.4909","77.0543","India","IN","IND","Madhya Pradesh","","12903","1356107107"
"Khomām","Khomam","37.3911","49.6597","Iran","IR","IRN","Gīlān","","12901","1364567758"
"Goonellabah","Goonellabah","-28.8167","153.3167","Australia","AU","AUS","New South Wales","","12900","1036897159"
"Corat","Corat","40.5739","49.7036","Azerbaijan","AZ","AZE","Sumqayıt","","12900","1031974785"
"Tarnos","Tarnos","43.5411","-1.4600","France","FR","FRA","Nouvelle-Aquitaine","","12900","1250122765"
"Cliftonville","Cliftonville","51.3881","1.4046","United Kingdom","GB","GBR","Kent","","12900","1826914470"
"Kankandighi","Kankandighi","21.9744","88.4659","India","IN","IND","West Bengal","","12900","1356591513"
"Bijelo Polje","Bijelo Polje","43.0400","19.7500","Montenegro","ME","MNE","Bijelo Polje","admin","12900","1499452756"
"Amolatar","Amolatar","1.6517","32.8250","Uganda","UG","UGA","Amolatar","admin","12900","1800458737"
"Kapchorwa","Kapchorwa","1.4000","34.4500","Uganda","UG","UGA","Kapchorwa","admin","12900","1800170407"
"Jennings","Jennings","38.7231","-90.2644","United States","US","USA","Missouri","","12900","1840008596"
"Trent Hills","Trent Hills","44.3142","-77.8514","Canada","CA","CAN","Ontario","","12900","1124001755"
"Vellakkinar","Vellakkinar","11.0736","76.9566","India","IN","IND","Tamil Nādu","","12899","1356335324"
"Tirmaigiri","Tirmaigiri","17.4270","79.4724","India","IN","IND","Andhra Pradesh","","12899","1356092592"
"Loreto","Loreto","43.4403","13.6074","Italy","IT","ITA","Marche","","12899","1380440033"
"Châteaudun","Chateaudun","48.0717","1.3387","France","FR","FRA","Centre-Val de Loire","minor","12898","1250130477"
"Gurgunta","Gurgunta","16.2558","76.5628","India","IN","IND","Karnātaka","","12898","1356120396"
"Chợ Mới","Cho Moi","10.5500","105.4000","Vietnam","VN","VNM","An Giang","minor","12898","1704969130"
"Sisauna","Sisauna","26.1320","87.6231","India","IN","IND","Bihār","","12897","1356777470"
"Bairia","Bairia","25.5563","85.1835","India","IN","IND","Bihār","","12897","1356779350"
"Quierschied","Quierschied","49.3167","7.0333","Germany","DE","DEU","Saarland","","12896","1276003316"
"Kalappālangulam","Kalappalangulam","9.1889","77.5604","India","IN","IND","Tamil Nādu","","12896","1356204247"
"Monteprandone","Monteprandone","42.9203","13.8355","Italy","IT","ITA","Marche","","12896","1380155308"
"Holiday City-Berkeley","Holiday City-Berkeley","39.9639","-74.2787","United States","US","USA","New Jersey","","12896","1840073689"
"Yuza","Yuza","39.0147","139.9089","Japan","JP","JPN","Yamagata","","12895","1392728665"
"Pelham","Pelham","40.9000","-73.8063","United States","US","USA","New York","","12895","1840004938"
"Highlands","Highlands","41.3601","-74.0084","United States","US","USA","New York","","12894","1840087533"
"Wommelgem","Wommelgem","51.2031","4.5227","Belgium","BE","BEL","Flanders","","12893","1056798866"
"Saghar Sultānpur","Saghar Sultanpur","26.1583","84.7570","India","IN","IND","Bihār","","12893","1356938462"
"Petrus Steyn","Petrus Steyn","-27.6500","28.1333","South Africa","ZA","ZAF","Free State","","12893","1710440827"
"Bāgewādi","Bagewadi","16.2900","74.6000","India","IN","IND","Mahārāshtra","","12892","1356091321"
"Khunays","Khunays","35.7122","10.8167","Tunisia","TN","TUN","Monastir","","12892","1788472866"
"Moreira","Moreira","41.2486","-8.6497","Portugal","PT","PRT","Porto","","12890","1620418764"
"Esneux","Esneux","50.5333","5.5667","Belgium","BE","BEL","Wallonia","","12889","1056729004"
"Elavanasūr","Elavanasur","11.7154","79.1796","India","IN","IND","Tamil Nādu","","12889","1356028126"
"Pentapādu Kasba","Pentapadu Kasba","16.7804","81.5254","India","IN","IND","Andhra Pradesh","","12889","1356836151"
"Misaki","Misaki","35.9981","133.9581","Japan","JP","JPN","Okayama","","12889","1392003215"
"Tonyrefail","Tonyrefail","51.5840","-3.4306","United Kingdom","GB","GBR","Rhondda Cynon Taff","","12888","1826868989"
"Barja","Barja","33.6497","35.4433","Lebanon","LB","LBN","Mont-Liban","","12888","1422958830"
"Santañy","Santany","39.3542","3.1283","Spain","ES","ESP","Balearic Islands","","12887","1724113241"
"Kalavai","Kalavai","12.7691","79.4196","India","IN","IND","Tamil Nādu","","12887","1356950297"
"Crissiumal","Crissiumal","-27.5000","-54.1008","Brazil","BR","BRA","Rio Grande do Sul","minor","12886","1076648862"
"Uzwil","Uzwil","47.4367","9.1342","Switzerland","CH","CHE","Sankt Gallen","","12885","1756713626"
"Möckern","Mockern","52.1406","11.9525","Germany","DE","DEU","Saxony-Anhalt","","12885","1276562892"
"Brønderslev","Bronderslev","57.2651","9.9599","Denmark","DK","DNK","Nordjylland","minor","12884","1208825509"
"Ambalarondra","Ambalarondra","-18.4686","49.0013","Madagascar","MG","MDG","Toamasina","","12884","1450882593"
"Brenes","Brenes","37.5500","-5.8667","Spain","ES","ESP","Andalusia","","12883","1724993123"
"Sangão","Sangao","-28.6378","-49.1289","Brazil","BR","BRA","Santa Catarina","minor","12882","1076740744"
"Kapelle","Kapelle","51.5000","3.9500","Netherlands","NL","NLD","Zeeland","minor","12882","1528835251"
"Severobaykalsk","Severobaykalsk","55.6500","109.3167","Russia","RU","RUS","Buryatiya","","12882","1643130007"
"El Dorado","El Dorado","37.8210","-96.8613","United States","US","USA","Kansas","","12882","1840001676"
"Ricaurte","Ricaurte","4.2792","-74.7728","Colombia","CO","COL","Cundinamarca","minor","12881","1170544866"
"Peißenberg","Peissenberg","47.7950","11.0603","Germany","DE","DEU","Bavaria","","12881","1276277124"
"Ringnod","Ringnod","22.6113","74.9338","India","IN","IND","Madhya Pradesh","","12880","1356965606"
"Edattirutti","Edattirutti","10.3667","76.1333","India","IN","IND","Kerala","","12880","1356703766"
"Ayutla","Ayutla","20.8167","-104.2000","Mexico","MX","MEX","Jalisco","minor","12880","1484883782"
"Neunkirchen","Neunkirchen","47.7333","16.0833","Austria","AT","AUT","Niederösterreich","minor","12879","1040203057"
"Suzu","Suzu","37.4363","137.2605","Japan","JP","JPN","Ishikawa","","12879","1392003156"
"Daru","Daru","-9.0833","143.2000","Papua New Guinea","PG","PNG","Western","admin","12879","1598923764"
"Cidelândia","Cidelandia","-5.1739","-47.7819","Brazil","BR","BRA","Maranhão","minor","12878","1076287483"
"Teror","Teror","28.0589","-15.5475","Spain","ES","ESP","Canary Islands","","12878","1724300080"
"Frutillar","Frutillar","-41.1228","-73.0581","Chile","CL","CHL","Los Lagos","","12876","1152151773"
"Koturkolkara","Koturkolkara","9.5667","76.8833","India","IN","IND","Kerala","","12876","1356161651"
"Keisen","Keisen","33.5789","130.6781","Japan","JP","JPN","Fukuoka","","12876","1392003158"
"Nurkot","Nurkot","32.2017","75.1186","Pakistan","PK","PAK","Punjab","","12876","1586853360"
"Feuchtwangen","Feuchtwangen","49.1667","10.3167","Germany","DE","DEU","Bavaria","","12875","1276691065"
"Căuşeni","Causeni","46.6442","29.4139","Moldova","MD","MDA","Căuşeni","admin","12874","1498826686"
"Lontras","Lontras","-27.1658","-49.5419","Brazil","BR","BRA","Santa Catarina","minor","12873","1076636048"
"Palombara Sabina","Palombara Sabina","42.0667","12.7667","Italy","IT","ITA","Lazio","","12873","1380033023"
"Manvel","Manvel","29.4798","-95.3635","United States","US","USA","Texas","","12873","1840020977"
"Alpen","Alpen","51.5750","6.5125","Germany","DE","DEU","North Rhine-Westphalia","","12870","1276474767"
"Kuala Kurun","Kuala Kurun","-1.1016","113.8664","Indonesia","ID","IDN","Kalimantan Tengah","","12870","1360003464"
"Alāyaman","Alayaman","8.8843","76.9653","India","IN","IND","Kerala","","12869","1356161940"
"Lakeland South","Lakeland South","47.2786","-122.2826","United States","US","USA","Washington","","12869","1840074270"
"Colares","Colares","-0.9369","-48.2819","Brazil","BR","BRA","Pará","minor","12868","1076075646"
"Purén","Puren","-38.0319","-73.0728","Chile","CL","CHL","Araucanía","","12868","1152043737"
"Tanakkangulam","Tanakkangulam","9.8877","78.0397","India","IN","IND","Tamil Nādu","","12867","1356236922"
"Agutaya","Agutaya","11.1520","120.9396","Philippines","PH","PHL","Palawan","","12867","1608681129"
"St. Ann","St. Ann","38.7266","-90.3872","United States","US","USA","Missouri","","12865","1840009771"
"Chilwell","Chilwell","52.9160","-1.2350","United Kingdom","GB","GBR","Nottinghamshire","","12864","1826053843"
"Red Bank","Red Bank","40.3480","-74.0672","United States","US","USA","New Jersey","","12864","1840001358"
"Les Ponts-de-Cé","Les Ponts-de-Ce","47.4253","-0.5242","France","FR","FRA","Pays de la Loire","","12863","1250187988"
"Trail","Trail","49.0950","-117.7100","Canada","CA","CAN","British Columbia","","12863","1124817036"
"Múggia","Muggia","45.6000","13.7667","Italy","IT","ITA","Friuli Venezia Giulia","","12862","1380254049"
"Calcinato","Calcinato","45.4581","10.4146","Italy","IT","ITA","Lombardy","","12862","1380753410"
"Lakinsk","Lakinsk","56.0333","39.9667","Russia","RU","RUS","Vladimirskaya Oblast’","","12861","1643547858"
"Capdepera","Capdepera","39.7000","3.4167","Spain","ES","ESP","Balearic Islands","","12860","1724014685"
"Akayu","Akayu","38.0500","140.1833","Japan","JP","JPN","Yamagata","","12860","1392977768"
"Pôrto Murtinho","Porto Murtinho","-21.6989","-57.8828","Brazil","BR","BRA","Mato Grosso do Sul","minor","12859","1076052096"
"Perigi Dua","Perigi Dua","-6.2656","106.6969","Indonesia","ID","IDN","Jawa Barat","","12859","1360121501"
"Mansāpur","Mansapur","26.5262","86.4101","India","IN","IND","Bihār","","12859","1356029587"
"Rehti","Rehti","22.7378","77.4340","India","IN","IND","Madhya Pradesh","","12859","1356617853"
"Mūlaikkaraippatti","Mulaikkaraippatti","8.5454","77.7679","India","IN","IND","Tamil Nādu","","12859","1356419663"
"Ganapavaram","Ganapavaram","15.9232","80.5856","India","IN","IND","Andhra Pradesh","","12859","1356151920"
"Lanuvio","Lanuvio","41.6833","12.7000","Italy","IT","ITA","Lazio","","12858","1380932306"
"Neosho","Neosho","36.8437","-94.3758","United States","US","USA","Missouri","","12857","1840008793"
"Galich","Galich","58.3833","42.3500","Russia","RU","RUS","Kostromskaya Oblast’","minor","12856","1643147614"
"Larkspur","Larkspur","37.9393","-122.5312","United States","US","USA","California","","12856","1840020261"
"Dhutauli","Dhutauli","25.5274","86.6250","India","IN","IND","Bihār","","12855","1356933760"
