"Ecublens","Ecublens","46.5333","6.5667","Switzerland","CH","CHE","Vaud","","12854","1756001755"
"Mayenne","Mayenne","48.3120","-0.6183","France","FR","FRA","Pays de la Loire","minor","12854","1250001626"
"Chinnasekkadu","Chinnasekkadu","13.1609","80.2573","India","IN","IND","Tamil Nādu","","12854","1356390473"
"Daparkha","Daparkha","26.1293","86.9004","India","IN","IND","Bihār","","12854","1356642626"
"Gärtringen","Gartringen","48.6408","8.9006","Germany","DE","DEU","Baden-Württemberg","","12852","1276667329"
"Sidi Kasem","Sidi Kasem","35.5339","-5.2183","Morocco","MA","MAR","Tanger-Tétouan-Al Hoceïma","","12851","1504343854"
"Baláo","Balao","-2.9100","-79.8100","Ecuador","EC","ECU","Guayas","minor","12850","1218137948"
"Nuevo Ideal","Nuevo Ideal","24.8875","-105.0728","Mexico","MX","MEX","Durango","minor","12850","1484407989"
"Saunshi","Saunshi","15.2167","75.3000","India","IN","IND","Karnātaka","","12848","1356696879"
"Pasadena Hills","Pasadena Hills","28.2881","-82.2380","United States","US","USA","Florida","","12848","1840039051"
"Byram","Byram","32.1890","-90.2861","United States","US","USA","Mississippi","","12847","1840023049"
"Vedappatti","Vedappatti","10.9988","76.8960","India","IN","IND","Tamil Nādu","","12846","1356159350"
"Zhongling","Zhongling","28.9391","107.7073","China","CN","CHN","Guizhou","","12845","1156685899"
"Niandjila","Niandjila","11.7975","-6.5447","Mali","ML","MLI","Koulikoro","","12845","1466000081"
"Lakeside","Lakeside","37.6132","-77.4768","United States","US","USA","Virginia","","12845","1840006392"
"Palmares do Sul","Palmares do Sul","-30.2578","-50.5100","Brazil","BR","BRA","Rio Grande do Sul","minor","12844","1076619064"
"Argentona","Argentona","41.5500","2.4000","Spain","ES","ESP","Catalonia","","12844","1724175024"
"Rahika","Rahika","26.3803","86.0204","India","IN","IND","Bihār","","12844","1356130805"
"Spiesen-Elversberg","Spiesen-Elversberg","49.3167","7.1333","Germany","DE","DEU","Saarland","","12843","1276068112"
"Bihārīganj","Bihariganj","25.7341","86.9884","India","IN","IND","Bihār","","12843","1356877215"
"Aldoar","Aldoar","41.1695","-8.6671","Portugal","PT","PRT","Porto","","12843","1620646710"
"Acasusso","Acasusso","-34.4667","-58.5167","Argentina","AR","ARG","Buenos Aires","","12842","1032071091"
"Brødslev","Brodslev","57.2694","9.9472","Denmark","DK","DNK","Nordjylland","","12842","1208799567"
"Ceuti","Ceuti","38.0789","-1.2722","Spain","ES","ESP","Murcia","","12842","1724039482"
"Sugauna","Sugauna","26.4077","86.2174","India","IN","IND","Bihār","","12842","1356098448"
"Sidlice","Sidlice","54.3471","18.6171","Poland","PL","POL","Pomorskie","","12842","1616658059"
"Cuers","Cuers","43.2383","6.0717","France","FR","FRA","Provence-Alpes-Côte d’Azur","","12841","1250977777"
"Meriç","Meric","41.1833","26.4167","Turkey","TR","TUR","Edirne","minor","12841","1792757038"
"Solana Beach","Solana Beach","32.9943","-117.2574","United States","US","USA","California","","12841","1840021993"
"Dedemsvaart","Dedemsvaart","52.5997","6.4583","Netherlands","NL","NLD","Overijssel","","12840","1528168277"
"Cavallino","Cavallino","40.3102","18.2022","Italy","IT","ITA","Puglia","","12839","1380885640"
"Talne","Talne","48.8886","30.7042","Ukraine","UA","UKR","Cherkaska Oblast","","12839","1804616798"
"Kallād","Kallad","9.9500","76.6667","India","IN","IND","Kerala","","12838","1356160011"
"Gharbia","Gharbia","35.5153","-5.9306","Morocco","MA","MAR","Tanger-Tétouan-Al Hoceïma","","12838","1504656773"
"Janāi","Janai","22.7157","88.2426","India","IN","IND","West Bengal","","12837","1356241630"
"Meddappakkam","Meddappakkam","12.9166","80.1939","India","IN","IND","Tamil Nādu","","12837","1356370271"
"West Monroe","West Monroe","32.5120","-92.1513","United States","US","USA","Louisiana","","12837","1840015795"
"Puerto Jiménez","Puerto Jimenez","8.5338","-83.4610","Costa Rica","CR","CRI","Puntarenas","","12836","1188020392"
"Teulada","Teulada","38.7292","0.1019","Spain","ES","ESP","Valencia","","12834","1724756789"
"San Pietro in Casale","San Pietro in Casale","44.7000","11.4000","Italy","IT","ITA","Emilia-Romagna","","12834","1380864368"
"Antônio Prado","Antonio Prado","-28.8578","-51.2828","Brazil","BR","BRA","Rio Grande do Sul","minor","12833","1076953199"
"Terrasini Favarotta","Terrasini Favarotta","38.1500","13.0833","Italy","IT","ITA","Sicilia","","12833","1380588592"
"Timberlake","Timberlake","37.3167","-79.2481","United States","US","USA","Virginia","","12833","1840006437"
"Kādachchinallūr","Kadachchinallur","11.3686","77.8033","India","IN","IND","Tamil Nādu","","12830","1356166809"
"Quartucciu","Quartucciu","39.2529","9.1762","Italy","IT","ITA","Sardegna","","12830","1380238620"
"Mora","Mora","61.0096","14.5635","Sweden","SE","SWE","Dalarna","minor","12830","1752665392"
"Cheney","Cheney","47.4901","-117.5790","United States","US","USA","Washington","","12830","1840018398"
"Vicente Guerrero","Vicente Guerrero","30.7264","-115.9903","Mexico","MX","MEX","Baja California","","12829","1484159343"
"Santa Fe","Santa Fe","29.3889","-95.1003","United States","US","USA","Texas","","12828","1840022233"
"Sattar","Sattar","25.9550","86.5828","India","IN","IND","Bihār","","12827","1356003039"
"Barhauna","Barhauna","25.6043","85.7288","India","IN","IND","Bihār","","12827","1356324310"
"Stony Brook","Stony Brook","40.9061","-73.1278","United States","US","USA","New York","","12827","1840005104"
"Encamp","Encamp","42.5361","1.5828","Andorra","AD","AND","Encamp","admin","12826","1020417470"
"Santuario","Santuario","5.0725","-75.9623","Colombia","CO","COL","Risaralda","minor","12826","1170439701"
"Kaul","Kaul","29.8461","76.6608","India","IN","IND","Haryāna","","12826","1356956153"
"Oxapampa","Oxapampa","-10.5740","-75.4050","Peru","PE","PER","Pasco","","12826","1604643521"
"Sagay","Sagay","9.1200","124.7200","Philippines","PH","PHL","Camiguin","","12826","1608754014"
"Forrest City","Forrest City","35.0135","-90.7931","United States","US","USA","Arkansas","","12826","1840013522"
"San Juan Tecuaco","San Juan Tecuaco","14.0836","-90.2664","Guatemala","GT","GTM","Santa Rosa","minor","12825","1320640188"
"Spilamberto","Spilamberto","44.5333","11.0167","Italy","IT","ITA","Emilia-Romagna","","12825","1380630753"
"Palacagüina","Palacaguina","13.4500","-86.4000","Nicaragua","NI","NIC","Madriz","minor","12825","1558692932"
"Roudnice nad Labem","Roudnice nad Labem","50.4236","14.2539","Czechia","CZ","CZE","Ústecký Kraj","","12823","1203268404"
"Canelinha","Canelinha","-27.2650","-48.7678","Brazil","BR","BRA","Santa Catarina","minor","12821","1076425933"
"Raymond Terrace","Raymond Terrace","-32.7615","151.7441","Australia","AU","AUS","New South Wales","","12820","1036570825"
"Samé","Same","14.4833","-11.5667","Mali","ML","MLI","Kayes","","12820","1466031210"
"Campos Altos","Campos Altos","-19.6958","-46.1708","Brazil","BR","BRA","Minas Gerais","minor","12819","1076184165"
"Mullasshēri","Mullassheri","10.5333","76.0833","India","IN","IND","Kerala","","12819","1356745379"
"Salempur","Salempur","26.4588","84.6517","India","IN","IND","Bihār","","12818","1356639560"
"Fontanafredda","Fontanafredda","45.9667","12.5667","Italy","IT","ITA","Friuli Venezia Giulia","","12818","1380424478"
"Nieuw Nickerie","Nieuw Nickerie","5.9333","-56.9833","Suriname","SR","SUR","Nickerie","admin","12818","1740480869"
"Juan L. Lacaze","Juan L. Lacaze","-34.4311","-57.4483","Uruguay","UY","URY","Colonia","","12816","1858599610"
"Nova Crixás","Nova Crixas","-14.0989","-50.3269","Brazil","BR","BRA","Goiás","minor","12815","1076651794"
"Frederiksværk","Frederiksvaerk","55.9677","12.0215","Denmark","DK","DNK","Hovedstaden","minor","12815","1208825906"
"Leopold","Leopold","-38.1892","144.4644","Australia","AU","AUS","Victoria","","12814","1036263278"
"Guéret","Gueret","46.1714","1.8692","France","FR","FRA","Nouvelle-Aquitaine","minor","12814","1250176932"
"Arakere","Arakere","12.4133","76.8168","India","IN","IND","Karnātaka","","12814","1356591054"
"Santa Cruz Amilpas","Santa Cruz Amilpas","17.0667","-96.6833","Mexico","MX","MEX","Oaxaca","","12814","1484665188"
"M’dhilla","M'dhilla","34.2500","8.7500","Tunisia","TN","TUN","Gafsa","","12814","1788513102"
"Ganga","Ganga","30.3229","74.9234","India","IN","IND","Punjab","","12812","1356736227"
"Spiez","Spiez","46.6831","7.6664","Switzerland","CH","CHE","Bern","","12810","1756813024"
"Noyon","Noyon","49.5817","2.9997","France","FR","FRA","Hauts-de-France","","12810","1250032325"
"Rehoboth","Rehoboth","41.8439","-71.2456","United States","US","USA","Massachusetts","","12809","1840053661"
"Qazmalar","Qazmalar","40.9814","47.8458","Azerbaijan","AZ","AZE","Qəbələ","","12808","1031242200"
"Buenos Aires","Buenos Aires","-7.7258","-35.3269","Brazil","BR","BRA","Pernambuco","minor","12808","1076935774"
"The Nation / La Nation","The Nation / La Nation","45.3500","-75.0333","Canada","CA","CAN","Ontario","","12808","1124001243"
"Nova Timboteua","Nova Timboteua","-1.2058","-47.3858","Brazil","BR","BRA","Pará","minor","12806","1076421795"
"Ziro","Ziro","27.5664","93.8314","India","IN","IND","Arunāchal Pradesh","","12806","1356098978"
"Bolintin Vale","Bolintin Vale","44.4472","25.7572","Romania","RO","ROU","Giurgiu","","12806","1642230164"
"Lumberton","Lumberton","39.9569","-74.8036","United States","US","USA","New Jersey","","12806","1840081622"
"Bela Simri","Bela Simri","25.5295","86.3079","India","IN","IND","Bihār","","12805","1356624262"
"Bhagwānpur Khurd","Bhagwanpur Khurd","26.7500","83.7400","India","IN","IND","Uttar Pradesh","","12805","1356903323"
"Pueblo Nuevo","Pueblo Nuevo","17.1500","-92.9000","Mexico","MX","MEX","Chiapas","minor","12805","1484535200"
"Douar Oulad Youssef","Douar Oulad Youssef","32.4807","-6.3769","Morocco","MA","MAR","Béni Mellal-Khénifra","","12804","1504001351"
"Little Lever","Little Lever","53.5630","-2.3690","United Kingdom","GB","GBR","Bolton","","12803","1826282057"
"Chiatura","Chiatura","42.2894","43.2836","Georgia","GE","GEO","Imereti","minor","12803","1268109210"
"Venkatagirikota","Venkatagirikota","13.0012","78.4795","India","IN","IND","Andhra Pradesh","","12803","1356937273"
"Rosario del Tala","Rosario del Tala","-32.3000","-59.1333","Argentina","AR","ARG","Entre Ríos","minor","12801","1032485062"
"Bāzidpur","Bazidpur","26.1536","86.1511","India","IN","IND","Bihār","","12801","1356452229"
"Cornwall","Cornwall","41.4195","-74.0540","United States","US","USA","New York","","12801","1840087346"
"Prescot","Prescot","53.4286","-2.8064","United Kingdom","GB","GBR","Knowsley","","12800","1826329091"
"Santo Tomás La Unión","Santo Tomas La Union","14.6333","-91.3833","Guatemala","GT","GTM","Suchitepéquez","minor","12800","1320346394"
"Yelmalla","Yelmalla","18.8241","78.1609","India","IN","IND","Andhra Pradesh","","12800","1356986294"
"Govindgarh","Govindgarh","24.3785","81.2964","India","IN","IND","Madhya Pradesh","","12800","1356190496"
"Ban Krang","Ban Krang","16.7460","100.2750","Thailand","TH","THA","Phitsanulok","","12800","1764045308"
"Bag‘dod","Bag`dod","40.4606","71.2214","Uzbekistan","UZ","UZB","Farg‘ona","","12800","1860308372"
"Yozyovon","Yozyovon","40.6619","71.7431","Uzbekistan","UZ","UZB","Farg‘ona","minor","12800","1860299143"
"Granville","Granville","48.8374","-1.5939","France","FR","FRA","Normandie","","12799","1250956668"
"Salzano","Salzano","45.5333","12.1167","Italy","IT","ITA","Veneto","","12799","1380489219"
"Rose Belle","Rose Belle","-20.4025","57.6061","Mauritius","MU","MUS","Grand Port","","12799","1480996186"
"Hessisch Lichtenau","Hessisch Lichtenau","51.2000","9.7167","Germany","DE","DEU","Hesse","","12798","1276002742"
"Kachchippalli","Kachchippalli","11.5950","77.9188","India","IN","IND","Tamil Nādu","","12798","1356169189"
"Florence","Florence","40.0977","-74.7886","United States","US","USA","New Jersey","","12798","1840081638"
"Chinnakkāmpālaiyam","Chinnakkampalaiyam","10.7064","77.4575","India","IN","IND","Tamil Nādu","","12796","1356171080"
"Amherst","Amherst","41.4022","-82.2303","United States","US","USA","Ohio","","12796","1840000640"
"Milngavie","Milngavie","55.9421","-4.3137","United Kingdom","GB","GBR","East Dunbartonshire","","12795","1826013201"
"Khuldābād","Khuldabad","20.0095","75.1888","India","IN","IND","Mahārāshtra","","12794","1356044538"
"Arohi","Arohi","31.8419","76.8645","India","IN","IND","Himāchal Pradesh","","12794","1356395367"
"Kalecik","Kalecik","40.0972","33.4083","Turkey","TR","TUR","Ankara","minor","12794","1792734197"
"Kurwa Mathiā","Kurwa Mathia","26.8572","84.5058","India","IN","IND","Bihār","","12793","1356034976"
"Toukoroba","Toukoroba","13.6083","-7.0389","Mali","ML","MLI","Koulikoro","","12793","1466980257"
"Burgos","Burgos","17.3331","120.4944","Philippines","PH","PHL","Ilocos Sur","","12793","1608752427"
"Winterberg","Winterberg","51.2000","8.5167","Germany","DE","DEU","North Rhine-Westphalia","","12792","1276682144"
"Florida City","Florida City","25.4418","-80.4685","United States","US","USA","Florida","","12791","1840014250"
"Lokāpur","Lokapur","16.1656","75.3660","India","IN","IND","Karnātaka","","12790","1356341352"
"Springbok","Springbok","-29.6667","17.8833","South Africa","ZA","ZAF","Northern Cape","","12790","1710894218"
"Rio Casca","Rio Casca","-20.2258","-42.6508","Brazil","BR","BRA","Minas Gerais","minor","12789","1076162657"
"Gaura","Gaura","24.9643","86.3739","India","IN","IND","Bihār","","12789","1356202365"
"Kyotera","Kyotera","-0.6317","31.5433","Uganda","UG","UGA","Rakai","","12789","1800498277"
"Vadnais Heights","Vadnais Heights","45.0570","-93.0748","United States","US","USA","Minnesota","","12789","1840010004"
"Santa Maria do Suaçuí","Santa Maria do Suacui","-18.1900","-42.4139","Brazil","BR","BRA","Minas Gerais","minor","12788","1076386732"
"Rāmpurwā","Rampurwa","26.7544","84.7114","India","IN","IND","Bihār","","12788","1356556355"
"Nkheila","Nkheila","32.9572","-7.0731","Morocco","MA","MAR","Casablanca-Settat","","12787","1504638850"
"Saint-André-de-Cubzac","Saint-Andre-de-Cubzac","44.9956","-0.4447","France","FR","FRA","Nouvelle-Aquitaine","","12786","1250001544"
"Mallāpur","Mallapur","16.1400","74.8100","India","IN","IND","Karnātaka","","12786","1356659813"
"Mesolóngi","Mesolongi","38.3692","21.4278","Greece","GR","GRC","Dytikí Elláda","minor","12785","1300632495"
"Yavoriv","Yavoriv","49.9469","23.3931","Ukraine","UA","UKR","Lvivska Oblast","minor","12785","1804586607"
"Fremington","Fremington","51.0700","-4.1200","United Kingdom","GB","GBR","Devon","","12784","1826347961"
"Santa Ana de Yacuma","Santa Ana de Yacuma","-13.7444","-65.4269","Bolivia","BO","BOL","El Beni","","12783","1068925682"
"Aš","As","50.2239","12.1950","Czechia","CZ","CZE","Karlovarský Kraj","","12783","1203503000"
"Herzberg am Harz","Herzberg am Harz","51.6575","10.3411","Germany","DE","DEU","Lower Saxony","","12783","1276001736"
"Straldzha","Straldzha","42.6000","26.6830","Bulgaria","BG","BGR","Yambol","","12781","1100976940"
"Jasauli","Jasauli","26.4996","84.8171","India","IN","IND","Bihār","","12781","1356630186"
"Franeker","Franeker","53.1875","5.5400","Netherlands","NL","NLD","Fryslân","minor","12781","1528890881"
"Oudenbosch","Oudenbosch","51.5892","4.5239","Netherlands","NL","NLD","Noord-Brabant","minor","12780","1528311277"
"Krupka","Krupka","50.6844","13.8583","Czechia","CZ","CZE","Ústecký Kraj","","12779","1203244914"
"Kannudaiyāmpatti","Kannudaiyampatti","10.6377","78.4733","India","IN","IND","Tamil Nādu","","12778","1356202592"
"Sanderstead","Sanderstead","51.3358","-0.0818","United Kingdom","GB","GBR","Croydon","","12777","1826382700"
"Mudhol","Mudhol","18.9667","77.9167","India","IN","IND","Andhra Pradesh","","12777","1356741326"
"Kanbara","Kanbara","35.1159","138.5949","Japan","JP","JPN","Shizuoka","","12777","1392837884"
"Pichilemu","Pichilemu","-34.3919","-72.0139","Chile","CL","CHL","Libertador General Bernardo O’Higgins","minor","12776","1152498637"
"Ocós","Ocos","14.5094","-92.1933","Guatemala","GT","GTM","San Marcos","minor","12776","1320442186"
"Betton","Betton","48.1833","-1.6428","France","FR","FRA","Bretagne","","12775","1250996360"
"Ashibetsu","Ashibetsu","43.5167","142.1833","Japan","JP","JPN","Hokkaidō","","12775","1392076834"
"Donwari","Donwari","11.1197","2.8558","Benin","BJ","BEN","Alibori","","12773","1204710462"
"Hersbruck","Hersbruck","49.5081","11.4328","Germany","DE","DEU","Bavaria","","12772","1276272170"
"Nangavalli","Nangavalli","11.7619","77.8909","India","IN","IND","Tamil Nādu","","12772","1356501976"
"Landeh","Landeh","30.9808","50.4214","Iran","IR","IRN","Kohgīlūyeh va Bowyer Aḩmad","minor","12772","1364576368"
"Velilla de San Antonio","Velilla de San Antonio","40.3667","-3.4833","Spain","ES","ESP","Madrid","","12770","1724060021"
"Gavere","Gavere","50.9333","3.6667","Belgium","BE","BEL","Flanders","","12769","1056307465"
"Lagoa Dourada","Lagoa Dourada","-20.9139","-44.0778","Brazil","BR","BRA","Minas Gerais","minor","12769","1076252761"
"Schongau","Schongau","47.8167","10.9000","Germany","DE","DEU","Bavaria","","12769","1276690057"
"Chojnów","Chojnow","51.2667","15.9333","Poland","PL","POL","Dolnośląskie","","12769","1616584715"
"Loyish Shaharchasi","Loyish Shaharchasi","39.8839","66.7481","Uzbekistan","UZ","UZB","Samarqand","minor","12769","1860150334"
"Harpur Bochaha","Harpur Bochaha","25.5919","85.7517","India","IN","IND","Bihār","","12768","1356046078"
"Nandyālampeta","Nandyalampeta","14.7218","78.8083","India","IN","IND","Andhra Pradesh","","12768","1356121850"
"Sørum","Sorum","60.0000","11.2333","Norway","NO","NOR","Viken","","12768","1578429477"
"Perez","Perez","14.1800","121.9300","Philippines","PH","PHL","Quezon","minor","12767","1608929976"
"Rayevskiy","Rayevskiy","54.0664","54.9358","Russia","RU","RUS","Bashkortostan","minor","12767","1643613500"
"Wietmarschen","Wietmarschen","52.5333","7.1333","Germany","DE","DEU","Lower Saxony","","12766","1276669327"
"Bad Windsheim","Bad Windsheim","49.5000","10.4167","Germany","DE","DEU","Bavaria","","12766","1276120612"
"Magdalena Milpas Altas","Magdalena Milpas Altas","14.5453","-90.6753","Guatemala","GT","GTM","Sacatepéquez","minor","12766","1320138967"
"Ouaouzgane","Ouaouzgane","35.0167","-4.5167","Morocco","MA","MAR","Tanger-Tétouan-Al Hoceïma","","12766","1504425512"
"Huazalingo","Huazalingo","21.8156","-98.5078","Mexico","MX","MEX","Hidalgo","","12766","1484658282"
"Brzeg Dolny","Brzeg Dolny","51.2708","16.7208","Poland","PL","POL","Dolnośląskie","","12765","1616585341"
"Novo Lino","Novo Lino","-8.9150","-35.6467","Brazil","BR","BRA","Alagoas","minor","12764","1076744203"
"Monóvar","Monovar","38.4369","-0.8381","Spain","ES","ESP","Valencia","","12764","1724870019"
"Chodavaram","Chodavaram","17.4380","81.7781","India","IN","IND","Andhra Pradesh","","12764","1356023415"
"Agdangan","Agdangan","13.8758","121.9122","Philippines","PH","PHL","Quezon","minor","12764","1608783470"
"Tsivilsk","Tsivilsk","55.8667","47.4833","Russia","RU","RUS","Chuvashiya","","12762","1643574991"
"Woodhaven","Woodhaven","42.1320","-83.2374","United States","US","USA","Michigan","","12761","1840001848"
"Dhubaria","Dhubaria","24.0104","89.8404","Bangladesh","BD","BGD","Dhaka","","12760","1050353483"
"Sulz am Neckar","Sulz am Neckar","48.3628","8.6317","Germany","DE","DEU","Baden-Württemberg","","12760","1276239131"
"Chāhatpur","Chahatpur","26.2331","87.5816","India","IN","IND","Bihār","","12760","1356118851"
"Sedriano","Sedriano","45.4833","8.9667","Italy","IT","ITA","Lombardy","","12760","1380203469"
"Ban Tat","Ban Tat","17.3081","102.7844","Thailand","TH","THA","Udon Thani","","12760","1764551392"
"Branson","Branson","36.6509","-93.2636","United States","US","USA","Missouri","","12760","1840007659"
"Vilanova del Camí","Vilanova del Cami","41.5667","1.6333","Spain","ES","ESP","Catalonia","","12758","1724654906"
"Sarahandrano","Sarahandrano","-14.8257","50.0235","Madagascar","MG","MDG","Antsiranana","","12758","1450771441"
"Rodeio","Rodeio","-26.9228","-49.3658","Brazil","BR","BRA","Santa Catarina","minor","12757","1076298618"
"Bariyārpur","Bariyarpur","26.6347","84.9245","India","IN","IND","Bihār","","12757","1356125284"
"Maheswa","Maheswa","25.9718","86.8550","India","IN","IND","Bihār","","12757","1356277915"
"Granarolo del l’Emilia","Granarolo del l'Emilia","44.5542","11.4439","Italy","IT","ITA","Emilia-Romagna","","12757","1380002344"
"Anaikal","Anaikal","9.6003","76.6846","India","IN","IND","Kerala","","12756","1356161433"
"Emeryville","Emeryville","37.8382","-122.2932","United States","US","USA","California","","12756","1840020291"
"Bad Urach","Bad Urach","48.4931","9.3986","Germany","DE","DEU","Baden-Württemberg","","12755","1276416917"
"Mahārājpur","Maharajpur","25.2087","87.7458","India","IN","IND","Jhārkhand","","12755","1356435854"
"Antanandava","Antanandava","-19.0926","47.9593","Madagascar","MG","MDG","Toamasina","","12755","1450889393"
"Bayeux","Bayeux","49.2794","-0.7028","France","FR","FRA","Normandie","minor","12754","1250138472"
"Kaufungen","Kaufungen","51.2811","9.6186","Germany","DE","DEU","Hesse","","12752","1276899210"
"Villa San Giovanni","Villa San Giovanni","38.2167","15.6333","Italy","IT","ITA","Calabria","","12752","1380269595"
"Kaeng Khoi","Kaeng Khoi","14.5862","100.9976","Thailand","TH","THA","Saraburi","minor","12752","1764167813"
"Casteel","Casteel","-24.7247","31.0201","South Africa","ZA","ZAF","Mpumalanga","","12752","1710483135"
"Kouti","Kouti","6.5542","2.6616","Benin","BJ","BEN","Plateau","","12751","1204870206"
"Vadasseri","Vadasseri","8.1937","77.4343","India","IN","IND","Tamil Nādu","","12751","1356221888"
"Finchampstead","Finchampstead","51.3610","-0.8600","United Kingdom","GB","GBR","Bracknell Forest","","12750","1826507288"
"Svirsk","Svirsk","53.0833","103.3333","Russia","RU","RUS","Irkutskaya Oblast’","minor","12750","1643442205"
"Nawāda Gobindganj","Nawada Gobindganj","26.4868","84.6561","India","IN","IND","Bihār","","12749","1356758681"
"Barud","Barud","21.7497","75.5270","India","IN","IND","Madhya Pradesh","","12749","1356142011"
"Kolappalūr","Kolappalur","11.5100","77.4500","India","IN","IND","Tamil Nādu","","12748","1356164008"
"Greenville","Greenville","40.1043","-84.6209","United States","US","USA","Ohio","","12748","1840008366"
"Gonzales","Gonzales","30.2132","-90.9234","United States","US","USA","Louisiana","","12748","1840013965"
"Serra Azul","Serra Azul","-21.3108","-47.5658","Brazil","BR","BRA","São Paulo","minor","12746","1076292642"
"Kāmrej","Kamrej","21.1364","72.9572","India","IN","IND","Gujarāt","","12746","1356816802"
"Maroli","Maroli","21.0240","72.8890","India","IN","IND","Gujarāt","","12746","1356263762"
"Belëv","Belev","53.8125","36.1333","Russia","RU","RUS","Tul’skaya Oblast’","minor","12746","1643708912"
"Rokupr","Rokupr","9.0109","-12.9489","Sierra Leone","SL","SLE","Northern","","12744","1694701972"
"Keerbergen","Keerbergen","51.0031","4.6311","Belgium","BE","BEL","Flanders","","12743","1056257778"
"Begampur","Begampur","22.3705","88.4940","India","IN","IND","West Bengal","","12742","1356787471"
"Beaufort","Beaufort","5.3473","115.7455","Malaysia","MY","MYS","Sabah","","12742","1458309122"
"Ilicínia","Ilicinia","-20.9358","-45.8328","Brazil","BR","BRA","Minas Gerais","minor","12741","1076436204"
"Dharampur Bānde","Dharampur Bande","25.6609","85.5742","India","IN","IND","Bihār","","12741","1356024870"
"Cavarzere","Cavarzere","45.1370","12.0817","Italy","IT","ITA","Veneto","","12741","1380003044"
"Terrabona","Terrabona","12.7333","-85.9667","Nicaragua","NI","NIC","Matagalpa","minor","12740","1558844965"
"Bahādurpur","Bahadurpur","25.4522","85.6303","India","IN","IND","Bihār","","12739","1356197437"
"Ban Sop Tia","Ban Sop Tia","18.3895","98.6780","Thailand","TH","THA","Chiang Mai","","12739","1764003065"
"Majārhāt","Majarhat","25.9654","86.8126","India","IN","IND","Bihār","","12738","1356269146"
"Chinna Gollapālem","Chinna Gollapalem","16.3701","81.5322","India","IN","IND","Andhra Pradesh","","12738","1356089174"
"Calcinaia","Calcinaia","43.6835","10.6165","Italy","IT","ITA","Tuscany","","12738","1380579954"
"Kochłowice","Kochlowice","50.2538","18.9015","Poland","PL","POL","Śląskie","","12738","1616518904"
"Sandy","Sandy","45.3988","-122.2697","United States","US","USA","Oregon","","12738","1840021217"
"Mahābaleshwar","Mahabaleshwar","17.9250","73.6575","India","IN","IND","Mahārāshtra","","12737","1356059043"
"Manorville","Manorville","40.8574","-72.7915","United States","US","USA","New York","","12737","1840005088"
"Sebiston","Sebiston","38.2500","69.2833","Tajikistan","TJ","TJK","Khatlon","","12736","1762892686"
"Malaryta","Malaryta","51.7833","24.0833","Belarus","BY","BLR","Brestskaya Voblasts’","minor","12735","1112089191"
"Bandlagūda","Bandlaguda","17.3543","78.3853","India","IN","IND","Andhra Pradesh","","12734","1356134351"
"San Salvador","San Salvador","-31.6167","-58.5000","Argentina","AR","ARG","Entre Ríos","minor","12733","1032064102"
"Velten","Velten","52.6833","13.1833","Germany","DE","DEU","Brandenburg","","12733","1276342323"
"Aţ Ţūr","At Tur","28.2333","33.6167","Egypt","EG","EGY","Janūb Sīnā’","admin","12733","1818306172"
"Jāmi","Jami","18.0500","83.2667","India","IN","IND","Andhra Pradesh","","12732","1356039997"
"Highland City","Highland City","27.9633","-81.8781","United States","US","USA","Florida","","12732","1840014122"
"Sonbarsa","Sonbarsa","25.7069","86.7379","India","IN","IND","Bihār","","12731","1356020659"
"Almirante","Almirante","9.3000","-82.4000","Panama","PA","PAN","Bocas del Toro","minor","12731","1591293829"
"Upper Uwchlan","Upper Uwchlan","40.0817","-75.7070","United States","US","USA","Pennsylvania","","12731","1840145646"
"Sete Barras","Sete Barras","-24.3878","-47.9258","Brazil","BR","BRA","São Paulo","minor","12730","1076515429"
"Köprübaşı","Koprubasi","38.7497","28.4047","Turkey","TR","TUR","Manisa","minor","12730","1792894400"
"Duvvūru","Duvvuru","14.8333","78.6500","India","IN","IND","Andhra Pradesh","","12727","1356883583"
"Dingman","Dingman","41.3226","-74.9264","United States","US","USA","Pennsylvania","","12727","1840146119"
"Tamm","Tamm","48.9167","9.1167","Germany","DE","DEU","Baden-Württemberg","","12726","1276203630"
"Joanópolis","Joanopolis","-22.9303","-46.2756","Brazil","BR","BRA","São Paulo","minor","12725","1076442097"
"Obalāpuram","Obalapuram","14.8000","78.7830","India","IN","IND","Andhra Pradesh","","12725","1356246117"
"Canillá","Canilla","15.1667","-90.8500","Guatemala","GT","GTM","Quiché","minor","12724","1320925878"
"Ainsdale","Ainsdale","53.6021","-3.0405","United Kingdom","GB","GBR","Sefton","","12723","1826404186"
"Ivanec","Ivanec","46.2167","16.1167","Croatia","HR","HRV","Varaždinska Županija","minor","12723","1191135840"
"Meadville","Meadville","41.6476","-80.1468","United States","US","USA","Pennsylvania","","12723","1840000558"
"Mar de Espanha","Mar de Espanha","-21.8669","-43.0100","Brazil","BR","BRA","Minas Gerais","minor","12721","1076321934"
"Brus Laguna","Brus Laguna","15.7711","-84.5395","Honduras","HN","HND","Gracias a Dios","","12720","1340003428"
"Emmiganūru","Emmiganuru","15.1500","76.9200","India","IN","IND","Karnātaka","","12720","1356701425"
"San Francisco de Mostazal","San Francisco de Mostazal","-33.9799","-70.7122","Chile","CL","CHL","Libertador General Bernardo O’Higgins","","12719","1152382411"
"Alexándreia","Alexandreia","40.6333","22.4500","Greece","GR","GRC","Kentrikí Makedonía","minor","12718","1300981589"
"Ialysós","Ialysos","36.4167","28.1500","Greece","GR","GRC","Nótio Aigaío","","12717","1300674720"
"Alcalá","Alcala","4.6667","-75.7500","Colombia","CO","COL","Valle del Cauca","minor","12716","1170054347"
"Debbache el Hadj Douadi","Debbache el Hadj Douadi","36.2750","6.1764","Algeria","DZ","DZA","Mila","","12716","1012146134"
"San Antonio Aguas Calientes","San Antonio Aguas Calientes","14.5333","-90.7667","Guatemala","GT","GTM","Sacatepéquez","minor","12716","1320340484"
"Bakhtāwarpur","Bakhtawarpur","28.8210","77.1660","India","IN","IND","Delhi","","12716","1356020201"
"Mahtha","Mahtha","26.5988","86.3158","India","IN","IND","Bihār","","12715","1356428225"
"Blagodarnyy","Blagodarnyy","45.1000","43.4500","Russia","RU","RUS","Stavropol’skiy Kray","minor","12715","1643447136"
"Varzaneh","Varzaneh","32.4197","52.6478","Iran","IR","IRN","Eşfahān","","12714","1364732883"
"Kyōtamba","Kyotamba","35.1667","135.4167","Japan","JP","JPN","Kyōto","","12714","1392003487"
"Valtierrilla","Valtierrilla","20.0000","31.0000","Mexico","MX","MEX","Guanajuato","","12713","1484002834"
"Vidauban","Vidauban","43.4262","6.4325","France","FR","FRA","Provence-Alpes-Côte d’Azur","","12712","1250930632"
"Street","Street","51.1270","-2.7400","United Kingdom","GB","GBR","Somerset","","12712","1826840312"
"Pīrnagar","Pirnagar","25.5982","86.7178","India","IN","IND","Bihār","","12712","1356851216"
"Bāri","Bari","25.8769","86.1918","India","IN","IND","Bihār","","12712","1356730923"
"Mèze","Meze","43.4278","3.6058","France","FR","FRA","Occitanie","","12711","1250412150"
"San Anselmo","San Anselmo","37.9821","-122.5699","United States","US","USA","California","","12711","1840022520"
"Novi Pazar","Novi Pazar","43.3500","27.2000","Bulgaria","BG","BGR","Shumen","","12710","1100036020"
"Playa Grande","Playa Grande","15.9833","-90.7667","Guatemala","GT","GTM","Quiché","minor","12710","1320692827"
"Dāmarcherla","Damarcherla","16.7269","79.6369","India","IN","IND","Andhra Pradesh","","12710","1356000300"
"Chaiyo","Chaiyo","14.6488","100.4788","Thailand","TH","THA","Ang Thong","minor","12710","1764400832"
"Oatfield","Oatfield","45.4125","-122.5940","United States","US","USA","Oregon","","12709","1840034837"
"Pennsville","Pennsville","39.6266","-75.5089","United States","US","USA","New Jersey","","12709","1840081664"
"Kaspi","Kaspi","41.9244","44.4189","Georgia","GE","GEO","Shida Kartli","minor","12708","1268997310"
"El Paraíso","El Paraiso","14.0833","-89.0833","El Salvador","SV","SLV","Chalatenango","","12708","1222422397"
"São Félix da Marinha","Sao Felix da Marinha","41.0339","-8.6233","Portugal","PT","PRT","Porto","","12706","1620414430"
"Sivalārkulam","Sivalarkulam","8.8700","77.5267","India","IN","IND","Tamil Nādu","","12705","1356202498"
"Ladenburg","Ladenburg","49.4667","8.6167","Germany","DE","DEU","Baden-Württemberg","","12704","1276610621"
"Mādugula","Madugula","17.9167","82.8000","India","IN","IND","Andhra Pradesh","","12704","1356549390"
"Ksar Lmajaz","Ksar Lmajaz","35.8428","-5.5586","Morocco","MA","MAR","Tanger-Tétouan-Al Hoceïma","","12703","1504167905"
"Buffelshoek","Buffelshoek","-24.6308","31.1383","South Africa","ZA","ZAF","Limpopo","","12703","1710314015"
"Marysville","Marysville","39.1518","-121.5835","United States","US","USA","California","","12703","1840020219"
"Cranleigh","Cranleigh","51.1363","-0.4784","United Kingdom","GB","GBR","Surrey","","12702","1826383822"
"Miranorte","Miranorte","-9.5289","-48.5900","Brazil","BR","BRA","Tocantins","minor","12701","1076578531"
"Nirakpurpāli","Nirakpurpali","25.3244","84.8114","India","IN","IND","Bihār","","12701","1356802168"
"Honggu","Honggu","36.2930","102.9575","China","CN","CHN","Gansu","","12700","1156002197"
"Serere","Serere","1.5000","33.5500","Uganda","UG","UGA","Serere","admin","12700","1800171092"
"Oakland","Oakland","41.0313","-74.2408","United States","US","USA","New Jersey","","12700","1840000912"
"Zelzate","Zelzate","51.2000","3.8167","Belgium","BE","BEL","Flanders","","12699","1056552955"
"Umag","Umag","45.4336","13.5172","Croatia","HR","HRV","Istarska Županija","minor","12699","1191619826"
"Patti","Patti","38.1389","14.9648","Italy","IT","ITA","Sicilia","","12699","1380086020"
"Kuressaare","Kuressaare","58.2500","22.4833","Estonia","EE","EST","Saaremaa","admin","12698","1233341219"
"Samāi","Samai","24.9788","85.5861","India","IN","IND","Bihār","","12697","1356620327"
"Battulapalle","Battulapalle","14.5167","77.7833","India","IN","IND","Andhra Pradesh","","12697","1356852308"
"Kelso","Kelso","46.1236","-122.8909","United States","US","USA","Washington","","12697","1840018503"
"Puerto Ayora","Puerto Ayora","-0.7500","-90.3167","Ecuador","EC","ECU","Galápagos","","12696","1218585265"
"Caió","Caio","11.9278","-16.2028","Guinea-Bissau","GW","GNB","Cacheu","","12696","1624580590"
"Sason","Sason","38.3803","41.3953","Turkey","TR","TUR","Batman","minor","12696","1792334757"
"Saint-André-les-Vergers","Saint-Andre-les-Vergers","48.2806","4.0547","France","FR","FRA","Grand Est","","12695","1250507061"
"Sante Bennūr","Sante Bennur","14.1697","76.0033","India","IN","IND","Karnātaka","","12695","1356024084"
"Bāsmenj","Basmenj","37.9961","46.4722","Iran","IR","IRN","Āz̄arbāyjān-e Sharqī","","12692","1364033031"
"Zelenodolsk","Zelenodolsk","47.5658","33.6464","Ukraine","UA","UKR","Dnipropetrovska Oblast","","12692","1804394068"
"Librazhd-Qendër","Librazhd-Qender","41.1969","20.3356","Albania","AL","ALB","Elbasan","","12691","1008639331"
"Newhaven","Newhaven","50.8000","0.0600","United Kingdom","GB","GBR","East Sussex","","12691","1826390746"
"Peraiyūr","Peraiyur","9.7341","77.7900","India","IN","IND","Tamil Nādu","","12690","1356124163"
"Gricignano d’Aversa","Gricignano d'Aversa","40.9833","14.2333","Italy","IT","ITA","Campania","","12690","1380461828"
"Brad","Brad","46.1294","22.7900","Romania","RO","ROU","Hunedoara","","12690","1642122253"
"Jerome","Jerome","42.7179","-114.5159","United States","US","USA","Idaho","","12689","1840018680"
"Graben-Neudorf","Graben-Neudorf","49.1592","8.4894","Germany","DE","DEU","Baden-Württemberg","","12688","1276955602"
"Chüy","Chuy","42.8197","75.2823","Kyrgyzstan","KG","KGZ","Chüy","minor","12688","1417150707"
"Bamhnī","Bamhni","22.4822","80.3716","India","IN","IND","Madhya Pradesh","","12687","1356499672"
"Mānākondūr","Manakondur","18.3981","79.2250","India","IN","IND","Andhra Pradesh","","12687","1356353668"
"Grover Beach","Grover Beach","35.1204","-120.6197","United States","US","USA","California","","12687","1840020414"
"Tucson Estates","Tucson Estates","32.1792","-111.1266","United States","US","USA","Arizona","","12687","1840027929"
"Ālampur Gonpura","Alampur Gonpura","25.5404","85.0511","India","IN","IND","Bihār","","12686","1356937815"
"Nicosia","Nicosia","37.7500","14.4000","Italy","IT","ITA","Sicilia","","12686","1380619404"
"Borovsk","Borovsk","55.2000","36.5000","Russia","RU","RUS","Kaluzhskaya Oblast’","minor","12686","1643432341"
"Sangtŭda","Sangtuda","38.0333","69.0833","Tajikistan","TJ","TJK","Khatlon","","12686","1762543236"
"Stupava","Stupava","48.2833","17.0333","Slovakia","SK","SVK","Bratislava","","12685","1703216738"
"Challapata","Challapata","-18.9000","-66.7667","Bolivia","BO","BOL","Oruro","","12684","1068352309"
"Dianguirdé","Dianguirde","14.4940","-9.0150","Mali","ML","MLI","Kayes","","12684","1466779159"
"Dianké","Dianke","15.7258","-4.6428","Mali","ML","MLI","Tombouctou","","12684","1466785037"
"Mechtras","Mechtras","36.5500","4.0000","Algeria","DZ","DZA","Tizi Ouzou","","12683","1012201497"
"Santiago Amoltepec","Santiago Amoltepec","16.6167","-97.5000","Mexico","MX","MEX","Oaxaca","","12683","1484936827"
"Ấp Bình Thành","Ap Binh Thanh","10.1833","105.2000","Vietnam","VN","VNM","Kiến Giang","","12683","1704154343"
"Edgewood","Edgewood","47.2309","-122.2832","United States","US","USA","Washington","","12683","1840019852"
"Delémont","Delemont","47.3653","7.3472","Switzerland","CH","CHE","Jura","admin","12682","1756748908"
"Maniyur","Maniyur","11.9500","75.4500","India","IN","IND","Kerala","","12681","1356211922"
"Itayanagi","Itayanagi","40.6959","140.4572","Japan","JP","JPN","Aomori","","12681","1392658620"
"Perehinske","Perehinske","48.8100","24.1900","Ukraine","UA","UKR","Ivano-Frankivska Oblast","","12681","1804617617"
"Derventa","Derventa","44.9800","17.9100","Bosnia and Herzegovina","BA","BIH","Srpska, Republika","minor","12680","1070137362"
"Hedensted","Hedensted","55.7701","9.6967","Denmark","DK","DNK","Midtjylland","minor","12680","1208990844"
"Daharia","Daharia","25.5307","87.5947","India","IN","IND","Bihār","","12678","1356461587"
"Luchong","Luchong","27.2832","109.0346","China","CN","CHN","Guizhou","","12677","1156653206"
"Cuisnahuat","Cuisnahuat","13.6333","-89.6000","El Salvador","SV","SLV","Sonsonate","","12676","1222033035"
"Amos","Amos","48.5667","-78.1167","Canada","CA","CAN","Quebec","","12675","1124939649"
"Penistone","Penistone","53.5250","-1.6290","United Kingdom","GB","GBR","Barnsley","","12674","1826205951"
"Morazán","Morazan","14.9328","-90.1431","Guatemala","GT","GTM","El Progreso","minor","12672","1320386903"
"Olgiate Olona","Olgiate Olona","45.6333","8.8833","Italy","IT","ITA","Lombardy","","12671","1380625196"
"Fostoria","Fostoria","41.1600","-83.4121","United States","US","USA","Ohio","","12671","1840000820"
"Yzeure","Yzeure","46.5669","3.3553","France","FR","FRA","Auvergne-Rhône-Alpes","","12670","1250577424"
"Taguaí","Taguai","-23.4519","-49.4089","Brazil","BR","BRA","São Paulo","minor","12669","1076580589"
"Sarasota Springs","Sarasota Springs","27.3087","-82.4746","United States","US","USA","Florida","","12669","1840029072"
"Mablethorpe","Mablethorpe","53.3409","0.2610","United Kingdom","GB","GBR","Lincolnshire","","12668","1826000615"
"Douar Toulal","Douar Toulal","33.8951","-5.6021","Morocco","MA","MAR","Fès-Meknès","","12668","1504858900"
"Venëv","Venev","54.3500","38.2667","Russia","RU","RUS","Tul’skaya Oblast’","minor","12668","1643092677"
"Robinson","Robinson","31.4501","-97.1201","United States","US","USA","Texas","","12668","1840020813"
"Diari","Diari","9.8452","-0.8655","Ghana","GH","GHA","Northern","","12666","1288997321"
"Gorokhovets","Gorokhovets","56.2000","42.7000","Russia","RU","RUS","Vladimirskaya Oblast’","minor","12666","1643628827"
"Eufaula","Eufaula","31.9102","-85.1505","United States","US","USA","Alabama","","12664","1840001685"
"Palos de la Frontera","Palos de la Frontera","37.2283","-6.8944","Spain","ES","ESP","Andalusia","","12663","1724003384"
"Shirataka","Shirataka","38.1831","140.0986","Japan","JP","JPN","Yamagata","","12663","1392003409"
"Shilka","Shilka","51.8500","116.0333","Russia","RU","RUS","Zabaykal’skiy Kray","minor","12663","1643938937"
"Enumclaw","Enumclaw","47.2018","-121.9897","United States","US","USA","Washington","","12663","1840019825"
"Canóvanas","Canovanas","18.3693","-65.9009","Puerto Rico","PR","PRI","Puerto Rico","","12662","1630023717"
"Verde Village","Verde Village","34.7119","-111.9941","United States","US","USA","Arizona","","12662","1840017843"
"Herk-de-Stad","Herk-de-Stad","50.9406","5.1672","Belgium","BE","BEL","Flanders","","12661","1056088942"
"Jüterbog","Juterbog","51.9933","13.0728","Germany","DE","DEU","Brandenburg","","12661","1276769458"
"Lymm","Lymm","53.3834","-2.4750","United Kingdom","GB","GBR","Cheshire East","","12661","1826822160"
"Kotturu","Kotturu","17.2958","82.4752","India","IN","IND","Andhra Pradesh","","12661","1356490582"
"Gerpinnes","Gerpinnes","50.3369","4.5283","Belgium","BE","BEL","Wallonia","","12660","1056491300"
"Salobreña","Salobrena","36.7467","-3.5869","Spain","ES","ESP","Andalusia","","12660","1724046465"
"Pūdūru","Puduru","16.1520","77.8273","India","IN","IND","Andhra Pradesh","","12660","1356104456"
"Cairo Montenotte","Cairo Montenotte","44.3979","8.2778","Italy","IT","ITA","Liguria","","12660","1380236204"
"North Adams","North Adams","42.6844","-73.1166","United States","US","USA","Massachusetts","","12660","1840000423"
"Hornsey","Hornsey","51.5870","-0.1180","United Kingdom","GB","GBR","Haringey","","12659","1826443938"
"Mamakating","Mamakating","41.5860","-74.4951","United States","US","USA","New York","","12659","1840087643"
"Mugutkhan Hubli","Mugutkhan Hubli","15.7900","74.7500","India","IN","IND","Karnātaka","","12658","1356351761"
"Blaubeuren","Blaubeuren","48.4119","9.7850","Germany","DE","DEU","Baden-Württemberg","","12657","1276939647"
"Imām Şāḩib","Imam Sahib","37.1844","68.9144","Afghanistan","AF","AFG","Kunduz","minor","12655","1004051505"
"Santo Stino di Livenza","Santo Stino di Livenza","45.7333","12.6833","Italy","IT","ITA","Veneto","","12655","1380323884"
"Kuçovë","Kucove","40.8039","19.9144","Albania","AL","ALB","Berat","","12654","1008520632"
"Malmédy","Malmedy","50.4261","6.0303","Belgium","BE","BEL","Wallonia","","12654","1056228315"
"Bad Abbach","Bad Abbach","48.9333","12.0500","Germany","DE","DEU","Bavaria","","12654","1276008199"
"Balpyq Bī","Balpyq Bi","44.8947","78.2083","Kazakhstan","KZ","KAZ","Zhetisū","minor","12654","1398089749"
"Ahermoumou","Ahermoumou","33.8300","-4.4000","Morocco","MA","MAR","Fès-Meknès","","12654","1504332158"
"Malhador","Malhador","-10.6578","-37.3047","Brazil","BR","BRA","Sergipe","minor","12653","1076612733"
"Nakhla","Nakhla","33.2833","6.9500","Algeria","DZ","DZA","El Oued","","12652","1012158713"
"San Biagio di Callalta","San Biagio di Callalta","45.6867","12.3815","Italy","IT","ITA","Veneto","","12652","1380128806"
"Brunsbüttel","Brunsbuttel","53.8964","9.1386","Germany","DE","DEU","Schleswig-Holstein","","12651","1276581579"
"Sheopuria","Sheopuria","28.5300","79.7700","India","IN","IND","Uttar Pradesh","","12651","1356718841"
"Manchester","Manchester","35.4630","-86.0774","United States","US","USA","Tennessee","","12651","1840015409"
"Ouzera","Ouzera","36.2500","2.8500","Algeria","DZ","DZA","Médéa","","12650","1012020190"
"Sinincay","Sinincay","-2.8333","-79.0000","Ecuador","EC","ECU","Azuay","minor","12650","1218165430"
"Takamori","Takamori","35.5138","137.8739","Japan","JP","JPN","Nagano","","12650","1392003163"
"Sosnovoborsk","Sosnovoborsk","56.1333","93.3667","Russia","RU","RUS","Krasnoyarskiy Kray","minor","12650","1643158864"
"Bom Repouso","Bom Repouso","-22.4708","-46.1450","Brazil","BR","BRA","Minas Gerais","minor","12649","1076352065"
"Qiaotouba","Qiaotouba","33.7537","104.8110","China","CN","CHN","Gansu","","12649","1156138572"
"Chodov","Chodov","50.2414","12.7439","Czechia","CZ","CZE","Karlovarský Kraj","","12649","1203758078"
"Comines","Comines","50.7616","3.0086","France","FR","FRA","Hauts-de-France","","12649","1250749868"
"Sutton on Hull","Sutton on Hull","53.7806","-0.3047","United Kingdom","GB","GBR","Kingston upon Hull, City of","","12649","1826733547"
"Tilāri","Tilari","25.0040","85.2520","India","IN","IND","Bihār","","12649","1356140676"
"Los Santos","Los Santos","6.9167","-73.0833","Colombia","CO","COL","Santander","minor","12648","1170390233"
"Awantipur","Awantipur","33.9233","75.0128","India","IN","IND","Jammu and Kashmīr","","12647","1356125527"
"Claiborne","Claiborne","32.5379","-92.1981","United States","US","USA","Louisiana","","12647","1840013811"
"Bretzfeld","Bretzfeld","49.1833","9.4333","Germany","DE","DEU","Baden-Württemberg","","12645","1276507113"
"Market Warsop","Market Warsop","53.2000","-1.1500","United Kingdom","GB","GBR","Nottinghamshire","","12644","1826782439"
"Warsop","Warsop","53.2000","-1.1500","United Kingdom","GB","GBR","Nottinghamshire","","12644","1826909482"
"Steinheim","Steinheim","51.8658","9.0944","Germany","DE","DEU","North Rhine-Westphalia","","12643","1276434002"
"Ziama Mansouria","Ziama Mansouria","36.6667","5.4833","Algeria","DZ","DZA","Bejaïa","","12642","1012262083"
"Nangola","Nangola","12.6661","-6.6042","Mali","ML","MLI","Koulikoro","","12642","1466277928"
"Isla Mujeres","Isla Mujeres","21.2333","-86.7333","Mexico","MX","MEX","Quintana Roo","minor","12642","1484856745"
"Petrovske","Petrovske","48.2833","38.8833","Ukraine","UA","UKR","Luhanska Oblast","","12642","1804450037"
"Diamond Springs","Diamond Springs","38.6920","-120.8391","United States","US","USA","California","","12642","1840018829"
"Fortaleza dos Nogueiras","Fortaleza dos Nogueiras","-6.9639","-46.1769","Brazil","BR","BRA","Maranhão","minor","12640","1076248622"
"Saltcoats","Saltcoats","55.6352","-4.7896","United Kingdom","GB","GBR","North Ayrshire","","12640","1826618463"
"Pondūru","Ponduru","18.3508","83.7567","India","IN","IND","Andhra Pradesh","","12640","1356187054"
"Al Muzayrīb","Al Muzayrib","32.7108","36.0275","Syria","SY","SYR","Dar‘ā","minor","12640","1760935578"
"Tetiiv","Tetiiv","49.3708","29.6900","Ukraine","UA","UKR","Kyivska Oblast","minor","12640","1804600319"
"Los Hidalgos","Los Hidalgos","19.7300","-71.0300","Dominican Republic","DO","DOM","Cibao Norte","","12639","1214268175"
"Wickliffe","Wickliffe","41.6072","-81.4690","United States","US","USA","Ohio","","12639","1840000546"
"Groutville","Groutville","-29.3880","31.2450","South Africa","ZA","ZAF","KwaZulu-Natal","","12638","1710077829"
"Puttānattam","Puttanattam","10.4670","78.3687","India","IN","IND","Tamil Nādu","","12637","1356016712"
"Wilmington","Wilmington","39.4362","-83.8141","United States","US","USA","Ohio","","12637","1840010630"
"Kākan","Kakan","26.1509","87.5674","India","IN","IND","Bihār","","12636","1356098838"
"Tenmalai","Tenmalai","9.3129","77.4959","India","IN","IND","Tamil Nādu","","12636","1356209027"
"De Haan","De Haan","51.2667","3.0333","Belgium","BE","BEL","Flanders","","12635","1056930293"
"Rio Vermelho","Rio Vermelho","-18.2939","-43.0089","Brazil","BR","BRA","Minas Gerais","minor","12635","1076636906"
"North Walsham","North Walsham","52.8214","1.3861","United Kingdom","GB","GBR","Norfolk","","12634","1826981933"
"Adukam","Adukam","9.7954","76.8456","India","IN","IND","Kerala","","12633","1356162630"
"Kanniyambram","Kanniyambram","10.7333","76.4000","India","IN","IND","Kerala","","12633","1356851747"
"San Marco in Lamis","San Marco in Lamis","41.7117","15.6350","Italy","IT","ITA","Puglia","","12633","1380173757"
"Sedro-Woolley","Sedro-Woolley","48.5112","-122.2321","United States","US","USA","Washington","","12633","1840021066"
"Ottawa","Ottawa","38.5996","-95.2636","United States","US","USA","Kansas","","12632","1840003840"
"Minooka","Minooka","41.4507","-88.2791","United States","US","USA","Illinois","","12632","1840011618"
"Falmouth","Falmouth","43.7476","-70.2827","United States","US","USA","Maine","","12631","1840052817"
"Dores do Indaiá","Dores do Indaia","-19.4628","-45.6019","Brazil","BR","BRA","Minas Gerais","minor","12630","1076206387"
"Qigexingcun","Qigexingcun","42.0200","86.3031","China","CN","CHN","Xinjiang","","12629","1156430883"
"Naduhatti","Naduhatti","11.4043","76.8160","India","IN","IND","Tamil Nādu","","12628","1356141769"
"Ulster","Ulster","41.9699","-74.0041","United States","US","USA","New York","","12628","1840087981"
"Blackfoot","Blackfoot","43.1940","-112.3454","United States","US","USA","Idaho","","12628","1840018650"
"Costa Marques","Costa Marques","-12.4450","-64.2272","Brazil","BR","BRA","Rondônia","minor","12627","1076376222"
"Knittelfeld","Knittelfeld","47.2150","14.8294","Austria","AT","AUT","Steiermark","","12626","1040186382"
"Victoria","Victoria","13.9500","-88.6333","El Salvador","SV","SLV","Cabañas","","12626","1222943235"
"Burj al ‘Arab","Burj al `Arab","30.9167","29.5333","Egypt","EG","EGY","Al Iskandarīyah","","12625","1818114873"
"Mongat","Mongat","41.4690","2.2805","Spain","ES","ESP","Catalonia","","12625","1724914506"
"Kādiyāmpatti","Kadiyampatti","11.8720","78.0961","India","IN","IND","Tamil Nādu","","12625","1356641867"
"Ấp Phú Hải","Ap Phu Hai","11.1667","108.5667","Vietnam","VN","VNM","Bình Thuận","","12624","1704618914"
"Sirūr","Sirur","16.0965","75.7858","India","IN","IND","Karnātaka","","12623","1356261996"
"Bonito","Bonito","-1.3628","-47.3069","Brazil","BR","BRA","Pará","minor","12622","1076970076"
"Castel Goffredo","Castel Goffredo","45.2981","10.4750","Italy","IT","ITA","Lombardy","","12622","1380666608"
"Presidente Jânio Quadros","Presidente Janio Quadros","-14.6889","-41.6778","Brazil","BR","BRA","Bahia","minor","12621","1076806633"
"Vilsbiburg","Vilsbiburg","48.4500","12.3500","Germany","DE","DEU","Bavaria","","12621","1276843205"
"Jalpura","Jalpura","25.4862","84.7370","India","IN","IND","Bihār","","12621","1356041298"
"Kalyazin","Kalyazin","57.2333","37.8833","Russia","RU","RUS","Tverskaya Oblast’","minor","12621","1643298637"
"Paradise Valley","Paradise Valley","33.5434","-111.9595","United States","US","USA","Arizona","","12621","1840022913"
"Cunda diá Baze","Cunda dia Baze","-8.9167","17.0667","Angola","AO","AGO","Malanje","","12620","1024847614"
"Simri","Simri","25.7523","86.6074","India","IN","IND","Bihār","","12619","1356816397"
"Antonivka","Antonivka","46.6808","32.7358","Ukraine","UA","UKR","Khersonska Oblast","","12619","1804356221"
"Cedral","Cedral","-20.9028","-49.2678","Brazil","BR","BRA","São Paulo","minor","12618","1076000902"
"Kauhajoki","Kauhajoki","62.4319","22.1794","Finland","FI","FIN","Etelä-Pohjanmaa","minor","12618","1246101648"
"Gürgentepe","Gurgentepe","40.7883","37.6017","Turkey","TR","TUR","Ordu","minor","12617","1792908003"
"Motkūr","Motkur","17.4569","79.2592","India","IN","IND","Andhra Pradesh","","12616","1356353860"
"Saddlebrooke","Saddlebrooke","32.5576","-110.8740","United States","US","USA","Arizona","","12616","1840075484"
"Concepción Las Minas","Concepcion Las Minas","14.5167","-89.4500","Guatemala","GT","GTM","Chiquimula","minor","12615","1320071349"
"Daipha","Daipha","25.1584","72.2444","India","IN","IND","Rājasthān","","12615","1356253713"
"Xalpatlahuac","Xalpatlahuac","17.3333","-98.6500","Mexico","MX","MEX","Guerrero","","12615","1484565396"
"Brown Deer","Brown Deer","43.1743","-87.9750","United States","US","USA","Wisconsin","","12615","1840003041"
"Andernos-les-Bains","Andernos-les-Bains","44.7433","-1.0892","France","FR","FRA","Nouvelle-Aquitaine","","12614","1250155920"
"Parigi","Parigi","13.9069","77.4572","India","IN","IND","Andhra Pradesh","","12614","1356618142"
"Summerstrand","Summerstrand","-33.9914","25.6569","South Africa","ZA","ZAF","Eastern Cape","","12614","1710926578"
"Apía","Apia","5.1000","-75.9500","Colombia","CO","COL","Risaralda","minor","12613","1170159513"
"Buchs","Buchs","47.1656","9.4711","Switzerland","CH","CHE","Sankt Gallen","","12612","1756006204"
"Isla Ratón","Isla Raton","5.1311","-67.8106","Venezuela","VE","VEN","Amazonas","minor","12612","1862486831"
"St. Marys","St. Marys","41.4574","-78.5342","United States","US","USA","Pennsylvania","","12612","1840000618"
"Gaffney","Gaffney","35.0743","-81.6552","United States","US","USA","South Carolina","","12612","1840013515"
"Valverde del Camino","Valverde del Camino","37.5667","-6.7500","Spain","ES","ESP","Andalusia","","12611","1724355645"
"Saka","Saka","34.3411","132.5136","Japan","JP","JPN","Hiroshima","","12611","1392541121"
"Fulton","Fulton","38.8551","-91.9510","United States","US","USA","Missouri","","12611","1840008560"
"Santa Bárbara de Pinto","Santa Barbara de Pinto","9.4333","-74.7000","Colombia","CO","COL","Magdalena","minor","12610","1170483777"
"Tamsaout","Tamsaout","29.5333","-8.8500","Morocco","MA","MAR","Souss-Massa","","12610","1504846802"
"Chariyakulam","Chariyakulam","9.6527","77.1226","India","IN","IND","Kerala","","12609","1356231103"
"Topliţa","Toplita","46.9236","25.3458","Romania","RO","ROU","Harghita","","12609","1642037502"
"Boiling Springs","Boiling Springs","35.0450","-81.9779","United States","US","USA","South Carolina","","12609","1840013509"
"Riviera Beach","Riviera Beach","39.1623","-76.5257","United States","US","USA","Maryland","","12608","1840005916"
"Hirschaid","Hirschaid","49.8167","10.9833","Germany","DE","DEU","Bavaria","","12607","1276140159"
"Lewisburg","Lewisburg","35.4510","-86.7901","United States","US","USA","Tennessee","","12607","1840014544"
"Üllő","Ullo","47.3842","19.3444","Hungary","HU","HUN","Pest","","12605","1348501834"
"Kharak Kalān","Kharak Kalan","28.8070","76.3140","India","IN","IND","Haryāna","","12605","1356232465"
"Melvindale","Melvindale","42.2802","-83.1782","United States","US","USA","Michigan","","12605","1840003986"
"La Chapelle-Saint-Luc","La Chapelle-Saint-Luc","48.3125","4.0453","France","FR","FRA","Grand Est","","12603","1250799427"
"Garh Sisai","Garh Sisai","25.6253","85.7887","India","IN","IND","Bihār","","12603","1356003299"
"Belagal","Belagal","15.8183","77.6702","India","IN","IND","Andhra Pradesh","","12603","1356016761"
"Muttanampālaiyam","Muttanampalaiyam","11.0845","77.3969","India","IN","IND","Tamil Nādu","","12603","1356166175"
"Magsaysay","Magsaysay","10.8700","121.0500","Philippines","PH","PHL","Palawan","","12603","1608360033"
"Road Town","Road Town","18.4167","-64.6167","Virgin Islands, British","VG","VGB","","primary","12603","1092732412"
"Goldenrod","Goldenrod","28.6114","-81.2916","United States","US","USA","Florida","","12603","1840014080"
"Lansdowne","Lansdowne","39.0844","-77.4839","United States","US","USA","Virginia","","12603","1840041773"
"Tagoloan","Tagoloan","8.1092","124.4392","Philippines","PH","PHL","Lanao del Sur","","12602","1608551661"
"Altenstadt","Altenstadt","50.2856","8.9450","Germany","DE","DEU","Hesse","","12601","1276344597"
"Ələt","Alat","39.9483","49.4067","Azerbaijan","AZ","AZE","Bakı","","12600","1031947328"
"Queluz","Queluz","-22.5372","-44.7742","Brazil","BR","BRA","São Paulo","minor","12600","1076494123"
