"Besagarahalli","Besagarahalli","12.6333","77.0000","India","IN","IND","Karnātaka","","10669","1356153935"
"Cricova","Cricova","47.1389","28.8614","Moldova","MD","MDA","Chişinău","","10669","1498628577"
"Hosahalli","Hosahalli","15.3140","76.3151","India","IN","IND","Karnātaka","","10668","1356059145"
"Douglass","Douglass","40.3438","-75.5909","United States","US","USA","Pennsylvania","","10668","1840143118"
"São João da Ocalina","Sao Joao da Ocalina","-23.9800","-51.8178","Brazil","BR","BRA","Paraná","minor","10667","1076299842"
"Anoviara","Anoviara","-14.7408","49.8324","Madagascar","MG","MDG","Antsiranana","","10667","1450027060"
"Corning","Corning","42.1470","-77.0561","United States","US","USA","New York","","10666","1840000443"
"Urgūn","Urgun","32.9006","69.1569","Afghanistan","AF","AFG","Paktīkā","minor","10665","1004285541"
"Kivistö","Kivisto","60.3236","24.8453","Finland","FI","FIN","Uusimaa","","10665","1246650293"
"Kānkōl","Kankol","12.1556","75.2238","India","IN","IND","Kerala","","10665","1356533139"
"Sālotgi","Salotgi","17.1700","75.9600","India","IN","IND","Karnātaka","","10664","1356787208"
"Dakhān","Dakhan","35.1250","49.5175","Iran","IR","IRN","Markazī","","10664","1364442935"
"Cameri","Cameri","45.5000","8.6500","Italy","IT","ITA","Piedmont","","10664","1380438629"
"Darby","Darby","39.9210","-75.2610","United States","US","USA","Pennsylvania","","10664","1840000695"
"Capim Branco","Capim Branco","-19.5489","-44.1169","Brazil","BR","BRA","Minas Gerais","minor","10663","1076851522"
"Tewkesbury","Tewkesbury","51.9900","-2.1600","United Kingdom","GB","GBR","Gloucestershire","","10663","1826890799"
"West Haverstraw","West Haverstraw","41.2063","-73.9884","United States","US","USA","New York","","10663","1840004990"
"Maynard","Maynard","42.4264","-71.4561","United States","US","USA","Massachusetts","","10663","1840053481"
"Tinqueux","Tinqueux","49.2509","3.9918","France","FR","FRA","Grand Est","","10662","1250334937"
"São Brás de Alportel","Sao Bras de Alportel","37.1500","-7.8833","Portugal","PT","PRT","Faro","minor","10662","1620714794"
"Krasnousol’skiy","Krasnousol'skiy","53.8947","56.4686","Russia","RU","RUS","Bashkortostan","minor","10662","1643830289"
"Betsiaka","Betsiaka","-13.1553","49.2350","Madagascar","MG","MDG","Antsiranana","","10661","1450122670"
"Monte Alegre do Piauí","Monte Alegre do Piaui","-9.7539","-45.3039","Brazil","BR","BRA","Piauí","minor","10660","1076223084"
"Chuqung","Chuqung","33.3667","97.1333","China","CN","CHN","Qinghai","minor","10659","1156003913"
"Joutseno","Joutseno","61.1230","28.5015","Finland","FI","FIN","Etelä-Karjala","","10659","1246814717"
"Chettimangurichchi","Chettimangurichchi","11.6393","77.8557","India","IN","IND","Tamil Nādu","","10659","1356168547"
"Ponnampatti","Ponnampatti","10.5500","78.3744","India","IN","IND","Tamil Nādu","","10659","1356211236"
"Felsberg","Felsberg","51.1333","9.4167","Germany","DE","DEU","Hesse","","10658","1276987745"
"Oloron-Sainte-Marie","Oloron-Sainte-Marie","43.1947","-0.6056","France","FR","FRA","Nouvelle-Aquitaine","minor","10658","1250195231"
"Al Atārib","Al Atarib","36.1391","36.8250","Syria","SY","SYR","Ḩalab","minor","10657","1760645780"
"Gürün","Gurun","38.7225","37.2775","Turkey","TR","TUR","Sivas","minor","10657","1792698660"
"Yeghvard","Yeghvard","40.3217","44.4814","Armenia","AM","ARM","Kotayk’","","10656","1051779287"
"Plan-les-Ouates","Plan-les-Ouates","46.1667","6.1167","Switzerland","CH","CHE","Genève","","10656","1756223041"
"Aulla","Aulla","44.2167","9.9667","Italy","IT","ITA","Tuscany","","10656","1380929075"
"Puranāttukara","Puranattukara","10.5528","76.1613","India","IN","IND","Kerala","","10655","1356067035"
"Kāla Diāra","Kala Diara","25.5092","85.4480","India","IN","IND","Bihār","","10655","1356586478"
"Ukrainsk","Ukrainsk","48.1000","37.3833","Ukraine","UA","UKR","Donetska Oblast","","10655","1804349001"
"Malapannanagudi","Malapannanagudi","15.2800","76.3700","India","IN","IND","Karnātaka","","10654","1356462481"
"Huétor-Tájar","Huetor-Tajar","37.1947","-4.0464","Spain","ES","ESP","Andalusia","","10653","1724650449"
"Leninskoe","Leninskoe","42.9706","74.6625","Kyrgyzstan","KG","KGZ","Chüy","","10653","1417027549"
"Nakonde","Nakonde","-9.3314","32.7548","Zambia","ZM","ZMB","Muchinga","","10652","1894139781"
"Bharra","Bharra","25.4398","86.1624","India","IN","IND","Bihār","","10651","1356580444"
"Teus","Teus","25.2493","85.7141","India","IN","IND","Bihār","","10651","1356436360"
"Kuršėnai","Kursenai","56.0000","22.9333","Lithuania","LT","LTU","Šiauliai","","10651","1440741018"
"Lamhadi","Lamhadi","32.3000","-9.0167","Morocco","MA","MAR","Marrakech-Safi","","10651","1504208121"
"Neuenhaus","Neuenhaus","52.5000","6.9667","Germany","DE","DEU","Lower Saxony","","10650","1276154780"
"Daganzo de Arriba","Daganzo de Arriba","40.5433","-3.4572","Spain","ES","ESP","Madrid","","10650","1724385787"
"Clute","Clute","29.0256","-95.3975","United States","US","USA","Texas","","10650","1840019669"
"Ponte Serrada","Ponte Serrada","-26.8719","-52.0158","Brazil","BR","BRA","Santa Catarina","minor","10649","1076102592"
"Myślibórz","Mysliborz","52.9333","14.8667","Poland","PL","POL","Zachodniopomorskie","minor","10649","1616407161"
"Bischofswerda","Bischofswerda","51.1275","14.1797","Germany","DE","DEU","Saxony","","10648","1276164300"
"Antsaravibe","Antsaravibe","-13.0517","49.0189","Madagascar","MG","MDG","Antsiranana","","10648","1450567658"
"Corocoro","Corocoro","-17.1667","-68.4500","Bolivia","BO","BOL","La Paz","","10647","1068830457"
"Rāmāreddi","Ramareddi","18.4110","78.3674","India","IN","IND","Andhra Pradesh","","10647","1356155190"
"Nowa Dęba","Nowa Deba","50.4167","21.7667","Poland","PL","POL","Podkarpackie","","10647","1616557246"
"Santo André","Santo Andre","38.0667","-8.7833","Portugal","PT","PRT","Setúbal","","10647","1620996598"
"Veľký Krtíš","Vel'ky Krtis","48.2150","19.3381","Slovakia","SK","SVK","Banská Bystrica","minor","10647","1703541479"
"Cookstown","Cookstown","54.6470","-6.7450","United Kingdom","GB","GBR","Mid-Ulster","","10646","1826277161"
"Santa Terezinha de Goiás","Santa Terezinha de Goias","-14.4378","-49.7058","Brazil","BR","BRA","Goiás","minor","10645","1076003561"
"Kadwa","Kadwa","25.0316","84.0924","India","IN","IND","Bihār","","10645","1356558904"
"Sant’Antìoco","Sant'Antioco","39.0664","8.4545","Italy","IT","ITA","Sardegna","","10645","1380700326"
"Filipstad","Filipstad","59.7167","14.1667","Sweden","SE","SWE","Värmland","minor","10644","1752017138"
"Coité do Nóia","Coite do Noia","-9.6322","-36.5786","Brazil","BR","BRA","Alagoas","minor","10643","1076884049"
"Gudibanda","Gudibanda","13.9753","77.1046","India","IN","IND","Andhra Pradesh","","10643","1356759026"
"Tiszafüred","Tiszafured","47.6190","20.7600","Hungary","HU","HUN","Jász-Nagykun-Szolnok","minor","10642","1348745006"
"Ambato","Ambato","-18.5970","47.4962","Madagascar","MG","MDG","Antananarivo","","10642","1450100718"
"Isabela","Isabela","18.4991","-67.0220","Puerto Rico","PR","PRI","Puerto Rico","","10642","1630023674"
"Gobardhanpur Kanāp","Gobardhanpur Kanap","25.0682","84.5241","India","IN","IND","Bihār","","10641","1356100404"
"Karadichittūr","Karadichittur","11.8289","78.8758","India","IN","IND","Tamil Nādu","","10641","1356245616"
"Tolna","Tolna","46.4250","18.7750","Hungary","HU","HUN","Tolna","minor","10640","1348510202"
"Atlit","Atlit","32.6872","34.9383","Israel","IL","ISR","Haifa","","10639","1376755634"
"Amāyan","Amayan","26.3205","78.7581","India","IN","IND","Madhya Pradesh","","10639","1356274623"
"Freeport","Freeport","28.9453","-95.3601","United States","US","USA","Texas","","10639","1840020974"
"Almoloya","Almoloya","19.7000","-98.4000","Mexico","MX","MEX","Hidalgo","minor","10638","1484494575"
"Laćarak","Lacarak","45.0022","19.5686","Serbia","RS","SRB","","","10638","1688011323"
"Alachua","Alachua","29.7779","-82.4832","United States","US","USA","Florida","","10638","1840014020"
"St. Albans","St. Albans","38.3769","-81.8198","United States","US","USA","West Virginia","","10637","1840006201"
"Kumbhāri","Kumbhari","21.2088","83.6467","India","IN","IND","Odisha","","10636","1356155567"
"Sirugudi","Sirugudi","10.2627","78.3088","India","IN","IND","Tamil Nādu","","10635","1356228387"
"Maghra","Maghra","25.1903","85.4921","India","IN","IND","Bihār","","10635","1356373720"
"Mount Vista","Mount Vista","45.7373","-122.6316","United States","US","USA","Washington","","10635","1840037858"
"Potomac Park","Potomac Park","35.3636","-118.9650","United States","US","USA","California","","10634","1840147389"
"Munhall","Munhall","40.3935","-79.9005","United States","US","USA","Pennsylvania","","10633","1840001247"
"Asfour","Asfour","36.6667","7.9833","Algeria","DZ","DZA","El Tarf","","10632","1012021539"
"Ngaputaw","Ngaputaw","16.5378","94.6936","Burma","MM","MMR","Ayeyarwady","","10632","1104989522"
"Borshchiv","Borshchiv","48.8028","26.0364","Ukraine","UA","UKR","Ternopilska Oblast","","10632","1804384535"
"San Nicolás","San Nicolas","-36.5033","-72.2122","Chile","CL","CHL","Ñuble","","10631","1152083085"
"Hajeb el Aïoun","Hajeb el Aioun","35.3900","9.5400","Tunisia","TN","TUN","Kairouan","","10631","1788265599"
"Mount Airy","Mount Airy","36.5083","-80.6155","United States","US","USA","North Carolina","","10631","1840014430"
"Lambton Shores","Lambton Shores","43.1833","-81.9000","Canada","CA","CAN","Ontario","","10631","1124001891"
"Great Dunmow","Great Dunmow","51.8710","0.3640","United Kingdom","GB","GBR","Essex","","10630","1826161396"
"Nueva Helvecia","Nueva Helvecia","-34.2833","-57.2000","Uruguay","UY","URY","Colonia","","10630","1858393787"
"Delareyville","Delareyville","-26.6833","25.4667","South Africa","ZA","ZAF","North West","","10630","1710957895"
"Fair Oaks Ranch","Fair Oaks Ranch","29.7467","-98.6376","United States","US","USA","Texas","","10630","1840020939"
"Cottage Grove","Cottage Grove","43.7960","-123.0573","United States","US","USA","Oregon","","10630","1840018624"
"Burgau","Burgau","48.4322","10.4069","Germany","DE","DEU","Bavaria","","10628","1276192712"
"Nedumpura","Nedumpura","10.3903","76.1514","India","IN","IND","Kerala","","10627","1356853188"
"Sânnicolau Mare","Sannicolau Mare","46.0636","20.6125","Romania","RO","ROU","Timiş","","10627","1642288572"
"Svedala","Svedala","55.5000","13.2333","Sweden","SE","SWE","Skåne","minor","10627","1752069692"
"Fairview","Fairview","45.5469","-122.4390","United States","US","USA","Oregon","","10627","1840019938"
"Épinay-sur-Orge","Epinay-sur-Orge","48.6726","2.3239","France","FR","FRA","Île-de-France","","10626","1250210383"
"Lubawa","Lubawa","53.5000","19.7500","Poland","PL","POL","Warmińsko-Mazurskie","","10626","1616962128"
"Memphis","Memphis","27.5435","-82.5608","United States","US","USA","Florida","","10626","1840014172"
"São Félix do Araguaia","Sao Felix do Araguaia","-11.6169","-50.6689","Brazil","BR","BRA","Mato Grosso","minor","10625","1076329274"
"Chalco","Chalco","41.1817","-96.1353","United States","US","USA","Nebraska","","10625","1840005176"
"Jacinto Machado","Jacinto Machado","-28.9969","-49.7639","Brazil","BR","BRA","Santa Catarina","minor","10624","1076638099"
"Valentigney","Valentigney","47.4633","6.8331","France","FR","FRA","Bourgogne-Franche-Comté","","10624","1250305919"
"Jiwachhpur","Jiwachhpur","26.3120","87.0405","India","IN","IND","Bihār","","10624","1356420456"
"Pella","Pella","41.4052","-92.9189","United States","US","USA","Iowa","","10624","1840009293"
"Winterville","Winterville","35.5291","-77.4000","United States","US","USA","North Carolina","","10624","1840016279"
"Veselí nad Moravou","Veseli nad Moravou","48.9536","17.3764","Czechia","CZ","CZE","Jihomoravský Kraj","","10623","1203951522"
"Chinnamandem","Chinnamandem","13.9419","78.6814","India","IN","IND","Andhra Pradesh","","10623","1356327094"
"Santa Clara","Santa Clara","44.1154","-123.1344","United States","US","USA","Oregon","","10623","1840145606"
"Adohoun","Adohoun","6.6333","1.6667","Benin","BJ","BEN","Mono","","10622","1204360441"
"Pāma","Pama","25.8122","86.8474","India","IN","IND","Bihār","","10622","1356228622"
"Crestwood","Crestwood","41.6454","-87.7397","United States","US","USA","Illinois","","10622","1840011267"
"Dinagat","Dinagat","9.9561","125.5933","Philippines","PH","PHL","Dinagat Islands","","10621","1608566761"
"Kralendijk","Kralendijk","12.1444","-68.2656","Bonaire, Sint Eustatius, and Saba","BQ","BES","Bonaire","admin","10620","1528693863"
"Snovsk","Snovsk","51.8203","31.9508","Ukraine","UA","UKR","Chernihivska Oblast","","10620","1804059681"
"Uzda","Uzda","53.4661","27.2244","Belarus","BY","BLR","Minskaya Voblasts’","minor","10619","1112634742"
"Jeseník","Jesenik","50.2297","17.2047","Czechia","CZ","CZE","Olomoucký Kraj","","10619","1203267061"
"Ruppichteroth","Ruppichteroth","50.8439","7.4836","Germany","DE","DEU","North Rhine-Westphalia","","10619","1276384709"
"Villa Jaragua","Villa Jaragua","18.4800","-71.5000","Dominican Republic","DO","DOM","Enriquillo","","10619","1214346241"
"Opatija","Opatija","45.3347","14.3069","Croatia","HR","HRV","Primorsko-Goranska Županija","minor","10619","1191982660"
"Groot-Brakrivier","Groot-Brakrivier","-34.0425","22.2314","South Africa","ZA","ZAF","Western Cape","","10619","1710820658"
"Shelton","Shelton","47.2186","-123.1121","United States","US","USA","Washington","","10619","1840021123"
"North Dumfries","North Dumfries","43.3200","-80.3800","Canada","CA","CAN","Ontario","","10619","1124000802"
"Altamirano","Altamirano","16.7361","-92.0389","Mexico","MX","MEX","Chiapas","minor","10618","1484175446"
"Yelm","Yelm","46.9398","-122.6262","United States","US","USA","Washington","","10618","1840021146"
"Longbenton","Longbenton","55.0000","-1.5700","United Kingdom","GB","GBR","Newcastle upon Tyne","","10617","1826725161"
"Néo Vouprásio","Neo Vouprasio","38.0333","21.3667","Greece","GR","GRC","Dytikí Elláda","","10617","1300787231"
"Nakayama","Nakayama","38.3331","140.2831","Japan","JP","JPN","Yamagata","","10617","1392891031"
"Waggaman","Waggaman","29.9373","-90.2354","United States","US","USA","Louisiana","","10617","1840013991"
"Kilibo","Kilibo","8.5717","2.6017","Benin","BJ","BEN","Collines","","10616","1204473850"
"Usuppūr","Usuppur","11.3815","79.6970","India","IN","IND","Tamil Nādu","","10616","1356241129"
"Tnine Sidi Lyamani","Tnine Sidi Lyamani","35.3700","-5.9700","Morocco","MA","MAR","Tanger-Tétouan-Al Hoceïma","","10616","1504028221"
"Bel Air","Bel Air","39.5348","-76.3460","United States","US","USA","Maryland","","10616","1840005668"
"Partāp Tānr","Partap Tanr","25.8897","85.2551","India","IN","IND","Bihār","","10615","1356462121"
"Kanur","Kanur","17.0318","75.7022","India","IN","IND","Karnātaka","","10615","1356124284"
"Mittahalli","Mittahalli","12.4210","78.1991","India","IN","IND","Tamil Nādu","","10615","1356680782"
"Hanson","Hanson","42.0558","-70.8723","United States","US","USA","Massachusetts","","10615","1840053679"
"Bouhmama","Bouhmama","35.2833","6.7333","Algeria","DZ","DZA","Khenchela","","10614","1012904876"
"Avigliano","Avigliano","40.7333","15.7167","Italy","IT","ITA","Basilicata","","10614","1380120301"
"Urcos","Urcos","-13.6861","-71.6228","Peru","PE","PER","Cusco","","10614","1604757460"
"Králŭv Dvŭr","Kraluv Dvur","49.9467","14.0350","Czechia","CZ","CZE","Středočeský Kraj","","10613","1203703070"
"Cadelbosco di Sopra","Cadelbosco di Sopra","44.7667","10.6000","Italy","IT","ITA","Emilia-Romagna","","10613","1380403982"
"Calçoene","Calcoene","2.4978","-50.9489","Brazil","BR","BRA","Amapá","minor","10612","1076001919"
"Plankstadt","Plankstadt","49.3933","8.5942","Germany","DE","DEU","Baden-Württemberg","","10611","1276993241"
"Jilava","Jilava","44.3328","26.0781","Romania","RO","ROU","Ilfov","","10611","1642206727"
"Ouédo-Aguéko","Ouedo-Agueko","6.4963","2.4268","Benin","BJ","BEN","Atlantique","","10610","1204089947"
"Antardipa","Antardipa","24.6442","87.9213","India","IN","IND","West Bengal","","10610","1356686856"
"Nanticoke","Nanticoke","41.2005","-76.0003","United States","US","USA","Pennsylvania","","10610","1840000761"
"Canápolis","Canapolis","-18.7250","-49.2039","Brazil","BR","BRA","Minas Gerais","minor","10608","1076393756"
"Ghattu","Ghattu","13.6602","78.3331","India","IN","IND","Andhra Pradesh","","10608","1356122664"
"Blandford Forum","Blandford Forum","50.8560","-2.1650","United Kingdom","GB","GBR","Dorset","","10607","1826579765"
"Felton","Felton","51.5100","-2.5740","United Kingdom","GB","GBR","North Somerset","","10607","1826498722"
"Sabnima","Sabnima","25.4583","85.5670","India","IN","IND","Bihār","","10607","1356509036"
"Munnūru","Munnuru","12.8283","74.8803","India","IN","IND","Karnātaka","","10607","1356076863"
"Khilok","Khilok","51.3500","110.4500","Russia","RU","RUS","Zabaykal’skiy Kray","","10607","1643397911"
"Höllviken","Hollviken","55.4167","12.9500","Sweden","SE","SWE","Skåne","","10607","1752012234"
"Pires Ferreira","Pires Ferreira","-4.2469","-40.6450","Brazil","BR","BRA","Ceará","minor","10606","1076964579"
"Barharia","Barharia","26.3191","84.4547","India","IN","IND","Bihār","","10606","1356090971"
"San Ignacio Cohuirimpo","San Ignacio Cohuirimpo","27.0500","-109.4167","Mexico","MX","MEX","Sonora","","10606","1484235510"
"Lunca Cetăţuii","Lunca Cetatuii","47.0931","27.5662","Romania","RO","ROU","Iaşi","","10606","1642797649"
"Lyakhavichy","Lyakhavichy","53.0333","26.2667","Belarus","BY","BLR","Brestskaya Voblasts’","minor","10605","1112145874"
"Aranda","Aranda","26.0850","84.3601","India","IN","IND","Bihār","","10604","1356705147"
"Massa Lombarda","Massa Lombarda","44.4500","11.8167","Italy","IT","ITA","Emilia-Romagna","","10604","1380884282"
"Mantasoa","Mantasoa","-19.0129","47.8342","Madagascar","MG","MDG","Antananarivo","","10604","1450107085"
"Küçükkuyu","Kucukkuyu","39.5500","26.6167","Turkey","TR","TUR","Çanakkale","minor","10604","1792964648"
"Garrucha","Garrucha","37.1842","-1.8214","Spain","ES","ESP","Andalusia","","10603","1724316794"
"Bajpe","Bajpe","12.9803","74.8832","India","IN","IND","Karnātaka","","10603","1356073378"
"Tubará","Tubara","10.8667","-74.9833","Colombia","CO","COL","Atlántico","minor","10602","1170951499"
"Bad Wildbad","Bad Wildbad","48.7503","8.5506","Germany","DE","DEU","Baden-Württemberg","","10601","1276260316"
"Khovaling","Khovaling","38.3386","69.9728","Tajikistan","TJ","TJK","Khatlon","minor","10601","1762402281"
"Urucânia","Urucania","-20.3508","-42.7389","Brazil","BR","BRA","Minas Gerais","minor","10600","1076102437"
"Killiney","Killiney","53.2651","-6.1137","Ireland","IE","IRL","Dún Laoghaire-Rathdown","","10600","1372843848"
"Khokri Kalān","Khokri Kalan","30.8456","75.3307","India","IN","IND","Punjab","","10600","1356060446"
"Küçük Dalyan","Kucuk Dalyan","36.2167","36.1667","Turkey","TR","TUR","Hatay","","10600","1792948340"
"Souanké","Souanke","2.0833","14.1333","Congo (Brazzaville)","CG","COG","Sangha","","10599","1178021228"
"Sokhodewara","Sokhodewara","24.8358","85.8725","India","IN","IND","Bihār","","10599","1356231172"
"East Bradford","East Bradford","39.9590","-75.6469","United States","US","USA","Pennsylvania","","10599","1840149882"
"Ain Legdah","Ain Legdah","34.1667","-4.5000","Morocco","MA","MAR","Fès-Meknès","","10598","1504429679"
"Acari","Acari","-6.4358","-36.6389","Brazil","BR","BRA","Rio Grande do Norte","minor","10597","1076782658"
"Itarana","Itarana","-19.8739","-40.8750","Brazil","BR","BRA","Espírito Santo","minor","10597","1076953622"
"Le Mars","Le Mars","42.7810","-96.1733","United States","US","USA","Iowa","","10597","1840008022"
"Dießen am Ammersee","Diessen am Ammersee","47.9500","11.1000","Germany","DE","DEU","Bavaria","","10596","1276330622"
"Mizerov","Mizerov","49.8603","18.5556","Czechia","CZ","CZE","Moravskoslezský Kraj","","10595","1203500747"
"Urrugne","Urrugne","43.3631","-1.6989","France","FR","FRA","Nouvelle-Aquitaine","","10594","1250756774"
"Akbarpur","Akbarpur","24.6351","83.9642","India","IN","IND","Jhārkhand","","10594","1356080609"
"İnebolu","Inebolu","41.9747","33.7608","Turkey","TR","TUR","Kastamonu","minor","10594","1792688271"
"Bonham","Bonham","33.5880","-96.1901","United States","US","USA","Texas","","10594","1840019332"
"Peschanokopskoye","Peschanokopskoye","46.1958","41.0778","Russia","RU","RUS","Rostovskaya Oblast’","minor","10593","1643956352"
"Shepton Mallet","Shepton Mallet","51.1930","-2.5460","United Kingdom","GB","GBR","Somerset","","10592","1826237809"
"La Maddalena","La Maddalena","41.2142","9.4083","Italy","IT","ITA","Sardegna","","10592","1380613741"
"Sleepy Hollow","Sleepy Hollow","41.0936","-73.8722","United States","US","USA","New York","","10592","1840004944"
"Lake Morton-Berrydale","Lake Morton-Berrydale","47.3325","-122.1032","United States","US","USA","Washington","","10591","1840074253"
"Monte Dourado","Monte Dourado","-0.8667","-52.5167","Brazil","BR","BRA","Pará","","10590","1076514172"
"Ghoswāri","Ghoswari","25.4687","85.4964","India","IN","IND","Bihār","","10590","1356568613"
"Miro Khan","Miro Khan","27.7597","68.0917","Pakistan","PK","PAK","Sindh","","10590","1586812945"
"Karpuzlu","Karpuzlu","37.5592","27.8344","Turkey","TR","TUR","Aydın","minor","10590","1792355296"
"Lymanka","Lymanka","46.3883","30.6808","Ukraine","UA","UKR","Odeska Oblast","","10590","1804461178"
"Ormesson-sur-Marne","Ormesson-sur-Marne","48.7858","2.5383","France","FR","FRA","Île-de-France","","10589","1250640842"
"Dasai","Dasai","22.7200","75.1321","India","IN","IND","Madhya Pradesh","","10589","1356793288"
"Kabira","Kabira","25.6897","86.4852","India","IN","IND","Bihār","","10589","1356141047"
"Kurhani","Kurhani","25.9803","85.3374","India","IN","IND","Bihār","","10589","1356384326"
"Ninheira","Ninheira","-15.3208","-41.7539","Brazil","BR","BRA","Minas Gerais","minor","10588","1076790896"
"Werlte","Werlte","52.8500","7.6833","Germany","DE","DEU","Lower Saxony","","10588","1276655654"
"Worcester","Worcester","40.1899","-75.3522","United States","US","USA","Pennsylvania","","10588","1840035368"
"Hondo Valle","Hondo Valle","18.7200","-71.7000","Dominican Republic","DO","DOM","El Valle","","10587","1214315752"
"Rānko","Ranko","25.5181","86.4899","India","IN","IND","Bihār","","10587","1356290069"
"Buşayrā","Busayra","30.7326","35.6094","Jordan","JO","JOR","Aţ Ţafīlah","minor","10587","1400361602"
"Hoogland","Hoogland","52.1872","5.3744","Netherlands","NL","NLD","Utrecht","","10587","1528669490"
"Böhl-Iggelheim","Bohl-Iggelheim","49.3833","8.3000","Germany","DE","DEU","Rhineland-Palatinate","","10586","1276858476"
"Murtosa","Murtosa","40.7369","-8.6386","Portugal","PT","PRT","Aveiro","minor","10585","1620337032"
"Ironton","Ironton","38.5323","-82.6779","United States","US","USA","Ohio","","10585","1840008607"
"Piratininga","Piratininga","-22.4128","-49.1350","Brazil","BR","BRA","São Paulo","minor","10584","1076861726"
"Iaciara","Iaciara","-14.0958","-46.6319","Brazil","BR","BRA","Goiás","minor","10584","1076012245"
"Machulishchy","Machulishchy","53.7814","27.5958","Belarus","BY","BLR","Minskaya Voblasts’","","10583","1112882458"
"Sárospatak","Sarospatak","48.3189","21.5661","Hungary","HU","HUN","Borsod-Abaúj-Zemplén","minor","10583","1348369624"
"Vellipālaiyam","Vellipalaiyam","11.3314","76.9813","India","IN","IND","Tamil Nādu","","10583","1356357021"
"North Lakes","North Lakes","61.6191","-149.3110","United States","US","USA","Alaska","","10583","1840152941"
"Le Pradet","Le Pradet","43.1064","6.0239","France","FR","FRA","Provence-Alpes-Côte d’Azur","","10582","1250619066"
"Maida Babhangāwān","Maida Babhangawan","25.4793","86.0669","India","IN","IND","Bihār","","10582","1356792222"
"Sonakhal","Sonakhal","22.2125","88.7133","India","IN","IND","West Bengal","","10582","1356587924"
"Alcora","Alcora","40.0667","-0.2000","Spain","ES","ESP","Valencia","","10581","1724288303"
"San Gaspar Ixchil","San Gaspar Ixchil","15.3833","-91.7167","Guatemala","GT","GTM","Huehuetenango","minor","10581","1320445115"
"Kombai","Kombai","10.6143","78.1212","India","IN","IND","Tamil Nādu","","10581","1356215587"
"Kartāl","Kartal","16.9859","78.5014","India","IN","IND","Andhra Pradesh","","10581","1356943531"
"Jablanica","Jablanica","43.6620","17.7618","Bosnia and Herzegovina","BA","BIH","Bosnia and Herzegovina, Federation of","minor","10580","1070524039"
"Croissy-sur-Seine","Croissy-sur-Seine","48.8783","2.1433","France","FR","FRA","Île-de-France","","10580","1250762354"
"Songo","Songo","-7.3496","14.8500","Angola","AO","AGO","Uíge","","10579","1024923411"
"Chorrochó","Chorrocho","-8.9800","-39.0939","Brazil","BR","BRA","Bahia","minor","10579","1076318650"
"Jaguari","Jaguari","-29.4969","-54.6900","Brazil","BR","BRA","Rio Grande do Sul","minor","10579","1076183625"
"Yacuanquer","Yacuanquer","1.1167","-77.4000","Colombia","CO","COL","Nariño","minor","10579","1170229796"
"São João de Ver","Sao Joao de Ver","40.9536","-8.5508","Portugal","PT","PRT","Aveiro","","10579","1620357395"
"Kimpese","Kimpese","-5.5631","14.4458","Congo (Kinshasa)","CD","COD","Kongo Central","","10578","1180273961"
"Trofarello","Trofarello","44.9771","7.7438","Italy","IT","ITA","Piedmont","","10578","1380590020"
"Tenango del Aire","Tenango del Aire","19.1575","-98.8581","Mexico","MX","MEX","México","minor","10578","1484285163"
"Grijó","Grijo","41.0306","-8.5815","Portugal","PT","PRT","Porto","","10578","1620560003"
"Abergele","Abergele","53.2800","-3.5800","United Kingdom","GB","GBR","Conwy","","10577","1826468444"
"Sirūr Tājband","Sirur Tajband","18.7000","76.9333","India","IN","IND","Mahārāshtra","","10577","1356186392"
"Pasil","Pasil","17.3894","121.1597","Philippines","PH","PHL","Kalinga","","10577","1608891863"
"Lejanías","Lejanias","3.5268","-74.0232","Colombia","CO","COL","Meta","minor","10576","1170478276"
"Acate","Acate","37.0253","14.4925","Italy","IT","ITA","Sicilia","","10576","1380824734"
"Nakagawa","Nakagawa","33.9511","134.6622","Japan","JP","JPN","Tokushima","","10576","1392003509"
"Pingree Grove","Pingree Grove","42.0855","-88.4358","United States","US","USA","Illinois","","10576","1840011352"
"Vienna","Vienna","39.3240","-81.5383","United States","US","USA","West Virginia","","10575","1840005787"
"Bad Iburg","Bad Iburg","52.1592","8.0472","Germany","DE","DEU","Lower Saxony","","10574","1276794541"
"Rocafuerte","Rocafuerte","-0.9236","-80.4495","Ecuador","EC","ECU","Manabí","minor","10574","1218553035"
"Raghunāthpur","Raghunathpur","26.6418","84.8938","India","IN","IND","Bihār","","10574","1356480521"
"Bodippatti","Bodippatti","10.5642","77.2336","India","IN","IND","Tamil Nādu","","10574","1356170909"
"Paricônia","Pariconia","-9.2539","-38.0058","Brazil","BR","BRA","Alagoas","minor","10573","1076791574"
"’Aïn Fekan","'Ain Fekan","35.2250","-0.0017","Algeria","DZ","DZA","Mascara","","10573","1012085133"
"Zapotitlán","Zapotitlan","14.1333","-89.8333","Guatemala","GT","GTM","Jutiapa","minor","10573","1320939109"
"Lagoa do Mato","Lagoa do Mato","-6.0469","-43.5258","Brazil","BR","BRA","Maranhão","minor","10572","1076574192"
"Reiskirchen","Reiskirchen","50.6000","8.8333","Germany","DE","DEU","Hesse","","10572","1276387894"
"Kiełczów","Kielczow","51.1406","17.1783","Poland","PL","POL","Dolnośląskie","","10572","1616463576"
"Kolárovo","Kolarovo","47.9153","17.9972","Slovakia","SK","SVK","Nitra","","10572","1703541383"
"Weingarten","Weingarten","49.0514","8.5306","Germany","DE","DEU","Baden-Württemberg","","10571","1276014784"
"Sawādah","Sawadah","28.0775","30.7953","Egypt","EG","EGY","Al Minyā","","10571","1818472639"
"Igny","Igny","48.7421","2.2261","France","FR","FRA","Île-de-France","","10571","1250423219"
"Shāmpur","Shampur","23.4180","77.0867","India","IN","IND","Madhya Pradesh","","10571","1356540723"
"Tekkāttūr","Tekkattur","10.2997","78.7884","India","IN","IND","Tamil Nādu","","10571","1356233814"
"Jurbarkas","Jurbarkas","55.0833","22.7667","Lithuania","LT","LTU","Jurbarkas","admin","10571","1440845969"
"Fairview","Fairview","33.1399","-96.6117","United States","US","USA","Texas","","10570","1840022021"
"Mulungu","Mulungu","-4.3058","-38.9958","Brazil","BR","BRA","Ceará","minor","10569","1076343616"
"Pôrto Firme","Porto Firme","-20.6728","-43.0839","Brazil","BR","BRA","Minas Gerais","minor","10569","1076023873"
"Lenzburg","Lenzburg","47.3875","8.1803","Switzerland","CH","CHE","Aargau","","10569","1756304845"
"Gajiginhālu","Gajiginhalu","15.6969","76.6647","India","IN","IND","Karnātaka","","10568","1356818124"
"Nevelsk","Nevelsk","46.6833","141.8667","Russia","RU","RUS","Sakhalinskaya Oblast’","minor","10568","1643719954"
"Monroe","Monroe","42.6030","-89.6381","United States","US","USA","Wisconsin","","10568","1840002464"
"Daşkəsən","Daskasan","40.5209","46.0814","Azerbaijan","AZ","AZE","Daşkəsən","admin","10566","1031479797"
"Catanduvas","Catanduvas","-27.0708","-51.6619","Brazil","BR","BRA","Santa Catarina","minor","10566","1076593724"
"Tarazona de Aragón","Tarazona de Aragon","41.9044","-1.7242","Spain","ES","ESP","Aragon","","10565","1724796233"
"Kasavanampatti","Kasavanampatti","10.3692","77.8699","India","IN","IND","Tamil Nādu","","10565","1356250210"
"Monsenhor Gil","Monsenhor Gil","-5.5642","-42.6078","Brazil","BR","BRA","Piauí","minor","10564","1076756343"
"Vouzela","Vouzela","40.7231","-8.1122","Portugal","PT","PRT","Viseu","minor","10564","1620776313"
"Pūliguntā","Puligunta","12.4395","78.3625","India","IN","IND","Tamil Nādu","","10563","1356483360"
"Ivankiv","Ivankiv","50.9328","29.9047","Ukraine","UA","UKR","Kyivska Oblast","","10563","1804378280"
"Acushnet","Acushnet","41.7138","-70.9012","United States","US","USA","Massachusetts","","10563","1840131572"
"Corumbá de Goiás","Corumba de Goias","-15.9239","-48.8089","Brazil","BR","BRA","Goiás","minor","10562","1076265793"
"Teddington","Teddington","51.4240","-0.3320","United Kingdom","GB","GBR","Richmond upon Thames","","10562","1826122201"
"Bellefontaine Neighbors","Bellefontaine Neighbors","38.7529","-90.2280","United States","US","USA","Missouri","","10562","1840007449"
"Bangshang","Bangshang","32.2575","108.1119","China","CN","CHN","Sichuan","","10561","1156017438"
"Flers-lez-Lille","Flers-lez-Lille","50.6333","3.1333","France","FR","FRA","Hauts-de-France","","10561","1250716072"
"Trabia","Trabia","38.0000","13.6500","Italy","IT","ITA","Sicilia","","10561","1380880595"
"Flămânzi","Flamanzi","47.5500","26.8667","Romania","RO","ROU","Botoşani","","10561","1642974440"
"Ban Ko","Ban Ko","13.6405","100.0400","Thailand","TH","THA","Ratchaburi","","10561","1764504275"
"Koppāka","Koppaka","16.7494","81.0311","India","IN","IND","Andhra Pradesh","","10560","1356362428"
"Ambohitromby","Ambohitromby","-18.4333","47.1500","Madagascar","MG","MDG","Antananarivo","","10560","1450098921"
"Ambolotarakely","Ambolotarakely","-18.2684","47.4147","Madagascar","MG","MDG","Antananarivo","","10560","1450049599"
"Ascope","Ascope","-7.7138","-79.1077","Peru","PE","PER","La Libertad","","10560","1604239326"
"Las Matas de Santa Cruz","Las Matas de Santa Cruz","19.6700","-71.5000","Dominican Republic","DO","DOM","Cibao Noroeste","","10559","1214200513"
"Longuenesse","Longuenesse","50.7364","2.2383","France","FR","FRA","Hauts-de-France","","10559","1250237552"
"Al Fayd","Al Fayd","30.6167","-8.2167","Morocco","MA","MAR","Souss-Massa","","10559","1504770478"
"Kiến Giang","Kien Giang","17.2250","106.7917","Vietnam","VN","VNM","Quảng Bình","minor","10558","1704732074"
"Palatka","Palatka","29.6493","-81.6705","United States","US","USA","Florida","","10558","1840015062"
"Kamikawa","Kamikawa","35.0667","134.7333","Japan","JP","JPN","Hyōgo","","10557","1392003365"
"Kanagichō","Kanagicho","40.9026","140.4620","Japan","JP","JPN","Aomori","","10557","1392085377"
"Puente de Piedra","Puente de Piedra","10.0298","-84.3332","Costa Rica","CR","CRI","Alajuela","","10556","1188813185"
"Pachauth","Pachauth","25.5760","86.8083","India","IN","IND","Bihār","","10556","1356289943"
"Maryville","Maryville","40.3428","-94.8702","United States","US","USA","Missouri","","10556","1840008349"
"Cachoeira de Minas","Cachoeira de Minas","-22.3550","-45.7789","Brazil","BR","BRA","Minas Gerais","minor","10555","1076635151"
"Sawla","Sawla","9.2729","-2.4143","Ghana","GH","GHA","Savannah","","10555","1288207822"
"Chitagá","Chitaga","7.1333","-72.6667","Colombia","CO","COL","Norte de Santander","minor","10554","1170356842"
"Lohārda","Loharda","22.5918","76.5957","India","IN","IND","Madhya Pradesh","","10554","1356742603"
"Darauli","Darauli","26.0781","84.1314","India","IN","IND","Bihār","","10554","1356110694"
"Kuiyibagecun","Kuiyibagecun","38.1023","77.1539","China","CN","CHN","Xinjiang","","10553","1156342065"
"Nave","Nave","45.5850","10.2833","Italy","IT","ITA","Lombardy","","10552","1380456768"
"Fenglin","Fenglin","23.7500","121.4333","Taiwan","TW","TWN","Hualien","","10552","1158018865"
"Smithville","Smithville","39.3919","-94.5747","United States","US","USA","Missouri","","10552","1840009605"
"Muurame","Muurame","62.1333","25.6750","Finland","FI","FIN","Keski-Suomi","minor","10551","1246611594"
"Don Galo","Don Galo","14.5072","120.9844","Philippines","PH","PHL","Parañaque","","10550","1608536522"
"Bellmead","Bellmead","31.6026","-97.0897","United States","US","USA","Texas","","10550","1840019531"
"Santa Margarita de Mombúy","Santa Margarita de Mombuy","41.5756","1.6092","Spain","ES","ESP","Catalonia","","10549","1724000140"
"Martensville","Martensville","52.2897","-106.6667","Canada","CA","CAN","Saskatchewan","","10549","1124000654"
"Sihma","Sihma","25.6992","86.2446","India","IN","IND","Bihār","","10548","1356242123"
"‘Utaybah","`Utaybah","33.4851","36.6086","Syria","SY","SYR","Rīf Dimashq","","10548","1760277356"
"Linluo","Linluo","22.6506","120.5271","Taiwan","TW","TWN","Pingtung","","10548","1158226688"
"Paddhari","Paddhari","22.4300","70.6000","India","IN","IND","Gujarāt","","10547","1356430993"
"Usmate Velate","Usmate Velate","45.6500","9.3500","Italy","IT","ITA","Lombardy","","10547","1380244054"
"Máncora","Mancora","-4.1056","-81.0472","Peru","PE","PER","Piura","","10547","1604011559"
"Ada","Ada","45.8000","20.1333","Serbia","RS","SRB","Ada","admin","10547","1688687750"
"Niel","Niel","51.1167","4.3333","Belgium","BE","BEL","Flanders","","10546","1056834573"
"São José do Calçado","Sao Jose do Calcado","-21.0253","-41.6544","Brazil","BR","BRA","Espírito Santo","minor","10546","1076530906"
"Mathila","Mathila","25.4715","84.1438","India","IN","IND","Bihār","","10546","1356232165"
"Little Canada","Little Canada","45.0244","-93.0863","United States","US","USA","Minnesota","","10546","1840008936"
"Chervyen","Chervyen","53.7078","28.4322","Belarus","BY","BLR","Minskaya Voblasts’","minor","10545","1112715216"
"Sabaneta de Yásica","Sabaneta de Yasica","19.6667","-70.3833","Dominican Republic","DO","DOM","Cibao Norte","","10545","1214622077"
"Tarabha","Tarabha","20.7325","83.6744","India","IN","IND","Odisha","","10545","1356827749"
"Heath","Heath","40.0241","-82.4413","United States","US","USA","Ohio","","10545","1840001418"
"Linthicum","Linthicum","39.2088","-76.6626","United States","US","USA","Maryland","","10545","1840005921"
"Aerzen","Aerzen","52.0494","9.2653","Germany","DE","DEU","Lower Saxony","","10544","1276826554"
"Phaphot","Phaphot","25.6817","86.0069","India","IN","IND","Bihār","","10544","1356575739"
"Kulriān","Kulrian","29.7994","75.6827","India","IN","IND","Punjab","","10544","1356058460"
"Sečanj","Secanj","45.3667","20.7725","Serbia","RS","SRB","Sečanj","admin","10544","1688905613"
"Scotchtown","Scotchtown","41.4765","-74.3668","United States","US","USA","New York","","10544","1840004862"
"Yoko","Yoko","6.7000","2.6167","Benin","BJ","BEN","Plateau","","10543","1204983391"
"Bir Ben Laabed","Bir Ben Laabed","36.2175","3.4267","Algeria","DZ","DZA","Médéa","","10543","1012633395"
"Paranã","Parana","-12.6150","-47.8828","Brazil","BR","BRA","Tocantins","minor","10542","1076862389"
"Sambalhera","Sambalhera","29.3250","77.9194","India","IN","IND","Uttar Pradesh","","10542","1356657144"
"Hrebinka","Hrebinka","50.1167","32.4167","Ukraine","UA","UKR","Poltavska Oblast","","10541","1804281882"
"Bobrovytsia","Bobrovytsia","50.7450","31.3869","Ukraine","UA","UKR","Chernihivska Oblast","","10541","1804897269"
"Bischofshofen","Bischofshofen","47.4172","13.2194","Austria","AT","AUT","Salzburg","","10540","1040799035"
"Lasht-e Neshā","Lasht-e Nesha","37.3608","49.8611","Iran","IR","IRN","Gīlān","","10539","1364211135"
"Bluffton","Bluffton","40.7424","-85.1730","United States","US","USA","Indiana","","10539","1840007178"
"Bogalusa","Bogalusa","30.7812","-89.8633","United States","US","USA","Louisiana","","10539","1840013905"
"Torpa","Torpa","22.9361","85.0889","India","IN","IND","Jhārkhand","","10538","1356194333"
"Madathapatti","Madathapatti","9.1321","77.4245","India","IN","IND","Tamil Nādu","","10538","1356204860"
"Marotaolana","Marotaolana","-14.0256","48.6143","Madagascar","MG","MDG","Antsiranana","","10538","1450914081"
"Chota Mollakhāli","Chota Mollakhali","22.2222","88.8956","India","IN","IND","West Bengal","","10537","1356435959"
"Jhonkar","Jhonkar","23.2361","76.1814","India","IN","IND","Madhya Pradesh","","10537","1356014159"
"Arāvelli","Aravelli","18.7190","79.0262","India","IN","IND","Andhra Pradesh","","10537","1356892681"
"Montalegre","Montalegre","41.8239","-7.7900","Portugal","PT","PRT","Vila Real","minor","10537","1620504484"
"Dospat","Dospat","41.6436","24.1597","Bulgaria","BG","BGR","Smolyan","minor","10536","1100747470"
"Pallattūr","Pallattur","10.1461","78.8031","India","IN","IND","Tamil Nādu","","10536","1356048519"
"Antenetibe","Antenetibe","-18.7480","47.3261","Madagascar","MG","MDG","Antananarivo","","10536","1450141547"
"Torotoro","Torotoro","-18.1342","-65.7633","Bolivia","BO","BOL","Potosí","","10535","1068711275"
"Mario Campos","Mario Campos","-20.0558","-44.1878","Brazil","BR","BRA","Minas Gerais","minor","10535","1076413887"
"Southwick","Southwick","54.9193","-1.4062","United Kingdom","GB","GBR","Sunderland","","10535","1826865049"
"Maevka","Maevka","42.9093","74.5685","Kyrgyzstan","KG","KGZ","Chüy","","10535","1417086380"
"San Juanito","San Juanito","27.9700","-107.6003","Mexico","MX","MEX","Chihuahua","","10535","1484053518"
"Novotroitske","Novotroitske","46.3500","34.3333","Ukraine","UA","UKR","Khersonska Oblast","minor","10535","1804849889"
"Nordkirchen","Nordkirchen","51.7381","7.5256","Germany","DE","DEU","North Rhine-Westphalia","","10534","1276717351"
"Nāgambhotlapālem","Nagambhotlapalem","15.6804","79.8151","India","IN","IND","Andhra Pradesh","","10534","1356817715"
"Mfou","Mfou","3.9600","11.9300","Cameroon","CM","CMR","Centre","","10533","1120739101"
"San Isidro","San Isidro","13.8333","-88.7167","El Salvador","SV","SLV","Cabañas","","10533","1222909043"
"Kākhandiki","Kakhandiki","16.6010","75.6405","India","IN","IND","Karnātaka","","10532","1356529394"
"Weinböhla","Weinbohla","51.1667","13.5667","Germany","DE","DEU","Saxony","","10530","1276478682"
"Saint-Gély-du-Fesc","Saint-Gely-du-Fesc","43.6931","3.8067","France","FR","FRA","Occitanie","","10530","1250953025"
"Tāmarankottai","Tamarankottai","10.4300","79.3200","India","IN","IND","Tamil Nādu","","10530","1356201199"
"Novaya Lyalya","Novaya Lyalya","59.0667","60.6000","Russia","RU","RUS","Sverdlovskaya Oblast’","minor","10530","1643222721"
"Rhar el Melah","Rhar el Melah","37.1667","10.1833","Tunisia","TN","TUN","Bizerte","","10530","1788960922"
"Rabta","Rabta","35.9167","4.7500","Algeria","DZ","DZA","Bordj Bou Arréridj","","10529","1012551561"
"Garag","Garag","15.5750","74.9297","India","IN","IND","Karnātaka","","10528","1356496793"
"Galena Park","Galena Park","29.7452","-95.2333","United States","US","USA","Texas","","10527","1840020922"
"Mapleton","Mapleton","43.7358","-80.6681","Canada","CA","CAN","Ontario","","10527.00","1124000835"
"Cotacachi","Cotacachi","0.3000","-78.2667","Ecuador","EC","ECU","Imbabura","minor","10526","1218941888"
"Floresta Azul","Floresta Azul","-14.8600","-39.6600","Brazil","BR","BRA","Bahia","minor","10525","1076945330"
"Héricourt","Hericourt","47.5783","6.7622","France","FR","FRA","Bourgogne-Franche-Comté","","10525","1250957628"
"Skilloúnta","Skillounta","37.6061","21.6870","Greece","GR","GRC","Dytikí Elláda","","10525","1300958571"
"Delhi","Delhi","37.4306","-120.7759","United States","US","USA","California","","10525","1840018930"
"Dhilwan","Dhilwan","31.5143","75.3457","India","IN","IND","Punjab","","10524","1356478718"
"New Albany","New Albany","40.0809","-82.7848","United States","US","USA","Ohio","","10524","1840012407"
"Tulshia","Tulshia","26.3468","87.8411","India","IN","IND","Bihār","","10523","1356495785"
"Karukkalvādi","Karukkalvadi","11.6714","78.0126","India","IN","IND","Tamil Nādu","","10523","1356228001"
"Wanderlândia","Wanderlandia","-6.8489","-47.9628","Brazil","BR","BRA","Tocantins","minor","10522","1076857031"
"La Virgen","La Virgen","10.4312","-84.0772","Costa Rica","CR","CRI","Heredia","","10521","1188953313"
"Simbach am Inn","Simbach am Inn","48.2667","13.0167","Germany","DE","DEU","Bavaria","","10521","1276572176"
"Fairmount","Fairmount","39.7931","-105.1711","United States","US","USA","Colorado","","10521","1840038703"
"Frontera","Frontera","-31.4278","-62.0619","Argentina","AR","ARG","Córdoba","","10520","1032791892"
"Benedito Novo","Benedito Novo","-26.7828","-49.3639","Brazil","BR","BRA","Santa Catarina","minor","10520","1076784672"
"Recreio","Recreio","-21.5250","-42.4692","Brazil","BR","BRA","Minas Gerais","minor","10520","1076403052"
"Flawil","Flawil","47.4053","9.1977","Switzerland","CH","CHE","Sankt Gallen","","10520","1756417053"
"Sahuria","Sahuria","25.8197","86.6132","India","IN","IND","Bihār","","10519","1356521484"
"Nāhargarh","Nahargarh","24.1692","75.2342","India","IN","IND","Madhya Pradesh","","10519","1356047975"
"Buttar Khurd","Buttar Khurd","30.7250","75.2750","India","IN","IND","Punjab","","10519","1356895341"
"Montale","Montale","43.9333","11.0167","Italy","IT","ITA","Tuscany","","10519","1380772390"
"Rasebetsane","Rasebetsane","-29.8992","27.6628","Lesotho","LS","LSO","Mafeteng","","10519","1426189375"
"Parczew","Parczew","51.6333","22.8667","Poland","PL","POL","Lubelskie","minor","10519","1616266918"
"Cedro","Cedro","-7.7219","-39.2389","Brazil","BR","BRA","Pernambuco","minor","10518","1076317515"
"Xambioá","Xambioa","-6.4108","-48.5358","Brazil","BR","BRA","Tocantins","","10517","1076712619"
"Paittūr","Paittur","11.5356","78.5749","India","IN","IND","Tamil Nādu","","10517","1356244960"
"Standish","Standish","43.7811","-70.5684","United States","US","USA","Maine","","10517","1840053009"
"Raceland","Raceland","29.7282","-90.6362","United States","US","USA","Louisiana","","10517","1840014027"
"Tangerhütte","Tangerhutte","52.4333","11.8000","Germany","DE","DEU","Saxony-Anhalt","","10516","1276201487"
"Simpelveld","Simpelveld","50.8339","5.9814","Netherlands","NL","NLD","Limburg","minor","10516","1528926079"
"Gölyaka","Golyaka","40.7769","30.9958","Turkey","TR","TUR","Düzce","minor","10516","1792000868"
"Malibu","Malibu","34.0370","-118.7839","United States","US","USA","California","","10516","1840028310"
"Pierre-Bénite","Pierre-Benite","45.7044","4.8250","France","FR","FRA","Auvergne-Rhône-Alpes","","10515","1250048167"
"Herīs","Heris","38.2475","47.1164","Iran","IR","IRN","Āz̄arbāyjān-e Sharqī","minor","10515","1364732749"
"Naganuma","Naganuma","43.0167","141.7000","Japan","JP","JPN","Hokkaidō","","10515","1392210651"
"Riverdale","Riverdale","41.6441","-87.6366","United States","US","USA","Illinois","","10515","1840011286"
"Saidia","Saidia","35.0850","-2.2392","Morocco","MA","MAR","Oriental","","10514","1504105811"
"Perūr","Perur","10.9752","76.9129","India","IN","IND","Tamil Nādu","","10513","1356425025"
"Itzer","Itzer","32.8833","-5.0500","Morocco","MA","MAR","Drâa-Tafilalet","","10513","1504216124"
"Shumanay","Shumanay","42.6333","58.9167","Uzbekistan","UZ","UZB","Qoraqalpog‘iston","","10513","1860689478"
"Vargem","Vargem","-22.8889","-46.4139","Brazil","BR","BRA","São Paulo","minor","10512","1076267922"
"Čáslav","Caslav","49.9117","15.3950","Czechia","CZ","CZE","Středočeský Kraj","","10512","1203177244"
"Boudouaou el Bahri","Boudouaou el Bahri","36.7733","3.3872","Algeria","DZ","DZA","Boumerdes","","10512","1012344835"
"Neuhausen am Rheinfall","Neuhausen am Rheinfall","47.6831","8.6167","Switzerland","CH","CHE","Schaffhausen","","10510","1756815481"
"Obuse","Obuse","36.6975","138.3121","Japan","JP","JPN","Nagano","","10510","1392708424"
"Al Karak","Al Karak","32.6856","36.3492","Syria","SY","SYR","Dar‘ā","","10510","1760662901"
"Lollar","Lollar","50.6497","8.7044","Germany","DE","DEU","Hesse","","10509","1276402462"
"Steinfeld","Steinfeld","52.6000","8.2167","Germany","DE","DEU","Lower Saxony","","10509","1276800312"
"Bagrīnagar","Bagrinagar","25.9000","73.8000","India","IN","IND","Rājasthān","","10509","1356889099"
"Okinawa Número Uno","Okinawa Numero Uno","-17.2189","-62.8953","Bolivia","BO","BOL","Santa Cruz","","10508","1068886475"
"Kaufering","Kaufering","48.0833","10.8833","Germany","DE","DEU","Bavaria","","10508","1276831409"
"Monmouth","Monmouth","51.8100","-2.7200","United Kingdom","GB","GBR","Monmouthshire","","10508","1826379429"
"Nallippālaiyam","Nallippalaiyam","11.2388","78.1495","India","IN","IND","Tamil Nādu","","10508","1356251491"
"Santiago Chimaltenango","Santiago Chimaltenango","15.4814","-91.7261","Guatemala","GT","GTM","Huehuetenango","minor","10507","1320827981"
"Surinam","Surinam","-20.5139","57.5111","Mauritius","MU","MUS","Savanne","","10507","1480977904"
"Beverly Hills","Beverly Hills","42.5220","-83.2423","United States","US","USA","Michigan","","10507","1840011052"
"San Josecito","San Josecito","9.8885","-84.1055","Costa Rica","CR","CRI","San José","","10506","1188452639"
"Murata","Murata","38.1185","140.7224","Japan","JP","JPN","Miyagi","","10506","1392652565"
"Plymouth","Plymouth","41.3483","-86.3187","United States","US","USA","Indiana","","10506","1840014170"
"Morsand","Morsand","25.9335","85.6980","India","IN","IND","Bihār","","10505","1356981678"
"Imst","Imst","47.2394","10.7381","Austria","AT","AUT","Tirol","minor","10504","1040504243"
"Heule","Heule","50.8333","3.2333","Belgium","BE","BEL","Flanders","","10503","1056934684"
"Ertvelde","Ertvelde","51.1783","3.7447","Belgium","BE","BEL","Flanders","","10503","1056825602"
"Cristino Castro","Cristino Castro","-8.8178","-44.2239","Brazil","BR","BRA","Piauí","minor","10503","1076946451"
"Andonabe Atsimo","Andonabe Atsimo","-19.9240","48.1971","Madagascar","MG","MDG","Toamasina","","10503","1450506198"
"Yuzhno-Sukhokumsk","Yuzhno-Sukhokumsk","44.6667","45.6500","Russia","RU","RUS","Dagestan","","10503","1643359037"
"Čelić","Celic","44.7211","18.8203","Bosnia and Herzegovina","BA","BIH","Bosnia and Herzegovina, Federation of","minor","10502","1070994771"
"Agramonte","Agramonte","22.6768","-81.1161","Cuba","CU","CUB","Matanzas","","10502","1192726778"
"Marcali","Marcali","46.5831","17.4064","Hungary","HU","HUN","Somogy","minor","10502","1348924700"
"Riesi","Riesi","37.2833","14.0833","Italy","IT","ITA","Sicilia","","10502","1380200114"
"Tierra Colorada","Tierra Colorada","17.1656","-99.5264","Mexico","MX","MEX","Guerrero","minor","10502","1484516715"
"Aleksandrovsk","Aleksandrovsk","59.1667","57.6000","Russia","RU","RUS","Permskiy Kray","minor","10502","1643050793"
"Excelsior Springs","Excelsior Springs","39.3390","-94.2400","United States","US","USA","Missouri","","10502","1840008495"
"Jiménez","Jimenez","10.1797","-83.7382","Costa Rica","CR","CRI","Limón","","10501","1188944993"
"Bibala","Bibala","-14.7667","13.3500","Angola","AO","AGO","Namibe","","10500","1024136533"
"Court-Saint-Étienne","Court-Saint-Etienne","50.6333","4.5667","Belgium","BE","BEL","Wallonia","","10500","1056682611"
"Poção","Pocao","-8.1858","-36.7050","Brazil","BR","BRA","Pernambuco","minor","10500","1076278807"
"Angostura","Angostura","6.8667","-75.3333","Colombia","CO","COL","Antioquia","minor","10500","1170569077"
"Vembūr","Vembur","10.5893","78.0709","India","IN","IND","Tamil Nādu","","10500","1356220021"
"Balwa","Balwa","29.4060","77.3080","India","IN","IND","Uttar Pradesh","","10500","1356434126"
"Sāmākhiāli","Samakhiali","23.3333","70.5833","India","IN","IND","Gujarāt","","10500","1356853399"
"Yedappalli","Yedappalli","11.3792","76.8108","India","IN","IND","Tamil Nādu","","10500","1356071212"
"Kamifurano","Kamifurano","43.4500","142.4667","Japan","JP","JPN","Hokkaidō","","10500","1392709435"
"San Ricardo","San Ricardo","9.9200","125.2800","Philippines","PH","PHL","Southern Leyte","","10500","1608184956"
"Ban Thung Khao Phuang","Ban Thung Khao Phuang","19.5483","98.9538","Thailand","TH","THA","Chiang Mai","","10500","1764832106"
"Usmat Shaharchasi","Usmat Shaharchasi","39.7386","67.6433","Uzbekistan","UZ","UZB","Jizzax","minor","10500","1860775970"
"Dehqonobod","Dehqonobod","40.5314","69.0342","Uzbekistan","UZ","UZB","Sirdaryo","","10500","1860018395"
"Nuriston","Nuriston","38.4892","65.6464","Uzbekistan","UZ","UZB","Qashqadaryo","","10500","1860752520"
"Keila","Keila","59.3086","24.4225","Estonia","EE","EST","Keila","minor","10499","1233230839"
"Rājāpur","Rajapur","16.6700","73.5200","India","IN","IND","Uttar Pradesh","","10499","1356587695"
"Rājāpur","Rajapur","16.6568","73.5170","India","IN","IND","Mahārāshtra","","10499","1356621852"
"Paina","Paina","26.2513","83.7812","India","IN","IND","Uttar Pradesh","","10499","1356457890"
"Rio do Pires","Rio do Pires","-13.1278","-42.2919","Brazil","BR","BRA","Bahia","minor","10497","1076703225"
"Candelaria Loxicha","Candelaria Loxicha","15.9167","-96.4833","Mexico","MX","MEX","Oaxaca","minor","10497","1484628588"
"Sadon","Sadon","25.3927","97.8996","Burma","MM","MMR","Kachin State","","10496","1104149165"
"Buriti Alegre","Buriti Alegre","-18.1439","-49.0439","Brazil","BR","BRA","Goiás","minor","10495","1076584363"
"Kibichūō","Kibichuo","34.8633","133.6936","Japan","JP","JPN","Okayama","","10495","1392003132"
"Delta","Delta","-19.9769","-47.7708","Brazil","BR","BRA","Minas Gerais","minor","10494","1076003127"
"Bhopālia","Bhopalia","22.2791","73.7104","India","IN","IND","Madhya Pradesh","","10494","1356077600"
"Naini","Naini","25.8320","84.7179","India","IN","IND","Bihār","","10494","1356070790"
"Adalpur","Adalpur","26.1910","86.0239","India","IN","IND","Bihār","","10494","1356338843"
"Litomyšl","Litomysl","49.8719","16.3106","Czechia","CZ","CZE","Pardubický Kraj","","10493","1203430500"
"Devanakonda","Devanakonda","15.5333","77.5500","India","IN","IND","Andhra Pradesh","","10493","1356362163"
"Laqraqra","Laqraqra","32.4333","-7.4333","Morocco","MA","MAR","Marrakech-Safi","","10493","1504203728"
"La Chapelle-Saint-Mesmin","La Chapelle-Saint-Mesmin","47.8906","1.8408","France","FR","FRA","Centre-Val de Loire","","10492","1250533269"
"Cullompton","Cullompton","50.8550","-3.3930","United Kingdom","GB","GBR","Devon","","10492","1826414120"
"Krishnamsettipalle","Krishnamsettipalle","15.3695","78.8840","India","IN","IND","Andhra Pradesh","","10492","1356808069"
"Nowe Miasto Lubawskie","Nowe Miasto Lubawskie","53.4256","19.5878","Poland","PL","POL","Warmińsko-Mazurskie","minor","10492","1616871039"
"Griñón","Grinon","40.2167","-3.8500","Spain","ES","ESP","Madrid","","10491","1724085854"
"Gudlavalleru","Gudlavalleru","16.3500","81.0500","India","IN","IND","Andhra Pradesh","","10491","1356111288"
"Hōki","Hoki","35.3856","133.4072","Japan","JP","JPN","Tottori","","10491","1392003272"
"Forest Acres","Forest Acres","34.0323","-80.9716","United States","US","USA","South Carolina","","10491","1840013653"
"Soledar","Soledar","48.6953","38.0675","Ukraine","UA","UKR","Donetska Oblast","","10490","1804267090"
"Reading","Reading","39.2242","-84.4333","United States","US","USA","Ohio","","10490","1840001611"
"Regidor","Regidor","8.6667","-73.8333","Colombia","CO","COL","Bolívar","minor","10489","1170335895"
"Likiškiai","Likiskiai","54.4000","23.9810","Lithuania","LT","LTU","Alytus","","10489","1440824158"
"Ontario","Ontario","43.2408","-77.3140","United States","US","USA","New York","","10489","1840058362"
"Chencha","Chencha","6.2500","37.5667","Ethiopia","ET","ETH","YeDebub Bihēroch Bihēreseboch na Hizboch","","10488","1231948389"
"Tárnok","Tarnok","47.3597","18.8586","Hungary","HU","HUN","Pest","","10488","1348320388"
"Duraiswāmipuram","Duraiswamipuram","9.0661","77.4517","India","IN","IND","Tamil Nādu","","10488","1356212943"
"Begampur","Begampur","22.7368","88.2518","India","IN","IND","West Bengal","","10487","1356059388"
"Ingeniero White","Ingeniero White","-38.7667","-62.2667","Argentina","AR","ARG","Buenos Aires","","10486","1032437098"
"Rājpur Kalān","Rajpur Kalan","25.6792","84.1259","India","IN","IND","Bihār","","10486","1356756195"
