"Castelginest","Castelginest","43.6947","1.4336","France","FR","FRA","Occitanie","","11033","1250055280"
"Kenduadīh","Kenduadih","23.7757","86.3761","India","IN","IND","Jhārkhand","","11033","1356281373"
"Murgod","Murgod","15.7800","75.1200","India","IN","IND","Karnātaka","","11033","1356881678"
"Lorch","Lorch","48.7983","9.6883","Germany","DE","DEU","Baden-Württemberg","","11032","1276178171"
"Tonse West","Tonse West","13.3968","74.7069","India","IN","IND","Karnātaka","","11032","1356117843"
"Delvāda","Delvada","20.7759","71.0465","India","IN","IND","Gujarāt","","11032","1356228013"
"Rezina","Rezina","47.7492","28.9622","Moldova","MD","MDA","Rezina","admin","11032","1498876065"
"Phanat Nikhom","Phanat Nikhom","13.4458","101.1844","Thailand","TH","THA","Chon Buri","minor","11032","1764762615"
"Anguera","Anguera","-12.1508","-39.2458","Brazil","BR","BRA","Bahia","minor","11031","1076371301"
"Donzdorf","Donzdorf","48.6833","9.8167","Germany","DE","DEU","Baden-Württemberg","","11031","1276029380"
"Summerfield","Summerfield","36.1973","-79.8997","United States","US","USA","North Carolina","","11031","1840016139"
"Chatteris","Chatteris","52.4560","0.0550","United Kingdom","GB","GBR","Cambridgeshire","","11029","1826618368"
"Fanlu","Fanlu","23.4494","120.6033","Taiwan","TW","TWN","Chiayi","","11029","1158910013"
"Iowa Colony","Iowa Colony","29.4407","-95.4206","United States","US","USA","Texas","","11028","1840023162"
"Holmen","Holmen","43.9706","-91.2654","United States","US","USA","Wisconsin","","11027","1840002576"
"São Félix","Sao Felix","-12.6050","-38.9719","Brazil","BR","BRA","Bahia","minor","11026","1076181846"
"Tekkumbāgam","Tekkumbagam","10.1190","76.4180","India","IN","IND","Kerala","","11026","1356363826"
"Bertinoro","Bertinoro","44.1500","12.1333","Italy","IT","ITA","Emilia-Romagna","","11026","1380444887"
"Chulym","Chulym","55.1167","80.9667","Russia","RU","RUS","Novosibirskaya Oblast’","","11026","1643503284"
"Milicz","Milicz","51.5333","17.2833","Poland","PL","POL","Dolnośląskie","minor","11025","1616770210"
"Botuporã","Botupora","-13.3819","-42.5228","Brazil","BR","BRA","Bahia","minor","11024","1076965505"
"Amha","Amha","26.0518","86.6906","India","IN","IND","Bihār","","11024","1356259953"
"Greentree","Greentree","39.8989","-74.9613","United States","US","USA","New Jersey","","11024","1840033472"
"Qal‘at an Nakhl","Qal`at an Nakhl","29.9107","33.7492","Egypt","EG","EGY","Shamāl Sīnā’","","11023","1818829303"
"Kongupatti","Kongupatti","11.8593","78.0217","India","IN","IND","Tamil Nādu","","11023","1356245751"
"Ichikawa","Ichikawa","34.9833","134.7667","Japan","JP","JPN","Hyōgo","","11023","1392003503"
"Tirumayam","Tirumayam","10.2449","78.7464","India","IN","IND","Tamil Nādu","","11022","1356872503"
"Shiloh","Shiloh","39.9732","-76.7920","United States","US","USA","Pennsylvania","","11022","1840035195"
"Guthrie","Guthrie","35.8424","-97.4366","United States","US","USA","Oklahoma","","11021","1840020390"
"Burlington","Burlington","42.6744","-88.2721","United States","US","USA","Wisconsin","","11021","1840002491"
"Rolla","Rolla","13.8331","77.1000","India","IN","IND","Andhra Pradesh","","11020","1356812229"
"Balingoan","Balingoan","9.0000","124.8500","Philippines","PH","PHL","Misamis Oriental","","11020","1608600721"
"Dugulubgey","Dugulubgey","43.6500","43.5500","Russia","RU","RUS","Kabardino-Balkariya","","11020","1643487395"
"Sierra Madre","Sierra Madre","34.1687","-118.0504","United States","US","USA","California","","11020","1840021867"
"Corinda","Corinda","-27.4858","153.1011","Australia","AU","AUS","Queensland","","11019","1036501460"
"Carmo da Mata","Carmo da Mata","-20.5578","-44.8708","Brazil","BR","BRA","Minas Gerais","minor","11019","1076608875"
"Brumunddal","Brumunddal","60.8833","10.9333","Norway","NO","NOR","Innlandet","minor","11019","1578939363"
"Heartland","Heartland","32.6748","-96.4515","United States","US","USA","Texas","","11019","1840147186"
"Weyburn","Weyburn","49.6611","-103.8525","Canada","CA","CAN","Saskatchewan","","11019","1124618383"
"Hasbergen","Hasbergen","52.2167","7.9167","Germany","DE","DEU","Lower Saxony","","11018","1276722564"
"El Hamel","El Hamel","35.1333","4.0833","Algeria","DZ","DZA","M’sila","","11018","1012802688"
"Tavistock","Tavistock","50.5450","-4.1500","United Kingdom","GB","GBR","Devon","","11018","1826700583"
"Allāhdurg","Allahdurg","17.9667","77.9167","India","IN","IND","Andhra Pradesh","","11018","1356302297"
"Ekuvukeni","Ekuvukeni","-28.4660","30.1570","South Africa","ZA","ZAF","KwaZulu-Natal","","11018","1710179210"
"Sant Joan de Vilatorrada","Sant Joan de Vilatorrada","41.7500","1.8000","Spain","ES","ESP","Catalonia","","11017","1724978448"
"Nedelišće","Nedelisce","46.3800","16.3900","Croatia","HR","HRV","Međimurska Županija","minor","11017","1191055882"
"Likhoslavl","Likhoslavl","57.1333","35.4833","Russia","RU","RUS","Tverskaya Oblast’","minor","11017","1643616895"
"Celina","Celina","40.5550","-84.5626","United States","US","USA","Ohio","","11017","1840007210"
"Itatuba","Itatuba","-7.3750","-35.6283","Brazil","BR","BRA","Paraíba","minor","11016","1076342881"
"Bir Ghbalou","Bir Ghbalou","36.2642","3.5836","Algeria","DZ","DZA","Médéa","","11016","1012249358"
"Sannieshof","Sannieshof","-26.5333","25.8000","South Africa","ZA","ZAF","North West","","11016","1710190393"
"Mawu","Mawu","34.4310","104.9187","China","CN","CHN","Gansu","","11015","1156424951"
"Easttown","Easttown","40.0281","-75.4403","United States","US","USA","Pennsylvania","","11015","1840150924"
"Mangalam","Mangalam","12.3298","79.1790","India","IN","IND","Tamil Nādu","","11014","1356257846"
"Lokhvytsya","Lokhvytsya","50.3598","33.2723","Ukraine","UA","UKR","Poltavska Oblast","minor","11014","1804270399"
"Antanandava","Antanandava","-17.4536","48.6707","Madagascar","MG","MDG","Toamasina","","11013","1450418513"
"Kiwoko","Kiwoko","0.8442","32.3614","Uganda","UG","UGA","Nakaseke","","11013","1800103323"
"La Palma","La Palma","5.3606","-74.3897","Colombia","CO","COL","Cundinamarca","minor","11012","1170347214"
"Piedmont","Piedmont","37.8225","-122.2301","United States","US","USA","California","","11012","1840020297"
"Burkburnett","Burkburnett","34.0746","-98.5672","United States","US","USA","Texas","","11012","1840019278"
"Sarauni Kalān","Sarauni Kalan","25.7579","86.9392","India","IN","IND","Bihār","","11011","1356238177"
"Cherry Creek","Cherry Creek","39.6094","-104.8645","United States","US","USA","Colorado","","11011","1840028588"
"Franklin Lakes","Franklin Lakes","41.0086","-74.2083","United States","US","USA","New Jersey","","11011","1840003553"
"Xinyaoshang","Xinyaoshang","26.8350","106.8403","China","CN","CHN","Guizhou","","11010","1156601329"
"Vijes","Vijes","3.7000","-76.4500","Colombia","CO","COL","Valle del Cauca","minor","11010","1170640729"
"Schönaich","Schonaich","48.6569","9.0628","Germany","DE","DEU","Baden-Württemberg","","11010","1276014009"
"La Londe-les-Maures","La Londe-les-Maures","43.1381","6.2344","France","FR","FRA","Provence-Alpes-Côte d’Azur","","11010","1250847316"
"Pompton Lakes","Pompton Lakes","41.0024","-74.2859","United States","US","USA","New Jersey","","11010","1840000833"
"Regen","Regen","48.9667","13.1333","Germany","DE","DEU","Bavaria","minor","11009","1276612143"
"Solymár","Solymar","47.5910","18.9290","Hungary","HU","HUN","Pest","","11009","1348009573"
"Sun Village","Sun Village","34.5596","-117.9558","United States","US","USA","California","","11009","1840076298"
"Damme","Damme","51.2500","3.2667","Belgium","BE","BEL","Flanders","","11008","1056742472"
"Burgkirchen an der Alz","Burgkirchen an der Alz","48.1667","12.7167","Germany","DE","DEU","Bavaria","","11008","1276642803"
"Wālūr","Walur","19.4872","76.5561","India","IN","IND","Mahārāshtra","","11008","1356087133"
"Patu","Patu","-6.1100","-37.6369","Brazil","BR","BRA","Rio Grande do Norte","minor","11007","1076613644"
"Dolhasca","Dolhasca","47.4303","26.6094","Romania","RO","ROU","Suceava","","11007","1642508577"
"Gernsheim","Gernsheim","49.7500","8.4833","Germany","DE","DEU","Hesse","","11006","1276371631"
"Chinna Annalūru","Chinna Annaluru","14.8913","79.6761","India","IN","IND","Andhra Pradesh","","11006","1356908442"
"Maromme","Maromme","49.4825","1.0428","France","FR","FRA","Normandie","","11005","1250642232"
"Siyāna","Siyana","25.1170","72.6600","India","IN","IND","Rājasthān","","11004","1356070859"
"Saucillo","Saucillo","28.0333","-105.2833","Mexico","MX","MEX","Chihuahua","minor","11004","1484590798"
"Neuhof","Neuhof","50.4333","9.6167","Germany","DE","DEU","Hesse","","11003","1276724879"
"Älmhult","Almhult","56.5500","14.1333","Sweden","SE","SWE","Kronoberg","minor","11003","1752497359"
"Chauki","Chauki","25.4573","86.4018","India","IN","IND","Bihār","","11002","1356781078"
"Beachwood","Beachwood","39.9286","-74.2022","United States","US","USA","New Jersey","","11002","1840001483"
"Chatham","Chatham","40.7274","-74.4289","United States","US","USA","New Jersey","","11001","1840000948"
"La Tuque","La Tuque","48.0652","-74.0528","Canada","CA","CAN","Quebec","","11001.00","1124000430"
"Norwich","Norwich","42.9833","-80.6000","Canada","CA","CAN","Ontario","","11001","1124219807"
"Cerro Corá","Cerro Cora","-6.0458","-36.3458","Brazil","BR","BRA","Rio Grande do Norte","minor","11000","1076575951"
"Zhamog","Zhamog","29.8595","95.7681","China","CN","CHN","Tibet","minor","11000","1156051591"
"Pingcha","Pingcha","26.3490","109.3791","China","CN","CHN","Hunan","","11000","1156928703"
"Chaukē","Chauke","30.1844","75.3364","India","IN","IND","Jammu and Kashmīr","","11000","1356303411"
"Mahād","Mahad","36.6478","43.4075","Iraq","IQ","IRQ","Nīnawá","","11000","1368572891"
"Al ‘Amādīyah","Al `Amadiyah","37.0919","43.4870","Iraq","IQ","IRQ","Dahūk","minor","11000","1368510045"
"Santa Flavia","Santa Flavia","38.0833","13.5333","Italy","IT","ITA","Sicilia","","11000","1380531539"
"Abasingammedda","Abasingammedda","7.3147","80.6660","Sri Lanka","LK","LKA","Central","","11000","1144237899"
"Morafeno","Morafeno","-19.0911","47.0972","Madagascar","MG","MDG","Antananarivo","","11000","1450482362"
"Ambotaka","Ambotaka","-21.7520","48.0513","Madagascar","MG","MDG","Fianarantsoa","","11000","1450933772"
"Kalafotsy","Kalafotsy","-22.2912","47.3149","Madagascar","MG","MDG","Fianarantsoa","","11000","1450967361"
"Antsoha","Antsoha","-15.8093","48.8245","Madagascar","MG","MDG","Mahajanga","","11000","1450852008"
"Maroambihy","Maroambihy","-14.5036","49.8593","Madagascar","MG","MDG","Antsiranana","","11000","1450240187"
"Voloina","Voloina","-15.5680","49.6059","Madagascar","MG","MDG","Toamasina","","11000","1450914239"
"Ambatomasina","Ambatomasina","-18.7167","47.4500","Madagascar","MG","MDG","Antananarivo","","11000","1450692474"
"Ambodiampana","Ambodiampana","-16.8213","49.5617","Madagascar","MG","MDG","Toamasina","","11000","1450144383"
"Antsakanalabe","Antsakanalabe","-15.4019","48.2846","Madagascar","MG","MDG","Mahajanga","","11000","1450726016"
"Antsahabe","Antsahabe","-14.8070","48.3812","Madagascar","MG","MDG","Mahajanga","","11000","1450288533"
"Antakotako","Antakotako","-15.3310","49.8014","Madagascar","MG","MDG","Toamasina","","11000","1450258709"
"Tsararano","Tsararano","-16.1790","46.6763","Madagascar","MG","MDG","Mahajanga","","11000","1450799664"
"Mahazony","Mahazony","-21.9942","47.0146","Madagascar","MG","MDG","Fianarantsoa","","11000","1450926043"
"Fotsialanana","Fotsialanana","-16.9218","49.4823","Madagascar","MG","MDG","Toamasina","","11000","1450034980"
"Ambinanindovoka","Ambinanindovoka","-21.9167","47.1000","Madagascar","MG","MDG","Fianarantsoa","","11000","1450885987"
"Ranomafana","Ranomafana","-24.5730","46.9643","Madagascar","MG","MDG","Toliara","","11000","1450249574"
"Ankavandra","Ankavandra","-18.7717","45.2935","Madagascar","MG","MDG","Toliara","","11000","1450061634"
"Manambolosy","Manambolosy","-16.0435","49.6728","Madagascar","MG","MDG","Toamasina","","11000","1450154800"
"Marotandrano","Marotandrano","-16.1795","48.8395","Madagascar","MG","MDG","Mahajanga","","11000","1450460115"
"Ambohidranandriana","Ambohidranandriana","-19.8983","47.1590","Madagascar","MG","MDG","Antananarivo","","11000","1450724401"
"Tsinjomitondraka","Tsinjomitondraka","-15.6591","47.1205","Madagascar","MG","MDG","Mahajanga","","11000","1450831039"
"Amporoforo","Amporoforo","-22.4884","47.7925","Madagascar","MG","MDG","Fianarantsoa","","11000","1450014103"
"Ambodimangavolo","Ambodimangavolo","-17.5255","48.9641","Madagascar","MG","MDG","Toamasina","","11000","1450962406"
"Analamitsivalana","Analamitsivalana","-20.3160","44.6899","Madagascar","MG","MDG","Toliara","","11000","1450477836"
"Bevata","Bevata","-23.2833","47.2833","Madagascar","MG","MDG","Fianarantsoa","","11000","1450498029"
"Antsambahara","Antsambahara","-14.5041","49.9559","Madagascar","MG","MDG","Antsiranana","","11000","1450544862"
"Androndrona Anava","Androndrona Anava","-15.7632","49.1979","Madagascar","MG","MDG","Toamasina","","11000","1450535448"
"Sampona","Sampona","-25.1494","46.3086","Madagascar","MG","MDG","Toliara","","11000","1450436674"
"Marolinta","Marolinta","-25.1109","44.6286","Madagascar","MG","MDG","Toliara","","11000","1450336468"
"Andranomeva","Andranomeva","-15.7987","47.7667","Madagascar","MG","MDG","Mahajanga","","11000","1450392051"
"Miandrarivo","Miandrarivo","-18.9429","45.9852","Madagascar","MG","MDG","Antananarivo","","11000","1450648621"
"Ambodimanary","Ambodimanary","-15.2334","48.0037","Madagascar","MG","MDG","Mahajanga","","11000","1450651140"
"Maroamalona","Maroamalona","-15.3690","48.6747","Madagascar","MG","MDG","Mahajanga","","11000","1450211662"
"Marovantaza","Marovantaza","-15.3831","47.6534","Madagascar","MG","MDG","Mahajanga","","11000","1450960583"
"Antanandava","Antanandava","-15.8639","48.8282","Madagascar","MG","MDG","Mahajanga","","11000","1450365453"
"Efatsy-Anandroza","Efatsy-Anandroza","-23.1146","47.6073","Madagascar","MG","MDG","Fianarantsoa","","11000","1450536515"
"Manandroy","Manandroy","-21.1333","47.2620","Madagascar","MG","MDG","Fianarantsoa","","11000","1450182639"
"Tranomaro","Tranomaro","-24.5999","46.4746","Madagascar","MG","MDG","Toliara","","11000","1450585965"
"Vinaninkarena","Vinaninkarena","-19.9534","47.0428","Madagascar","MG","MDG","Antananarivo","","11000","1450932095"
"Soaserana","Soaserana","-21.1035","44.2226","Madagascar","MG","MDG","Toliara","","11000","1450093331"
"Soamanova","Soamanova","-23.2833","47.6000","Madagascar","MG","MDG","Fianarantsoa","","11000","1450833054"
"Loikaw","Loikaw","19.6742","97.2092","Burma","MM","MMR","Kayah State","admin","11000","1104542517"
"Side","Side","36.7667","31.3889","Turkey","TR","TUR","Antalya","","11000","1792879395"
"Puerto Píritu","Puerto Piritu","10.0667","-65.0500","Venezuela","VE","VEN","Anzoátegui","minor","11000","1862843143"
"Itiruçu","Itirucu","-13.5319","-40.1500","Brazil","BR","BRA","Bahia","minor","10999","1076026512"
"Gottmadingen","Gottmadingen","47.7356","8.7767","Germany","DE","DEU","Baden-Württemberg","","10999","1276476754"
"Hadim","Hadim","36.9883","32.4569","Turkey","TR","TUR","Konya","minor","10999","1792337779"
"North Bellport","North Bellport","40.7868","-72.9457","United States","US","USA","New York","","10999","1840005056"
"Edlapādu","Edlapadu","16.1007","80.1339","India","IN","IND","Andhra Pradesh","","10996","1356593881"
"Bāgnān","Bagnan","22.4700","87.9700","India","IN","IND","West Bengal","","10996","1356776559"
"Jagannāthpur","Jagannathpur","25.6573","87.5886","India","IN","IND","Bihār","","10996","1356148899"
"Brandon","Brandon","43.5928","-96.5799","United States","US","USA","South Dakota","","10996","1840002650"
"Bolivar","Bolivar","37.6059","-93.4175","United States","US","USA","Missouri","","10996","1840007578"
"Elgin","Elgin","30.3526","-97.3883","United States","US","USA","Texas","","10996","1840020903"
"Srīpur","Sripur","25.5861","86.0803","India","IN","IND","Bihār","","10995","1356131631"
"Patori","Patori","25.9665","86.5471","India","IN","IND","Bihār","","10995","1356159847"
"Vengapalli","Vengapalli","11.6333","76.0167","India","IN","IND","Kerala","","10995","1356826892"
"Wildau","Wildau","52.3167","13.6333","Germany","DE","DEU","Brandenburg","","10994","1276865619"
"Llandybie","Llandybie","51.8200","-4.0010","United Kingdom","GB","GBR","Carmarthenshire","","10994","1826382015"
"Farkhâna","Farkhana","35.2833","-3.0167","Morocco","MA","MAR","Oriental","","10994","1504047941"
"Matino","Matino","40.0333","18.1333","Italy","IT","ITA","Puglia","","10993","1380053449"
"Upanema","Upanema","-5.6419","-37.2578","Brazil","BR","BRA","Rio Grande do Norte","minor","10991","1076592037"
"Dhilwān Kalān","Dhilwan Kalan","30.5718","74.8655","India","IN","IND","Punjab","","10991","1356137623"
"Meaford","Meaford","44.5800","-80.7300","Canada","CA","CAN","Ontario","","10991","1124445257"
"Meliana","Meliana","39.5272","-0.3492","Spain","ES","ESP","Valencia","","10990","1724153449"
"Ross on Wye","Ross on Wye","51.9140","-2.5870","United Kingdom","GB","GBR","Herefordshire","","10990","1826303681"
"Guspini","Guspini","39.5400","8.6267","Italy","IT","ITA","Sardegna","","10990","1380078367"
"Komorniki","Komorniki","52.3361","16.8069","Poland","PL","POL","Wielkopolskie","","10990","1616794356"
"Arkadak","Arkadak","51.9333","43.5000","Russia","RU","RUS","Saratovskaya Oblast’","","10990","1643300892"
"Ribeirão Bonito","Ribeirao Bonito","-22.0669","-48.1758","Brazil","BR","BRA","São Paulo","minor","10989","1076447966"
"Brandywine","Brandywine","38.6963","-76.8846","United States","US","USA","Maryland","","10989","1840005946"
"Ma’ai","Ma'ai","34.5937","102.4814","China","CN","CHN","Gansu","","10988","1156075634"
"Glückstadt","Gluckstadt","53.7917","9.4219","Germany","DE","DEU","Schleswig-Holstein","","10987","1276320912"
"Bardipuram","Bardipuram","18.6431","78.1584","India","IN","IND","Andhra Pradesh","","10987","1356822105"
"Mānsinghpur Bijrauli","Mansinghpur Bijrauli","25.7552","85.5099","India","IN","IND","Bihār","","10987","1356151886"
"Pinhalzinho","Pinhalzinho","-22.7800","-46.5700","Brazil","BR","BRA","São Paulo","minor","10986","1076934968"
"Myjava","Myjava","48.7492","17.5644","Slovakia","SK","SVK","Nitra","minor","10985","1703306179"
"Byelaazyorsk","Byelaazyorsk","52.4500","25.1667","Belarus","BY","BLR","Brestskaya Voblasts’","","10984","1112431328"
"Sabalito","Sabalito","8.8828","-82.8314","Costa Rica","CR","CRI","Puntarenas","","10984","1188952077"
"Gengenbach","Gengenbach","48.4000","8.0167","Germany","DE","DEU","Baden-Württemberg","","10984","1276778224"
"Wambrechies","Wambrechies","50.6861","3.0494","France","FR","FRA","Hauts-de-France","","10984","1250280781"
"Dayr ‘Aţīyah","Dayr `Atiyah","34.0954","36.7679","Syria","SY","SYR","Rīf Dimashq","minor","10984","1760656122"
"Huntertown","Huntertown","41.2185","-85.1705","United States","US","USA","Indiana","","10984","1840010297"
"Altensteig","Altensteig","48.5864","8.6047","Germany","DE","DEU","Baden-Württemberg","","10983","1276878570"
"Nagar Nahusa","Nagar Nahusa","25.3959","85.3431","India","IN","IND","Bihār","","10983","1356046214"
"Springdale","Springdale","39.2909","-84.4760","United States","US","USA","Ohio","","10983","1840001615"
"Santa Cruz Balanyá","Santa Cruz Balanya","14.6833","-90.9167","Guatemala","GT","GTM","Chimaltenango","minor","10981","1320621567"
"Honwāda","Honwada","16.8111","77.9199","India","IN","IND","Andhra Pradesh","","10981","1356601160"
"Paraúna","Parauna","-16.9478","-50.4486","Brazil","BR","BRA","Goiás","","10980","1076649178"
"Duas Barras","Duas Barras","-22.0508","-42.5219","Brazil","BR","BRA","Rio de Janeiro","minor","10980","1076491298"
"Belousovo","Belousovo","55.0833","36.6667","Russia","RU","RUS","Kaluzhskaya Oblast’","","10980","1643537529"
"Santa Croce Camerina","Santa Croce Camerina","36.8272","14.5239","Italy","IT","ITA","Sicilia","","10979","1380471228"
"Pingtouchuanxiang","Pingtouchuanxiang","35.8763","105.3241","China","CN","CHN","Gansu","","10978","1156361711"
"Northallerton","Northallerton","54.3378","-1.4285","United Kingdom","GB","GBR","North Yorkshire","","10978","1826697671"
"Sendurai","Sendurai","11.2530","79.1720","India","IN","IND","Tamil Nādu","","10978","1356882211"
"Paura Madan Singh","Paura Madan Singh","25.7917","85.2333","India","IN","IND","Bihār","","10978","1356588174"
"Fao Rai","Fao Rai","18.0179","103.3039","Thailand","TH","THA","Nong Khai","minor","10978","1764038877"
"Cudworth","Cudworth","53.5784","-1.4149","United Kingdom","GB","GBR","Barnsley","","10977","1826159228"
"Singoli","Singoli","24.9667","75.3000","India","IN","IND","Madhya Pradesh","","10977","1356087335"
"Warden","Warden","-27.8539","28.9667","South Africa","ZA","ZAF","Free State","","10977","1710026045"
"Malente","Malente","54.1667","10.5500","Germany","DE","DEU","Schleswig-Holstein","","10976","1276687583"
"Junín","Junin","-11.1500","-75.9833","Peru","PE","PER","Junín","","10976","1604997443"
"Chicureo Abajo","Chicureo Abajo","-33.2833","-70.6333","Chile","CL","CHL","Región Metropolitana","","10975","1152232267"
"Oakham","Oakham","52.6705","-0.7333","United Kingdom","GB","GBR","Rutland","","10975","1826442570"
"Yelpur","Yelpur","18.7651","78.3953","India","IN","IND","Andhra Pradesh","","10975","1356181058"
"Sesto Calende","Sesto Calende","45.7333","8.6333","Italy","IT","ITA","Lombardy","","10975","1380964892"
"Adjala-Tosorontio","Adjala-Tosorontio","44.1333","-79.9333","Canada","CA","CAN","Ontario","","10975","1124000498"
"Əhmədli","Ahmadli","40.3839","49.9475","Azerbaijan","AZ","AZE","Bakı","","10974","1031512571"
"Piraí do Norte","Pirai do Norte","-13.7619","-39.3789","Brazil","BR","BRA","Bahia","minor","10974","1076939449"
"Xintianfeng","Xintianfeng","24.5581","115.4647","China","CN","CHN","Guangdong","","10974","1156028668"
"Koronowo","Koronowo","53.3167","17.9333","Poland","PL","POL","Kujawsko-Pomorskie","","10974","1616300116"
"Halfway","Halfway","39.6162","-77.7703","United States","US","USA","Maryland","","10974","1840005606"
"Lehman","Lehman","41.1518","-74.9924","United States","US","USA","Pennsylvania","","10974","1840147215"
"Magnolia","Magnolia","33.2775","-93.2261","United States","US","USA","Arkansas","","10973","1840015726"
"Manaíra","Manaira","-7.7061","-38.1544","Brazil","BR","BRA","Paraíba","minor","10972","1076296025"
"Victoria","Victoria","44.8634","-93.6585","United States","US","USA","Minnesota","","10972","1840010007"
"Punjai Turaiyāmpālaiyam","Punjai Turaiyampalaiyam","11.5142","77.4234","India","IN","IND","Tamil Nādu","","10971","1356168380"
"Rekovac","Rekovac","43.8667","21.1333","Serbia","RS","SRB","Rekovac","admin","10971","1688955843"
"Cáchira","Cachira","7.7500","-73.1667","Colombia","CO","COL","Norte de Santander","minor","10970","1170614751"
"Bīrpur","Birpur","26.5767","86.0379","India","IN","IND","Bihār","","10969","1356125816"
"Mallagunta","Mallagunta","12.6343","78.5194","India","IN","IND","Tamil Nādu","","10969","1356120013"
"Tākha","Takha","26.8200","79.3000","India","IN","IND","Uttar Pradesh","","10969","1356965937"
"Satoshō","Satosho","34.5139","133.5569","Japan","JP","JPN","Okayama","","10969","1392000313"
"Aş Şabbūrah","As Sabburah","33.5149","36.1250","Syria","SY","SYR","Rīf Dimashq","","10969","1760388490"
"Cabanillas del Campo","Cabanillas del Campo","40.6383","-3.2353","Spain","ES","ESP","Castille-La Mancha","","10968","1724393524"
"Bāwāli","Bawali","22.4041","88.1852","India","IN","IND","West Bengal","","10968","1356175916"
"Tixkokob","Tixkokob","21.0022","-89.3936","Mexico","MX","MEX","Yucatán","minor","10968","1484306905"
"Acanceh","Acanceh","20.8133","-89.4524","Mexico","MX","MEX","Yucatán","minor","10968","1484170180"
"Quartz Hill","Quartz Hill","34.6527","-118.2163","United States","US","USA","California","","10968","1840019210"
"Champua","Champua","22.0667","85.6658","India","IN","IND","Jhārkhand","","10967","1356535081"
"Lovejoy","Lovejoy","33.4426","-84.3177","United States","US","USA","Georgia","","10967","1840015704"
"Guiratinga","Guiratinga","-16.3489","-53.7578","Brazil","BR","BRA","Mato Grosso","minor","10966","1076329698"
"Le Taillan-Médoc","Le Taillan-Medoc","44.9053","-0.6686","France","FR","FRA","Nouvelle-Aquitaine","","10966","1250201040"
"Bhangha","Bhangha","25.5780","87.2782","India","IN","IND","Bihār","","10966","1356388724"
"Campagnano di Roma","Campagnano di Roma","42.1333","12.3833","Italy","IT","ITA","Lazio","","10966","1380699714"
"Grand Haven","Grand Haven","43.0553","-86.2201","United States","US","USA","Michigan","","10966","1840002995"
"Sarafand","Sarafand","33.4517","35.2908","Lebanon","LB","LBN","Liban-Sud","","10965","1422620086"
"Ongwediva","Ongwediva","-17.7833","15.7667","Namibia","NA","NAM","Oshana","","10964","1516962966"
"Mêdog","Medog","29.4833","95.5000","China","CN","CHN","Tibet","minor","10963","1156264274"
"Três Cachoeiras","Tres Cachoeiras","-29.4558","-49.9239","Brazil","BR","BRA","Rio Grande do Sul","minor","10962","1076760504"
"Rāmabhadrapuram","Ramabhadrapuram","18.5000","83.2833","India","IN","IND","Andhra Pradesh","","10962","1356969255"
"Clayton","Clayton","37.9404","-121.9301","United States","US","USA","California","","10962","1840018901"
"Terryville","Terryville","40.9093","-73.0486","United States","US","USA","New York","","10962","1840005105"
"Vengūr","Vengur","10.1413","76.5495","India","IN","IND","Kerala","","10961","1356919470"
"Masakkavundanchettipālaiyam","Masakkavundanchettipalaiyam","11.1473","77.0756","India","IN","IND","Tamil Nādu","","10961","1356160022"
"Peschiera del Garda","Peschiera del Garda","45.4386","10.6886","Italy","IT","ITA","Veneto","","10961","1380651599"
"Álamos","Alamos","27.0275","-108.9400","Mexico","MX","MEX","Sonora","minor","10961","1484052656"
"Mēmunda","Memunda","11.6006","75.6339","India","IN","IND","Kerala","","10960","1356060350"
"Volda","Volda","62.1500","6.1000","Norway","NO","NOR","Møre og Romsdal","minor","10960","1578903172"
"Quimilí","Quimili","-27.6333","-62.4167","Argentina","AR","ARG","Santiago del Estero","minor","10959","1032532618"
"Dek’emhāre","Dek'emhare","15.0667","39.0333","Eritrea","ER","ERI","Debub","","10959","1232763839"
"Boekel","Boekel","51.6011","5.6742","Netherlands","NL","NLD","Noord-Brabant","minor","10959","1528471312"
"Szydłowiec","Szydlowiec","51.2333","20.8500","Poland","PL","POL","Mazowieckie","minor","10959","1616837510"
"Rogoźno","Rogozno","52.7492","16.9997","Poland","PL","POL","Wielkopolskie","","10959","1616112506"
"Matias Olímpio","Matias Olimpio","-3.7158","-42.5556","Brazil","BR","BRA","Piauí","minor","10958","1076360856"
"Sultanhanı","Sultanhani","38.2500","33.5500","Turkey","TR","TUR","Aksaray","minor","10958","1792616267"
"Tarrá","Tarra","8.0475","-73.0836","Colombia","CO","COL","Norte de Santander","","10957","1170074509"
"El Tarra","El Tarra","8.5756","-73.0944","Colombia","CO","COL","Norte de Santander","minor","10957","1170113123"
"Port Salerno","Port Salerno","27.1461","-80.1894","United States","US","USA","Florida","","10957","1840014193"
"Punitaqui","Punitaqui","-30.9000","-71.2667","Chile","CL","CHL","Coquimbo","","10956","1152111575"
"Thouaré-sur-Loire","Thouare-sur-Loire","47.2683","-1.4394","France","FR","FRA","Pays de la Loire","","10956","1250011839"
"Nacajuca","Nacajuca","18.1692","-93.0197","Mexico","MX","MEX","Tabasco","minor","10956","1484698021"
"Lyndon","Lyndon","38.2645","-85.5891","United States","US","USA","Kentucky","","10956","1840015191"
"Highgate","Highgate","51.5716","-0.1448","United Kingdom","GB","GBR","Camden","","10955","1826674604"
"Keles","Keles","39.9136","29.2294","Turkey","TR","TUR","Bursa","minor","10955","1792980091"
"Herxheim","Herxheim","49.1469","8.2200","Germany","DE","DEU","Rhineland-Palatinate","","10954","1276512469"
"Great Wyrley","Great Wyrley","52.6593","-2.0102","United Kingdom","GB","GBR","Staffordshire","","10954","1826969267"
"Tirupporūr","Tirupporur","12.7259","80.1895","India","IN","IND","Tamil Nādu","","10954","1356665177"
"Iioka","Iioka","35.7000","140.7167","Japan","JP","JPN","Chiba","","10954","1392684903"
"Cunha Porã","Cunha Pora","-26.8939","-53.1678","Brazil","BR","BRA","Santa Catarina","minor","10953","1076606926"
"Issoudun","Issoudun","46.9608","1.9944","France","FR","FRA","Centre-Val de Loire","minor","10953","1250313035"
"Tortolì","Tortoli","39.9333","9.6500","Italy","IT","ITA","Sardegna","minor","10953","1380704860"
"Tamezmout","Tamezmout","30.8075","-6.1142","Morocco","MA","MAR","Drâa-Tafilalet","","10953","1504920011"
"Longford","Longford","53.7270","-7.7998","Ireland","IE","IRL","Longford","admin","10952","1372905339"
"Mainvilliers","Mainvilliers","48.4539","1.4628","France","FR","FRA","Centre-Val de Loire","","10950","1250497934"
"Bishunpur Hakīmābād","Bishunpur Hakimabad","25.8453","85.8432","India","IN","IND","Bihār","","10950","1356277644"
"Palsud","Palsud","21.8262","74.9691","India","IN","IND","Madhya Pradesh","","10950","1356106181"
"Red Bank","Red Bank","33.9309","-81.2322","United States","US","USA","South Carolina","","10950","1840013658"
"Borsbeek","Borsbeek","51.1932","4.4879","Belgium","BE","BEL","Flanders","","10949","1056005961"
"Devgeri","Devgeri","14.8512","75.3705","India","IN","IND","Karnātaka","","10949","1356329624"
"Satai","Satai","24.7220","79.6310","India","IN","IND","Madhya Pradesh","","10949","1356090725"
"Rosario","Rosario","12.5200","124.4200","Philippines","PH","PHL","Northern Samar","","10949","1608007576"
"Ibiraci","Ibiraci","-20.4619","-47.1219","Brazil","BR","BRA","Minas Gerais","minor","10948","1076264003"
"Ūttukkuli","Uttukkuli","11.1689","77.4543","India","IN","IND","Tamil Nādu","","10948","1356275517"
"Mahmūda","Mahmuda","25.0531","85.2662","India","IN","IND","Bihār","","10948","1356967057"
"Al Ghayz̧ah","Al Ghayzah","16.2106","52.1711","Yemen","YE","YEM","Al Mahrah","admin","10948","1887000479"
"Völkermarkt","Volkermarkt","46.6667","14.6333","Austria","AT","AUT","Kärnten","minor","10946","1040264683"
"Nao Kothi","Nao Kothi","25.5196","86.1954","India","IN","IND","Bihār","","10946","1356232669"
"Cepagatti","Cepagatti","42.3658","14.0767","Italy","IT","ITA","Abruzzo","","10946","1380321172"
"Alberique","Alberique","39.1167","-0.5211","Spain","ES","ESP","Valencia","","10945","1724900545"
"Vadamugam Vellodu","Vadamugam Vellodu","11.2366","77.6617","India","IN","IND","Tamil Nādu","","10945","1356165697"
"Pottireddippatti","Pottireddippatti","11.1659","78.2708","India","IN","IND","Tamil Nādu","","10945","1356231720"
"Kamianka","Kamianka","49.0333","32.1000","Ukraine","UA","UKR","Cherkaska Oblast","","10945","1804999372"
"Nallamada","Nallamada","14.2164","77.9944","India","IN","IND","Andhra Pradesh","","10944","1356596502"
"Ruisui","Ruisui","23.4333","121.5000","Taiwan","TW","TWN","Hualien","","10944","1158003251"
"Cassá de la Selva","Cassa de la Selva","41.8892","2.8772","Spain","ES","ESP","Catalonia","","10943","1724100920"
"Cacaopera","Cacaopera","13.7667","-88.0833","El Salvador","SV","SLV","Morazán","","10943","1222915809"
"Ebreichsdorf","Ebreichsdorf","47.9667","16.4000","Austria","AT","AUT","Niederösterreich","","10942","1040140481"
"Ḩaşşeh","Hasseh","32.7067","51.7556","Iran","IR","IRN","Eşfahān","","10942","1364425032"
"Little Ferry","Little Ferry","40.8464","-74.0388","United States","US","USA","New Jersey","","10942","1840003534"
"Hamilton Township","Hamilton Township","44.0540","-78.2164","Canada","CA","CAN","Ontario","","10942.00","1124000994"
"Kalavapūdi","Kalavapudi","16.4623","81.3887","India","IN","IND","Andhra Pradesh","","10941","1356638870"
"Rialma","Rialma","-15.3150","-49.5844","Brazil","BR","BRA","Goiás","minor","10940","1076379241"
"Lichtenau","Lichtenau","51.6000","8.8833","Germany","DE","DEU","North Rhine-Westphalia","","10940","1276302835"
"Rokytne","Rokytne","49.6667","30.4833","Ukraine","UA","UKR","Kyivska Oblast","minor","10938","1804730774"
"Malvern","Malvern","34.3734","-92.8205","United States","US","USA","Arkansas","","10938","1840015563"
"Itamarati","Itamarati","-6.4250","-68.2528","Brazil","BR","BRA","Amazonas","minor","10937","1076385125"
"Pedappai","Pedappai","12.8854","80.0220","India","IN","IND","Tamil Nādu","","10936","1356124725"
"Nādendla","Nadendla","16.1750","80.1861","India","IN","IND","Andhra Pradesh","","10935","1356006446"
"Mena","Mena","51.5167","32.2167","Ukraine","UA","UKR","Chernihivska Oblast","","10935","1804891578"
"Semuto","Semuto","0.6200","32.3278","Uganda","UG","UGA","Nakaseke","","10935","1800177094"
"Texcatepec","Texcatepec","20.5833","-98.3667","Mexico","MX","MEX","Veracruz","minor","10934","1484575888"
"Vimmerby","Vimmerby","57.6667","15.8500","Sweden","SE","SWE","Kalmar","minor","10934","1752144282"
"Cantagalo","Cantagalo","-25.3739","-52.1258","Brazil","BR","BRA","Paraná","minor","10933","1076426121"
"Alavus","Alavus","62.5917","23.6167","Finland","FI","FIN","Etelä-Pohjanmaa","minor","10933","1246444159"
"Trets","Trets","43.4475","5.6836","France","FR","FRA","Provence-Alpes-Côte d’Azur","","10933","1250294248"
"Kabīrpur","Kabirpur","26.2661","84.2050","India","IN","IND","Bihār","","10933","1356970212"
"Garmeh","Garmeh","36.9864","56.2881","Iran","IR","IRN","Khorāsān-e Shomālī","minor","10933","1364001152"
"Mazzarino","Mazzarino","37.3000","14.2000","Italy","IT","ITA","Sicilia","","10932","1380002407"
"Sângeorz-Băi","Sangeorz-Bai","47.3700","24.6800","Romania","RO","ROU","Bistriţa-Năsăud","","10931","1642207424"
"Kaniyūr","Kaniyur","11.0930","77.1560","India","IN","IND","Tamil Nādu","","10930","1356159500"
"Attard","Attard","35.8928","14.4383","Malta","MT","MLT","Attard","admin","10930","1470765022"
"Malden","Malden","51.7808","5.8544","Netherlands","NL","NLD","Gelderland","minor","10930","1528373126"
"Schkopau","Schkopau","51.3833","11.9667","Germany","DE","DEU","Saxony-Anhalt","","10929","1276553925"
"Chāoke","Chaoke","30.1847","75.3362","India","IN","IND","Punjab","","10929","1356377488"
"Oued Amlil","Oued Amlil","34.2000","-4.2833","Morocco","MA","MAR","Fès-Meknès","","10929","1504286809"
"Ørsta","Orsta","62.2000","6.1500","Norway","NO","NOR","Møre og Romsdal","minor","10929","1578873602"
"Ingelmunster","Ingelmunster","50.9167","3.2500","Belgium","BE","BEL","Flanders","","10928","1056487439"
"Swarna","Swarna","15.8542","80.2858","India","IN","IND","Andhra Pradesh","","10928","1356082574"
"São Pedro da Água Branca","Sao Pedro da Agua Branca","-5.0850","-48.4289","Brazil","BR","BRA","Maranhão","minor","10927","1076015674"
"Karakthal","Karakthal","23.2001","71.7271","India","IN","IND","Gujarāt","","10927","1356553331"
"Stratford","Stratford","46.2167","-63.0893","Canada","CA","CAN","Prince Edward Island","","10927","1124001331"
"Minamiise","Minamiise","34.3500","136.7000","Japan","JP","JPN","Mie","","10926","1392003545"
"Abertillery","Abertillery","51.7300","-3.1300","United Kingdom","GB","GBR","Blaenau Gwent","","10925","1826675845"
"Sisia","Sisia","25.4539","87.4549","India","IN","IND","Bihār","","10925","1356050103"
"Hakone","Hakone","35.1894","139.0247","Japan","JP","JPN","Kanagawa","","10925","1392115612"
"Langenzenn","Langenzenn","49.4944","10.7947","Germany","DE","DEU","Bavaria","","10924","1276092377"
"Sankhavaram","Sankhavaram","15.0497","78.9836","India","IN","IND","Andhra Pradesh","","10924","1356014241"
"Chinnatadāgam","Chinnatadagam","11.0816","76.8674","India","IN","IND","Tamil Nādu","","10924","1356150509"
"Bariārpur Kāndh","Bariarpur Kandh","25.9391","85.4674","India","IN","IND","Bihār","","10924","1356689993"
"Selsey","Selsey","50.7350","-0.7898","United Kingdom","GB","GBR","West Sussex","","10923","1826710788"
"Basbiti","Basbiti","26.0939","86.5289","India","IN","IND","Bihār","","10923","1356257719"
"Madna","Madna","26.3963","86.3884","India","IN","IND","Bihār","","10923","1356326498"
"Hollinwood","Hollinwood","53.5183","-2.1440","United Kingdom","GB","GBR","Oldham","","10920","1826177835"
"Kuttappatti","Kuttappatti","11.7939","77.9225","India","IN","IND","Tamil Nādu","","10920","1356167967"
"Pellezzano","Pellezzano","40.7333","14.7667","Italy","IT","ITA","Campania","","10920","1380010237"
"Barberino di Mugello","Barberino di Mugello","44.0000","11.2333","Italy","IT","ITA","Tuscany","","10920","1380222882"
"Tibubeneng","Tibubeneng","-8.6469","115.1503","Indonesia","ID","IDN","Bali","","10919","1360364927"
"Totowa","Totowa","40.9039","-74.2214","United States","US","USA","New Jersey","","10919","1840000839"
"Karlsdorf-Neuthard","Karlsdorf-Neuthard","49.1364","8.5439","Germany","DE","DEU","Baden-Württemberg","","10918","1276052458"
"Wronki","Wronki","52.7000","16.3833","Poland","PL","POL","Wielkopolskie","","10918","1616756713"
"Guéoul","Gueoul","15.4833","-16.3500","Senegal","SN","SEN","Louga","","10918","1686714378"
"Fondettes","Fondettes","47.4050","0.5997","France","FR","FRA","Centre-Val de Loire","","10917","1250497789"
"Sontha","Sontha","26.1861","87.7766","India","IN","IND","Bihār","","10917","1356102308"
"Santoña","Santona","43.4414","-3.4575","Spain","ES","ESP","Cantabria","","10916","1724291294"
"Tizi","Tizi","35.3167","0.0667","Algeria","DZ","DZA","Mascara","","10915","1012409679"
"Barnoldswick","Barnoldswick","53.9147","-2.1895","United Kingdom","GB","GBR","Lancashire","","10915","1826332641"
"Blitta","Blitta","8.3234","0.9859","Togo","TG","TGO","Centrale","","10915","1768095993"
"Varto","Varto","39.1731","41.4558","Turkey","TR","TUR","Muş","minor","10914","1792985807"
"Arniya","Arniya","25.7150","85.5448","India","IN","IND","Bihār","","10913","1356888928"
"Venosa","Venosa","40.9667","15.8167","Italy","IT","ITA","Basilicata","","10913","1380807086"
"White City","White City","42.4316","-122.8322","United States","US","USA","Oregon","","10913","1840018673"
"Derinkuyu","Derinkuyu","38.3736","34.7347","Turkey","TR","TUR","Nevşehir","minor","10912","1792177319"
"Bueno Brandão","Bueno Brandao","-22.4408","-46.3508","Brazil","BR","BRA","Minas Gerais","minor","10911","1076032928"
"Lowell","Lowell","41.2917","-87.4195","United States","US","USA","Indiana","","10911","1840009260"
"Groaíras","Groairas","-3.9128","-40.3828","Brazil","BR","BRA","Ceará","minor","10910","1076421246"
"Conceição do Castelo","Conceicao do Castelo","-20.3678","-41.2439","Brazil","BR","BRA","Espírito Santo","minor","10910","1076739978"
"Água Doce","Agua Doce","-18.5464","-40.9828","Brazil","BR","BRA","Espírito Santo","minor","10909","1076588183"
"Kavaklıdere","Kavaklidere","37.4469","28.3633","Turkey","TR","TUR","Muğla","minor","10909","1792919574"
"Sedaví","Sedavi","39.4250","-0.3850","Spain","ES","ESP","Valencia","","10908","1724655094"
"Cumayeri","Cumayeri","40.8736","30.9508","Turkey","TR","TUR","Düzce","minor","10908","1792461502"
"Costeşti","Costesti","46.8678","28.8022","Moldova","MD","MDA","Ialoveni","","10907","1498958182"
"Meulebeke","Meulebeke","50.9500","3.2833","Belgium","BE","BEL","Flanders","","10906","1056545779"
"Tifni","Tifni","31.6281","-6.9444","Morocco","MA","MAR","Béni Mellal-Khénifra","","10906","1504629455"
"Oued Sebbah","Oued Sebbah","35.3725","-0.8114","Algeria","DZ","DZA","Aïn Temouchent","","10905","1012143722"
"Ogose","Ogose","35.9645","139.2942","Japan","JP","JPN","Saitama","","10905","1392027157"
"Krosno Odrzańskie","Krosno Odrzanskie","52.0333","15.1000","Poland","PL","POL","Lubuskie","minor","10905","1616603555"
"Yairipok","Yairipok","24.6779","94.0477","India","IN","IND","Manipur","","10904","1356732628"
"Koilakh","Koilakh","26.3358","86.2010","India","IN","IND","Bihār","","10904","1356743184"
"Roque Pérez","Roque Perez","-35.4167","-59.3167","Argentina","AR","ARG","Buenos Aires","minor","10902","1032986084"
"Fife","Fife","47.2329","-122.3518","United States","US","USA","Washington","","10902","1840019853"
"Muswellbrook","Muswellbrook","-32.2656","150.8886","Australia","AU","AUS","New South Wales","","10901","1036253543"
"Lincoln Park","Lincoln Park","40.9239","-74.3035","United States","US","USA","New Jersey","","10901","1840000953"
"Romiley","Romiley","53.4113","-2.0842","United Kingdom","GB","GBR","Stockport","","10900","1826490534"
"Shōō","Shoo","35.0500","134.1167","Japan","JP","JPN","Okayama","","10900","1392003081"
"Tayga","Tayga","56.0667","85.6167","Russia","RU","RUS","Kemerovskaya Oblast’","","10900","1643905675"
"Khānjahānpur","Khanjahanpur","25.6055","86.0927","India","IN","IND","Bihār","","10899","1356018473"
"Sangrām","Sangram","26.3141","86.3515","India","IN","IND","Bihār","","10899","1356053653"
"Staryya Darohi","Staryya Darohi","53.0394","28.2650","Belarus","BY","BLR","Minskaya Voblasts’","minor","10898","1112727949"
"Karikād","Karikad","10.6917","76.0722","India","IN","IND","Kerala","","10898","1356875841"
"Diamniadio","Diamniadio","14.7199","-17.1842","Senegal","SN","SEN","Dakar","","10898","1686338473"
"Chiltiupán","Chiltiupan","13.5833","-89.4667","El Salvador","SV","SLV","La Libertad","","10897","1222311866"
"West Caldwell","West Caldwell","40.8488","-74.2971","United States","US","USA","New Jersey","","10897","1840131595"
"Wantage","Wantage","41.2431","-74.6258","United States","US","USA","New Jersey","","10897","1840081776"
"Passa e Fica","Passa e Fica","-6.4358","-35.6428","Brazil","BR","BRA","Rio Grande do Norte","minor","10896","1076772213"
"Tarwāra","Tarwara","26.2007","84.4874","India","IN","IND","Bihār","","10896","1356286916"
"Minamisanriku","Minamisanriku","38.6793","141.4608","Japan","JP","JPN","Miyagi","","10896","1392003103"
"Summit","Summit","41.7877","-87.8146","United States","US","USA","Illinois","","10896","1840011329"
"Chevigny-Saint-Sauveur","Chevigny-Saint-Sauveur","47.3025","5.1364","France","FR","FRA","Bourgogne-Franche-Comté","","10895","1250570439"
"Arcachon","Arcachon","44.6500","-1.1700","France","FR","FRA","Nouvelle-Aquitaine","minor","10895","1250000809"
"Imeni Chapayeva","Imeni Chapayeva","40.2778","72.6361","Kyrgyzstan","KG","KGZ","Osh","","10895","1417692191"
"Xudat","Xudat","41.6339","48.6772","Azerbaijan","AZ","AZE","Xaçmaz","","10894","1031218803"
"Castel Mella","Castel Mella","45.5000","10.1500","Italy","IT","ITA","Lombardy","","10894","1380864073"
"Oulad Hammou","Oulad Hammou","33.1156","-7.9333","Morocco","MA","MAR","Casablanca-Settat","","10894","1504000988"
"Nyakosoba","Nyakosoba","-29.5047","27.8692","Lesotho","LS","LSO","Maseru","","10893","1426143192"
"Gilbués","Gilbues","-9.8319","-45.3439","Brazil","BR","BRA","Piauí","minor","10892","1076491367"
"Kodmiāl","Kodmial","18.6333","78.9000","India","IN","IND","Andhra Pradesh","","10892","1356078012"
"Mineral de Angangueo","Mineral de Angangueo","19.6167","-100.2833","Mexico","MX","MEX","Michoacán","minor","10892","1484121857"
"Alto Rio Doce","Alto Rio Doce","-21.0258","-43.4108","Brazil","BR","BRA","Minas Gerais","minor","10891","1076504433"
"Kiratpur Rājārām","Kiratpur Rajaram","25.8560","85.2850","India","IN","IND","Bihār","","10891","1356125591"
"Tanant","Tanant","31.8667","-6.9500","Morocco","MA","MAR","Béni Mellal-Khénifra","","10891","1504879588"
"Great Harwood","Great Harwood","53.7860","-2.4080","United Kingdom","GB","GBR","Lancashire","","10890","1826598586"
"Hardia","Hardia","26.6184","84.8857","India","IN","IND","Bihār","","10890","1356109078"
"Erraguntla","Erraguntla","15.2821","78.5106","India","IN","IND","Andhra Pradesh","","10890","1356020263"
"Ghanpur","Ghanpur","17.4989","78.2225","India","IN","IND","Andhra Pradesh","","10890","1356275268"
"Qaşr-e Qomsheh","Qasr-e Qomsheh","29.7756","52.4417","Iran","IR","IRN","Fārs","","10890","1364885265"
"Soyaló","Soyalo","16.9333","-92.9833","Mexico","MX","MEX","Chiapas","minor","10890","1484806087"
"Gornozavodsk","Gornozavodsk","58.3667","58.3333","Russia","RU","RUS","Permskiy Kray","minor","10890","1643388843"
"Bernardo de Irigoyen","Bernardo de Irigoyen","-26.2500","-53.9833","Argentina","AR","ARG","Misiones","minor","10889","1032306627"
"Pocono","Pocono","41.0612","-75.3102","United States","US","USA","Pennsylvania","","10889","1840144156"
"Troy","Troy","38.7268","-89.8977","United States","US","USA","Illinois","","10889","1840010709"
"Damascus","Damascus","45.4233","-122.4436","United States","US","USA","Oregon","","10888","1840018571"
"Sairé","Saire","-8.3278","-35.7058","Brazil","BR","BRA","Pernambuco","minor","10887","1076702989"
"Yacopí","Yacopi","5.4667","-74.3333","Colombia","CO","COL","Cundinamarca","minor","10887","1170241710"
"Annoeullin","Annoeullin","50.5300","2.9336","France","FR","FRA","Hauts-de-France","","10887","1250709099"
"Wisła","Wisla","49.6549","18.8595","Poland","PL","POL","Śląskie","","10887","1616358703"
"Fürth","Furth","49.6500","8.7833","Germany","DE","DEU","Hesse","","10886","1276167147"
"Fındıklı","Findikli","41.1333","41.0167","Turkey","TR","TUR","Rize","minor","10886","1792497318"
"Kapaa","Kapaa","22.0910","-159.3521","United States","US","USA","Hawaii","","10886","1840029499"
"Tremonton","Tremonton","41.7187","-112.1890","United States","US","USA","Utah","","10886","1840021326"
"San Roque","San Roque","-28.5667","-58.7167","Argentina","AR","ARG","Corrientes","minor","10885","1032090970"
"Beni Abbès","Beni Abbes","30.0800","-2.1000","Algeria","DZ","DZA","Béni Abbès","admin","10885","1012633792"
"Inverurie","Inverurie","57.2842","-2.3747","United Kingdom","GB","GBR","Aberdeenshire","","10885","1826552358"
"Kandry","Kandry","54.5500","54.1000","Russia","RU","RUS","Bashkortostan","","10885","1643092340"
"Gentio do Ouro","Gentio do Ouro","-11.4289","-42.5058","Brazil","BR","BRA","Bahia","minor","10884","1076957913"
"Coroaci","Coroaci","-18.6219","-42.2858","Brazil","BR","BRA","Minas Gerais","minor","10884","1076620759"
"Yungay","Yungay","-37.1194","-72.0189","Chile","CL","CHL","Ñuble","","10884","1152990591"
"Lavaur","Lavaur","43.6997","1.8197","France","FR","FRA","Occitanie","","10884","1250001442"
"Hambühren","Hambuhren","52.6333","9.9833","Germany","DE","DEU","Lower Saxony","","10882","1276102080"
"Carencro","Carencro","30.3126","-92.0388","United States","US","USA","Louisiana","","10882","1840015043"
"Boizenburg","Boizenburg","53.3667","10.7167","Germany","DE","DEU","Mecklenburg-Western Pomerania","","10881","1276001527"
"Tarare","Tarare","45.8969","4.4339","France","FR","FRA","Auvergne-Rhône-Alpes","","10881","1250412318"
"Roscoe","Roscoe","42.4256","-89.0084","United States","US","USA","Illinois","","10881","1840011122"
"Conceição dos Ouros","Conceicao dos Ouros","-22.4128","-45.7978","Brazil","BR","BRA","Minas Gerais","minor","10880","1076803809"
"Rāmbilli","Rambilli","17.4644","82.9314","India","IN","IND","Andhra Pradesh","","10880","1356182492"
"Chandūr","Chandur","16.9800","79.0600","India","IN","IND","Andhra Pradesh","","10880","1356371611"
"Timonium","Timonium","39.4459","-76.6032","United States","US","USA","Maryland","","10880","1840026624"
"Bofete","Bofete","-23.1022","-48.2578","Brazil","BR","BRA","São Paulo","minor","10879","1076000023"
"Harri","Harri","26.3238","86.2975","India","IN","IND","Bihār","","10879","1356412471"
"Garkha","Garkha","25.8293","84.8617","India","IN","IND","Bihār","","10879","1356169350"
"Petrovka","Petrovka","42.8392","74.0203","Kyrgyzstan","KG","KGZ","Chüy","","10879","1417874854"
"Węgorzewo","Wegorzewo","54.2167","21.7500","Poland","PL","POL","Warmińsko-Mazurskie","minor","10879","1616206015"
"Mae Wang","Mae Wang","18.6567","98.6816","Thailand","TH","THA","Chiang Mai","minor","10879","1764671792"
"Sahoria Subhai","Sahoria Subhai","25.9028","87.0421","India","IN","IND","Bihār","","10878","1356278574"
"Khān Bebīn","Khan Bebin","37.0097","54.9858","Iran","IR","IRN","Golestān","","10878","1364836717"
"Serravalle","Serravalle","43.9717","12.4817","San Marino","SM","SMR","Serravalle","admin","10878","1674000000"
"Bedford Heights","Bedford Heights","41.4041","-81.5053","United States","US","USA","Ohio","","10876","1840003397"
"Rush","Rush","53.5218","-6.0891","Ireland","IE","IRL","Fingal","","10875","1372361445"
"Pallarimangalam","Pallarimangalam","10.0617","77.0590","India","IN","IND","Kerala","","10875","1356159577"
"Siversk","Siversk","48.8631","38.0972","Ukraine","UA","UKR","Donetska Oblast","","10875","1804761281"
"Kothri Kalān","Kothri Kalan","23.0722","76.8296","India","IN","IND","Madhya Pradesh","","10874","1356711900"
"Douar El Mellaliyine","Douar El Mellaliyine","35.6264","-5.3414","Morocco","MA","MAR","Tanger-Tétouan-Al Hoceïma","","10874","1504244223"
"Santa Rosa de Río Primero","Santa Rosa de Rio Primero","-31.1500","-63.3833","Argentina","AR","ARG","Córdoba","minor","10873","1032062100"
"Shing","Shing","39.2833","67.8000","Tajikistan","TJ","TJK","Sughd","","10873","1762585768"
"Hudson","Hudson","28.3595","-82.6894","United States","US","USA","Florida","","10873","1840014115"
"Stephanskirchen","Stephanskirchen","47.8500","12.1833","Germany","DE","DEU","Bavaria","","10872","1276424384"
"Winnersh","Winnersh","51.4281","-0.8794","United Kingdom","GB","GBR","Wokingham","","10872","1826801533"
"Estanzuela","Estanzuela","15.0000","-89.5667","Guatemala","GT","GTM","Zacapa","minor","10872","1320854533"
"Pānetha","Panetha","21.9200","73.0800","India","IN","IND","Gujarāt","","10872","1356133723"
"Anenii Noi","Anenii Noi","46.8817","29.2308","Moldova","MD","MDA","Anenii Noi","admin","10872","1498650298"
"Fox Lake","Fox Lake","42.4239","-88.1844","United States","US","USA","Illinois","","10872","1840011168"
"Ville-d’Avray","Ville-d'Avray","48.8261","2.1933","France","FR","FRA","Île-de-France","","10871","1250968732"
"Sagarejo","Sagarejo","41.7369","45.3258","Georgia","GE","GEO","K’akheti","minor","10871","1268647899"
"Sugarmill Woods","Sugarmill Woods","28.7299","-82.5010","United States","US","USA","Florida","","10871","1840014063"
"East Cocalico","East Cocalico","40.2242","-76.1057","United States","US","USA","Pennsylvania","","10871","1840148813"
"Churchdown","Churchdown","51.8800","-2.1700","United Kingdom","GB","GBR","Gloucestershire","","10870","1826299477"
"Ankasakasabe","Ankasakasabe","-16.3491","44.8530","Madagascar","MG","MDG","Mahajanga","","10870","1450475974"
"Manville","Manville","40.5420","-74.5892","United States","US","USA","New Jersey","","10870","1840003610"
"Governador Lindenberg","Governador Lindenberg","-19.2519","-40.4608","Brazil","BR","BRA","Espírito Santo","minor","10869","1076956567"
"Steinbach am Taunus","Steinbach am Taunus","50.1667","8.5667","Germany","DE","DEU","Hesse","","10869","1276335395"
"Arouca","Arouca","10.6333","-61.3333","Trinidad and Tobago","TT","TTO","Tunapuna/Piarco","","10869","1780178879"
"Puck","Puck","54.7000","18.4000","Poland","PL","POL","Pomorskie","minor","10868","1616295439"
"Avelino Lopes","Avelino Lopes","-10.1369","-43.9489","Brazil","BR","BRA","Piauí","minor","10866","1076060321"
"Rāmchandarpur","Ramchandarpur","25.2365","86.1459","India","IN","IND","Bihār","","10866","1356832174"
"Rio dos Cedros","Rio dos Cedros","-26.7378","-49.2739","Brazil","BR","BRA","Santa Catarina","minor","10865","1076000091"
"Maryport","Maryport","54.7128","-3.4926","United Kingdom","GB","GBR","Cumbria","","10865","1826196892"
"Phrai Bueng","Phrai Bueng","14.7483","104.3626","Thailand","TH","THA","Si Sa Ket","minor","10864","1764845950"
"Martin","Martin","36.3385","-88.8513","United States","US","USA","Tennessee","","10864","1840015282"
"Guantingzhan","Guantingzhan","40.2492","115.5780","China","CN","CHN","Hebei","","10863","1156272527"
"Bistān","Bistan","21.6979","75.6657","India","IN","IND","Madhya Pradesh","","10863","1356954569"
"Tanippādi","Tanippadi","12.1078","78.8340","India","IN","IND","Tamil Nādu","","10863","1356926881"
"Amjhera","Amjhera","22.5578","75.1185","India","IN","IND","Madhya Pradesh","","10863","1356061312"
"Mataili Khemchand","Mataili Khemchand","25.5612","87.1685","India","IN","IND","Bihār","","10863","1356480907"
"Canton","Canton","32.5975","-90.0317","United States","US","USA","Mississippi","","10863","1840014872"
"Burrel","Burrel","41.6083","20.0111","Albania","AL","ALB","Dibër","","10862","1008883153"
"Etoumbi","Etoumbi","0.0208","14.8933","Congo (Brazzaville)","CG","COG","Cuvette","","10862","1178299694"
"Davos","Davos","46.8091","9.8398","Switzerland","CH","CHE","Graubünden","minor","10862","1756286446"
"Rumburk","Rumburk","50.9517","14.5572","Czechia","CZ","CZE","Ústecký Kraj","","10861","1203370008"
"Vikhorevka","Vikhorevka","56.1167","101.1667","Russia","RU","RUS","Irkutskaya Oblast’","","10861","1643023865"
"Sanjiangkou","Sanjiangkou","24.7579","104.5901","China","CN","CHN","Yunnan","","10860","1156944219"
"Mogotes","Mogotes","6.4833","-72.9667","Colombia","CO","COL","Santander","minor","10860","1170943912"
"Soham","Soham","52.3340","0.3360","United Kingdom","GB","GBR","Cambridgeshire","","10860","1826606528"
"Whitburn","Whitburn","55.8621","-3.6872","United Kingdom","GB","GBR","West Lothian","","10860","1826366350"
"Wan Tau Tong","Wan Tau Tong","22.4423","114.1670","Hong Kong","HK","HKG","","","10860","1344475815"
