"Mogilno","Mogilno","52.6500","17.9500","Poland","PL","POL","Kujawsko-Pomorskie","minor","11453","1616055676"
"Abadiânia","Abadiania","-16.2039","-48.7069","Brazil","BR","BRA","Goiás","minor","11452","1076524654"
"Steha","Steha","35.3646","-4.9306","Morocco","MA","MAR","Tanger-Tétouan-Al Hoceïma","","11452","1504350850"
"Cocentaina","Cocentaina","38.7450","-0.4406","Spain","ES","ESP","Valencia","","11451","1724102234"
"Gravelines","Gravelines","50.9858","2.1283","France","FR","FRA","Hauts-de-France","","11451","1250101998"
"Chakwai","Chakwai","25.0543","85.6620","India","IN","IND","Bihār","","11451","1356150821"
"Ahlaf","Ahlaf","33.2833","-7.2000","Morocco","MA","MAR","Casablanca-Settat","","11451","1504239196"
"Moss Bluff","Moss Bluff","30.3039","-93.2051","United States","US","USA","Louisiana","","11451","1840013962"
"Bellegarde-sur-Valserine","Bellegarde-sur-Valserine","46.1083","5.8267","France","FR","FRA","Auvergne-Rhône-Alpes","","11450","1250265949"
"Hanover","Hanover","41.2012","-75.9290","United States","US","USA","Pennsylvania","","11449","1840148628"
"Cantley","Cantley","45.5667","-75.7833","Canada","CA","CAN","Quebec","","11449","1124000263"
"Esmoriz","Esmoriz","40.9620","-8.6295","Portugal","PT","PRT","Aveiro","","11448","1620854749"
"Humpolec","Humpolec","49.5417","15.3572","Czechia","CZ","CZE","Vysočina","","11447","1203780100"
"Chitauria","Chitauria","25.4869","87.5511","India","IN","IND","Bihār","","11447","1356086519"
"Florestópolis","Florestopolis","-22.8628","-51.3869","Brazil","BR","BRA","Paraná","minor","11446","1076726162"
"Ouro Branco","Ouro Branco","-9.1667","-37.3567","Brazil","BR","BRA","Alagoas","minor","11446","1076943029"
"Madakai","Madakai","12.3278","75.1500","India","IN","IND","Kerala","","11446","1356039693"
"Lauingen","Lauingen","48.5667","10.4333","Germany","DE","DEU","Bavaria","","11445","1276983214"
"Odatturai","Odatturai","11.4577","77.5150","India","IN","IND","Tamil Nādu","","11445","1356169775"
"Montanhas","Montanhas","-6.4858","-35.2878","Brazil","BR","BRA","Rio Grande do Norte","minor","11444","1076024908"
"Baroni Khurd","Baroni Khurd","25.6852","78.3746","India","IN","IND","Madhya Pradesh","","11444","1356096106"
"Ban Saeo","Ban Saeo","20.2158","100.2250","Thailand","TH","THA","Chiang Rai","","11444","1764365143"
"Satuek","Satuek","15.2970","103.2919","Thailand","TH","THA","Buri Ram","minor","11444","1764714909"
"Lovington","Lovington","32.9128","-103.3276","United States","US","USA","New Mexico","","11444","1840020617"
"Mack","Mack","39.1492","-84.6794","United States","US","USA","Ohio","","11444","1840034079"
"Sidéradougou","Sideradougou","10.6876","-4.2627","Burkina Faso","BF","BFA","Cascades","","11443","1854474871"
"Mayate","Mayate","32.2667","-7.5167","Morocco","MA","MAR","Marrakech-Safi","","11443","1504516626"
"Weston","Weston","42.3589","-71.3001","United States","US","USA","Massachusetts","","11443","1840053494"
"Rychnov nad Kněžnou","Rychnov nad Kneznou","50.1631","16.2744","Czechia","CZ","CZE","Královéhradecký Kraj","","11442","1203123765"
"Grünwald","Grunwald","48.0333","11.5167","Germany","DE","DEU","Bavaria","","11442","1276645609"
"Cumandá","Cumanda","-2.2058","-79.1339","Ecuador","EC","ECU","Chimborazo","minor","11442","1218168365"
"Milići","Milici","44.1703","19.0919","Bosnia and Herzegovina","BA","BIH","Srpska, Republika","minor","11441","1070895202"
"Toropets","Toropets","56.5000","31.6500","Russia","RU","RUS","Tverskaya Oblast’","minor","11441","1643009626"
"Sonoita","Sonoita","31.8614","-112.8544","Mexico","MX","MEX","Sonora","minor","11440","1484032951"
"Dhalaa","Dhalaa","35.4611","7.5472","Algeria","DZ","DZA","Khenchela","","11439","1012574182"
"Ajijic","Ajijic","20.3000","-103.2833","Mexico","MX","MEX","Jalisco","","11439","1484699000"
"Ridgefield","Ridgefield","40.8313","-74.0147","United States","US","USA","New Jersey","","11439","1840000897"
"Erin","Erin","43.7667","-80.0667","Canada","CA","CAN","Ontario","","11439","1124418313"
"Saubara","Saubara","-12.7378","-38.7689","Brazil","BR","BRA","Bahia","minor","11438","1076713805"
"Lendinara","Lendinara","45.0850","11.6006","Italy","IT","ITA","Veneto","","11438","1380831674"
"Varzobkala","Varzobkala","38.7667","68.8167","Tajikistan","TJ","TJK","Nohiyahoi Tobei Jumhurí","","11438","1762216505"
"Woodbury","Woodbury","41.3284","-74.1004","United States","US","USA","New York","","11437","1840004883"
"Caetanópolis","Caetanopolis","-19.2950","-44.4189","Brazil","BR","BRA","Minas Gerais","minor","11435","1076848044"
"Ochsenfurt","Ochsenfurt","49.6500","10.0667","Germany","DE","DEU","Bavaria","","11434","1276225092"
"Markham","Markham","41.6000","-87.6904","United States","US","USA","Illinois","","11434","1840008130"
"Puerto Rico","Puerto Rico","2.9383","-73.2083","Colombia","CO","COL","Meta","minor","11433","1170252143"
"Barahkurwa","Barahkurwa","26.1460","86.9237","India","IN","IND","Bihār","","11433","1356119826"
"Volosovo","Volosovo","59.4333","29.4833","Russia","RU","RUS","Leningradskaya Oblast’","minor","11433","1643898126"
"Gandhāri","Gandhari","18.3932","78.1174","India","IN","IND","Andhra Pradesh","","11432","1356140911"
"Hato Corozal","Hato Corozal","3.1833","-73.7500","Colombia","CO","COL","Meta","","11431","1170673872"
"Engen","Engen","47.8528","8.7714","Germany","DE","DEU","Baden-Württemberg","","11431","1276209924"
"Tlacolulan","Tlacolulan","19.6667","-97.0000","Mexico","MX","MEX","Veracruz","minor","11431","1484260116"
"Emet","Emet","39.3333","29.2667","Turkey","TR","TUR","Kütahya","minor","11431","1792855978"
"Er Regueb","Er Regueb","34.8667","9.7833","Tunisia","TN","TUN","Sidi Bouzid","","11430","1788507948"
"Home Gardens","Home Gardens","33.8783","-117.5116","United States","US","USA","California","","11430","1840017987"
"Shāhpur","Shahpur","24.0312","84.0543","India","IN","IND","Jhārkhand","","11429","1356517061"
"La Libertad","La Libertad","12.2167","-85.1667","Nicaragua","NI","NIC","Chontales","minor","11429","1558065930"
"Winton","Winton","37.3854","-120.6173","United States","US","USA","California","","11429","1840018933"
"Ramallo","Ramallo","-33.3167","-60.2000","Argentina","AR","ARG","Buenos Aires","minor","11428","1032462630"
"Medroussa","Medroussa","35.1667","1.2000","Algeria","DZ","DZA","Tiaret","","11428","1012949066"
"Tucson Mountains","Tucson Mountains","32.2822","-111.0773","United States","US","USA","Arizona","","11428","1840153143"
"Notre-Dame-de-l'Île-Perrot","Notre-Dame-de-l'Ile-Perrot","45.3667","-73.9333","Canada","CA","CAN","Quebec","","11427","1124001191"
"San José de Guaribe","San Jose de Guaribe","9.8602","-65.8131","Venezuela","VE","VEN","Guárico","minor","11426","1862268251"
"Kumari","Kumari","25.6564","87.7112","India","IN","IND","Bihār","","11425","1356109646"
"Stradella","Stradella","45.0833","9.3000","Italy","IT","ITA","Lombardy","","11425","1380130500"
"Koori","Koori","37.8494","140.5164","Japan","JP","JPN","Fukushima","","11425","1392003319"
"Mogogelo","Mogogelo","-25.3540","28.1380","South Africa","ZA","ZAF","North West","","11425","1710098983"
"Belgrade","Belgrade","45.7789","-111.1736","United States","US","USA","Montana","","11425","1840018508"
"Kuse","Kuse","35.0759","133.7534","Japan","JP","JPN","Okayama","","11424","1392108255"
"Dorog","Dorog","47.7194","18.7292","Hungary","HU","HUN","Komárom-Esztergom","","11423","1348677837"
"Pallipattu","Pallipattu","13.3361","79.4413","India","IN","IND","Andhra Pradesh","","11423","1356770479"
"New Garden","New Garden","39.8119","-75.7517","United States","US","USA","Pennsylvania","","11423","1840100548"
"Lahaina","Lahaina","20.8848","-156.6618","United States","US","USA","Hawaii","","11423","1840023234"
"Malo Crniće","Malo Crnice","44.5667","21.2833","Serbia","RS","SRB","Malo Crniće","admin","11422","1688544172"
"Kalmiuske","Kalmiuske","47.6667","38.0667","Ukraine","UA","UKR","Donetska Oblast","minor","11422","1804369480"
"Cangas de Narcea","Cangas de Narcea","43.1714","-6.5389","Spain","ES","ESP","Asturias","","11421","1724285161"
"Vakhrusheve","Vakhrusheve","48.1667","38.8333","Ukraine","UA","UKR","Luhanska Oblast","","11421","1804986291"
"Nemyriv","Nemyriv","48.9667","28.8500","Ukraine","UA","UKR","Vinnytska Oblast","minor","11421","1804059627"
"Platteville","Platteville","42.7280","-90.4681","United States","US","USA","Wisconsin","","11421","1840002981"
"Kinattukkadavu","Kinattukkadavu","10.8225","77.0196","India","IN","IND","Tamil Nādu","","11419","1356786175"
"Kondhāli","Kondhali","21.1383","78.6408","India","IN","IND","Mahārāshtra","","11418","1356067990"
"Höhenkirchen-Siegertsbrunn","Hohenkirchen-Siegertsbrunn","48.0167","11.7333","Germany","DE","DEU","Bavaria","","11417","1276421058"
"Haydock","Haydock","53.4678","-2.6609","United Kingdom","GB","GBR","St. Helens","","11416","1826418141"
"Casièr","Casier","45.6436","12.2953","Italy","IT","ITA","Veneto","","11416","1380873159"
"Qax","Qax","41.4194","46.9181","Azerbaijan","AZ","AZE","Qax","admin","11415","1031852971"
"Naliya","Naliya","23.2611","68.8267","India","IN","IND","Gujarāt","","11415","1356368840"
"Sanniquellie","Sanniquellie","7.3622","-8.7061","Liberia","LR","LBR","Nimba","admin","11415","1430949102"
"Jimaní","Jimani","18.4833","-71.8500","Dominican Republic","DO","DOM","Enriquillo","minor","11414","1214388193"
"Hœnheim","Hoenheim","48.6250","7.7553","France","FR","FRA","Grand Est","","11413","1250007037"
"Nový Bor","Novy Bor","50.7553","14.5536","Czechia","CZ","CZE","Liberecký Kraj","","11412","1203651923"
"Mahāgama","Mahagama","25.0342","87.3187","India","IN","IND","Jhārkhand","","11412","1356275174"
"Tourougoumbé","Tourougoumbe","15.2660","-9.2290","Mali","ML","MLI","Kayes","","11412","1466310280"
"Hamilton","Hamilton","39.9432","-77.7327","United States","US","USA","Pennsylvania","","11412","1840147456"
"Kostinbrod","Kostinbrod","42.8170","23.2170","Bulgaria","BG","BGR","Sofia","","11411","1100892739"
"Guinagourou","Guinagourou","9.5667","2.9500","Benin","BJ","BEN","Borgou","","11411","1204101823"
"Sales Oliveira","Sales Oliveira","-20.7719","-47.8378","Brazil","BR","BRA","São Paulo","minor","11411","1076954861"
"Pothia","Pothia","25.5413","87.2637","India","IN","IND","Bihār","","11411","1356317852"
"Senduriā","Senduria","26.7469","84.6754","India","IN","IND","Bihār","","11411","1356107333"
"Rāibāri Mahuawa","Raibari Mahuawa","27.0980","84.2963","India","IN","IND","Bihār","","11411","1356246911"
"Toprakkale","Toprakkale","37.0669","36.1464","Turkey","TR","TUR","Osmaniye","minor","11411","1792333084"
"Shchastia","Shchastia","48.7333","39.2333","Ukraine","UA","UKR","Luhanska Oblast","","11411","1804786776"
"Florennes","Florennes","50.2514","4.6044","Belgium","BE","BEL","Wallonia","","11410","1056332747"
"Sào Amaro das Brotas","Sao Amaro das Brotas","-10.7889","-37.0544","Brazil","BR","BRA","Sergipe","minor","11410","1076944361"
"Cabo Verde","Cabo Verde","-21.4719","-46.3958","Brazil","BR","BRA","Minas Gerais","minor","11410","1076433719"
"Recke","Recke","52.3700","7.7189","Germany","DE","DEU","North Rhine-Westphalia","","11410","1276107083"
"Oulad Friha","Oulad Friha","32.6108","-7.6250","Morocco","MA","MAR","Casablanca-Settat","","11410","1504629949"
"Rejiche","Rejiche","35.4667","11.0333","Tunisia","TN","TUN","Mahdia","","11410","1788954885"
"Port Lavaca","Port Lavaca","28.6181","-96.6278","United States","US","USA","Texas","","11410","1840020996"
"Polyarnyye Zori","Polyarnyye Zori","67.3667","32.5000","Russia","RU","RUS","Murmanskaya Oblast’","","11409","1643472022"
"Borçka","Borcka","41.3636","41.6792","Turkey","TR","TUR","Artvin","minor","11409","1792001054"
"Barro Alto","Barro Alto","-14.9708","-48.9158","Brazil","BR","BRA","Goiás","minor","11408","1076654663"
"Ovidiopol","Ovidiopol","46.2447","30.4447","Ukraine","UA","UKR","Odeska Oblast","minor","11407","1804919289"
"Lopon","Lopon","30.6715","75.3438","India","IN","IND","Punjab","","11406","1356789670"
"Pratāparāmpuram","Prataparampuram","10.6741","79.8512","India","IN","IND","Tamil Nādu","","11406","1356184959"
"Sociedad","Sociedad","13.7000","-88.0167","El Salvador","SV","SLV","Morazán","","11406","1222392301"
"Elk City","Elk City","35.3862","-99.4301","United States","US","USA","Oklahoma","","11406","1840020437"
"Lumaco","Lumaco","-38.1500","-72.9167","Chile","CL","CHL","Araucanía","","11405","1152525115"
"Tegueste","Tegueste","28.5167","-16.3333","Spain","ES","ESP","Canary Islands","","11405","1724441974"
"Majdal Shams","Majdal Shams","33.2667","35.7667","Israel","IL","ISR","Northern","","11405","1376000007"
"Tysvær","Tysvaer","59.3319","5.4897","Norway","NO","NOR","Rogaland","","11405","1578779090"
"Rostraver","Rostraver","40.1690","-79.8087","United States","US","USA","Pennsylvania","","11405","1840144128"
"Gänserndorf","Ganserndorf","48.3406","16.7175","Austria","AT","AUT","Niederösterreich","minor","11404","1040375279"
"Pelileo","Pelileo","-1.3306","-78.5428","Ecuador","EC","ECU","Tungurahua","minor","11403","1218236950"
"San Rafael Obrajuelo","San Rafael Obrajuelo","13.5000","-88.9333","El Salvador","SV","SLV","La Paz","","11403","1222700653"
"Scottburgh","Scottburgh","-30.2833","30.7500","South Africa","ZA","ZAF","KwaZulu-Natal","","11403","1710536127"
"Wilton Manors","Wilton Manors","26.1593","-80.1395","United States","US","USA","Florida","","11403","1840016004"
"Kirchhundem","Kirchhundem","51.0667","8.0833","Germany","DE","DEU","North Rhine-Westphalia","","11402","1276082488"
"Muscoy","Muscoy","34.1552","-117.3477","United States","US","USA","California","","11402","1840028097"
"Touama","Touama","31.5339","-7.4872","Morocco","MA","MAR","Marrakech-Safi","","11401","1504529527"
"Kuřim","Kurim","49.2986","16.5314","Czechia","CZ","CZE","Jihomoravský Kraj","","11400","1203206546"
"Buzhum","Buzhum","40.0048","70.8352","Kyrgyzstan","KG","KGZ","Batken","minor","11400","1417101582"
"El Menzel","El Menzel","33.8389","-4.5458","Morocco","MA","MAR","Fès-Meknès","","11400","1504965368"
"Laren","Laren","52.2500","5.2333","Netherlands","NL","NLD","Noord-Holland","minor","11400","1528663323"
"Sharg‘un","Sharg`un","38.4600","67.9669","Uzbekistan","UZ","UZB","Surxondaryo","","11400","1860470094"
"Bath","Bath","42.3219","-77.3083","United States","US","USA","New York","","11400","1840004559"
"Dawley","Dawley","52.6630","-2.4670","United Kingdom","GB","GBR","Telford and Wrekin","","11399","1826162045"
"East Glenville","East Glenville","42.8648","-73.9256","United States","US","USA","New York","","11399","1840004444"
"Dobbs Ferry","Dobbs Ferry","41.0127","-73.8697","United States","US","USA","New York","","11397","1840004952"
"Gundrājukuppam","Gundrajukuppam","13.3406","79.5687","India","IN","IND","Andhra Pradesh","","11395","1356127506"
"Suffern","Suffern","41.1138","-74.1422","United States","US","USA","New York","","11395","1840004987"
"Wealdstone","Wealdstone","51.5957","-0.3352","United Kingdom","GB","GBR","Brent","","11394","1826291904"
"Grosse Pointe Park","Grosse Pointe Park","42.3794","-82.9287","United States","US","USA","Michigan","","11394","1840003978"
"East Grand Rapids","East Grand Rapids","42.9464","-85.6088","United States","US","USA","Michigan","","11394","1840002927"
"San Michele al Tagliamento","San Michele al Tagliamento","45.7636","12.9953","Italy","IT","ITA","Veneto","","11393","1380617827"
"Spencer","Spencer","43.1468","-95.1534","United States","US","USA","Iowa","","11393","1840000381"
"Enebakk","Enebakk","59.7639","11.1444","Norway","NO","NOR","Viken","","11392","1578782892"
"São João das Lampas","Sao Joao das Lampas","38.8700","-9.4211","Portugal","PT","PRT","Lisboa","","11392","1620510055"
"Montegrotto Terme","Montegrotto Terme","45.3333","11.7833","Italy","IT","ITA","Veneto","","11391","1380955470"
"Yāllūru","Yalluru","15.3063","78.4559","India","IN","IND","Andhra Pradesh","","11390","1356167556"
"Greetland","Greetland","53.6869","-1.8714","United Kingdom","GB","GBR","Calderdale","","11389","1826686743"
"Higashiizu","Higashiizu","34.7667","139.0333","Japan","JP","JPN","Shizuoka","","11389","1392002862"
"La Homa","La Homa","26.2796","-98.3575","United States","US","USA","Texas","","11389","1840037093"
"Kincardine","Kincardine","44.1667","-81.6333","Canada","CA","CAN","Ontario","","11389","1124781881"
"Wittingen","Wittingen","52.7167","10.7333","Germany","DE","DEU","Lower Saxony","","11388","1276184475"
"Diez","Diez","50.3708","8.0158","Germany","DE","DEU","Rhineland-Palatinate","","11388","1276836214"
"Simrāhi","Simrahi","26.3135","86.8454","India","IN","IND","Bihār","","11388","1356589770"
"Nörvenich","Norvenich","50.8000","6.6500","Germany","DE","DEU","North Rhine-Westphalia","","11387","1276001252"
"Newport","Newport","52.7691","-2.3787","United Kingdom","GB","GBR","Telford and Wrekin","","11387","1826096263"
"Eldorado","Eldorado","-23.7869","-54.2839","Brazil","BR","BRA","Mato Grosso do Sul","minor","11386","1076329907"
"Pihuamo","Pihuamo","18.9500","-103.1670","Mexico","MX","MEX","Jalisco","minor","11386","1484848423"
"Guachetá","Guacheta","5.3856","-73.6856","Colombia","CO","COL","Cundinamarca","minor","11385","1170660676"
"Rothenburg ob der Tauber","Rothenburg ob der Tauber","49.3833","10.1833","Germany","DE","DEU","Bavaria","","11385","1276993004"
"Mancha Real","Mancha Real","37.7864","-3.6125","Spain","ES","ESP","Andalusia","","11385","1724902974"
"Falimāri","Falimari","26.3856","89.8233","India","IN","IND","West Bengal","","11385","1356480147"
"Sidi Tabet","Sidi Tabet","36.9139","10.0361","Tunisia","TN","TUN","L’Ariana","","11385","1788986316"
"Batesville","Batesville","35.7687","-91.6227","United States","US","USA","Arkansas","","11385","1840013398"
"Noeux-les-Mines","Noeux-les-Mines","50.4803","2.6656","France","FR","FRA","Hauts-de-France","","11384","1250980395"
"Oregon","Oregon","42.9253","-89.3892","United States","US","USA","Wisconsin","","11384","1840002922"
"Anjuna","Anjuna","15.5833","73.7333","India","IN","IND","Goa","","11383","1356248951"
"Lakhipur","Lakhipur","26.3281","88.3863","India","IN","IND","West Bengal","","11383","1356040797"
"Hejiaji","Hejiaji","37.3569","109.8514","China","CN","CHN","Shaanxi","","11382","1156907125"
"Saint-Junien","Saint-Junien","45.8881","0.9019","France","FR","FRA","Nouvelle-Aquitaine","","11382","1250815843"
"Konakondla","Konakondla","15.1053","77.3640","India","IN","IND","Andhra Pradesh","","11382","1356280772"
"Campobello di Mazara","Campobello di Mazara","37.6333","12.7500","Italy","IT","ITA","Sicilia","","11382","1380253064"
"Chekmagush","Chekmagush","55.1333","54.6667","Russia","RU","RUS","Bashkortostan","minor","11382","1643906704"
"Lijiacha","Lijiacha","37.2475","109.4103","China","CN","CHN","Shaanxi","","11381","1156627939"
"Samayanallūr","Samayanallur","9.9792","78.0359","India","IN","IND","Tamil Nādu","","11381","1356429861"
"Halavāgalu","Halavagalu","14.7083","75.7753","India","IN","IND","Karnātaka","","11381","1356918529"
"Gräfenhainichen","Grafenhainichen","51.7167","12.4333","Germany","DE","DEU","Saxony-Anhalt","","11380","1276450109"
"Kranenburg","Kranenburg","51.7897","6.0072","Germany","DE","DEU","North Rhine-Westphalia","","11380","1276141690"
"Buckhurst Hill","Buckhurst Hill","51.6320","0.0360","United Kingdom","GB","GBR","Essex","","11380","1826018401"
"Baghmaria","Baghmaria","26.4400","86.4300","India","IN","IND","Bihār","","11380","1356493117"
"Harji","Harji","25.3000","72.8500","India","IN","IND","Rājasthān","","11380","1356942063"
"Bind","Bind","25.3035","85.6869","India","IN","IND","Bihār","","11379","1356236664"
"Santa Fé","Santa Fe","-23.0378","-51.8050","Brazil","BR","BRA","Paraná","minor","11378","1076690587"
"Garuva","Garuva","-26.0269","-48.8550","Brazil","BR","BRA","Santa Catarina","minor","11378","1076424163"
"Welzheim","Welzheim","48.8747","9.6344","Germany","DE","DEU","Baden-Württemberg","","11378","1276045821"
"Vaux-le-Pénil","Vaux-le-Penil","48.5257","2.6824","France","FR","FRA","Île-de-France","","11378","1250695346"
"Sarjāpur","Sarjapur","12.8600","77.7860","India","IN","IND","Karnātaka","","11378","1356750832"
"Campo do Meio","Campo do Meio","-21.1069","-45.8300","Brazil","BR","BRA","Minas Gerais","minor","11377","1076591121"
"Sālamedu","Salamedu","11.9088","79.4919","India","IN","IND","Tamil Nādu","","11377","1356204683"
"Pīr Maker","Pir Maker","25.9622","85.0257","India","IN","IND","Bihār","","11377","1356019955"
"Rosario de Mora","Rosario de Mora","13.5833","-89.2167","El Salvador","SV","SLV","San Salvador","","11377","1222795595"
"Staden","Staden","50.9833","3.0167","Belgium","BE","BEL","Flanders","","11376","1056254090"
"Harrow Weald","Harrow Weald","51.6040","-0.3390","United Kingdom","GB","GBR","Harrow","","11376","1826880341"
"Sevilla","Sevilla","9.7000","124.0500","Philippines","PH","PHL","Bohol","","11376","1608440527"
"Great Bookham","Great Bookham","51.2780","-0.3730","United Kingdom","GB","GBR","Surrey","","11375","1826910231"
"Little Bookham","Little Bookham","51.2804","-0.3897","United Kingdom","GB","GBR","Surrey","","11375","1826002700"
"Bānsbāri","Bansbari","26.1934","87.4498","India","IN","IND","Bihār","","11374","1356119213"
"Uchchangidurgam","Uchchangidurgam","14.5614","76.0537","India","IN","IND","Karnātaka","","11373","1356742899"
"Kochkor","Kochkor","42.2155","75.7566","Kyrgyzstan","KG","KGZ","Naryn","minor","11373","1417678105"
"Buuhoodle","Buuhoodle","8.2547","46.3283","Somalia","SO","SOM","Togdheer","","11373","1706850351"
"Musile di Piave","Musile di Piave","45.6178","12.5650","Italy","IT","ITA","Veneto","","11372","1380177737"
"Bridgeton","Bridgeton","38.7673","-90.4275","United States","US","USA","Missouri","","11372","1840006129"
"Elliot Lake","Elliot Lake","46.3833","-82.6500","Canada","CA","CAN","Ontario","","11372","1124793448"
"Handewitt","Handewitt","54.7667","9.3167","Germany","DE","DEU","Schleswig-Holstein","","11371","1276919280"
"Pelsall","Pelsall","52.6310","-1.9720","United Kingdom","GB","GBR","Walsall","","11371","1826666565"
"Kamiita","Kamiita","34.1167","134.4000","Japan","JP","JPN","Tokushima","","11370","1392003439"
"Okmulgee","Okmulgee","35.6134","-96.0068","United States","US","USA","Oklahoma","","11370","1840020400"
"Humahuaca","Humahuaca","-23.2000","-65.3500","Argentina","AR","ARG","Jujuy","minor","11369","1032904210"
"Alcântaras","Alcantaras","-3.5889","-40.5458","Brazil","BR","BRA","Ceará","minor","11369","1076451406"
"Bhagwatpur","Bhagwatpur","25.7484","85.7016","India","IN","IND","Bihār","","11369","1356225654"
"Biddupur","Biddupur","25.6464","85.3203","India","IN","IND","Bihār","","11369","1356015536"
"Waihee-Waiehu","Waihee-Waiehu","20.9188","-156.5063","United States","US","USA","Hawaii","","11369","1840037549"
"Puyehue","Puyehue","-40.6833","-72.6000","Chile","CL","CHL","Los Lagos","","11368","1152232411"
"Harsum","Harsum","52.2000","9.9500","Germany","DE","DEU","Lower Saxony","","11368","1276328297"
"Zambrano","Zambrano","9.7500","-74.8333","Colombia","CO","COL","Bolívar","minor","11367","1170000087"
"Eichenzell","Eichenzell","50.4833","9.7000","Germany","DE","DEU","Hesse","","11367","1276335851"
"Byerazino","Byerazino","53.8333","28.9833","Belarus","BY","BLR","Minskaya Voblasts’","minor","11366","1112685859"
"Jódar","Jodar","37.8333","-3.3500","Spain","ES","ESP","Andalusia","","11366","1724042149"
"Parora","Parora","25.8022","87.4032","India","IN","IND","Bihār","","11366","1356013365"
"Rheinau","Rheinau","48.6678","7.9347","Germany","DE","DEU","Baden-Württemberg","","11365","1276702024"
"Baghra","Baghra","25.5597","85.5841","India","IN","IND","Bihār","","11365","1356948344"
"Ātharga","Atharga","16.9875","75.8863","India","IN","IND","Karnātaka","","11365","1356320437"
"San José del Fragua","San Jose del Fragua","1.3286","-75.9728","Colombia","CO","COL","Caquetá","minor","11364","1170931653"
"Lonate Pozzolo","Lonate Pozzolo","45.6000","8.7500","Italy","IT","ITA","Lombardy","","11364","1380295978"
"Resende","Resende","41.1000","-7.9500","Portugal","PT","PRT","Viseu","minor","11364","1620858385"
"Arumbākkam","Arumbakkam","13.5427","80.0690","India","IN","IND","Tamil Nādu","","11363","1356038643"
"Meghraj","Meghraj","23.5000","73.5000","India","IN","IND","Gujarāt","","11363","1356158185"
"Jamhor","Jamhor","24.8486","84.3258","India","IN","IND","Bihār","","11362","1356116292"
"Pachāhi","Pachahi","26.1932","86.3597","India","IN","IND","Bihār","","11362","1356119813"
"Manpaur","Manpaur","26.5081","85.9478","India","IN","IND","Bihār","","11361","1356527351"
"Sidi Baizid","Sidi Baizid","35.7500","2.3833","Algeria","DZ","DZA","Médéa","","11360","1012677320"
"Carnoustie","Carnoustie","56.5010","-2.7100","United Kingdom","GB","GBR","Angus","","11360","1826799363"
"Gardone Val Trompia","Gardone Val Trompia","45.6833","10.1833","Italy","IT","ITA","Lombardy","","11360","1380641639"
"Zierikzee","Zierikzee","51.6497","3.9164","Netherlands","NL","NLD","Zeeland","minor","11360","1528091477"
"Belén","Belen","-23.4695","-57.2400","Paraguay","PY","PRY","Concepción","","11359","1600551990"
"Phulparās","Phulparas","26.3549","86.4908","India","IN","IND","Bihār","","11358","1356118381"
"Manappakkam","Manappakkam","13.0108","80.1686","India","IN","IND","Tamil Nādu","","11358","1356119464"
"Kalinagar","Kalinagar","22.4383","88.1150","India","IN","IND","West Bengal","","11358","1356809062"
"Newtown","Newtown","52.5132","-3.3141","United Kingdom","GB","GBR","Powys","","11357","1826506895"
"Bromont","Bromont","45.3167","-72.6500","Canada","CA","CAN","Quebec","","11357","1124286457"
"Parvatgiri","Parvatgiri","17.7417","79.7264","India","IN","IND","Andhra Pradesh","","11355","1356961771"
"Perāmpuzha","Perampuzha","12.1343","75.3006","India","IN","IND","Kerala","","11355","1356101617"
"Rancho Mission Viejo","Rancho Mission Viejo","33.5140","-117.5618","United States","US","USA","California","","11355","1840147893"
"Bargaon","Bargaon","25.3455","84.6607","India","IN","IND","Bihār","","11354","1356697109"
"Bishunpur","Bishunpur","26.1561","87.2711","India","IN","IND","Bihār","","11353","1356588689"
"Monte Sant’Angelo","Monte Sant'Angelo","41.7000","15.9667","Italy","IT","ITA","Puglia","","11353","1380439679"
"Akola","Akola","27.0656","77.8808","India","IN","IND","Uttar Pradesh","","11351","1356019752"
"Talaigua Nuevo","Talaigua Nuevo","9.3069","-74.5686","Colombia","CO","COL","Bolívar","minor","11350","1170791252"
"Bataiporã","Bataipora","-22.2953","-53.2711","Brazil","BR","BRA","Mato Grosso do Sul","minor","11349","1076881437"
"Vitry-le-François","Vitry-le-Francois","48.7256","4.5853","France","FR","FRA","Grand Est","minor","11349","1250909820"
"Downham Market","Downham Market","52.6000","0.3900","United Kingdom","GB","GBR","Norfolk","","11349","1826885065"
"Tököl","Tokol","47.3219","18.9619","Hungary","HU","HUN","Pest","","11349","1348214866"
"Douar Trougout","Douar Trougout","35.1800","-3.7700","Morocco","MA","MAR","Oriental","","11348","1504618230"
"Charouine","Charouine","29.0186","-0.2578","Algeria","DZ","DZA","Adrar","","11347","1012755999"
"Ploufragan","Ploufragan","48.4900","-2.7940","France","FR","FRA","Bretagne","","11347","1250978850"
"Cardoso","Cardoso","-20.0819","-49.9139","Brazil","BR","BRA","São Paulo","minor","11345","1076910611"
"Taurisano","Taurisano","39.9568","18.2200","Italy","IT","ITA","Puglia","","11345","1380474731"
"Vaal Reefs","Vaal Reefs","-26.9290","26.7360","South Africa","ZA","ZAF","North West","","11345","1710816410"
"Nalambūr","Nalambur","13.0867","80.1703","India","IN","IND","Tamil Nādu","","11344","1356028475"
"Cherlagandlapālem","Cherlagandlapalem","16.0069","80.6117","India","IN","IND","Andhra Pradesh","","11342","1356021863"
"Calatrava","Calatrava","12.6167","122.0708","Philippines","PH","PHL","Romblon","","11342","1608281259"
"Pimenteiras","Pimenteiras","-6.2450","-41.4189","Brazil","BR","BRA","Piauí","minor","11341","1076933547"
"Cocoa Beach","Cocoa Beach","28.3327","-80.6274","United States","US","USA","Florida","","11341","1840015093"
"Lyuban","Lyuban","52.7819","28.0525","Belarus","BY","BLR","Minskaya Voblasts’","minor","11339","1112654360"
"Capaci","Capaci","38.1667","13.2333","Italy","IT","ITA","Sicilia","","11339","1380855471"
"Fulton","Fulton","43.3171","-76.4167","United States","US","USA","New York","","11339","1840000347"
"Teniet el Abed","Teniet el Abed","35.2469","6.1906","Algeria","DZ","DZA","Batna","","11338","1012253314"
"Polýkastro","Polykastro","41.0000","22.5667","Greece","GR","GRC","Kentrikí Makedonía","minor","11338","1300678089"
"Kurgunta","Kurgunta","17.2000","77.3600","India","IN","IND","Karnātaka","","11337","1356004478"
"Domneşti","Domnesti","44.4000","25.9167","Romania","RO","ROU","Ilfov","","11337","1642623340"
"Somerville","Somerville","-38.2260","145.1770","Australia","AU","AUS","Victoria","","11336","1036275983"
"Möglingen","Moglingen","48.8883","9.1292","Germany","DE","DEU","Baden-Württemberg","","11334","1276353037"
"Dharmaj","Dharmaj","22.4167","72.8000","India","IN","IND","Gujarāt","","11334","1356593896"
"Waidhofen an der Ybbs","Waidhofen an der Ybbs","47.9667","14.7667","Austria","AT","AUT","Niederösterreich","","11333","1040615361"
"Machados","Machados","-7.6858","-35.5150","Brazil","BR","BRA","Pernambuco","minor","11333","1076004279"
"Yanahuanca","Yanahuanca","-10.4914","-76.5136","Peru","PE","PER","Pasco","","11333","1604618204"
"Gustavsberg","Gustavsberg","59.3167","18.3833","Sweden","SE","SWE","Stockholm","minor","11333","1752098351"
"Nußloch","Nussloch","49.3236","8.6939","Germany","DE","DEU","Baden-Württemberg","","11332","1276967594"
"Kozloduy","Kozloduy","43.7833","23.7333","Bulgaria","BG","BGR","Vratsa","minor","11331","1100662672"
"Gouvêa","Gouvea","-18.4560","-43.7424","Brazil","BR","BRA","Minas Gerais","minor","11331","1076858682"
"Rodenbach","Rodenbach","50.1389","9.0417","Germany","DE","DEU","Hesse","","11331","1276944139"
"Natshal","Natshal","22.1957","88.0272","India","IN","IND","West Bengal","","11331","1356961923"
"Besalampy","Besalampy","-16.7495","44.4833","Madagascar","MG","MDG","Mahajanga","","11331","1450740445"
"El Quisco","El Quisco","-33.3913","-71.6929","Chile","CL","CHL","Valparaíso","","11329","1152280245"
"Santa Rosa de Viterbo","Santa Rosa de Viterbo","5.8833","-72.9833","Colombia","CO","COL","Boyacá","minor","11329","1170798661"
"Pāpireddippatti","Papireddippatti","11.9140","78.3675","India","IN","IND","Tamil Nādu","","11329","1356389803"
"Pemmpéréna","Pemmperena","11.4222","-5.7469","Mali","ML","MLI","Sikasso","","11329","1466569115"
"Sonseca","Sonseca","39.7000","-3.9500","Spain","ES","ESP","Castille-La Mancha","","11328","1724606218"
"Tiruvennanallūr","Tiruvennanallur","11.8589","79.3664","India","IN","IND","Tamil Nādu","","11328","1356327885"
"Roessleville","Roessleville","42.6969","-73.7964","United States","US","USA","New York","","11327","1840033946"
"Māshyāl","Mashyal","17.3226","76.2407","India","IN","IND","Karnātaka","","11326","1356675033"
"Langarivo","Langarivo","-14.6034","50.0552","Madagascar","MG","MDG","Antsiranana","","11326","1450358888"
"Mitchellville","Mitchellville","38.9358","-76.8146","United States","US","USA","Maryland","","11325","1840005951"
"Elon","Elon","36.1016","-79.5086","United States","US","USA","North Carolina","","11325","1840016143"
"Bārīgarh","Barigarh","25.2325","80.0347","India","IN","IND","Madhya Pradesh","","11324","1356681737"
"Ban Bang Lamung","Ban Bang Lamung","13.0470","100.9289","Thailand","TH","THA","Chon Buri","","11324","1764268034"
"Virton","Virton","49.5677","5.5323","Belgium","BE","BEL","Wallonia","minor","11323","1056402368"
"Tabapuã","Tabapua","-20.9639","-49.0319","Brazil","BR","BRA","São Paulo","minor","11323","1076931996"
"Saverne","Saverne","48.7400","7.3600","France","FR","FRA","Grand Est","minor","11323","1250828818"
"Timperley","Timperley","53.3870","-2.3280","United Kingdom","GB","GBR","Trafford","","11323","1826838996"
"Catskill","Catskill","42.2063","-73.9435","United States","US","USA","New York","","11322","1840004650"
"Mülheim-Kärlich","Mulheim-Karlich","50.3869","7.4953","Germany","DE","DEU","Rhineland-Palatinate","","11321","1276940149"
"Masinigudi","Masinigudi","11.5683","76.6409","India","IN","IND","Tamil Nādu","","11321","1356951404"
"Powdersville","Powdersville","34.7826","-82.4959","United States","US","USA","South Carolina","","11321","1840013581"
"Holbrook","Holbrook","42.1471","-71.0057","United States","US","USA","Massachusetts","","11320","1840053551"
"Rudersberg","Rudersberg","48.8856","9.5281","Germany","DE","DEU","Baden-Württemberg","","11319","1276269287"
"Varadarājampettai","Varadarajampettai","11.3553","79.4186","India","IN","IND","Tamil Nādu","","11319","1356171278"
"Capitán Bado","Capitan Bado","-23.2673","-55.5388","Paraguay","PY","PRY","Amambay","","11319","1600353180"
"Tosagua","Tosagua","-0.7800","-80.2600","Ecuador","EC","ECU","Manabí","minor","11317","1218293218"
"Leatherhead","Leatherhead","51.2950","-0.3290","United Kingdom","GB","GBR","Surrey","","11316","1826812300"
"Ban Yang Hom","Ban Yang Hom","19.9222","100.3056","Thailand","TH","THA","Chiang Rai","","11316","1764266179"
"Gracemere","Gracemere","-23.4391","150.4558","Australia","AU","AUS","Queensland","","11315","1036779939"
"Bitritto","Bitritto","41.0500","16.8333","Italy","IT","ITA","Puglia","","11315","1380815119"
"Burslem","Burslem","53.0426","-2.1879","United Kingdom","GB","GBR","Stoke-on-Trent","","11314","1826767635"
"Mărăşeşti","Marasesti","45.8800","27.2300","Romania","RO","ROU","Vrancea","","11314","1642459723"
"Clawson","Clawson","42.5367","-83.1504","United States","US","USA","Michigan","","11314","1840002440"
"Denkendorf","Denkendorf","48.6958","9.3175","Germany","DE","DEU","Baden-Württemberg","","11312","1276329387"
"Cadolzburg","Cadolzburg","49.4500","10.8667","Germany","DE","DEU","Bavaria","","11312","1276504101"
"Worb","Worb","46.9306","7.5644","Switzerland","CH","CHE","Bern","","11311","1756060343"
"Sebt Bni Garfett","Sebt Bni Garfett","35.2500","-5.8333","Morocco","MA","MAR","Tanger-Tétouan-Al Hoceïma","","11311","1504641834"
"Ténenkou","Tenenkou","14.4556","-4.9181","Mali","ML","MLI","Mopti","minor","11310","1466000049"
"Snyder","Snyder","32.7133","-100.9116","United States","US","USA","Texas","","11310","1840022059"
"Tāzhakudi","Tazhakudi","8.2348","77.4533","India","IN","IND","Tamil Nādu","","11309","1356223880"
"Norwell","Norwell","42.1608","-70.8177","United States","US","USA","Massachusetts","","11309","1840053572"
"Hipperholme","Hipperholme","53.7258","-1.8120","United Kingdom","GB","GBR","Calderdale","","11308","1826718988"
"Edasseri","Edasseri","8.6654","76.8459","India","IN","IND","Kerala","","11308","1356161829"
"Janów Lubelski","Janow Lubelski","50.7167","22.4167","Poland","PL","POL","Lubelskie","minor","11308","1616411246"
"Fountain Inn","Fountain Inn","34.6989","-82.2005","United States","US","USA","South Carolina","","11307","1840013500"
"Naryn","Naryn","41.1328","72.0816","Kyrgyzstan","KG","KGZ","Jalal-Abad","","11306","1417067867"
"Dimmbal","Dimmbal","14.0257","-3.6152","Mali","ML","MLI","Mopti","","11306","1466080201"
"Zimna Voda","Zimna Voda","49.8222","23.9028","Ukraine","UA","UKR","Lvivska Oblast","","11306","1804400575"
"Arnprior","Arnprior","45.4333","-76.3500","Canada","CA","CAN","Ontario","","11305","1124700031"
"Tudela","Tudela","10.6360","124.4700","Philippines","PH","PHL","Cebu","","11304","1608811039"
"Biganos","Biganos","44.6450","-0.9772","France","FR","FRA","Nouvelle-Aquitaine","","11303","1250481750"
"Villa Purificación","Villa Purificacion","19.5667","-104.3833","Mexico","MX","MEX","Jalisco","minor","11303","1484448303"
"Tournon-sur-Rhône","Tournon-sur-Rhone","45.0681","4.8333","France","FR","FRA","Auvergne-Rhône-Alpes","minor","11302","1250710845"
"Honmachi","Honmachi","43.9167","144.6667","Japan","JP","JPN","Hokkaidō","","11302","1392192562"
"Selma","Selma","29.5866","-98.3132","United States","US","USA","Texas","","11302","1840022221"
"Ikhlāspur","Ikhlaspur","25.0589","83.6083","India","IN","IND","Bihār","","11301","1356049165"
"Sabana Yegua","Sabana Yegua","18.7167","-71.0167","Dominican Republic","DO","DOM","Valdesia","","11300","1214338368"
"Periya Soragai","Periya Soragai","11.7394","77.9170","India","IN","IND","Tamil Nādu","","11299","1356167576"
"Jem’at Oulad ’Abbou","Jem'at Oulad 'Abbou","33.1156","-7.9333","Morocco","MA","MAR","Casablanca-Settat","","11299","1504650087"
"Sebba","Sebba","13.4333","0.5333","Burkina Faso","BF","BFA","Sahel","minor","11298","1854960093"
"Lafrayta","Lafrayta","31.9167","-7.2500","Morocco","MA","MAR","Marrakech-Safi","","11298","1504011173"
"Caldogno","Caldogno","45.6118","11.5076","Italy","IT","ITA","Veneto","","11297","1380104300"
"Inhassoro","Inhassoro","-21.5347","35.2022","Mozambique","MZ","MOZ","Inhambane","","11297","1508276563"
"Ichinohe","Ichinohe","40.2129","141.2954","Japan","JP","JPN","Iwate","","11296","1392741013"
"Estiva Gerbi","Estiva Gerbi","-22.2708","-46.9450","Brazil","BR","BRA","São Paulo","minor","11295","1076001518"
"Gualcince","Gualcince","14.1237","-88.5428","Honduras","HN","HND","Lempira","","11295","1340233884"
"Batemans Bay","Batemans Bay","-35.7081","150.1744","Australia","AU","AUS","New South Wales","","11294","1036272805"
"Caotan","Caotan","36.2703","105.2033","China","CN","CHN","Gansu","","11294","1156604804"
"Singura","Singura","24.7928","92.9510","India","IN","IND","","","11293","1356020492"
"Commune Sidi Youssef Ben Ahmed","Commune Sidi Youssef Ben Ahmed","33.7861","-4.8152","Morocco","MA","MAR","Fès-Meknès","","11292","1504774244"
"Arslanbob","Arslanbob","41.3382","72.9291","Kyrgyzstan","KG","KGZ","Jalal-Abad","","11291","1417741770"
"Panpuli","Panpuli","9.0214","77.2502","India","IN","IND","Tamil Nādu","","11289","1356212248"
"Teano","Teano","41.2500","14.0667","Italy","IT","ITA","Campania","","11289","1380589250"
"Getulina","Getulina","-21.7986","-49.9286","Brazil","BR","BRA","São Paulo","minor","11287","1076426209"
"Willistown","Willistown","40.0010","-75.4915","United States","US","USA","Pennsylvania","","11286","1840104145"
"Ravenna","Ravenna","41.1612","-81.2422","United States","US","USA","Ohio","","11286","1840009317"
"Golfito","Golfito","8.6526","-83.1733","Costa Rica","CR","CRI","Puntarenas","","11284","1188695145"
"Drochtersen","Drochtersen","53.7000","9.3833","Germany","DE","DEU","Lower Saxony","","11284","1276168894"
"Tikota","Tikota","16.7600","75.6200","India","IN","IND","Karnātaka","","11284","1356037770"
"Antsambalahy","Antsambalahy","-14.7709","49.9586","Madagascar","MG","MDG","Antsiranana","","11284","1450620282"
"Amatenango del Valle","Amatenango del Valle","16.5167","-92.4000","Mexico","MX","MEX","Chiapas","minor","11283","1484632903"
"Ban Kat","Ban Kat","18.1764","97.9339","Thailand","TH","THA","Mae Hong Son","","11283","1764182671"
"Stamboliyski","Stamboliyski","42.1330","24.5330","Bulgaria","BG","BGR","Plovdiv","","11282","1100303839"
"Meru","Meru","24.0097","85.4673","India","IN","IND","Jhārkhand","","11282","1356819085"
"Anderson","Anderson","40.4497","-122.2950","United States","US","USA","California","","11282","1840018733"
"Pedro de Toledo","Pedro de Toledo","-24.2750","-47.2328","Brazil","BR","BRA","São Paulo","minor","11281","1076725526"
"Limavady","Limavady","55.0530","-6.9460","United Kingdom","GB","GBR","Causeway Coast and Glens","","11279","1826976975"
"Stanwell","Stanwell","51.4570","-0.4715","United Kingdom","GB","GBR","Surrey","","11279","1826245987"
"Beldibi","Beldibi","36.8667","28.2667","Turkey","TR","TUR","Muğla","","11278","1792141757"
"De Doorns","De Doorns","-33.4833","19.6833","South Africa","ZA","ZAF","Western Cape","","11278","1710197485"
"North Dundas","North Dundas","45.0833","-75.3500","Canada","CA","CAN","Ontario","","11278","1124000474"
"Tramore","Tramore","52.1589","-7.1464","Ireland","IE","IRL","Waterford","","11277","1372317796"
"Derdara","Derdara","35.1103","-5.2872","Morocco","MA","MAR","Tanger-Tétouan-Al Hoceïma","","11276","1504274445"
"Whitestown","Whitestown","39.9706","-86.3612","United States","US","USA","Indiana","","11276","1840010514"
"Pipariya","Pipariya","25.2593","86.1149","India","IN","IND","Bihār","","11275","1356781644"
"Somavārappatti","Somavarappatti","10.6779","77.2131","India","IN","IND","Tamil Nādu","","11275","1356170243"
"Storm Lake","Storm Lake","42.6431","-95.1960","United States","US","USA","Iowa","","11275","1840000397"
"Kanhāipur","Kanhaipur","25.4542","85.8396","India","IN","IND","Bihār","","11274","1356509493"
"Biri","Biri","12.6700","124.3800","Philippines","PH","PHL","Northern Samar","","11274","1608743251"
"Majanji","Majanji","0.2408","33.9914","Uganda","UG","UGA","Busia","","11274","1800028555"
"Healdsburg","Healdsburg","38.6224","-122.8651","United States","US","USA","California","","11274","1840020242"
"Caimanera","Caimanera","19.9908","-75.1520","Cuba","CU","CUB","Guantánamo","","11273","1192287141"
"Bhilavadi","Bhilavadi","16.8586","74.3317","India","IN","IND","Mahārāshtra","","11273","1356088880"
"Seneffe","Seneffe","50.5167","4.2500","Belgium","BE","BEL","Wallonia","","11272","1056829223"
"Iskapālem","Iskapalem","14.5416","79.8925","India","IN","IND","Andhra Pradesh","","11272","1356927056"
"Riedlingen","Riedlingen","48.1553","9.4728","Germany","DE","DEU","Baden-Württemberg","","11271","1276567884"
"Curimatá","Curimata","-10.0358","-44.3058","Brazil","BR","BRA","Piauí","minor","11270","1076271852"
"Coveñas","Covenas","9.4167","-75.7000","Colombia","CO","COL","Sucre","minor","11270","1170707919"
"Astley","Astley","53.5008","-2.4454","United Kingdom","GB","GBR","Wigan","","11270","1826000042"
"Fallersleben","Fallersleben","52.4189","10.7169","Germany","DE","DEU","Lower Saxony","","11269","1276398324"
"Simeria","Simeria","45.8500","23.0100","Romania","RO","ROU","Hunedoara","","11268","1642409253"
"Riebeeckstad","Riebeeckstad","-27.9188","26.8188","South Africa","ZA","ZAF","Free State","","11268","1710099889"
"Sinor","Sinor","22.0000","73.3000","India","IN","IND","Gujarāt","","11267","1356773680"
"Asthal Bohar","Asthal Bohar","28.8730","76.6420","India","IN","IND","Haryāna","","11267","1356109545"
"Chornomorske","Chornomorske","45.5019","32.7025","Ukraine","UA","UKR","Krym, Avtonomna Respublika","minor","11267","1804755639"
"Caetano","Caetano","-14.3378","-40.9100","Brazil","BR","BRA","Bahia","minor","11266","1076642327"
"Samahuta","Samahuta","25.8542","84.6614","India","IN","IND","Bihār","","11266","1356002044"
"Burtonwood","Burtonwood","53.4302","-2.6614","United Kingdom","GB","GBR","Warrington","","11265","1826767649"
"Bānāvar","Banavar","13.4167","76.1667","India","IN","IND","Karnātaka","","11265","1356909293"
"Trecastagni","Trecastagni","37.6167","15.0833","Italy","IT","ITA","Sicilia","","11265","1380667975"
"Groton","Groton","42.6137","-71.5614","United States","US","USA","Massachusetts","","11265","1840053636"
"Triangle","Triangle","38.5483","-77.3195","United States","US","USA","Virginia","","11265","1840006105"
"Hagen im Bremischen","Hagen im Bremischen","53.3667","8.6500","Germany","DE","DEU","Lower Saxony","","11264","1276318696"
"Kūshk","Kushk","32.6419","51.4997","Iran","IR","IRN","Eşfahān","","11264","1364515692"
"Sīrpanandal","Sirpanandal","11.9741","79.0428","India","IN","IND","Tamil Nādu","","11263","1356207460"
"Prien am Chiemsee","Prien am Chiemsee","47.8667","12.3333","Germany","DE","DEU","Bavaria","","11262","1276129063"
"Santa Cruz","Santa Cruz","-0.5333","-90.3500","Ecuador","EC","ECU","Galápagos","","11262","1218773967"
"Newport East","Newport East","41.5159","-71.2878","United States","US","USA","Rhode Island","","11262","1840073469"
"Montlouis-sur-Loire","Montlouis-sur-Loire","47.3892","0.8281","France","FR","FRA","Centre-Val de Loire","","11261","1250536524"
"Bara Belun","Bara Belun","23.4007","87.9733","India","IN","IND","West Bengal","","11261","1356028053"
"Isselburg","Isselburg","51.8331","6.4667","Germany","DE","DEU","North Rhine-Westphalia","","11260","1276291183"
"Largs","Largs","55.7950","-4.8700","United Kingdom","GB","GBR","North Ayrshire","","11260","1826043639"
"Zawyat Ahançal","Zawyat Ahancal","31.8325","-6.1056","Morocco","MA","MAR","Béni Mellal-Khénifra","","11260","1504237708"
"Søgne","Sogne","58.0942","7.7725","Norway","NO","NOR","Agder","minor","11260","1578522567"
"Beclean","Beclean","47.1797","24.1797","Romania","RO","ROU","Bistriţa-Năsăud","","11260","1642699805"
"Ventersburg","Ventersburg","-28.0833","27.1333","South Africa","ZA","ZAF","Free State","","11260","1710599801"
"Ocean City","Ocean City","39.2681","-74.6020","United States","US","USA","New Jersey","","11260","1840001598"
"Wellesley","Wellesley","43.5500","-80.7167","Canada","CA","CAN","Ontario","","11260","1124590159"
"Edd","Edd","13.9333","41.7000","Eritrea","ER","ERI","Debubawi K’eyyĭḥ Baḥri","","11259","1232211688"
"Sosenskiy","Sosenskiy","54.0500","35.9667","Russia","RU","RUS","Kaluzhskaya Oblast’","","11259","1643480430"
"Warfield","Warfield","51.4420","-0.7370","United Kingdom","GB","GBR","Bracknell Forest","","11258","1826340559"
"Boultham","Boultham","53.2239","-0.5539","United Kingdom","GB","GBR","Lincolnshire","","11258","1826621706"
"Tāmba","Tamba","17.0001","75.9934","India","IN","IND","Karnātaka","","11258","1356102514"
"Datiāna","Datiana","25.4834","84.8628","India","IN","IND","Bihār","","11258","1356047509"
"Kovūrupalli","Kovurupalli","14.7772","79.9999","India","IN","IND","Andhra Pradesh","","11258","1356595540"
"Sant’Ilario d’Enza","Sant'Ilario d'Enza","44.7519","10.4714","Italy","IT","ITA","Emilia-Romagna","","11258","1380666242"
"Niasso","Niasso","13.2008","-5.0403","Mali","ML","MLI","Ségou","","11257","1466909425"
"Oulad Rahmoun","Oulad Rahmoun","32.3278","-6.5006","Morocco","MA","MAR","Béni Mellal-Khénifra","","11256","1504810043"
"Korb","Korb","48.8417","9.3611","Germany","DE","DEU","Baden-Württemberg","","11255","1276683621"
"Jādopur Shukul","Jadopur Shukul","26.5250","84.4341","India","IN","IND","Bihār","","11254","1356833050"
"Fredericksburg","Fredericksburg","30.2660","-98.8751","United States","US","USA","Texas","","11254","1840020898"
"Poko","Poko","3.1500","26.8833","Congo (Kinshasa)","CD","COD","Bas-Uélé","","11253","1180049667"
"Nārāyanavanam","Narayanavanam","13.4200","79.5800","India","IN","IND","Andhra Pradesh","","11253","1356847725"
"El Playón","El Playon","7.4767","-73.2081","Colombia","CO","COL","Santander","minor","11252","1170615390"
"Kin","Kin","26.4561","127.9261","Japan","JP","JPN","Okinawa","","11252","1392554480"
"Roncador","Roncador","-24.6028","-52.2750","Brazil","BR","BRA","Paraná","minor","11251","1076051192"
"Bollullos de la Mitación","Bollullos de la Mitacion","37.3333","-6.1333","Spain","ES","ESP","Andalusia","","11251","1724782674"
"Sajószentpéter","Sajoszentpeter","48.2169","20.7183","Hungary","HU","HUN","Borsod-Abaúj-Zemplén","","11251","1348595790"
"Deodha","Deodha","25.7815","86.1346","India","IN","IND","Bihār","","11251","1356653967"
"Prachatice","Prachatice","49.0131","13.9975","Czechia","CZ","CZE","Jihočeský Kraj","","11250","1203326615"
"Tetyushi","Tetyushi","54.9333","48.8333","Russia","RU","RUS","Tatarstan","","11250","1643097545"
"Lang Suan","Lang Suan","9.9500","99.0667","Thailand","TH","THA","Chumphon","minor","11250","1764676997"
"Satellite Beach","Satellite Beach","28.1782","-80.6019","United States","US","USA","Florida","","11250","1840015961"
"Pontchâteau","Pontchateau","47.4300","-2.0830","France","FR","FRA","Pays de la Loire","","11249","1250637765"
"Priolo Gargallo","Priolo Gargallo","37.1667","15.1833","Italy","IT","ITA","Sicilia","","11249","1380949473"
"Quebrangulo","Quebrangulo","-9.3189","-36.4711","Brazil","BR","BRA","Alagoas","minor","11248","1076029239"
"Klyetsk","Klyetsk","53.0636","26.6372","Belarus","BY","BLR","Minskaya Voblasts’","minor","11248","1112054647"
"Bicske","Bicske","47.4907","18.6363","Hungary","HU","HUN","Fejér","minor","11248","1348286686"
"Taşova","Tasova","40.7500","36.3167","Turkey","TR","TUR","Amasya","minor","11248","1792881496"
"Farciennes","Farciennes","50.4314","4.5475","Belgium","BE","BEL","Wallonia","","11247","1056870201"
"Malkanūr","Malkanur","18.0821","79.3628","India","IN","IND","Andhra Pradesh","","11247","1356942120"
"São João do Manhuaçu","Sao Joao do Manhuacu","-20.3939","-42.1508","Brazil","BR","BRA","Minas Gerais","minor","11246","1076278406"
"Scalea","Scalea","39.8049","15.7969","Italy","IT","ITA","Calabria","","11246","1380684503"
"Alburquerque","Alburquerque","9.6104","123.9549","Philippines","PH","PHL","Bohol","","11246","1608280390"
"Sahsaul","Sahsaul","25.7024","86.7758","India","IN","IND","Bihār","","11245","1356955844"
"Waupun","Waupun","43.6314","-88.7381","United States","US","USA","Wisconsin","","11244","1840002600"
"Las Charcas","Las Charcas","18.4500","-70.6200","Dominican Republic","DO","DOM","Valdesia","","11243","1214615572"
"Makhmālpur","Makhmalpur","25.2870","87.5469","India","IN","IND","Jhārkhand","","11243","1356413405"
"Männedorf","Mannedorf","47.2553","8.6917","Switzerland","CH","CHE","Zürich","","11242","1756961965"
"Herbolzheim","Herbolzheim","48.2219","7.7775","Germany","DE","DEU","Baden-Württemberg","","11242","1276610094"
"Eranāpuram","Eranapuram","11.5581","77.9893","India","IN","IND","Tamil Nādu","","11242","1356169346"
"Vasylkivka","Vasylkivka","48.2083","36.0294","Ukraine","UA","UKR","Dnipropetrovska Oblast","","11242","1804783509"
"Greasley","Greasley","53.0200","-1.2700","United Kingdom","GB","GBR","Nottinghamshire","","11241","1826187766"
"Retie","Retie","51.2658","5.0828","Belgium","BE","BEL","Flanders","","11240","1056722823"
"Saint-Jean","Saint-Jean","43.6664","1.5058","France","FR","FRA","Occitanie","","11239","1250935813"
"La Roche-sur-Foron","La Roche-sur-Foron","46.0673","6.3113","France","FR","FRA","Auvergne-Rhône-Alpes","","11239","1250816265"
"Kpandae","Kpandae","8.4688","-0.0113","Ghana","GH","GHA","Northern","","11239","1288068686"
"Chintakunta","Chintakunta","14.6476","78.4690","India","IN","IND","Andhra Pradesh","","11239","1356352209"
"Bramhabarada","Bramhabarada","20.6683","86.0747","India","IN","IND","Odisha","","11239","1356971899"
"Bardīha Turki","Bardiha Turki","25.8059","85.5441","India","IN","IND","Bihār","","11239","1356079852"
"Kariat Ben Aouda","Kariat Ben Aouda","34.7667","-5.9500","Morocco","MA","MAR","Rabat-Salé-Kénitra","","11238","1504991922"
"Nyírbátor","Nyirbator","47.8353","22.1300","Hungary","HU","HUN","Szabolcs-Szatmár-Bereg","minor","11237","1348699897"
"Attippattu","Attippattu","13.2633","80.2911","India","IN","IND","Tamil Nādu","","11237","1356144266"
"Gethaura","Gethaura","25.6879","87.7092","India","IN","IND","Bihār","","11237","1356427282"
"Kishunpur","Kishunpur","25.3272","87.7173","India","IN","IND","Bihār","","11237","1356155445"
"Paimio","Paimio","60.4500","22.7000","Finland","FI","FIN","Varsinais-Suomi","minor","11236","1246967951"
"San Pablo Atlazalpan","San Pablo Atlazalpan","19.2172","-98.9090","Mexico","MX","MEX","México","","11236","1484948651"
"Sankt Johann im Pongau","Sankt Johann im Pongau","47.3500","13.2000","Austria","AT","AUT","Salzburg","minor","11235","1040330095"
"Pueblo Viejo","Pueblo Viejo","18.4000","-70.7667","Dominican Republic","DO","DOM","Valdesia","","11235","1214567482"
"Lavandevīl","Lavandevil","38.3089","48.8703","Iran","IR","IRN","Gīlān","","11235","1364485386"
"Akjoujt","Akjoujt","19.7470","-14.3910","Mauritania","MR","MRT","Inchiri","admin","11235","1478247793"
"Khera Kalān","Khera Kalan","28.7781","77.0988","India","IN","IND","Delhi","","11234","1356024142"
"Derbisek","Derbisek","41.5608","69.3378","Kazakhstan","KZ","KAZ","Türkistan","","11234","1398930532"
"Kourouma","Kourouma","11.0503","-6.0728","Mali","ML","MLI","Sikasso","","11234","1466530477"
"Beniaján","Beniajan","37.9833","-1.0667","Spain","ES","ESP","Murcia","","11233","1724448777"
"Tentena","Tentena","-1.7822","120.6494","Indonesia","ID","IDN","Sulawesi Tengah","minor","11233","1360336165"
"Bora","Bora","23.6585","76.8112","India","IN","IND","Madhya Pradesh","","11233","1356323207"
"Betânia","Betania","-8.2767","-38.0339","Brazil","BR","BRA","Pernambuco","minor","11232","1076452583"
"Mineiros do Tietê","Mineiros do Tiete","-22.4089","-48.4508","Brazil","BR","BRA","São Paulo","minor","11230","1076206689"
"Resende Costa","Resende Costa","-20.9219","-44.2378","Brazil","BR","BRA","Minas Gerais","minor","11230","1076408656"
"Mountain Ash","Mountain Ash","51.6814","-3.3792","United Kingdom","GB","GBR","Rhondda Cynon Taff","","11230","1826926732"
"Inzago","Inzago","45.5333","9.4833","Italy","IT","ITA","Lombardy","","11230","1380055442"
"Senillosa","Senillosa","-39.0100","-68.4300","Argentina","AR","ARG","Neuquén","","11229","1032262711"
"Pasaco","Pasaco","13.9833","-90.2000","Guatemala","GT","GTM","Jutiapa","minor","11229","1320928744"
"Moyuta","Moyuta","14.0333","-90.0833","Guatemala","GT","GTM","Jutiapa","minor","11229","1320284268"
