"Oliva","Oliva","-32.0333","-63.5667","Argentina","AR","ARG","Córdoba","minor","11672","1032905249"
"Aylesford","Aylesford","51.3033","0.4796","United Kingdom","GB","GBR","Kent","","11671","1826024683"
"Ponteland","Ponteland","55.0480","-1.7470","United Kingdom","GB","GBR","Northumberland","","11671","1826040320"
"Talakād","Talakad","12.1887","77.0289","India","IN","IND","Karnātaka","","11671","1356235838"
"Randaberg","Randaberg","58.9994","5.6186","Norway","NO","NOR","Rogaland","minor","11671","1578935358"
"Oboyan","Oboyan","51.2000","36.2833","Russia","RU","RUS","Kurskaya Oblast’","minor","11671","1643628324"
"São Sebastião do Uatumã","Sao Sebastiao do Uatuma","-2.5719","-57.8708","Brazil","BR","BRA","Amazonas","minor","11670","1076957010"
"Kautālam","Kautalam","15.7711","77.1239","India","IN","IND","Andhra Pradesh","","11670","1356642546"
"Fgura","Fgura","35.8725","14.5228","Malta","MT","MLT","Fgura","admin","11670","1470252842"
"Franklin","Franklin","39.5538","-84.2952","United States","US","USA","Ohio","","11670","1840008466"
"Lakeland Highlands","Lakeland Highlands","27.9572","-81.9496","United States","US","USA","Florida","","11669","1840029047"
"Saint-Cyr-sur-Mer","Saint-Cyr-sur-Mer","43.1789","5.7086","France","FR","FRA","Provence-Alpes-Côte d’Azur","","11668","1250003515"
"Nellipāka","Nellipaka","17.7679","80.8567","India","IN","IND","Andhra Pradesh","","11668","1356878549"
"Keolāri","Keolari","22.3697","79.9060","India","IN","IND","Madhya Pradesh","","11668","1356293927"
"Kāranchedu","Karanchedu","15.8823","80.3170","India","IN","IND","Andhra Pradesh","","11667","1356913774"
"Bayyanagūdem","Bayyanagudem","17.1250","81.3628","India","IN","IND","Andhra Pradesh","","11666","1356678763"
"Befotaka","Befotaka","-17.0833","48.9667","Madagascar","MG","MDG","Toamasina","","11666","1450744693"
"Elavalli","Elavalli","10.5667","76.0833","India","IN","IND","Kerala","","11665","1356537420"
"Chittāttukara","Chittattukara","10.5667","76.0833","India","IN","IND","Kerala","","11665","1356033963"
"Matmata","Matmata","34.1000","-4.5500","Morocco","MA","MAR","Fès-Meknès","","11665","1504966128"
"Granbury","Granbury","32.4475","-97.7702","United States","US","USA","Texas","","11665","1840020749"
"Narasāpuram","Narasapuram","17.1016","81.0765","India","IN","IND","Andhra Pradesh","","11663","1356951411"
"Terenos","Terenos","-20.4419","-54.8600","Brazil","BR","BRA","Mato Grosso do Sul","minor","11662","1076729588"
"Bryn","Bryn","53.4990","-2.6570","United Kingdom","GB","GBR","Wigan","","11662","1826011571"
"Ponte San Pietro","Ponte San Pietro","45.6978","9.5881","Italy","IT","ITA","Lombardy","","11660","1380849496"
"Davenport","Davenport","28.1587","-81.6083","United States","US","USA","Florida","","11660","1840015104"
"Lajosmizse","Lajosmizse","47.0264","19.5575","Hungary","HU","HUN","Bács-Kiskun","","11659","1348320390"
"Marotta","Marotta","43.7697","13.1369","Italy","IT","ITA","Marche","","11659","1380479235"
"Lower Burrell","Lower Burrell","40.5818","-79.7141","United States","US","USA","Pennsylvania","","11659","1840001132"
"Schwieberdingen","Schwieberdingen","48.8778","9.0750","Germany","DE","DEU","Baden-Württemberg","","11658","1276325701"
"Lardero","Lardero","42.4333","-2.4667","Spain","ES","ESP","La Rioja","","11658","1724575965"
"Bagaura","Bagaura","26.0388","84.4624","India","IN","IND","Bihār","","11658","1356073341"
"Stokke","Stokke","59.2236","10.3002","Norway","NO","NOR","Vestfold og Telemark","","11657","1578002148"
"Villa General Belgrano","Villa General Belgrano","-31.9667","-64.5667","Argentina","AR","ARG","Córdoba","","11656","1032447209"
"Berlaar","Berlaar","51.1179","4.6580","Belgium","BE","BEL","Flanders","","11656","1056259824"
"Bhainsahi","Bhainsahi","26.4404","84.5443","India","IN","IND","Bihār","","11656","1356844310"
"Allūr","Allur","14.6800","80.0600","India","IN","IND","Andhra Pradesh","","11656","1356190180"
"Brookhaven","Brookhaven","31.5803","-90.4432","United States","US","USA","Mississippi","","11656","1840013862"
"Pepperell","Pepperell","42.6713","-71.6043","United States","US","USA","Massachusetts","","11656","1840053483"
"Jardim do Seridó","Jardim do Serido","-6.5839","-36.7739","Brazil","BR","BRA","Rio Grande do Norte","minor","11655","1076974092"
"Zofingen","Zofingen","47.2884","7.9475","Switzerland","CH","CHE","Aargau","","11655","1756295445"
"San Pedro Ixcatlán","San Pedro Ixcatlan","18.1500","-96.5000","Mexico","MX","MEX","Oaxaca","","11653","1484497758"
"Méricourt","Mericourt","50.4031","2.8667","France","FR","FRA","Hauts-de-France","","11651","1250515600"
"Nandavaram","Nandavaram","15.8535","77.4843","India","IN","IND","Andhra Pradesh","","11651","1356500526"
"Panamaram","Panamaram","11.7390","76.0730","India","IN","IND","Kerala","","11651","1356548091"
"Villecresnes","Villecresnes","48.7214","2.5342","France","FR","FRA","Île-de-France","","11650","1250263679"
"Sukurhutu","Sukurhutu","23.4433","85.2917","India","IN","IND","Jhārkhand","","11650","1356177695"
"Yirol","Yirol","6.5525","30.4981","South Sudan","SS","SSD","Lakes","","11650","1728880750"
"Hidaka","Hidaka","42.4833","142.0667","Japan","JP","JPN","Hokkaidō","","11648","1392003301"
"Lakri","Lakri","26.2323","84.6933","India","IN","IND","Bihār","","11647","1356122530"
"Jangy-Kyshtak","Jangy-Kyshtak","40.5500","72.7306","Kyrgyzstan","KG","KGZ","Osh","","11647","1417218150"
"Prudhoe","Prudhoe","54.9610","-1.8490","United Kingdom","GB","GBR","Northumberland","","11646","1826202112"
"Samesi","Samesi","26.6145","81.1017","India","IN","IND","Uttar Pradesh","","11646","1356756314"
"Lessogou","Lessogou","13.8118","-3.6026","Mali","ML","MLI","Mopti","","11646","1466420153"
"Mixtla de Altamirano","Mixtla de Altamirano","18.6000","-97.0000","Mexico","MX","MEX","Veracruz","minor","11646","1484655126"
"Babayevo","Babayevo","59.3833","35.9167","Russia","RU","RUS","Vologodskaya Oblast’","","11646","1643658178"
"Fatehābād","Fatehabad","26.0652","84.9722","India","IN","IND","Bihār","","11645","1356317360"
"Carver","Carver","41.8739","-70.7563","United States","US","USA","Massachusetts","","11645","1840053565"
"Mendota Heights","Mendota Heights","44.8815","-93.1400","United States","US","USA","Minnesota","","11644","1840007855"
"Hamilton Square","Hamilton Square","40.2248","-74.6526","United States","US","USA","New Jersey","","11643","1840024324"
"Kāttakampāla","Kattakampala","10.6833","76.0333","India","IN","IND","Kerala","","11642","1356834134"
"Isāpur","Isapur","25.4122","86.9893","India","IN","IND","Bihār","","11642","1356083007"
"Mitai","Mitai","32.7117","131.3078","Japan","JP","JPN","Miyazaki","","11642","1392405708"
"Isaka","Isaka","-21.1401","47.0172","Madagascar","MG","MDG","Fianarantsoa","","11642","1450450756"
"Ansião","Ansiao","39.9167","-8.4333","Portugal","PT","PRT","Leiria","minor","11642","1620604793"
"South Yarmouth","South Yarmouth","41.6692","-70.2005","United States","US","USA","Massachusetts","","11642","1840004766"
"Brock","Brock","44.3167","-79.0833","Canada","CA","CAN","Ontario","","11642","1124001106"
"Cowdenbeath","Cowdenbeath","56.1100","-3.3500","United Kingdom","GB","GBR","Fife","","11640","1826932190"
"Isaszeg","Isaszeg","47.5333","19.4000","Hungary","HU","HUN","Pest","","11640","1348502220"
"Zaoqiao","Zaoqiao","24.6500","120.8667","Taiwan","TW","TWN","Miaoli","","11639","1158591801"
"Kizhakkanela","Kizhakkanela","8.6520","76.8701","India","IN","IND","Kerala","","11638","1356162337"
"Guttenberg","Guttenberg","40.7928","-74.0049","United States","US","USA","New Jersey","","11638","1840003597"
"L’Île-Perrot","L'Ile-Perrot","45.3833","-73.9500","Canada","CA","CAN","Quebec","","11638","1124063001"
"Durbuy","Durbuy","50.3523","5.4568","Belgium","BE","BEL","Wallonia","","11637","1056196256"
"Diósd","Diosd","47.4042","18.9458","Hungary","HU","HUN","Pest","","11637","1348180472"
"Dhanaura","Dhanaura","25.1905","87.2595","India","IN","IND","Bihār","","11637","1356815392"
"Kunkalagunta","Kunkalagunta","16.2969","79.8866","India","IN","IND","Andhra Pradesh","","11637","1356256201"
"Kremenki","Kremenki","54.8833","37.1167","Russia","RU","RUS","Kaluzhskaya Oblast’","","11637","1643139785"
"Zara","Zara","39.8950","37.7531","Turkey","TR","TUR","Sivas","minor","11636","1792319821"
"Candelaria","Candelaria","10.4592","-74.8806","Colombia","CO","COL","Atlántico","minor","11635","1170881306"
"Sonāda","Sonada","26.9620","88.2684","India","IN","IND","West Bengal","","11635","1356109145"
"Lundazi","Lundazi","-12.3000","33.1833","Zambia","ZM","ZMB","Eastern","","11635","1894277247"
"Alcoa","Alcoa","35.8076","-83.9753","United States","US","USA","Tennessee","","11635","1840013404"
"Hemiksem","Hemiksem","51.1500","4.3500","Belgium","BE","BEL","Flanders","","11634","1056061898"
"Karmauli","Karmauli","26.4502","86.1033","India","IN","IND","Bihār","","11634","1356908596"
"Siur","Siur","24.8166","85.6728","India","IN","IND","Bihār","","11634","1356925006"
"University of California-Santa Barbara","University of California-Santa Barbara","34.4151","-119.8568","United States","US","USA","California","","11634","1840153164"
"Nzeto","Nzeto","-7.2333","12.8667","Angola","AO","AGO","Zaire","","11633","1024025450"
"Guaiçara","Guaicara","-21.6219","-49.7986","Brazil","BR","BRA","São Paulo","minor","11633","1076186233"
"Knin","Knin","44.0333","16.1833","Croatia","HR","HRV","Šibensko-Kninska Županija","minor","11633","1191313799"
"Elverum","Elverum","60.8833","11.5667","Norway","NO","NOR","Innlandet","minor","11633","1578144824"
"Angicos","Angicos","-5.6658","-36.6008","Brazil","BR","BRA","Rio Grande do Norte","minor","11632","1076687770"
"Diao’ecun","Diao'ecun","40.7000","115.9000","China","CN","CHN","Hebei","","11631","1156445003"
"La Esperanza","La Esperanza","14.3081","-88.1768","Honduras","HN","HND","Intibucá","admin","11631","1340614286"
"Motegi","Motegi","36.5321","140.1876","Japan","JP","JPN","Tochigi","","11631","1392187288"
"Dérassi","Derassi","10.1667","3.2667","Benin","BJ","BEN","Borgou","","11630","1204113697"
"Berwick-Upon-Tweed","Berwick-Upon-Tweed","55.7692","-2.0025","United Kingdom","GB","GBR","Northumberland","","11630","1826037734"
"Tlachichilco","Tlachichilco","20.6217","-98.1994","Mexico","MX","MEX","Veracruz","minor","11630","1484876244"
"Bad Nenndorf","Bad Nenndorf","52.3369","9.3786","Germany","DE","DEU","Lower Saxony","","11629","1276123356"
"Dammapeta","Dammapeta","17.2667","81.0167","India","IN","IND","Andhra Pradesh","","11629","1356795204"
"Egersund","Egersund","58.4500","6.0067","Norway","NO","NOR","Rogaland","minor","11629","1578432421"
"Ermenek","Ermenek","36.6389","32.8925","Turkey","TR","TUR","Karaman","minor","11629","1792667015"
"Seven Hills","Seven Hills","41.3803","-81.6736","United States","US","USA","Ohio","","11628","1840003411"
"Weiz","Weiz","47.2169","15.6331","Austria","AT","AUT","Steiermark","minor","11627","1040504116"
"Velké Meziříčí","Velke Mezirici","49.3553","16.0122","Czechia","CZ","CZE","Vysočina","","11627","1203943102"
"Miami Shores","Miami Shores","25.8670","-80.1779","United States","US","USA","Florida","","11627","1840018334"
"Pongode","Pongode","16.9246","79.7343","India","IN","IND","Andhra Pradesh","","11626","1356059962"
"Chebrolu","Chebrolu","16.1967","80.5250","India","IN","IND","Andhra Pradesh","","11626","1356096733"
"Plano","Plano","41.6757","-88.5293","United States","US","USA","Illinois","","11626","1840009258"
"Kallakkudi","Kallakkudi","10.9767","78.9525","India","IN","IND","Tamil Nādu","","11625","1356203495"
"Porecatu","Porecatu","-22.7558","-51.3789","Brazil","BR","BRA","Paraná","minor","11624","1076148890"
"Fdérik","Fderik","22.6783","-12.7114","Mauritania","MR","MRT","Tiris Zemmour","","11623","1478557883"
"Castalla","Castalla","38.5967","-0.6708","Spain","ES","ESP","Valencia","","11622","1724005276"
"Ichinomiya","Ichinomiya","35.3667","140.3667","Japan","JP","JPN","Chiba","","11622","1392597662"
"Tepetzintla","Tepetzintla","19.9667","-97.8333","Mexico","MX","MEX","Puebla","minor","11622","1484778629"
"Nawā Nagar Nizāmat","Nawa Nagar Nizamat","26.2895","84.9351","India","IN","IND","Bihār","","11621","1356907104"
"Canton","Canton","44.5802","-75.1978","United States","US","USA","New York","","11620","1840004065"
"Henley on Thames","Henley on Thames","51.5357","-0.9030","United Kingdom","GB","GBR","Oxfordshire","","11619","1826580742"
"Lubaczów","Lubaczow","50.1667","23.1167","Poland","PL","POL","Podkarpackie","minor","11619","1616650009"
"Bucyrus","Bucyrus","40.8054","-82.9719","United States","US","USA","Ohio","","11619","1840007170"
"Alum Rock","Alum Rock","37.3694","-121.8238","United States","US","USA","California","","11619","1840017638"
"Annappes","Annappes","50.6264","3.1506","France","FR","FRA","Hauts-de-France","","11618","1250359981"
"Bolbec","Bolbec","49.5700","0.4700","France","FR","FRA","Normandie","","11618","1250933047"
"Lenvik","Lenvik","69.3836","17.9675","Norway","NO","NOR","Troms og Finnmark","","11618","1578586323"
"Māhta","Mahta","31.6647","75.2509","India","IN","IND","Punjab","","11617","1356322687"
"Nallūr","Nallur","14.0871","75.8778","India","IN","IND","Karnātaka","","11617","1356073992"
"Tamanar","Tamanar","31.0000","-9.6667","Morocco","MA","MAR","Marrakech-Safi","","11617","1504600694"
"Ban Mae Tuen","Ban Mae Tuen","18.0100","98.8809","Thailand","TH","THA","Lamphun","","11617","1764530285"
"Yorktown","Yorktown","40.1830","-85.5123","United States","US","USA","Indiana","","11617","1840010463"
"Balaxanı","Balaxani","40.4625","49.9189","Azerbaijan","AZ","AZE","Bakı","","11615","1031357692"
"Ielmo Marinho","Ielmo Marinho","-5.8239","-35.5528","Brazil","BR","BRA","Rio Grande do Norte","minor","11615","1076424391"
"Kotra","Kotra","22.7062","88.5411","India","IN","IND","West Bengal","","11615","1356847696"
"Summerland","Summerland","49.6006","-119.6778","Canada","CA","CAN","British Columbia","","11615","1124400731"
"Baghambarpur","Baghambarpur","26.8075","84.4059","India","IN","IND","Bihār","","11614","1356494563"
"Tuktukan","Tuktukan","14.5280","121.0718","Philippines","PH","PHL","Taguig","","11614","1608288559"
"Spring Lake","Spring Lake","35.1843","-78.9962","United States","US","USA","North Carolina","","11613","1840017875"
"Ibicuitinga","Ibicuitinga","-4.9739","-38.6389","Brazil","BR","BRA","Ceará","minor","11611","1076229272"
"Xexéu","Xexeu","-8.8019","-35.6269","Brazil","BR","BRA","Pernambuco","minor","11611","1076882581"
"Manabo","Manabo","17.4300","120.7000","Philippines","PH","PHL","Abra","","11611","1608286735"
"Piraúba","Pirauba","-21.2758","-43.0258","Brazil","BR","BRA","Minas Gerais","minor","11610","1076245527"
"Sinzheim","Sinzheim","48.7619","8.1669","Germany","DE","DEU","Baden-Württemberg","","11610","1276428146"
"Ziyodin Shaharchasi","Ziyodin Shaharchasi","40.0342","65.6547","Uzbekistan","UZ","UZB","Samarqand","minor","11610","1860117701"
"Veyrier","Veyrier","46.1667","6.1833","Switzerland","CH","CHE","Genève","","11609","1756988678"
"Betmangala","Betmangala","13.0085","78.3282","India","IN","IND","Karnātaka","","11606","1356016529"
"Rokiškis","Rokiskis","55.9667","25.5833","Lithuania","LT","LTU","Rokiškis","admin","11606","1440918695"
"Ambohimahasoa","Ambohimahasoa","-21.1063","47.2146","Madagascar","MG","MDG","Fianarantsoa","","11606","1450769257"
"Sint Anthonis","Sint Anthonis","51.6258","5.8811","Netherlands","NL","NLD","Noord-Brabant","minor","11606","1528221229"
"Payshamba Shahri","Payshamba Shahri","40.0078","66.2372","Uzbekistan","UZ","UZB","Samarqand","minor","11606","1860071345"
"Georgetown","Georgetown","31.9849","-81.2260","United States","US","USA","Georgia","","11606","1840134450"
"Qaşr-e Qand","Qasr-e Qand","26.2356","60.7408","Iran","IR","IRN","Sīstān va Balūchestān","minor","11605","1364737765"
"Town and Country","Town and Country","38.6317","-90.4790","United States","US","USA","Missouri","","11605","1840010738"
"Rāyavaram","Rayavaram","17.3608","81.7530","India","IN","IND","Andhra Pradesh","","11604","1356746535"
"Minden","Minden","32.6187","-93.2762","United States","US","USA","Louisiana","","11604","1840014864"
"Ascot","Ascot","51.4084","-0.6707","United Kingdom","GB","GBR","Windsor and Maidenhead","","11603","1826467973"
"Sunninghill","Sunninghill","51.4025","-0.6550","United Kingdom","GB","GBR","Windsor and Maidenhead","","11603","1826713508"
"Bad Schwalbach","Bad Schwalbach","50.1333","8.0667","Germany","DE","DEU","Hesse","minor","11602","1276875328"
"Gararu","Gararu","-9.9675","-37.0833","Brazil","BR","BRA","Sergipe","minor","11601","1076493938"
"Sewāi","Sewai","23.6175","85.6783","India","IN","IND","Jhārkhand","","11601","1356178881"
"Kolnād","Kolnad","12.9000","75.0300","India","IN","IND","Karnātaka","","11601","1356761377"
"Cruzeiro do Sul","Cruzeiro do Sul","-29.5128","-51.9850","Brazil","BR","BRA","Rio Grande do Sul","minor","11600","1076987096"
"Tafaraoui","Tafaraoui","35.4833","-0.5167","Algeria","DZ","DZA","Oran","","11600","1012845017"
"Gusinoozërsk","Gusinoozersk","51.2833","106.5167","Russia","RU","RUS","Buryatiya","","11600","1643386183"
"Cadale","Cadale","2.7603","46.3222","Somalia","SO","SOM","Shabeellaha Dhexe","","11600","1706665542"
"Ringwood","Ringwood","41.1065","-74.2749","United States","US","USA","New Jersey","","11600","1840000835"
"Fuente de Oro","Fuente de Oro","3.4667","-73.6167","Colombia","CO","COL","Meta","minor","11599","1170263395"
"Devipattinam","Devipattinam","9.4770","78.8961","India","IN","IND","Tamil Nādu","","11599","1356744974"
"Shuinancun","Shuinancun","23.2995","112.3753","China","CN","CHN","Guangdong","","11598","1156552139"
"Ādūru","Aduru","12.5583","75.1357","India","IN","IND","Kerala","","11598","1356881059"
"Gansbaai","Gansbaai","-34.5828","19.3522","South Africa","ZA","ZAF","Western Cape","","11598","1710726795"
"Santa Comba Dão","Santa Comba Dao","40.3981","-8.1303","Portugal","PT","PRT","Viseu","minor","11597","1620669474"
"Stelle","Stelle","53.3667","10.1167","Germany","DE","DEU","Lower Saxony","","11596","1276799891"
"Renāpur","Renapur","18.5167","76.6000","India","IN","IND","Mahārāshtra","","11596","1356045083"
"Jiquipilas","Jiquipilas","16.6683","-93.6444","Mexico","MX","MEX","Chiapas","minor","11596","1484691049"
"New Baltimore","New Baltimore","38.7495","-77.7151","United States","US","USA","Virginia","","11595","1840024594"
"Raubling","Raubling","47.7881","12.1047","Germany","DE","DEU","Bavaria","","11594","1276126414"
"Enghien-les-Bains","Enghien-les-Bains","48.9697","2.3081","France","FR","FRA","Île-de-France","","11594","1250694122"
"Guraahai","Guraahai","33.6449","74.2301","India","IN","IND","Jammu and Kashmīr","","11594","1356548124"
"Lindon","Lindon","40.3414","-111.7187","United States","US","USA","Utah","","11594","1840020169"
"Chatham","Chatham","47.0443","-65.3781","Canada","CA","CAN","New Brunswick","","11594","1124155559"
"Bassersdorf","Bassersdorf","47.4431","8.6283","Switzerland","CH","CHE","Zürich","","11593","1756124438"
"Halsūr","Halsur","18.0176","77.0098","India","IN","IND","Karnātaka","","11593","1356060970"
"Ankli","Ankli","16.4200","74.5800","India","IN","IND","Karnātaka","","11593","1356026296"
"Phon","Phon","15.8160","102.5998","Thailand","TH","THA","Khon Kaen","minor","11593","1764718749"
"Zero Branco","Zero Branco","45.6000","12.1667","Italy","IT","ITA","Veneto","","11592","1380265651"
"Tilougguit","Tilougguit","32.0333","-6.2000","Morocco","MA","MAR","Béni Mellal-Khénifra","","11592","1504513715"
"Huandacareo","Huandacareo","19.9906","-101.2750","Mexico","MX","MEX","Michoacán","minor","11592","1484155611"
"La Massana","La Massana","42.5444","1.5144","Andorra","AD","AND","La Massana","admin","11591","1020543453"
"Überherrn","Uberherrn","49.2500","6.7000","Germany","DE","DEU","Saarland","","11591","1276864490"
"Santa Lucía","Santa Lucia","-28.9833","-59.1000","Argentina","AR","ARG","Corrientes","minor","11589","1032860386"
"Sablan","Sablan","16.4967","120.4875","Philippines","PH","PHL","Benguet","","11588","1608270967"
"Ross-Bétio","Ross-Betio","16.2793","-16.1398","Senegal","SN","SEN","Saint-Louis","","11588","1686215885"
"Lakeland Village","Lakeland Village","33.6480","-117.3706","United States","US","USA","California","","11587","1840017989"
"Lençóis","Lencois","-12.5628","-41.3900","Brazil","BR","BRA","Bahia","minor","11586","1076448489"
"Sākib","Sakib","32.2854","35.8113","Jordan","JO","JOR","Jarash","","11586","1400579775"
"St. Clements","St. Clements","50.2689","-96.6742","Canada","CA","CAN","Manitoba","","11586","1124000566"
"Elgóibar","Elgoibar","43.2142","-2.4169","Spain","ES","ESP","Basque Country","","11585","1724034254"
"Khimlāsa","Khimlasa","24.2058","78.3639","India","IN","IND","Madhya Pradesh","","11585","1356152023"
"Morūr","Morur","11.4221","77.8743","India","IN","IND","Tamil Nādu","","11585","1356166748"
"Casteldaccia","Casteldaccia","38.0500","13.5333","Italy","IT","ITA","Sicilia","","11585","1380308366"
"Wendell","Wendell","35.7819","-78.3952","United States","US","USA","North Carolina","","11585","1840016200"
"Greensburg","Greensburg","39.3518","-85.5028","United States","US","USA","Indiana","","11585","1840014567"
"Santa Lucía","Santa Lucia","10.3167","-74.9500","Colombia","CO","COL","Atlántico","minor","11584","1170763002"
"Bruay-sur-l’Escaut","Bruay-sur-l'Escaut","50.3989","3.5403","France","FR","FRA","Hauts-de-France","","11584","1250001269"
"Vadakkumbāgam","Vadakkumbagam","10.1487","76.4159","India","IN","IND","Kerala","","11584","1356505703"
"Gainza","Gainza","13.6167","123.1414","Philippines","PH","PHL","Camarines Sur","","11584","1608497467"
"Kurabalakota","Kurabalakota","13.6500","78.4833","India","IN","IND","Andhra Pradesh","","11583","1356135614"
"Novoīshīmskīy","Novoishimskiy","53.1981","66.7694","Kazakhstan","KZ","KAZ","North Kazakhstan","minor","11583","1398493177"
"Mangabe","Mangabe","-16.9202","49.4476","Madagascar","MG","MDG","Toamasina","","11583","1450932004"
"Eningen unter Achalm","Eningen unter Achalm","48.4831","9.2522","Germany","DE","DEU","Baden-Württemberg","","11582","1276247117"
"Yercaud","Yercaud","11.7794","78.2034","India","IN","IND","Tamil Nādu","","11582","1356029064"
"Santa Genoveva de Docordó","Santa Genoveva de Docordo","4.2586","-77.3675","Colombia","CO","COL","Chocó","minor","11579","1170336944"
"San Josecito","San Josecito","10.0126","-84.1119","Costa Rica","CR","CRI","Heredia","","11579","1188695402"
"Sassenage","Sassenage","45.2058","5.6656","France","FR","FRA","Auvergne-Rhône-Alpes","","11579","1250352112"
"Wichelen","Wichelen","51.0000","3.9667","Belgium","BE","BEL","Flanders","","11578","1056534647"
"Zeuthen","Zeuthen","52.3500","13.6281","Germany","DE","DEU","Brandenburg","","11578","1276555681"
"Douar Oulad Naoual","Douar Oulad Naoual","34.4936","-5.7108","Morocco","MA","MAR","Rabat-Salé-Kénitra","","11578","1504215350"
"Saint-Germain-lès-Arpajon","Saint-Germain-les-Arpajon","48.5946","2.2558","France","FR","FRA","Île-de-France","","11577","1250483663"
"Norton","Norton","41.0294","-81.6461","United States","US","USA","Ohio","","11576","1840000800"
"Ipaporanga","Ipaporanga","-4.9000","-40.7589","Brazil","BR","BRA","Ceará","minor","11575","1076064095"
"View Royal","View Royal","48.4517","-123.4339","Canada","CA","CAN","British Columbia","","11575","1124001985"
"Nazareth","Nazareth","50.9667","3.6000","Belgium","BE","BEL","Flanders","","11574","1056053458"
"Melle","Melle","51.0000","3.8000","Belgium","BE","BEL","Flanders","","11574","1056598788"
"Gopālapuram","Gopalapuram","17.1007","81.5406","India","IN","IND","Andhra Pradesh","","11573","1356393154"
"Naīgarhi","Naigarhi","24.7869","81.7787","India","IN","IND","Madhya Pradesh","","11572","1356996534"
"Jethuli","Jethuli","25.5378","85.2841","India","IN","IND","Bihār","","11572","1356530279"
"Castenedolo","Castenedolo","45.4704","10.2967","Italy","IT","ITA","Lombardy","","11572","1380758919"
"Bahādarpur","Bahadarpur","21.2922","76.1806","India","IN","IND","Madhya Pradesh","","11571","1356149062"
"Pettaivāyttalai","Pettaivayttalai","10.9014","78.4940","India","IN","IND","Tamil Nādu","","11571","1356226621"
"Timahdit","Timahdit","33.2369","-5.0600","Morocco","MA","MAR","Fès-Meknès","","11571","1504460788"
"Jīdigunta","Jidigunta","16.9098","81.8553","India","IN","IND","Andhra Pradesh","","11570","1356104777"
"Okuizumo","Okuizumo","35.1975","133.0025","Japan","JP","JPN","Shimane","","11570","1392003330"
"Jarābulus","Jarabulus","36.8175","38.0111","Syria","SY","SYR","Ḩalab","minor","11570","1760404681"
"Ban Mae Kham Lang Wat","Ban Mae Kham Lang Wat","20.2225","99.8561","Thailand","TH","THA","Chiang Rai","","11569","1764260824"
"Villepreux","Villepreux","48.8308","2.0031","France","FR","FRA","Île-de-France","","11568","1250519010"
"Caraguatay","Caraguatay","-25.2384","-56.8269","Paraguay","PY","PRY","Cordillera","","11568","1600813357"
"Patterson","Patterson","41.4849","-73.5921","United States","US","USA","New York","","11568","1840058386"
"Covington","Covington","30.4810","-90.1122","United States","US","USA","Louisiana","","11568","1840015019"
"Santa Cruz da Baixa Verde","Santa Cruz da Baixa Verde","-7.8208","-38.1528","Brazil","BR","BRA","Pernambuco","minor","11567","1076924268"
"Isola della Scala","Isola della Scala","45.2692","11.0107","Italy","IT","ITA","Veneto","","11567","1380191231"
"La Unión","La Union","8.8606","-75.2806","Colombia","CO","COL","Sucre","minor","11566","1170400912"
"Pampas","Pampas","-12.3989","-74.8667","Peru","PE","PER","Huancavelica","minor","11566","1604111840"
"Nieuwpoort","Nieuwpoort","51.1167","2.7500","Belgium","BE","BEL","Flanders","","11565","1056198212"
"Eijsden","Eijsden","50.7778","5.7108","Netherlands","NL","NLD","Limburg","minor","11565","1528761006"
"Landsmeer","Landsmeer","52.4333","4.9167","Netherlands","NL","NLD","Noord-Holland","minor","11565","1528416718"
"Puerto Suárez","Puerto Suarez","-18.9667","-57.7981","Bolivia","BO","BOL","Santa Cruz","","11564","1068099903"
"Mömbris","Mombris","50.0667","9.1667","Germany","DE","DEU","Bavaria","","11564","1276210948"
"Bou Adel","Bou Adel","34.5428","-4.5075","Morocco","MA","MAR","Fès-Meknès","","11564","1504793576"
"Weeze","Weeze","51.6267","6.1967","Germany","DE","DEU","North Rhine-Westphalia","","11563","1276950417"
"Ghal Kalān","Ghal Kalan","30.8189","75.1063","India","IN","IND","Punjab","","11563","1356034842"
"Kushmanchi","Kushmanchi","17.2263","79.9668","India","IN","IND","Andhra Pradesh","","11563","1356597619"
"Signal Hill","Signal Hill","33.8030","-118.1681","United States","US","USA","California","","11563","1840021868"
"Navarro","Navarro","-35.0167","-59.2667","Argentina","AR","ARG","Buenos Aires","minor","11562","1032226525"
"Severnyy","Severnyy","67.6083","64.1233","Russia","RU","RUS","Komi","","11562","1643427677"
"Mossley","Mossley","53.5147","-2.0387","United Kingdom","GB","GBR","Tameside","","11561","1826750637"
"Kopervik","Kopervik","59.2833","5.3000","Norway","NO","NOR","Rogaland","minor","11561","1578682439"
"Yangiqo‘rg‘on","Yangiqo`rg`on","41.1872","71.7333","Uzbekistan","UZ","UZB","Namangan","","11561","1860687497"
"Xiaoba","Xiaoba","26.6499","106.9850","China","CN","CHN","Guizhou","","11560","1156220508"
"Ghinda’e","Ghinda'e","15.4500","39.0833","Eritrea","ER","ERI","Semienawi K’eyyĭḥ Baḥri","","11560","1232629758"
"Silves","Silves","-2.8389","-58.2092","Brazil","BR","BRA","Amazonas","minor","11559","1076795743"
"Sathmalpur","Sathmalpur","25.8749","85.8567","India","IN","IND","Bihār","","11559","1356459117"
"Khandpara","Khandpara","20.2644","85.1767","India","IN","IND","Odisha","","11559","1356116319"
"West Point","West Point","41.1220","-112.0995","United States","US","USA","Utah","","11559","1840021354"
"Belgrave","Belgrave","52.6566","-1.1262","United Kingdom","GB","GBR","Leicester","","11558","1826809657"
"Araçás","Aracas","-12.2200","-38.2028","Brazil","BR","BRA","Bahia","minor","11557","1076854989"
"Holešov","Holesov","49.3333","17.5783","Czechia","CZ","CZE","Zlínský Kraj","","11556","1203380921"
"Perches","Perches","19.5220","-71.9232","Haiti","HT","HTI","Nord-Est","","11556","1332584583"
"Gulgam","Gulgam","34.5500","74.2173","India","IN","IND","Jammu and Kashmīr","","11556","1356407392"
"Norfolk","Norfolk","42.1163","-71.3295","United States","US","USA","Massachusetts","","11556","1840053554"
"Cisneros","Cisneros","6.5383","-75.0886","Colombia","CO","COL","Antioquia","minor","11555","1170710325"
"Esperanza","Esperanza","22.4468","-80.0971","Cuba","CU","CUB","Villa Clara","","11555","1192015755"
"Imouzzer Kandar","Imouzzer Kandar","33.7300","-5.0100","Morocco","MA","MAR","Fès-Meknès","","11555","1504932203"
"Crowley","Crowley","30.2175","-92.3752","United States","US","USA","Louisiana","","11554","1840015041"
"Leāma","Leama","26.2140","85.9980","India","IN","IND","Bihār","","11553","1356631096"
"Kundiawa","Kundiawa","-6.0230","144.9600","Papua New Guinea","PG","PNG","Chimbu","admin","11553","1598730976"
"Molteno","Molteno","-31.3961","26.3631","South Africa","ZA","ZAF","Eastern Cape","","11553","1710419587"
"Itainópolis","Itainopolis","-7.4469","-41.4783","Brazil","BR","BRA","Piauí","minor","11551","1076648651"
"Perumbakkam","Perumbakkam","13.0133","80.1430","India","IN","IND","Tamil Nādu","","11551","1356409813"
"Tadapurambākkam","Tadapurambakkam","13.3205","80.1959","India","IN","IND","Tamil Nādu","","11551","1356912309"
"Esil","Esil","51.9556","66.4042","Kazakhstan","KZ","KAZ","Aqmola","minor","11551","1398546225"
"Espita","Espita","21.0128","-88.3047","Mexico","MX","MEX","Yucatán","minor","11551","1484433962"
"Krosūru","Krosuru","16.5500","80.1331","India","IN","IND","Andhra Pradesh","","11549","1356828489"
"Dąbrowa Tarnowska","Dabrowa Tarnowska","50.1667","20.9833","Poland","PL","POL","Małopolskie","minor","11549","1616908977"
"Yvetot","Yvetot","49.6200","0.7500","France","FR","FRA","Normandie","","11548","1250505707"
"Broome","Broome","-17.9619","122.2361","Australia","AU","AUS","Western Australia","","11547","1036047905"
"Carmo da Cachoeira","Carmo da Cachoeira","-21.4608","-45.2239","Brazil","BR","BRA","Minas Gerais","minor","11547","1076799128"
"Amelia","Amelia","42.5535","12.4168","Italy","IT","ITA","Umbria","","11547","1380920464"
"Bugongi","Bugongi","-0.6356","30.2528","Uganda","UG","UGA","Sheema","","11547","1800892810"
"Patera","Patera","23.9960","79.6837","India","IN","IND","Madhya Pradesh","","11546","1356602920"
"Downpatrick","Downpatrick","54.3220","-5.7030","United Kingdom","GB","GBR","Newry, Mourne and Down","","11545","1826860584"
"Ghambiraopet","Ghambiraopet","18.3000","78.5833","India","IN","IND","Andhra Pradesh","","11545","1356200566"
"Wells","Wells","43.3267","-70.6336","United States","US","USA","Maine","","11544","1840053052"
"Wanstead","Wanstead","51.5778","0.0286","United Kingdom","GB","GBR","Redbridge","","11543","1826002020"
"Muroto-misakicho","Muroto-misakicho","33.2900","134.1519","Japan","JP","JPN","Kōchi","","11543","1392826132"
"Roma","Roma","26.4166","-99.0061","United States","US","USA","Texas","","11543","1840021017"
"Chennūr","Chennur","14.1473","79.8477","India","IN","IND","Andhra Pradesh","","11542","1356397910"
"Khorramābād","Khorramabad","36.7822","50.8714","Iran","IR","IRN","Māzandarān","","11542","1364053905"
"Den Chai","Den Chai","17.9837","100.0522","Thailand","TH","THA","Phrae","minor","11542","1764349674"
"Chintalavādi","Chintalavadi","10.9511","78.3158","India","IN","IND","Tamil Nādu","","11540","1356223692"
"Şiran","Siran","40.1894","39.1267","Turkey","TR","TUR","Gümüşhane","minor","11539","1792645839"
"Labbaikkudikkādu","Labbaikkudikkadu","11.3922","79.0218","India","IN","IND","Tamil Nādu","","11538","1356210555"
"Wellington","Wellington","40.7000","-105.0054","United States","US","USA","Colorado","","11538","1840022411"
"Oñate","Onate","43.0333","-2.4167","Spain","ES","ESP","Basque Country","","11537","1724579376"
"Dharmāram","Dharmaram","18.7360","79.2194","India","IN","IND","Andhra Pradesh","","11537","1356921752"
"Mangalkot","Mangalkot","23.5252","87.9034","India","IN","IND","West Bengal","","11537","1356908397"
"Kibungo","Kibungo","-2.1608","30.5442","Rwanda","RW","RWA","Eastern Province","","11537","1646746155"
"Porto-Vecchio","Porto-Vecchio","41.5917","9.2803","France","FR","FRA","Corsica","","11536","1250709703"
"Port Morant","Port Morant","17.9000","-76.3167","Jamaica","JM","JAM","Saint Thomas","","11536","1388362870"
"Beniel","Beniel","38.0464","-1.0014","Spain","ES","ESP","Murcia","","11535","1724289918"
"Pieve di Soligo","Pieve di Soligo","45.8833","12.1667","Italy","IT","ITA","Veneto","","11535","1380766234"
"Matca","Matca","45.8500","27.5333","Romania","RO","ROU","Galaţi","","11535","1642744486"
"Bytča","Bytca","49.2228","18.5581","Slovakia","SK","SVK","Žilina","minor","11535","1703630221"
"Weinfelden","Weinfelden","47.5698","9.1120","Switzerland","CH","CHE","Thurgau","minor","11534","1756205526"
"Lamosina","Lamosina","-21.6330","46.8056","Madagascar","MG","MDG","Fianarantsoa","","11534","1450091422"
"Haradok","Haradok","55.4667","30.0000","Belarus","BY","BLR","Vitsyebskaya Voblasts’","minor","11533","1112131300"
"Nālwār","Nalwar","16.9436","76.9919","India","IN","IND","Karnātaka","","11533","1356610966"
"Ferney-Voltaire","Ferney-Voltaire","46.2558","6.1081","France","FR","FRA","Auvergne-Rhône-Alpes","","11530","1250921305"
"Krapina","Krapina","46.1589","15.8744","Croatia","HR","HRV","Krapinsko-Zagorska Županija","admin","11530","1191389404"
"Kantilo","Kantilo","20.3615","85.1921","India","IN","IND","Odisha","","11530","1356615489"
"Mykhailivka","Mykhailivka","47.2694","35.2222","Ukraine","UA","UKR","Zaporizka Oblast","minor","11530","1804473758"
"Doda","Doda","30.3844","74.6394","India","IN","IND","Punjab","","11529","1356983953"
"Saint Helena Bay","Saint Helena Bay","-32.7583","18.0278","South Africa","ZA","ZAF","Western Cape","","11529","1710255294"
"Mīt Damsīs","Mit Damsis","30.8267","31.2226","Egypt","EG","EGY","Ad Daqahlīyah","","11528","1818557641"
"Fourmies","Fourmies","50.0181","4.0539","France","FR","FRA","Hauts-de-France","","11528","1250539505"
"Sunkarevu","Sunkarevu","16.3900","81.8500","India","IN","IND","Andhra Pradesh","","11528","1356177873"
"Bāhāgalpur","Bahagalpur","24.5934","87.9536","India","IN","IND","West Bengal","","11528","1356004919"
"Ichhāpur","Ichhapur","21.1551","76.1556","India","IN","IND","Madhya Pradesh","","11528","1356956102"
"Dzouz","Dzouz","31.8900","-7.3200","Morocco","MA","MAR","Marrakech-Safi","","11527","1504484074"
"Moparipālaiyam","Moparipalaiyam","11.1332","77.1470","India","IN","IND","Tamil Nādu","","11526","1356160042"
"Maniago","Maniago","46.1667","12.7167","Italy","IT","ITA","Friuli Venezia Giulia","","11526","1380416559"
"Vohilava","Vohilava","-20.7011","48.3428","Madagascar","MG","MDG","Fianarantsoa","","11526","1450900027"
"Nandipeta","Nandipeta","18.9622","78.1772","India","IN","IND","Andhra Pradesh","","11525","1356396371"
"Okpo","Okpo","18.1167","95.6667","Burma","MM","MMR","Bago","","11525","1104664446"
"Quatipuru","Quatipuru","-0.9008","-47.0058","Brazil","BR","BRA","Pará","minor","11524","1076959149"
"Budha Thēh","Budha Theh","31.5177","75.3009","India","IN","IND","Punjab","","11524","1356629977"
"Golet","Golet","19.2390","79.3891","India","IN","IND","Andhra Pradesh","","11524","1356196346"
"Ekerö","Ekero","59.2667","17.7333","Sweden","SE","SWE","Stockholm","minor","11524","1752521808"
"Nīdāmangalam","Nidamangalam","10.7720","79.4167","India","IN","IND","Tamil Nādu","","11523","1356192736"
"Campbellsville","Campbellsville","37.3445","-85.3511","United States","US","USA","Kentucky","","11523","1840013242"
"Sahri","Sahri","25.4721","85.7277","India","IN","IND","Bihār","","11522","1356756964"
"Ingurti","Ingurti","17.6695","79.8003","India","IN","IND","Andhra Pradesh","","11522","1356195310"
"Epazoyucan","Epazoyucan","20.0177","-98.6361","Mexico","MX","MEX","Hidalgo","minor","11522","1484543443"
"Ramena","Ramena","-12.2421","49.3453","Madagascar","MG","MDG","Antsiranana","","11521","1450441653"
"Calheta","Calheta","32.7333","-17.1667","Portugal","PT","PRT","Madeira","","11521","1620158427"
"Fort Morgan","Fort Morgan","40.2537","-103.7903","United States","US","USA","Colorado","","11521","1840020175"
"Doddappanāyakkanūr","Doddappanayakkanur","9.9810","77.7340","India","IN","IND","Tamil Nādu","","11520","1356209874"
"Shāhpur Baghauni","Shahpur Baghauni","25.8831","85.6859","India","IN","IND","Bihār","","11520","1356710376"
"Giffoni Valle Piana","Giffoni Valle Piana","40.7167","14.9333","Italy","IT","ITA","Campania","","11520","1380330872"
"Cholpon-Ata","Cholpon-Ata","42.6494","77.0822","Kyrgyzstan","KG","KGZ","Ysyk-Köl","minor","11520","1417433118"
"Sárbogárd","Sarbogard","46.8878","18.6193","Hungary","HU","HUN","Fejér","minor","11518","1348805330"
"Jucati","Jucati","-8.7058","-36.4889","Brazil","BR","BRA","Pernambuco","minor","11517","1076315771"
"Gorey","Gorey","52.6747","-6.2925","Ireland","IE","IRL","Wexford","","11517","1372751399"
"Olintla","Olintla","20.1000","-97.6833","Mexico","MX","MEX","Puebla","","11517","1484975870"
"Kundurpi","Kundurpi","14.2833","77.0333","India","IN","IND","Andhra Pradesh","","11516","1356209008"
"Raun","Raun","25.6462","86.3869","India","IN","IND","Bihār","","11515","1356582103"
"Drawsko Pomorskie","Drawsko Pomorskie","53.5333","15.8000","Poland","PL","POL","Zachodniopomorskie","minor","11515","1616969885"
"Blundellsands","Blundellsands","53.4800","-3.0500","United Kingdom","GB","GBR","Sefton","","11514","1826007490"
"Cachoeira Alta","Cachoeira Alta","-18.7628","-50.9419","Brazil","BR","BRA","Goiás","minor","11513","1076336461"
"Desanagi","Desanagi","16.9200","76.2400","India","IN","IND","Karnātaka","","11513","1356861371"
"Mirik","Mirik","26.8870","88.1870","India","IN","IND","West Bengal","","11513","1356796096"
"Agareb","Agareb","34.4333","10.1833","Tunisia","TN","TUN","Sfax","","11513","1788531195"
"San Carlos de Guaroa","San Carlos de Guaroa","3.7111","-73.2425","Colombia","CO","COL","Meta","minor","11512","1170978795"
"La Cumbre","La Cumbre","3.0000","38.0000","Colombia","CO","COL","Valle del Cauca","minor","11512","1170149115"
"Dolores","Dolores","17.6500","120.7100","Philippines","PH","PHL","Abra","","11512","1608270517"
"Valdivia","Valdivia","7.2938","-75.3919","Colombia","CO","COL","Antioquia","","11511","1170877215"
"Al Qal‘ah","Al Qal`ah","26.0051","32.8178","Egypt","EG","EGY","Qinā","","11511","1818980383"
"Brislington","Brislington","51.4316","-2.5439","United Kingdom","GB","GBR","Bristol, City of","","11511","1826515115"
"Orchha","Orchha","25.3500","78.6400","India","IN","IND","Madhya Pradesh","","11511","1356593159"
"Hlaingbwe","Hlaingbwe","17.1333","97.8333","Burma","MM","MMR","Kayin State","","11511","1104110875"
"Coronel Dorrego","Coronel Dorrego","-38.7000","-61.2667","Argentina","AR","ARG","Buenos Aires","minor","11510","1032800825"
"Belp","Belp","46.8914","7.4972","Switzerland","CH","CHE","Bern","","11510","1756855405"
"Doukombo","Doukombo","14.3511","-3.6558","Mali","ML","MLI","Mopti","","11510","1466368351"
"Sagada","Sagada","17.0842","120.9008","Philippines","PH","PHL","Mountain","","11510","1608945892"
"Nova Odesa","Nova Odesa","47.3097","31.7792","Ukraine","UA","UKR","Mykolaivska Oblast","minor","11510","1804621361"
"Kathu","Kathu","-27.7000","23.0500","South Africa","ZA","ZAF","Northern Cape","","11510","1710811489"
"Pākkam","Pakkam","13.1436","80.0280","India","IN","IND","Tamil Nādu","","11509","1356051238"
"Piprāhi","Piprahi","26.5871","86.3773","India","IN","IND","Bihār","","11509","1356086447"
"San Lázaro","San Lazaro","-22.1074","-57.9622","Paraguay","PY","PRY","Concepción","","11509","1600340714"
"Dammartin-en-Goële","Dammartin-en-Goele","49.0538","2.6817","France","FR","FRA","Île-de-France","","11508","1250805178"
"Żejtun","Zejtun","35.8556","14.5333","Malta","MT","MLT","Żejtun","admin","11508","1470320205"
"Caño Martin Peña","Cano Martin Pena","18.4309","-66.0507","Puerto Rico","PR","PRI","Puerto Rico","","11508","1630142912"
"Sultānpur","Sultanpur","23.1381","77.9340","India","IN","IND","Madhya Pradesh","","11507","1356465017"
"Horodnia","Horodnia","51.8931","31.5947","Ukraine","UA","UKR","Chernihivska Oblast","","11506","1804000009"
"Xuân Trùng","Xuan Trung","21.0500","105.2833","Vietnam","VN","VNM","Phú Thọ","","11506","1704809056"
"Gillingham","Gillingham","51.0375","-2.2748","United Kingdom","GB","GBR","Dorset","","11505","1826398821"
"Radnevo","Radnevo","42.3000","25.9330","Bulgaria","BG","BGR","Stara Zagora","","11504","1100743312"
"Plan-de-Cuques","Plan-de-Cuques","43.3478","5.4639","France","FR","FRA","Provence-Alpes-Côte d’Azur","","11504","1250022523"
"Arpajon","Arpajon","48.5901","2.2476","France","FR","FRA","Île-de-France","","11503","1250815243"
"Slatina","Slatina","45.7000","17.7000","Croatia","HR","HRV","Virovitičko-Podravska Županija","minor","11503","1191732993"
"Hàng Trạm","Hang Tram","20.3944","105.6222","Vietnam","VN","VNM","Hòa Bình","minor","11503","1704292651"
"Lincolnton","Lincolnton","35.4748","-81.2386","United States","US","USA","North Carolina","","11503","1840015427"
"La Riviera","La Riviera","38.5683","-121.3544","United States","US","USA","California","","11503","1840028382"
"Estiva","Estiva","-22.4628","-46.0169","Brazil","BR","BRA","Minas Gerais","minor","11502","1076192640"
"Villefranche-de-Rouergue","Villefranche-de-Rouergue","44.3533","2.0350","France","FR","FRA","Occitanie","minor","11502","1250663232"
"Gospić","Gospic","44.5469","15.3744","Croatia","HR","HRV","Ličko-Senjska Županija","admin","11502","1191887616"
"Liman","Liman","38.8733","48.8139","Azerbaijan","AZ","AZE","Lənkəran","","11500","1031959844"
"Strombeek-Bever","Strombeek-Bever","50.9100","4.3500","Belgium","BE","BEL","Brussels-Capital Region","","11500","1056731023"
"Kaboua","Kaboua","8.2500","2.6833","Benin","BJ","BEN","Collines","","11500","1204419841"
"Egelsbach","Egelsbach","49.9667","8.6667","Germany","DE","DEU","Hesse","","11500","1276317515"
"Liubashivka","Liubashivka","47.8358","30.2642","Ukraine","UA","UKR","Odeska Oblast","minor","11500","1804793583"
"Dang‘ara","Dang`ara","40.5831","70.9100","Uzbekistan","UZ","UZB","Farg‘ona","minor","11500","1860878962"
"’Aïn Roua","'Ain Roua","36.3344","5.1806","Algeria","DZ","DZA","Sétif","","11499","1012529757"
"Le Haillan","Le Haillan","44.8725","-0.6758","France","FR","FRA","Nouvelle-Aquitaine","","11499","1250893807"
"Taviano","Taviano","39.9833","18.0833","Italy","IT","ITA","Puglia","","11499","1380879595"
"Santa Isabel Cholula","Santa Isabel Cholula","19.0000","-98.3667","Mexico","MX","MEX","Puebla","minor","11498","1484043974"
"Barhi","Barhi","26.5714","86.0903","India","IN","IND","Bihār","","11497","1356593160"
"Rabat","Rabat","35.8817","14.3989","Malta","MT","MLT","Rabat","admin","11497","1470262687"
"Baruāri","Baruari","26.0305","86.5965","India","IN","IND","Bihār","","11495","1356001278"
"Sonāpur","Sonapur","26.3716","87.2162","India","IN","IND","Bihār","","11494","1356446663"
"Kemigawa","Kemigawa","35.6514","140.0662","Japan","JP","JPN","Chiba","","11494","1392325825"
"Kamalāpuram","Kamalapuram","18.2925","80.4608","India","IN","IND","Andhra Pradesh","","11493","1356011816"
"Loyalsock","Loyalsock","41.2743","-76.9839","United States","US","USA","Pennsylvania","","11493","1840152775"
"Kalampáka","Kalampaka","39.7081","21.6284","Greece","GR","GRC","Thessalía","minor","11492","1300028482"
"Mercogliano","Mercogliano","40.9231","14.7428","Italy","IT","ITA","Campania","","11492","1380603196"
"Oskaloosa","Oskaloosa","41.2922","-92.6404","United States","US","USA","Iowa","","11492","1840000650"
"Sidi Amer El Hadi","Sidi Amer El Hadi","34.7992","-5.8394","Morocco","MA","MAR","Rabat-Salé-Kénitra","","11491","1504103648"
"Aginskoye","Aginskoye","51.1031","114.5228","Russia","RU","RUS","Zabaykal’skiy Kray","minor","11491","1643514234"
"Montmagny","Montmagny","46.9833","-70.5500","Canada","CA","CAN","Quebec","","11491","1124025705"
"Guayabal","Guayabal","4.9633","-74.9056","Colombia","CO","COL","Tolima","minor","11490","1170472298"
"Ihumwa","Ihumwa","-6.1667","35.8833","Tanzania","TZ","TZA","Dodoma","","11490","1834975730"
"Four Corners","Four Corners","29.6705","-95.6596","United States","US","USA","Texas","","11490","1840018265"
"Woods Cross","Woods Cross","40.8731","-111.9170","United States","US","USA","Utah","","11490","1840021355"
"River Forest","River Forest","41.8950","-87.8194","United States","US","USA","Illinois","","11489","1840011284"
"Oxelösund","Oxelosund","58.6667","17.1000","Sweden","SE","SWE","Södermanland","minor","11488","1752816950"
"Mount Fletcher","Mount Fletcher","-30.6920","28.5030","South Africa","ZA","ZAF","Eastern Cape","","11488","1710227236"
"Salisbury","Salisbury","40.0380","-75.9961","United States","US","USA","Pennsylvania","","11487","1840142490"
"Mexico","Mexico","39.1625","-91.8712","United States","US","USA","Missouri","","11487","1840008515"
"Sathiāla","Sathiala","31.5550","75.2656","India","IN","IND","Punjab","","11486","1356397179"
"Essex","Essex","44.5196","-73.0656","United States","US","USA","Vermont","","11486","1840115363"
"Tinogasta","Tinogasta","-28.0667","-67.5667","Argentina","AR","ARG","Catamarca","minor","11485","1032163046"
"San Gregorio di Catania","San Gregorio di Catania","37.5651","15.1116","Italy","IT","ITA","Sicilia","","11485","1380676054"
"Moyamba","Moyamba","8.1606","-12.4333","Sierra Leone","SL","SLE","Southern","","11485","1694534088"
"New Port Richey East","New Port Richey East","28.2605","-82.6931","United States","US","USA","Florida","","11485","1840073871"
"Bānk","Bank","24.9539","84.1928","India","IN","IND","Bihār","","11484","1356148827"
"Revúca","Revuca","48.6833","20.1167","Slovakia","SK","SVK","Banská Bystrica","minor","11484","1703490352"
"Altdorf","Altdorf","48.5667","12.1167","Germany","DE","DEU","Bavaria","","11483","1276813399"
"Pontiac","Pontiac","40.8894","-88.6409","United States","US","USA","Illinois","","11483","1840009352"
"Fort Campbell North","Fort Campbell North","36.6631","-87.4764","United States","US","USA","Kentucky","","11483","1840073832"
"Peringōttukurusshi","Peringottukurusshi","10.7536","76.4883","India","IN","IND","Kerala","","11482","1356040896"
"Iconha","Iconha","-20.7928","-40.8108","Brazil","BR","BRA","Espírito Santo","","11481","1076857916"
"Gaurihar Khāliqnagar","Gaurihar Khaliqnagar","25.9356","85.4671","India","IN","IND","Bihār","","11481","1356507751"
"Fatehpur Shāhbāz","Fatehpur Shahbaz","25.5698","85.3437","India","IN","IND","Bihār","","11480","1356045506"
"Alto Alegre dos Parecis","Alto Alegre dos Parecis","-12.1278","-61.8508","Brazil","BR","BRA","Rondônia","minor","11479","1076019248"
"Asjen","Asjen","34.8500","-5.6167","Morocco","MA","MAR","Tanger-Tétouan-Al Hoceïma","","11479","1504066835"
"Leon Valley","Leon Valley","29.4954","-98.6143","United States","US","USA","Texas","","11479","1840020959"
"Jamsaut","Jamsaut","25.6100","85.0148","India","IN","IND","Bihār","","11478","1356724915"
"Pānāpur Langa","Panapur Langa","25.7230","85.2878","India","IN","IND","Bihār","","11478","1356404275"
"Alfonsine","Alfonsine","44.5061","12.0411","Italy","IT","ITA","Emilia-Romagna","","11477","1380940299"
"Palestina","Palestina","-20.3900","-49.4328","Brazil","BR","BRA","São Paulo","minor","11476","1076718506"
"Bek-Abad","Bek-Abad","40.8472","72.9714","Kyrgyzstan","KG","KGZ","Jalal-Abad","","11476","1417546505"
"Rača","Raca","44.2333","20.9833","Serbia","RS","SRB","Rača","admin","11475","1688403125"
"Satyavedu","Satyavedu","13.4370","79.9560","India","IN","IND","Andhra Pradesh","","11474","1356474467"
"Kuriyama","Kuriyama","43.0500","141.7833","Japan","JP","JPN","Hokkaidō","","11474","1392201076"
"North Valley","North Valley","35.1736","-106.6231","United States","US","USA","New Mexico","","11474","1840033721"
"Götzis","Gotzis","47.3331","9.6333","Austria","AT","AUT","Vorarlberg","","11473","1040768534"
"Kavaratti","Kavaratti","10.5626","72.6369","India","IN","IND","Lakshadweep","admin","11473","1356089869"
"Lebon Régis","Lebon Regis","-26.9289","-50.6950","Brazil","BR","BRA","Santa Catarina","minor","11472","1076117797"
"Vengikkal","Vengikkal","12.2642","79.0675","India","IN","IND","Tamil Nādu","","11472","1356908622"
"Poldasht","Poldasht","39.3447","45.0681","Iran","IR","IRN","Āz̄arbāyjān-e Gharbī","minor","11472","1364811524"
"Valea Adâncă","Valea Adanca","47.1256","27.5565","Romania","RO","ROU","Iaşi","","11472","1642073036"
"Farmington","Farmington","42.4614","-83.3784","United States","US","USA","Michigan","","11472","1840002441"
"Kings Mountain","Kings Mountain","35.2349","-81.3501","United States","US","USA","North Carolina","","11472","1840014552"
"Pirangi","Pirangi","-21.0914","-48.6578","Brazil","BR","BRA","São Paulo","minor","11471","1076411878"
"Gonubie","Gonubie","-32.9430","28.0080","South Africa","ZA","ZAF","Eastern Cape","","11471","1710831729"
"Kishanganj","Kishanganj","25.6844","86.9509","India","IN","IND","Bihār","","11470","1356240760"
"Sinkolo","Sinkolo","12.2056","-5.0403","Mali","ML","MLI","Sikasso","","11470","1466845782"
"Wormer","Wormer","52.5000","4.8167","Netherlands","NL","NLD","Noord-Holland","minor","11470","1528529716"
"El Ançor","El Ancor","35.6833","-0.8667","Algeria","DZ","DZA","Oran","","11469","1012598945"
"Kāri","Kari","24.8368","78.8665","India","IN","IND","Madhya Pradesh","","11469","1356249257"
"Arasūr","Arasur","11.0866","77.1146","India","IN","IND","Tamil Nādu","","11469","1356159493"
"Rupenaguntla","Rupenaguntla","16.3043","79.9991","India","IN","IND","Andhra Pradesh","","11469","1356840259"
"Shanmukhasundarapuram","Shanmukhasundarapuram","10.0065","77.5982","India","IN","IND","Tamil Nādu","","11469","1356228754"
"Muna","Muna","20.4800","-89.7200","Mexico","MX","MEX","Yucatán","minor","11469","1484692677"
"Citrus Springs","Citrus Springs","28.9931","-82.4594","United States","US","USA","Florida","","11469","1840014062"
"Coswig","Coswig","51.8833","12.4333","Germany","DE","DEU","Saxony-Anhalt","","11468","1276417362"
"Aydıncık","Aydincik","36.1417","33.3178","Turkey","TR","TUR","Mersin","minor","11468","1792846540"
"Vlasenica","Vlasenica","44.1833","18.9333","Bosnia and Herzegovina","BA","BIH","Srpska, Republika","minor","11467","1070030908"
"Cidade Gaúcha","Cidade Gaucha","-23.3800","-52.9450","Brazil","BR","BRA","Paraná","minor","11467","1076061148"
"Prudente de Morais","Prudente de Morais","-19.4819","-44.1550","Brazil","BR","BRA","Minas Gerais","minor","11466","1076071573"
"Agamé","Agame","6.7333","1.7667","Benin","BJ","BEN","Couffo","","11465","1204183664"
"Bhabānipur","Bhabanipur","24.7153","87.9227","India","IN","IND","West Bengal","","11465","1356237076"
"Gloucester City","Gloucester City","39.8924","-75.1172","United States","US","USA","New Jersey","","11465","1840003777"
"Westerkappeln","Westerkappeln","52.3806","7.6000","Germany","DE","DEU","North Rhine-Westphalia","","11464","1276848242"
"Oak Hills","Oak Hills","45.5405","-122.8413","United States","US","USA","Oregon","","11464","1840034830"
"Trostberg an der Alz","Trostberg an der Alz","48.0167","12.5500","Germany","DE","DEU","Bavaria","","11463","1276546741"
"Dautphe","Dautphe","50.8333","8.5500","Germany","DE","DEU","Hesse","","11461","1276569570"
"Loran","Loran","33.8346","74.3312","India","IN","IND","Jammu and Kashmīr","","11461","1356280369"
"Ninga","Ninga","25.4616","86.0757","India","IN","IND","Bihār","","11461","1356250535"
"Kalakada","Kalakada","13.8167","78.8000","India","IN","IND","Andhra Pradesh","","11461","1356112947"
"Ḑurumā","Duruma","24.6173","46.2256","Saudi Arabia","SA","SAU","Ar Riyāḑ","","11461","1682041945"
"Rengāli","Rengali","21.6460","84.0531","India","IN","IND","Odisha","","11460","1356978188"
"Kashaf","Kashaf","36.3678","59.5767","Iran","IR","IRN","Khorāsān-e Raẕavī","","11459","1364712972"
"Chauny","Chauny","49.6164","3.2200","France","FR","FRA","Hauts-de-France","","11456","1250000360"
"Khāngāon","Khangaon","25.5146","84.7528","India","IN","IND","Bihār","","11456","1356219557"
"Vlašim","Vlasim","49.7064","14.8989","Czechia","CZ","CZE","Středočeský Kraj","","11455","1203658512"
"Maruttuvakkudi","Maruttuvakkudi","11.0153","79.4819","India","IN","IND","Tamil Nādu","","11455","1356171569"
"Burām","Buram","25.9739","86.3196","India","IN","IND","Bihār","","11455","1356260732"
"Culcheth","Culcheth","53.4517","-2.5218","United Kingdom","GB","GBR","Warrington","","11454","1826044537"
"Schiller Park","Schiller Park","41.9586","-87.8693","United States","US","USA","Illinois","","11454","1840011320"
"Half Moon Bay","Half Moon Bay","37.4685","-122.4382","United States","US","USA","California","","11454","1840020303"
"Shingbwiyang","Shingbwiyang","26.6667","96.2167","Burma","MM","MMR","Kachin State","","11453","1104572327"
