"Geldermalsen","Geldermalsen","51.8789","5.2897","Netherlands","NL","NLD","Gelderland","minor","10860","1528816915"
"Oak Ridge","Oak Ridge","41.0323","-74.4971","United States","US","USA","New Jersey","","10860","1840033370"
"Nirpur","Nirpur","25.7192","87.1507","India","IN","IND","Bihār","","10859","1356909778"
"El Ghourdane","El Ghourdane","32.3205","-8.7637","Morocco","MA","MAR","Marrakech-Safi","","10859","1504617504"
"Maltby","Maltby","47.8027","-122.1044","United States","US","USA","Washington","","10859","1840017326"
"West Hanover","West Hanover","40.3635","-76.7468","United States","US","USA","Pennsylvania","","10859","1840150556"
"Sarmiento","Sarmiento","-45.6000","-69.0833","Argentina","AR","ARG","Chubut","minor","10858","1032479340"
"Ukal","Ukal","21.2167","73.5833","India","IN","IND","Gujarāt","","10858","1356956186"
"Shamsābād","Shamsabad","32.2978","48.4283","Iran","IR","IRN","Khūzestān","","10858","1364349532"
"Belmonte Mezzagno","Belmonte Mezzagno","38.0500","13.3833","Italy","IT","ITA","Sicilia","","10858","1380633783"
"Adda-Douéni","Adda-Doueni","-12.3000","44.5000","Comoros","KM","COM","Anjouan","","10858","1174212129"
"Risch","Risch","47.1340","8.4662","Switzerland","CH","CHE","Zug","","10857","1756009086"
"Nauheim","Nauheim","49.9506","8.4631","Germany","DE","DEU","Hesse","","10856","1276153324"
"Bratsigovo","Bratsigovo","42.0170","24.3670","Bulgaria","BG","BGR","Pazardzhik","","10855","1100577798"
"Lézignan-Corbières","Lezignan-Corbieres","43.2014","2.7584","France","FR","FRA","Occitanie","","10855","1250690602"
"Chirak","Chirak","30.7206","75.1718","India","IN","IND","Punjab","","10855","1356124447"
"Cleveland","Cleveland","33.7440","-90.7285","United States","US","USA","Mississippi","","10855","1840014748"
"Laghzawna","Laghzawna","33.1890","-7.6840","Morocco","MA","MAR","Casablanca-Settat","","10854","1504002065"
"Pleasanton","Pleasanton","28.9642","-98.4957","United States","US","USA","Texas","","10854","1840020988"
"Lichtenstein","Lichtenstein","50.7564","12.6317","Germany","DE","DEU","Saxony","","10853","1276704122"
"Amnéville","Amneville","49.2614","6.1425","France","FR","FRA","Grand Est","","10853","1250776698"
"Rainhill","Rainhill","53.4157","-2.7625","United Kingdom","GB","GBR","St. Helens","","10853","1826589564"
"Mudki","Mudki","30.7800","74.8811","India","IN","IND","Punjab","","10853","1356356006"
"DeForest","DeForest","43.2301","-89.3431","United States","US","USA","Wisconsin","","10853","1840037935"
"Passy","Passy","45.9244","6.6872","France","FR","FRA","Auvergne-Rhône-Alpes","","10852","1250030794"
"Grand Gosier","Grand Gosier","18.1854","-71.9182","Haiti","HT","HTI","Sud-Est","","10852","1332068080"
"Venafro","Venafro","41.4833","14.0500","Italy","IT","ITA","Molise","","10852","1380227968"
"Asahi","Asahi","36.9462","137.5599","Japan","JP","JPN","Toyama","","10852","1392003329"
"Onna","Onna","26.4833","127.8500","Japan","JP","JPN","Okinawa","","10852","1392551931"
"Pīr Bakrān","Pir Bakran","32.4678","51.5556","Iran","IR","IRN","Eşfahān","","10851","1364421592"
"Estevan","Estevan","49.1392","-102.9861","Canada","CA","CAN","Saskatchewan","","10851","1124416742"
"Anuppampattu","Anuppampattu","13.3018","80.2258","India","IN","IND","Tamil Nādu","","10850","1356833612"
"Tiruppālaikudi","Tiruppalaikudi","9.5461","78.9172","India","IN","IND","Tamil Nādu","","10850","1356072980"
"Gol Tappeh","Gol Tappeh","35.4867","51.5650","Iran","IR","IRN","Tehrān","","10850","1364945991"
"Venmani Padinjāra","Venmani Padinjara","9.4735","76.5487","India","IN","IND","Kerala","","10849","1356160905"
"Dolbeau","Dolbeau","48.8666","-72.2333","Canada","CA","CAN","Quebec","","10849","1124037070"
"Pālakollu","Palakollu","16.5333","81.7333","India","IN","IND","Andhra Pradesh","","10848","1356365783"
"Maryānaj","Maryanaj","34.8308","48.4603","Iran","IR","IRN","Hamadān","","10848","1364941323"
"Mouans-Sartoux","Mouans-Sartoux","43.6211","6.9725","France","FR","FRA","Provence-Alpes-Côte d’Azur","","10847","1250387872"
"Boaz","Boaz","34.1985","-86.1529","United States","US","USA","Alabama","","10847","1840013602"
"Martinópole","Martinopole","-3.2258","-40.6969","Brazil","BR","BRA","Ceará","minor","10846","1076944697"
"Sucúa","Sucua","-2.4600","-78.1700","Ecuador","EC","ECU","Morona-Santiago","minor","10846","1218279880"
"Le Pont-de-Claix","Le Pont-de-Claix","45.1289","5.6989","France","FR","FRA","Auvergne-Rhône-Alpes","","10846","1250173049"
"Aurāhi","Aurahi","25.5709","86.9668","India","IN","IND","Bihār","","10846","1356916810"
"Brunete","Brunete","40.4000","-3.9936","Spain","ES","ESP","Madrid","","10845","1724447167"
"Pātrasāer","Patrasaer","23.1968","87.5272","India","IN","IND","West Bengal","","10844","1356961094"
"Yellayapālem","Yellayapalem","14.5378","79.9515","India","IN","IND","Andhra Pradesh","","10843","1356486387"
"Armutlu","Armutlu","40.5167","28.8333","Turkey","TR","TUR","Yalova","minor","10843","1792285535"
"McKee City","McKee City","39.4465","-74.6445","United States","US","USA","New Jersey","","10843","1840081031"
"Phibun Mangsahan","Phibun Mangsahan","15.2447","105.2291","Thailand","TH","THA","Ubon Ratchathani","minor","10842","1764591980"
"Pattanam","Pattanam","11.4728","78.2109","India","IN","IND","Tamil Nādu","","10841","1356231085"
"Villa Corzo","Villa Corzo","16.1848","-93.2677","Mexico","MX","MEX","Chiapas","minor","10841","1484270020"
"Wald-Michelbach","Wald-Michelbach","49.5667","8.8333","Germany","DE","DEU","Hesse","","10840","1276767345"
"Afonso Bezerra","Afonso Bezerra","-5.4978","-36.5058","Brazil","BR","BRA","Rio Grande do Norte","minor","10839","1076653188"
"Ghagga","Ghagga","30.0198","76.1041","India","IN","IND","Punjab","","10839","1356904166"
"Kulgo","Kulgo","24.0154","85.9743","India","IN","IND","Jhārkhand","","10839","1356259478"
"Forestville","Forestville","38.8518","-76.8708","United States","US","USA","Maryland","","10839","1840005942"
"Amarpur","Amarpur","23.5300","91.6400","India","IN","IND","Tripura","","10838","1356990272"
"Avintes","Avintes","41.1066","-8.5515","Portugal","PT","PRT","Porto","","10838","1620748900"
"Berkley","Berkley","39.8045","-105.0281","United States","US","USA","Colorado","","10838","1840028561"
"College","College","40.8144","-77.8172","United States","US","USA","Pennsylvania","","10838","1840144819"
"Vargaūr","Vargaur","11.1452","78.3477","India","IN","IND","Tamil Nādu","","10837","1356234408"
"Raymond","Raymond","43.0322","-71.1994","United States","US","USA","New Hampshire","","10837","1840055480"
"Orthez","Orthez","43.4900","-0.7700","France","FR","FRA","Nouvelle-Aquitaine","","10836","1250946287"
"Ngorongoro","Ngorongoro","-3.2496","35.5200","Tanzania","TZ","TZA","Arusha","","10836","1834381549"
"Tatarbunary","Tatarbunary","45.8403","29.6125","Ukraine","UA","UKR","Odeska Oblast","minor","10836","1804771459"
"Khlung","Khlung","12.4547","102.2214","Thailand","TH","THA","Chanthaburi","minor","10835","1764654331"
"Peru","Peru","40.7593","-86.0756","United States","US","USA","Indiana","","10835","1840009363"
"Urubici","Urubici","-28.0150","-49.5919","Brazil","BR","BRA","Santa Catarina","minor","10834","1076702704"
"Moengo","Moengo","5.6167","-54.4000","Suriname","SR","SUR","Marowijne","","10834","1740230194"
"Bondoufle","Bondoufle","48.6145","2.3807","France","FR","FRA","Île-de-France","","10833","1250320835"
"Pottipuram","Pottipuram","9.9401","77.3213","India","IN","IND","Tamil Nādu","","10833","1356251391"
"South Dundas","South Dundas","44.9167","-75.2667","Canada","CA","CAN","Ontario","","10833","1124001404"
"Roseira","Roseira","-22.8978","-45.3050","Brazil","BR","BRA","São Paulo","minor","10832","1076731583"
"Centenário do Sul","Centenario do Sul","-22.8208","-51.5950","Brazil","BR","BRA","Paraná","minor","10832","1076604544"
"Dabiya","Dabiya","12.6686","-11.1389","Mali","ML","MLI","Kayes","","10832","1466859589"
"Chenango","Chenango","42.1954","-75.8989","United States","US","USA","New York","","10832","1840087298"
"Mutlūru","Mutluru","16.1500","80.4833","India","IN","IND","Andhra Pradesh","","10831","1356716108"
"Chiyoda","Chiyoda","36.2178","139.4424","Japan","JP","JPN","Gunma","","10831","1392003197"
"Pua","Pua","19.1750","100.9162","Thailand","TH","THA","Nan","minor","10831","1764017430"
"Sítio Novo de Goiás","Sitio Novo de Goias","-5.6008","-47.6378","Brazil","BR","BRA","Tocantins","","10830","1076199362"
"São Jerônimo da Serra","Sao Jeronimo da Serra","-23.7278","-50.7408","Brazil","BR","BRA","Paraná","minor","10830","1076606884"
"Igaratinga","Igaratinga","-19.9550","-44.7089","Brazil","BR","BRA","Minas Gerais","minor","10830","1076729313"
"Earlestown","Earlestown","53.4500","-2.6500","United Kingdom","GB","GBR","St. Helens","","10830","1826235843"
"Khaţţāb","Khattab","35.1975","36.6669","Syria","SY","SYR","Ḩamāh","","10830","1760480651"
"Buenavista","Buenavista","9.3222","-74.9772","Colombia","CO","COL","Sucre","minor","10829","1170935421"
"Jitwārpur Chauth","Jitwarpur Chauth","25.8499","85.8074","India","IN","IND","Bihār","","10829","1356211137"
"Jauli","Jauli","29.4273","77.8595","India","IN","IND","Uttar Pradesh","","10828","1356051545"
"Reguengos de Monsaraz","Reguengos de Monsaraz","38.4167","-7.5333","Portugal","PT","PRT","Évora","minor","10828","1620982468"
"Rājghāt Garail","Rajghat Garail","25.7618","87.2126","India","IN","IND","Bihār","","10827","1356754283"
"Laranja da Terra","Laranja da Terra","-19.8989","-41.0567","Brazil","BR","BRA","Espírito Santo","minor","10826","1076968120"
"Hammelburg","Hammelburg","50.1167","9.9000","Germany","DE","DEU","Bavaria","","10826","1276000245"
"Gamharia","Gamharia","25.8973","86.6550","India","IN","IND","Bihār","","10826","1356236390"
"Kurwār","Kurwar","26.3475","81.9787","India","IN","IND","Uttar Pradesh","","10826","1356487664"
"Probištip","Probistip","41.9936","22.1767","North Macedonia","MK","MKD","Probištip","admin","10826","1807592969"
"Rāmpur Kalān","Rampur Kalan","26.1649","77.4691","India","IN","IND","Madhya Pradesh","","10825","1356910989"
"Żurrieq","Zurrieq","35.8292","14.4758","Malta","MT","MLT","Żurrieq","admin","10823","1470331348"
"São Luís do Curu","Sao Luis do Curu","-3.6700","-39.2428","Brazil","BR","BRA","Ceará","minor","10822","1076329932"
"Bānu Chhapra","Banu Chhapra","26.8098","84.5201","India","IN","IND","Bihār","","10821","1356436701"
"Lake Monticello","Lake Monticello","37.9210","-78.3295","United States","US","USA","Virginia","","10820","1840006342"
"Garden City","Garden City","33.5926","-79.0071","United States","US","USA","South Carolina","","10820","1840013645"
"Amaturá","Amatura","-3.3639","-68.1978","Brazil","BR","BRA","Amazonas","minor","10819","1076997362"
"Sérékali","Serekali","9.9186","3.0434","Benin","BJ","BEN","Borgou","","10818","1204362974"
"Biggin Hill","Biggin Hill","51.3127","0.0336","United Kingdom","GB","GBR","Croydon","","10817","1826917936"
"Kurikuppi","Kurikuppi","15.0700","76.5500","India","IN","IND","Karnātaka","","10817","1356140124"
"Oliveirinha","Oliveirinha","40.6078","-8.5914","Portugal","PT","PRT","Aveiro","","10817","1620623019"
"Montgomery","Montgomery","39.2496","-84.3458","United States","US","USA","Ohio","","10816","1840008521"
"Cividale del Friuli","Cividale del Friuli","46.0905","13.4350","Italy","IT","ITA","Friuli Venezia Giulia","","10815","1380392084"
"De Witt","De Witt","43.0300","-76.0819","United States","US","USA","New York","","10815","1840153011"
"Sohwāl","Sohwal","25.9261","83.3628","India","IN","IND","Uttar Pradesh","","10814","1356988730"
"San Valentino Torio","San Valentino Torio","40.7911","14.6033","Italy","IT","ITA","Campania","","10814","1380213807"
"Los Corrales de Buelna","Los Corrales de Buelna","43.2617","-4.0653","Spain","ES","ESP","Cantabria","","10813","1724471933"
"Yuncos","Yuncos","40.0833","-3.8667","Spain","ES","ESP","Castille-La Mancha","","10813","1724313165"
"Alipur","Alipur","18.8621","78.8754","India","IN","IND","Andhra Pradesh","","10813","1356133308"
"Hejamādi","Hejamadi","13.1062","74.7839","India","IN","IND","Karnātaka","","10813","1356024511"
"Citrus","Citrus","34.1160","-117.8891","United States","US","USA","California","","10813","1840017916"
"Olivença","Olivenca","-9.5186","-37.1906","Brazil","BR","BRA","Alagoas","minor","10812","1076408524"
"Taufkirchen","Taufkirchen","48.3439","12.1303","Germany","DE","DEU","Bavaria","","10812","1276593079"
"Al M’aziz","Al M'aziz","33.6667","-6.3167","Morocco","MA","MAR","Rabat-Salé-Kénitra","","10812","1504103308"
"Kaurihār","Kaurihar","26.9650","84.8462","India","IN","IND","Bihār","","10810","1356863660"
"Keza","Keza","-2.7540","30.6820","Tanzania","TZ","TZA","Kagera","","10810","1834729432"
"Tacuru","Tacuru","-23.6328","-55.0158","Brazil","BR","BRA","Mato Grosso do Sul","minor","10808","1076103112"
"Bālupur","Balupur","25.2611","87.8947","India","IN","IND","West Bengal","","10808","1356051781"
"Călăraşi","Calarasi","47.2500","28.3000","Moldova","MD","MDA","Călăraşi","admin","10808","1498598747"
"Bileća","Bileca","42.8667","18.4333","Bosnia and Herzegovina","BA","BIH","Srpska, Republika","minor","10807","1070591645"
"Ugrinovci","Ugrinovci","44.8763","20.1876","Serbia","RS","SRB","Beograd","","10807","1688470425"
"Chhātāpur","Chhatapur","26.2197","87.0048","India","IN","IND","Bihār","","10805","1356478045"
"Andhana","Andhana","25.2574","85.4548","India","IN","IND","Bihār","","10805","1356063339"
"Tyāmagondal","Tyamagondal","13.2137","77.3010","India","IN","IND","Karnātaka","","10805","1356743390"
"Gympie","Gympie","-26.1900","152.6655","Australia","AU","AUS","Queensland","","10803","1036391013"
"Riverton","Riverton","43.0421","-108.4144","United States","US","USA","Wyoming","","10803","1840020026"
"Darmahā","Darmaha","26.3663","84.9312","India","IN","IND","Bihār","","10802","1356018565"
"Matomou","Matomou","13.8514","-4.9647","Mali","ML","MLI","Ségou","","10802","1466070701"
"West Vero Corridor","West Vero Corridor","27.6363","-80.4844","United States","US","USA","Florida","","10802","1840073271"
"Eugenópolis","Eugenopolis","-21.0989","-42.1869","Brazil","BR","BRA","Minas Gerais","minor","10801","1076538883"
"Icononzo","Icononzo","4.1833","-74.5333","Colombia","CO","COL","Tolima","minor","10801","1170002188"
"Kirchseeon","Kirchseeon","48.0731","11.8861","Germany","DE","DEU","Bavaria","","10801","1276337335"
"Pālamedu","Palamedu","10.1050","78.1134","India","IN","IND","Tamil Nādu","","10801","1356644642"
"Māngobandar","Mangobandar","24.8162","86.2709","India","IN","IND","Bihār","","10801","1356256270"
"Abbigeri","Abbigeri","15.5862","75.7502","India","IN","IND","Karnātaka","","10801","1356709551"
"Castano Primo","Castano Primo","45.5500","8.7667","Italy","IT","ITA","Lombardy","","10801","1380175230"
"El Arba Des Bir Lenni","El Arba Des Bir Lenni","34.3272","-4.2039","Morocco","MA","MAR","Fès-Meknès","","10801","1504816982"
"Bouchagroun","Bouchagroun","34.7217","5.4656","Algeria","DZ","DZA","Biskra","","10800","1012603355"
"Methil","Methil","56.1844","-3.0223","United Kingdom","GB","GBR","Fife","","10800","1826468854"
"Bāra","Bara","25.9286","86.5237","India","IN","IND","Bihār","","10800","1356937398"
"Oulad Daoud","Oulad Daoud","34.4303","-4.7728","Morocco","MA","MAR","Fès-Meknès","","10800","1504977021"
"Divriği","Divrigi","39.3667","38.1167","Turkey","TR","TUR","Sivas","minor","10800","1792352411"
"Amuru","Amuru","2.8186","31.8642","Uganda","UG","UGA","Amuru","admin","10800","1800642608"
"Eski Yakkabog‘","Eski Yakkabog`","38.9314","66.8389","Uzbekistan","UZ","UZB","Qashqadaryo","","10800","1860248125"
"Tallimarjon Shahri","Tallimarjon Shahri","38.2967","65.5533","Uzbekistan","UZ","UZB","Qashqadaryo","","10800","1860832901"
"Kyjov","Kyjov","49.0103","17.1225","Czechia","CZ","CZE","Jihomoravský Kraj","","10799","1203980144"
"La Puebla de Cazalla","La Puebla de Cazalla","37.2222","-5.3125","Spain","ES","ESP","Andalusia","","10799","1724676829"
"Pélissanne","Pelissanne","43.6322","5.1511","France","FR","FRA","Provence-Alpes-Côte d’Azur","","10799","1250072197"
"Terra Boa","Terra Boa","-12.3919","-38.6250","Brazil","BR","BRA","Bahia","minor","10798","1076578412"
"Papraur","Papraur","25.4413","86.0378","India","IN","IND","Bihār","","10797","1356098101"
"Kara-Tash","Kara-Tash","40.2165","72.6244","Kyrgyzstan","KG","KGZ","Osh","","10797","1417239790"
"Panaon","Panaon","8.3667","123.8333","Philippines","PH","PHL","Misamis Occidental","","10797","1608096447"
"Guaraciaba","Guaraciaba","-26.5989","-53.5178","Brazil","BR","BRA","Santa Catarina","minor","10796","1076248492"
"Pleasant Hill","Pleasant Hill","41.5867","-93.4953","United States","US","USA","Iowa","","10796","1840009219"
"Barbosa Ferraz","Barbosa Ferraz","-24.0300","-52.0119","Brazil","BR","BRA","Paraná","minor","10795","1076936021"
"Capena","Capena","42.1403","12.5403","Italy","IT","ITA","Lazio","","10795","1380341916"
"Scorniceşti","Scornicesti","44.5950","24.5469","Romania","RO","ROU","Olt","","10795","1642000053"
"Atchison","Atchison","39.5625","-95.1367","United States","US","USA","Kansas","","10795","1840001543"
"Río Segundo","Rio Segundo","10.0013","-84.1937","Costa Rica","CR","CRI","Alajuela","","10794","1188990744"
"Cornate d’Adda","Cornate d'Adda","45.6500","9.4667","Italy","IT","ITA","Lombardy","","10794","1380466691"
"Chanteloup-les-Vignes","Chanteloup-les-Vignes","48.9792","2.0319","France","FR","FRA","Île-de-France","","10793","1250129620"
"Muzaffarnagar","Muzaffarnagar","29.4820","77.7000","India","IN","IND","Uttar Pradesh","","10793","1356592356"
"Wooburn","Wooburn","51.5810","-0.6910","United Kingdom","GB","GBR","Buckinghamshire","","10792","1826286228"
"Zafarābād","Zafarabad","25.7000","82.7000","India","IN","IND","Uttar Pradesh","","10792","1356382281"
"Arakawa","Arakawa","38.1241","139.4438","Japan","JP","JPN","Niigata","","10792","1392031757"
"Binbrook","Binbrook","43.1220","-79.8050","Canada","CA","CAN","Ontario","","10791","1124589628"
"Totolapan","Totolapan","18.9869","-98.9197","Mexico","MX","MEX","Morelos","minor","10790","1484963370"
"Bithlo","Bithlo","28.5644","-81.1073","United States","US","USA","Florida","","10790","1840014083"
"Elmira","Elmira","43.5996","-80.5604","Canada","CA","CAN","Ontario","","10790","1124652334"
"Dingelstädt","Dingelstadt","51.3156","10.3194","Germany","DE","DEU","Thuringia","","10789","1276847045"
"Seonār","Seonar","25.4142","85.8834","India","IN","IND","Bihār","","10788","1356658113"
"Beaumont","Beaumont","45.7525","3.0836","France","FR","FRA","Auvergne-Rhône-Alpes","","10787","1250295985"
"Kuppachchipālaiyam","Kuppachchipalaiyam","11.0273","78.1131","India","IN","IND","Tamil Nādu","","10787","1356241675"
"Paduma","Paduma","26.5766","86.2394","India","IN","IND","Bihār","","10787","1356341482"
"Telkap","Telkap","24.7048","84.0093","India","IN","IND","Bihār","","10787","1356077327"
"Marreddipalli","Marreddipalli","17.7767","78.6016","India","IN","IND","Andhra Pradesh","","10787","1356691135"
"Kleinblittersdorf","Kleinblittersdorf","49.1583","7.0361","Germany","DE","DEU","Saarland","","10786","1276026284"
"Flixton","Flixton","53.4470","-2.3910","United Kingdom","GB","GBR","Trafford","","10786","1826292876"
"Ambohidanerana","Ambohidanerana","-19.2028","46.7785","Madagascar","MG","MDG","Antananarivo","","10786","1450817535"
"Myers Corner","Myers Corner","41.5864","-73.8793","United States","US","USA","New York","","10786","1840004742"
"Villa Nougues","Villa Nougues","-26.8578","-65.3756","Argentina","AR","ARG","Tucumán","","10785","1032459875"
"Nurmo","Nurmo","62.8278","22.9083","Finland","FI","FIN","Etelä-Pohjanmaa","","10785","1246405413"
"Shiloh","Shiloh","39.8159","-84.2317","United States","US","USA","Ohio","","10785","1840153071"
"Sanson","Sanson","9.2833","2.4333","Benin","BJ","BEN","Borgou","","10784","1204972497"
"Kondakomarla","Kondakomarla","14.0678","77.9561","India","IN","IND","Andhra Pradesh","","10784","1356709178"
"Ravutulapūdi","Ravutulapudi","17.3833","82.3833","India","IN","IND","Andhra Pradesh","","10784","1356451973"
"Sušice","Susice","49.2311","13.5203","Czechia","CZ","CZE","Plzeňský Kraj","","10783","1203245330"
"Miyato","Miyato","36.1772","139.1814","Japan","JP","JPN","Gunma","","10783","1392417076"
"Emiliano Zapata","Emiliano Zapata","16.5392","-92.8967","Mexico","MX","MEX","Chiapas","","10783","1484357716"
"Ousseltia","Ousseltia","35.8400","9.5800","Tunisia","TN","TUN","Kairouan","","10783","1788889773"
"Russellville","Russellville","34.5055","-87.7283","United States","US","USA","Alabama","","10783","1840004247"
"Mount Kisco","Mount Kisco","41.2016","-73.7281","United States","US","USA","New York","","10782","1840004936"
"Ānavatti","Anavatti","14.5645","75.1523","India","IN","IND","Karnātaka","","10781","1356071395"
"Tamiang Layang","Tamiang Layang","-2.1160","115.1691","Indonesia","ID","IDN","Kalimantan Tengah","minor","10780","1360507252"
"Sītalpur","Sitalpur","25.7764","85.0283","India","IN","IND","Bihār","","10780","1356075661"
"Bougoula","Bougoula","12.3149","-7.7971","Mali","ML","MLI","Koulikoro","","10780","1466859513"
"Pineville","Pineville","35.0864","-80.8915","United States","US","USA","North Carolina","","10780","1840016354"
"Argelès-sur-Mer","Argeles-sur-Mer","42.5449","3.0235","France","FR","FRA","Occitanie","","10779","1250999270"
"Parkstone","Parkstone","50.7100","-1.9500","United Kingdom","GB","GBR","Bournemouth, Christchurch and Poole","","10779","1826119514"
"Paceco","Paceco","37.9788","12.5603","Italy","IT","ITA","Sicilia","","10779","1380125457"
"Ovada","Ovada","44.6392","8.6464","Italy","IT","ITA","Piedmont","","10779","1380731668"
"Guaraci","Guaraci","-20.4986","-48.9447","Brazil","BR","BRA","São Paulo","minor","10778","1076832083"
"Tafalla","Tafalla","42.5277","-1.6745","Spain","ES","ESP","Navarre","","10778","1724582472"
"Nekarikallu","Nekarikallu","16.3710","79.9430","India","IN","IND","Andhra Pradesh","","10778","1356834789"
"Diedorf","Diedorf","48.3500","10.7667","Germany","DE","DEU","Bavaria","","10777","1276299283"
"Cave","Cave","41.8167","12.9333","Italy","IT","ITA","Lazio","","10777","1380149501"
"Chiramanangād","Chiramanangad","10.6819","76.1142","India","IN","IND","Kerala","","10775","1356184641"
"Nilavārappatti","Nilavarappatti","11.6081","78.1499","India","IN","IND","Tamil Nādu","","10775","1356219726"
"Matulji","Matulji","45.3667","14.3167","Croatia","HR","HRV","Primorsko-Goranska Županija","minor","10773","1191059723"
"Bhanghi","Bhanghi","26.3612","87.1826","India","IN","IND","Bihār","","10773","1356501629"
"Nuvem","Nuvem","15.3174","73.9387","India","IN","IND","Goa","","10773","1356861846"
"Nāranāpuram","Naranapuram","11.0254","77.2900","India","IN","IND","Tamil Nādu","","10772","1356165582"
"Itamogi","Itamogi","-21.0778","-47.0478","Brazil","BR","BRA","Minas Gerais","minor","10770","1076902306"
"Dallgow-Döberitz","Dallgow-Doberitz","52.5331","13.0500","Germany","DE","DEU","Brandenburg","","10770","1276604293"
"Nīrkunnam","Nirkunnam","9.3500","76.5167","India","IN","IND","Kerala","","10770","1356160734"
"Akhnūr","Akhnur","32.8700","74.7300","India","IN","IND","Jammu and Kashmīr","","10770","1356433902"
"Pipalrawān","Pipalrawan","23.1625","76.4704","India","IN","IND","Madhya Pradesh","","10769","1356390483"
"Bhaurādah","Bhauradah","26.2520","87.8600","India","IN","IND","Bihār","","10769","1356396925"
"Waasmunster","Waasmunster","51.1097","4.0847","Belgium","BE","BEL","Flanders","","10768","1056237284"
"Osterwieck","Osterwieck","51.9667","10.7167","Germany","DE","DEU","Saxony-Anhalt","","10768","1276571992"
"Errahalli","Errahalli","12.3911","78.2232","India","IN","IND","Tamil Nādu","","10768","1356634774"
"Punjai Kālāmangalam","Punjai Kalamangalam","11.2322","77.8236","India","IN","IND","Tamil Nādu","","10768","1356167863"
"Westwood Lakes","Westwood Lakes","25.7237","-80.3717","United States","US","USA","Florida","","10768","1840028796"
"Gounarou","Gounarou","10.8667","2.8500","Benin","BJ","BEN","Alibori","","10767","1204739414"
"Ban Bang Yai","Ban Bang Yai","13.8409","100.3708","Thailand","TH","THA","Nonthaburi","","10767","1764949681"
"Abergavenny","Abergavenny","51.8240","-3.0167","United Kingdom","GB","GBR","Monmouthshire","","10766","1826362404"
"Suyo","Suyo","16.9839","120.5139","Philippines","PH","PHL","Ilocos Sur","","10766","1608201191"
"Pompton Plains","Pompton Plains","40.9679","-74.3075","United States","US","USA","New Jersey","","10766","1840033387"
"Airway Heights","Airway Heights","47.6459","-117.5792","United States","US","USA","Washington","","10766","1840018399"
"Mutukūru","Mutukuru","16.3829","79.4664","India","IN","IND","Andhra Pradesh","","10765","1356425661"
"Langhirano","Langhirano","44.6145","10.2662","Italy","IT","ITA","Emilia-Romagna","","10765","1380734640"
"Kendall Park","Kendall Park","40.4135","-74.5631","United States","US","USA","New Jersey","","10765","1840005419"
"Seekirchen am Wallersee","","47.9000","13.1333","Austria","AT","AUT","Salzburg","","10764","1040999982"
"Qal‘eh Chan‘ān","Qal`eh Chan`an","31.2403","48.7011","Iran","IR","IRN","Khūzestān","","10764","1364626383"
"Bāsht","Basht","30.3611","51.1558","Iran","IR","IRN","Kohgīlūyeh va Bowyer Aḩmad","minor","10764","1364527291"
"Gleisdorf","Gleisdorf","47.1039","15.7083","Austria","AT","AUT","Steiermark","","10763","1040059456"
"Agouna","Agouna","7.5667","1.7000","Benin","BJ","BEN","Zou","","10763","1204331167"
"Vire","Vire","48.8400","-0.8900","France","FR","FRA","Normandie","minor","10762","1250663430"
"Sarsai Nāwar","Sarsai Nawar","26.9600","79.2300","India","IN","IND","Uttar Pradesh","","10762","1356116045"
"Vidalia","Vidalia","32.2125","-82.4019","United States","US","USA","Georgia","","10762","1840015820"
"Pine Hill","Pine Hill","39.7879","-74.9857","United States","US","USA","New Jersey","","10762","1840001509"
"Kūhbanān","Kuhbanan","31.4100","56.2825","Iran","IR","IRN","Kermān","minor","10761","1364489300"
"Pedralva","Pedralva","-22.2428","-45.4658","Brazil","BR","BRA","Minas Gerais","minor","10760","1076000746"
"Kājhi Hridenagar","Kajhi Hridenagar","25.9320","87.2179","India","IN","IND","Bihār","","10760","1356280293"
"Jhundo","Jhundo","24.7756","86.2473","India","IN","IND","Bihār","","10760","1356249136"
"Gori","Gori","15.1083","-10.7639","Mali","ML","MLI","Kayes","","10760","1466805275"
"Ñiquén","Niquen","-36.3000","-71.9000","Chile","CL","CHL","Ñuble","","10759","1152179399"
"Santo Domingo","Santo Domingo","6.4708","-75.1658","Colombia","CO","COL","Antioquia","minor","10759","1170000493"
"Bad Orb","Bad Orb","50.2167","9.3500","Germany","DE","DEU","Hesse","","10759","1276166672"
"Pont-Saint-Esprit","Pont-Saint-Esprit","44.2575","4.6492","France","FR","FRA","Occitanie","","10759","1250487388"
"Burgos","Burgos","18.5114","120.6444","Philippines","PH","PHL","Ilocos Norte","","10759","1608640535"
"Mülsen","Mulsen","50.7447","12.5747","Germany","DE","DEU","Saxony","","10757","1276902814"
"Kuruvambalam","Kuruvambalam","10.9375","76.1639","India","IN","IND","Kerala","","10756","1356809439"
"Rudra Nagar","Rudra Nagar","24.3841","87.8840","India","IN","IND","West Bengal","","10756","1356549473"
"Antanandehibe","Antanandehibe","-19.6774","48.3511","Madagascar","MG","MDG","Toamasina","","10756","1450710342"
"Otavi","Otavi","-19.6500","17.3333","Namibia","NA","NAM","Otjozondjupa","","10756","1516874756"
"Jarjanāz","Jarjanaz","35.6182","36.7828","Syria","SY","SYR","Idlib","","10756","1760182310"
"Lulhaul","Lulhaul","25.8787","86.1386","India","IN","IND","Bihār","","10755","1356587870"
"Sāmbre","Sambre","15.8800","74.5600","India","IN","IND","Karnātaka","","10755","1356592011"
"Odugattūr","Odugattur","12.7679","78.8830","India","IN","IND","Tamil Nādu","","10755","1356192754"
"Pragadavaram","Pragadavaram","17.0167","81.0167","India","IN","IND","Andhra Pradesh","","10755","1356533408"
"Kīlrājakularāman","Kilrajakularaman","9.3969","77.6344","India","IN","IND","Tamil Nādu","","10755","1356210504"
"Alakamisy Anativato","Alakamisy Anativato","-19.8788","46.9007","Madagascar","MG","MDG","Antananarivo","","10754","1450915347"
"Ilıcaköy","Ilicakoy","36.8219","31.3672","Turkey","TR","TUR","Antalya","","10754","1792917085"
"Villa Unión","Villa Union","23.9667","-104.0333","Mexico","MX","MEX","Durango","minor","10753","1484796365"
"Iramaia","Iramaia","-13.2858","-40.9508","Brazil","BR","BRA","Bahia","minor","10752","1076713749"
"Laredo","Laredo","43.4144","-3.4100","Spain","ES","ESP","Cantabria","","10752","1724449153"
"Moda","Moda","13.8246","77.4421","India","IN","IND","Andhra Pradesh","","10752","1356140958"
"Sunadkuppi","Sunadkuppi","16.1400","74.8100","India","IN","IND","Karnātaka","","10752","1356226554"
"Bendougouba","Bendougouba","13.0575","-9.3956","Mali","ML","MLI","Kayes","","10752","1466035730"
"Suhāgi","Suhagi","23.2206","79.9569","India","IN","IND","Madhya Pradesh","","10751","1356418390"
"Kattāri","Kattari","11.4593","77.7263","India","IN","IND","Tamil Nādu","","10751","1356168279"
"Ogano","Ogano","36.0171","139.0086","Japan","JP","JPN","Saitama","","10751","1392226506"
"Lyngdal","Lyngdal","58.1333","7.0833","Norway","NO","NOR","Agder","minor","10751","1578630529"
"Doi Saket","Doi Saket","18.8667","99.1333","Thailand","TH","THA","Chiang Mai","minor","10750","1764197318"
"Manatí","Manati","18.4283","-66.4823","Puerto Rico","PR","PRI","Puerto Rico","","10750","1630023562"
"Rianxo","Rianxo","42.6500","-8.8167","Spain","ES","ESP","Galicia","","10748","1724885529"
"Briançon","Briancon","44.8964","6.6356","France","FR","FRA","Provence-Alpes-Côte d’Azur","minor","10748","1250902899"
"Saint Ives","Saint Ives","50.2110","-5.4800","United Kingdom","GB","GBR","Cornwall","","10748","1826132004"
"Kuttattuppatti","Kuttattuppatti","10.3759","77.8972","India","IN","IND","Tamil Nādu","","10748","1356250206"
"Jaladurgam","Jaladurgam","15.2840","77.9001","India","IN","IND","Andhra Pradesh","","10748","1356094746"
"Kingri","Kingri","25.6326","86.6911","India","IN","IND","Bihār","","10747","1356670551"
"Kelilalina","Kelilalina","-21.2843","47.5546","Madagascar","MG","MDG","Fianarantsoa","","10747","1450902894"
"Wang Sombun","Wang Sombun","13.3618","102.1911","Thailand","TH","THA","Sa Kaeo","minor","10747","1764786290"
"Lehigh","Lehigh","40.7678","-75.5394","United States","US","USA","Pennsylvania","","10747","1840142186"
"Babhnoul","Babhnoul","25.3202","84.2128","India","IN","IND","Bihār","","10746","1356089511"
"Komarolu","Komarolu","15.2667","79.0000","India","IN","IND","Andhra Pradesh","","10746","1356768871"
"Jackson","Jackson","43.4720","-110.7746","United States","US","USA","Wyoming","","10746","1840021258"
"Lake Arrowhead","Lake Arrowhead","34.2531","-117.1944","United States","US","USA","California","","10746","1840017803"
"Lieshout","Lieshout","51.5219","5.5803","Netherlands","NL","NLD","Noord-Brabant","","10745","1528167902"
"Capela do Alto Alegre","Capela do Alto Alegre","-11.6678","-39.8378","Brazil","BR","BRA","Bahia","minor","10744","1076582203"
"Shirebrook","Shirebrook","53.2048","-1.2197","United Kingdom","GB","GBR","Derbyshire","","10744","1826437553"
"Goasi","Goasi","25.7643","87.4155","India","IN","IND","Bihār","","10744","1356928491"
"Itacurubí de la Cordillera","Itacurubi de la Cordillera","-25.4616","-56.8533","Paraguay","PY","PRY","Cordillera","","10744","1600603490"
"Campo Largo","Campo Largo","-26.8000","-60.8333","Argentina","AR","ARG","Chaco","minor","10743","1032892043"
"Whitnash","Whitnash","52.2680","-1.5240","United Kingdom","GB","GBR","Warwickshire","","10743","1826439036"
"Na Sceirí","Na Sceiri","53.5828","-6.1083","Ireland","IE","IRL","Fingal","","10743","1372992347"
"Racale","Racale","39.9667","18.1000","Italy","IT","ITA","Puglia","","10743","1380031078"
"Mogwase","Mogwase","-25.2760","27.2160","South Africa","ZA","ZAF","North West","","10743","1710295342"
"Juruá","Jurua","-3.4808","-66.0689","Brazil","BR","BRA","Amazonas","minor","10742","1076219164"
"Northbrook","Northbrook","39.2467","-84.5796","United States","US","USA","Ohio","","10741","1840034123"
"Allonnes","Allonnes","47.9686","0.1606","France","FR","FRA","Pays de la Loire","","10740","1250722927"
"Chantilly","Chantilly","49.2000","2.4667","France","FR","FRA","Hauts-de-France","","10740","1250822296"
"Voisins-le-Bretonneux","Voisins-le-Bretonneux","48.7592","2.0517","France","FR","FRA","Île-de-France","","10740","1250010206"
"Karuvelampatti","Karuvelampatti","9.8448","78.0451","India","IN","IND","Tamil Nādu","","10739","1356238320"
"Pādiyūr","Padiyur","10.4234","78.0254","India","IN","IND","Tamil Nādu","","10738","1356222294"
"Doraville","Doraville","33.9073","-84.2711","United States","US","USA","Georgia","","10738","1840014778"
"Brdovec","Brdovec","45.8703","15.7644","Croatia","HR","HRV","Zagrebačka Županija","minor","10737","1191376654"
"Emsbüren","Emsburen","52.3925","7.2914","Germany","DE","DEU","Lower Saxony","","10735","1276520111"
"Kumāravādi","Kumaravadi","10.5264","78.3118","India","IN","IND","Tamil Nādu","","10735","1356208650"
"Isola del Liri","Isola del Liri","41.6833","13.5667","Italy","IT","ITA","Lazio","","10735","1380391710"
"Chandreru","Chandreru","17.0980","81.9959","India","IN","IND","Andhra Pradesh","","10733","1356362084"
"Jaqma","Jaqma","33.2920","-7.4400","Morocco","MA","MAR","Casablanca-Settat","","10733","1504002032"
"Newberry","Newberry","34.2813","-81.6010","United States","US","USA","South Carolina","","10733","1840014694"
"Bhālpatti","Bhalpatti","26.1853","86.0509","India","IN","IND","Bihār","","10732","1356905665"
"Vellavādanparappu","Vellavadanparappu","11.1854","77.8425","India","IN","IND","Tamil Nādu","","10732","1356167418"
"Rāybāg","Raybag","16.4800","74.7800","India","IN","IND","Karnātaka","","10732","1356002612"
"Nandasmo","Nandasmo","11.9333","-86.1167","Nicaragua","NI","NIC","Masaya","minor","10732","1558448256"
"The Hills","The Hills","40.6561","-74.6215","United States","US","USA","New Jersey","","10732","1840151839"
"Martinengo","Martinengo","45.5704","9.7674","Italy","IT","ITA","Lombardy","","10731","1380797479"
"Motta di Livenza","Motta di Livenza","45.7797","12.6086","Italy","IT","ITA","Veneto","","10731","1380977215"
"Santa María","Santa Maria","13.3500","-88.4333","El Salvador","SV","SLV","Usulután","","10731","1222973586"
"Worth","Worth","41.6877","-87.7916","United States","US","USA","Illinois","","10731","1840011318"
"Placerville","Placerville","38.7308","-120.7979","United States","US","USA","California","","10730","1840020238"
"Choachí","Choachi","4.5297","-73.9236","Colombia","CO","COL","Cundinamarca","minor","10729","1170262604"
"Cantillana","Cantillana","37.6000","-5.8167","Spain","ES","ESP","Andalusia","","10728","1724661901"
"Royston","Royston","53.6100","-1.4500","United Kingdom","GB","GBR","Barnsley","","10728","1826977688"
"Kerāi","Kerai","25.7510","85.8586","India","IN","IND","Bihār","","10728","1356627543"
"Scenic Oaks","Scenic Oaks","29.7038","-98.6712","United States","US","USA","Texas","","10727","1840019650"
"Saks","Saks","33.7118","-85.8536","United States","US","USA","Alabama","","10727","1840013708"
"Deh Bakrī","Deh Bakri","29.0478","57.9119","Iran","IR","IRN","Kermān","","10726","1364001986"
"Sonoma","Sonoma","38.2902","-122.4598","United States","US","USA","California","","10726","1840021490"
"Uropá","Uropa","-11.1406","-62.3608","Brazil","BR","BRA","Rondônia","minor","10725","1076856574"
"Gaohucun","Gaohucun","28.3367","120.2178","China","CN","CHN","Zhejiang","","10725","1156373640"
"Panamarattuppatti","Panamarattuppatti","11.5620","78.1649","India","IN","IND","Tamil Nādu","","10725","1356226426"
"Maniamkulam","Maniamkulam","9.6410","76.6440","India","IN","IND","Kerala","","10725","1356162919"
"Monte San Pietro","Monte San Pietro","44.4578","11.1990","Italy","IT","ITA","Emilia-Romagna","","10725","1380640178"
"Amesbury","Amesbury","51.1730","-1.7800","United Kingdom","GB","GBR","Wiltshire","","10724","1826157369"
"Campton Hills","Campton Hills","41.9498","-88.4166","United States","US","USA","Illinois","","10724","1840000495"
"Rogatica","Rogatica","43.7989","19.0036","Bosnia and Herzegovina","BA","BIH","Srpska, Republika","minor","10723","1070557878"
"Léognan","Leognan","44.7294","-0.5997","France","FR","FRA","Nouvelle-Aquitaine","","10723","1250609222"
"Bāzid Chak Kasturi","Bazid Chak Kasturi","25.6559","85.4412","India","IN","IND","Bihār","","10723","1356391361"
"Andovoranto","Andovoranto","-18.9544","49.1094","Madagascar","MG","MDG","Toamasina","","10723","1450518984"
"Ankarabato","Ankarabato","-16.1860","46.1870","Madagascar","MG","MDG","Mahajanga","","10723","1450143070"
"Tezontepec de Aldama","Tezontepec de Aldama","19.8833","-98.8167","Mexico","MX","MEX","Hidalgo","","10723","1484742902"
"Taimali","Taimali","22.6167","121.0000","Taiwan","TW","TWN","Taitung","","10723","1158802426"
"Milton","Milton","44.6429","-73.1538","United States","US","USA","Vermont","","10723","1840070912"
"Zwettl","Zwettl","48.6033","15.1689","Austria","AT","AUT","Niederösterreich","minor","10722","1040676174"
"Rājānagaram","Rajanagaram","17.0833","81.9000","India","IN","IND","Andhra Pradesh","","10722","1356258636"
"Grezzana","Grezzana","45.5167","11.0167","Italy","IT","ITA","Veneto","","10722","1380574933"
"Sapahi","Sapahi","26.6517","84.8526","India","IN","IND","Bihār","","10721","1356152654"
"Santa Bárbara","Santa Barbara","26.8133","-105.8203","Mexico","MX","MEX","Chihuahua","minor","10721","1484698134"
"Asālem","Asalem","37.7211","48.9583","Iran","IR","IRN","Gīlān","","10720","1364809710"
"Fujino","Fujino","35.6060","139.1430","Japan","JP","JPN","Kanagawa","","10720","1392372740"
"Zaragoza","Zaragoza","17.9531","-94.6414","Mexico","MX","MEX","Veracruz","minor","10720","1484089470"
"Săcueni","Sacueni","47.3525","22.0914","Romania","RO","ROU","Bihor","","10720","1642478221"
"Çüngüş","Cungus","38.2128","39.2869","Turkey","TR","TUR","Diyarbakır","minor","10720","1792972356"
"Essex Junction","Essex Junction","44.4902","-73.1141","United States","US","USA","Vermont","","10720","1840004083"
"Alagappapuram","Alagappapuram","8.1468","77.5413","India","IN","IND","Tamil Nādu","","10719","1356206859"
"Ōtsuchi","Otsuchi","39.3582","141.8994","Japan","JP","JPN","Iwate","","10719","1392244776"
"Pebble Creek","Pebble Creek","28.1583","-82.3411","United States","US","USA","Florida","","10719","1840028995"
"Ubalá","Ubala","4.7439","-73.5347","Colombia","CO","COL","Cundinamarca","minor","10718","1170000627"
"Gülbaar","Gulbaar","40.4874","72.6525","Kyrgyzstan","KG","KGZ","Osh","","10718","1417638911"
"Dharmavaram","Dharmavaram","17.2300","82.2280","India","IN","IND","Andhra Pradesh","","10717","1356914986"
"Morro Bay","Morro Bay","35.3682","-120.8482","United States","US","USA","California","","10717","1840020415"
"Campolongo Maggiore","Campolongo Maggiore","45.3305","12.0483","Italy","IT","ITA","Veneto","","10716","1380044601"
"Novomyrhorod","Novomyrhorod","48.7833","31.6500","Ukraine","UA","UKR","Kirovohradska Oblast","minor","10715","1804843352"
"Ormesby","Ormesby","54.5492","-1.1817","United Kingdom","GB","GBR","Middlesbrough","","10714","1826125130"
"Īmani","Imani","16.3302","80.6580","India","IN","IND","Andhra Pradesh","","10714","1356911251"
"Meiwa","Meiwa","36.2113","139.5342","Japan","JP","JPN","Gunma","","10714","1392003514"
"Villers-la-Ville","Villers-la-Ville","50.5833","4.5333","Belgium","BE","BEL","Wallonia","","10713","1056078634"
"Xiaozui","Xiaozui","35.6912","108.0779","China","CN","CHN","Gansu","","10713","1156667721"
"Parnera","Parnera","20.5500","72.9500","India","IN","IND","Gujarāt","","10713","1356531079"
"Qamīnis","Qaminis","31.6572","20.0144","Libya","LY","LBY","Banghāzī","","10713","1434752325"
"Hartford","Hartford","43.6644","-72.3865","United States","US","USA","Vermont","","10713","1840070579"
"Tigrāna","Tigrana","28.8620","76.1370","India","IN","IND","Haryāna","","10712","1356317917"
"Sosnivka","Sosnivka","50.2944","24.2500","Ukraine","UA","UKR","Lvivska Oblast","","10712","1804036545"
"Nandiala","Nandiala","12.3333","-2.1667","Burkina Faso","BF","BFA","Centre-Ouest","","10711","1854416310"
"Thevūr","Thevur","11.5240","77.7539","India","IN","IND","Tamil Nādu","","10711","1356169701"
"Louvain-la-Neuve","Louvain-la-Neuve","50.6696","4.6112","Belgium","BE","BEL","Wallonia","","10710","1056082103"
"Candiota","Candiota","-31.5578","-53.6728","Brazil","BR","BRA","Rio Grande do Sul","minor","10710","1076794665"
"Yemva","Yemva","62.6000","50.8667","Russia","RU","RUS","Komi","minor","10710","1643717483"
"Van Wert","Van Wert","40.8651","-84.5879","United States","US","USA","Ohio","","10710","1840010350"
"La Palma del Condado","La Palma del Condado","37.3842","-6.5517","Spain","ES","ESP","Andalusia","","10709","1724270094"
"Enumulapalle","Enumulapalle","14.1446","77.8166","India","IN","IND","Andhra Pradesh","","10709","1356156404"
"Raeren","Raeren","50.6833","6.1167","Belgium","BE","BEL","Wallonia","","10707","1056287455"
"Tamarana","Tamarana","-23.7228","-51.0969","Brazil","BR","BRA","Paraná","minor","10707","1076234264"
"Aberystwyth","Aberystwyth","52.4140","-4.0810","United Kingdom","GB","GBR","Ceredigion","","10707","1826420477"
"Rewtith","Rewtith","26.2853","84.7155","India","IN","IND","Bihār","","10707","1356883616"
"Sidhap Kalān","Sidhap Kalan","26.5456","86.2346","India","IN","IND","Bihār","","10706","1356964546"
"Chittārkottal","Chittarkottal","9.4276","78.9015","India","IN","IND","Mizoram","","10706","1356274194"
"Kenafif","Kenafif","30.4167","-9.0333","Morocco","MA","MAR","Souss-Massa","","10706","1504378442"
"Indaw","Indaw","24.2214","96.1433","Burma","MM","MMR","Sagaing","","10706","1104824013"
"Gages Lake","Gages Lake","42.3519","-87.9828","United States","US","USA","Illinois","","10706","1840004638"
"Sesori","Sesori","13.7167","-88.3667","El Salvador","SV","SLV","San Miguel","","10705","1222371980"
"Tarboro","Tarboro","35.9046","-77.5563","United States","US","USA","North Carolina","","10705","1840016177"
"Clermont","Clermont","49.3797","2.4133","France","FR","FRA","Hauts-de-France","minor","10704","1250020067"
"Villeneuve-Tolosane","Villeneuve-Tolosane","43.5247","1.3425","France","FR","FRA","Occitanie","","10704","1250556540"
"Botticino Sera","Botticino Sera","45.5333","10.3000","Italy","IT","ITA","Lombardy","","10703","1380220938"
"Santa Catarina Ayotzingo","Santa Catarina Ayotzingo","19.2647","-98.8975","Mexico","MX","MEX","México","","10702","1484300687"
"Jyllinge","Jyllinge","55.7584","12.1123","Denmark","DK","DNK","Sjælland","","10701","1208809285"
"Bou Khadra","Bou Khadra","35.7444","8.0325","Algeria","DZ","DZA","Tébessa","","10701","1012924503"
"Marudūr","Marudur","11.2341","76.9067","India","IN","IND","Tamil Nādu","","10701","1356201258"
"Loano","Loano","44.1290","8.2598","Italy","IT","ITA","Liguria","","10701","1380950847"
"Əliabad","Aliabad","41.4829","46.6348","Azerbaijan","AZ","AZE","Zaqatala","","10700","1031807683"
"Mara Rosa","Mara Rosa","-14.0169","-49.1778","Brazil","BR","BRA","Goiás","minor","10700","1076150786"
"Schönwalde-Siedlung","Schonwalde-Siedlung","52.6500","12.9833","Germany","DE","DEU","Brandenburg","","10700","1276477512"
"Galsi","Galsi","23.3372","87.6925","India","IN","IND","West Bengal","","10700","1356039133"
"Shŭrobod","Shurobod","37.8403","70.0419","Tajikistan","TJ","TJK","Khatlon","minor","10700","1762032087"
"Aduku","Aduku","2.0194","32.7200","Uganda","UG","UGA","Kwania","admin","10700","1800302255"
"Lwakhakha","Lwakhakha","0.7967","34.3781","Uganda","UG","UGA","Manafwa","","10700","1800393189"
"Bog’ot","Bog'ot","41.3500","60.8167","Uzbekistan","UZ","UZB","Xorazm","minor","10700","1860558228"
"Sangam","Sangam","14.5956","79.7428","India","IN","IND","Andhra Pradesh","","10698","1356998102"
"Qal‘eh Tall","Qal`eh Tall","31.6331","49.8897","Iran","IR","IRN","Khūzestān","","10698","1364980286"
"Borgloon","Borgloon","50.8022","5.3433","Belgium","BE","BEL","Flanders","","10697","1056883817"
"San Felice sul Panaro","San Felice sul Panaro","44.8393","11.1413","Italy","IT","ITA","Emilia-Romagna","","10697","1380210816"
"Ambohinihaonana","Ambohinihaonana","-21.1965","47.9094","Madagascar","MG","MDG","Fianarantsoa","","10697","1450959111"
"Fuller Heights","Fuller Heights","27.9227","-81.9978","United States","US","USA","Florida","","10697","1840025156"
"Villahermosa","Villahermosa","5.0000","-75.1667","Colombia","CO","COL","Tolima","minor","10696","1170425263"
"Sam Ko","Sam Ko","14.6074","100.2186","Thailand","TH","THA","Ang Thong","minor","10696","1764322082"
"Kearney","Kearney","39.3550","-94.3599","United States","US","USA","Missouri","","10696","1840008501"
"Chettipālaiyam","Chettipalaiyam","10.9125","77.0370","India","IN","IND","Tamil Nādu","","10695","1356422917"
"Milattūr","Milattur","10.8576","79.2394","India","IN","IND","Tamil Nādu","","10695","1356174047"
"Şebin Karahisar","Sebin Karahisar","40.2886","38.4233","Turkey","TR","TUR","Giresun","minor","10695","1792033134"
"Felida","Felida","45.7138","-122.7103","United States","US","USA","Washington","","10695","1840037495"
"Kurdi","Kurdi","16.0511","77.2114","India","IN","IND","Karnātaka","","10694","1356608991"
"Saray","Saray","40.5330","49.7168","Azerbaijan","AZ","AZE","Abşeron","","10693","1031418404"
"Étaples","Etaples","50.5186","1.6414","France","FR","FRA","Hauts-de-France","","10693","1250922142"
"Hatch End","Hatch End","51.6010","-0.3743","United Kingdom","GB","GBR","Harrow","","10693","1826801668"
"Sangalbahīta","Sangalbahita","25.3295","87.3018","India","IN","IND","Bihār","","10693","1356196800"
"Trevignano","Trevignano","45.7335","12.0940","Italy","IT","ITA","Veneto","","10693","1380274035"
"South Union","South Union","39.8705","-79.7222","United States","US","USA","Pennsylvania","","10693","1840143167"
"Lexington","Lexington","40.7779","-99.7461","United States","US","USA","Nebraska","","10693","1840008285"
"Soquel","Soquel","36.9978","-121.9483","United States","US","USA","California","","10691","1840018957"
"Déville-lès-Rouen","Deville-les-Rouen","49.4700","1.0500","France","FR","FRA","Normandie","","10690","1250228408"
"Bāghūz Fawqānī","Baghuz Fawqani","34.4610","40.9490","Syria","SY","SYR","Dayr az Zawr","","10689","1760767113"
"Sidi Namane","Sidi Namane","36.7581","3.9839","Algeria","DZ","DZA","Boumerdes","","10688","1012820383"
"Chesterfield","Chesterfield","53.2363","-1.4292","United Kingdom","GB","GBR","Derbyshire","","10688","1826756415"
"Lachhmīpur","Lachhmipur","25.5248","87.3667","India","IN","IND","Bihār","","10688","1356083378"
"Sahuli","Sahuli","26.1118","84.3485","India","IN","IND","Bihār","","10688","1356771922"
"San Juan","San Juan","17.6800","120.7300","Philippines","PH","PHL","Abra","","10688","1608664813"
"Morbach","Morbach","49.8167","7.1167","Germany","DE","DEU","Rhineland-Palatinate","","10687","1276004908"
"Santa Ana Huista","Santa Ana Huista","15.6833","-91.8167","Guatemala","GT","GTM","Huehuetenango","minor","10687","1320972408"
"Medesano","Medesano","44.7568","10.1403","Italy","IT","ITA","Emilia-Romagna","","10687","1380708551"
"Querência do Norte","Querencia do Norte","-23.0839","-53.4839","Brazil","BR","BRA","Paraná","minor","10685","1076782495"
"Darfield","Darfield","53.5380","-1.3812","United Kingdom","GB","GBR","Barnsley","","10685","1826920550"
"Gairtganj","Gairtganj","23.4102","78.2208","India","IN","IND","Madhya Pradesh","","10685","1356223571"
"Iretama","Iretama","-24.4239","-52.1058","Brazil","BR","BRA","Paraná","minor","10684","1076488338"
"Bottesford","Bottesford","53.5521","-0.6714","United Kingdom","GB","GBR","North Lincolnshire","","10684","1826232962"
"Jhundpura","Jhundpura","26.3473","77.5010","India","IN","IND","Madhya Pradesh","","10684","1356046936"
"Broomall","Broomall","39.9688","-75.3540","United States","US","USA","Pennsylvania","","10684","1840005549"
"Barmstedt","Barmstedt","53.7833","9.7667","Germany","DE","DEU","Schleswig-Holstein","","10683","1276501444"
"Peralillo","Peralillo","-34.4875","-71.4917","Chile","CL","CHL","Libertador General Bernardo O’Higgins","","10682","1152486574"
"Gambettola","Gambettola","44.1167","12.3333","Italy","IT","ITA","Emilia-Romagna","","10682","1380865769"
"Matsuda-sōryō","Matsuda-soryo","35.3500","139.1333","Japan","JP","JPN","Kanagawa","","10682","1392523691"
"Baetov","Baetov","41.2667","74.9570","Kyrgyzstan","KG","KGZ","Naryn","minor","10682","1417491170"
"Tisma","Tisma","12.0826","-86.0178","Nicaragua","NI","NIC","Masaya","minor","10681","1558010790"
"Lenoir City","Lenoir City","35.8111","-84.2818","United States","US","USA","Tennessee","","10681","1840014514"
"Tālsur","Talsur","25.3667","87.8512","India","IN","IND","West Bengal","","10680","1356114899"
"Kattipūdi","Kattipudi","17.2500","82.3333","India","IN","IND","Andhra Pradesh","","10680","1356069667"
"Calimesa","Calimesa","33.9874","-117.0542","United States","US","USA","California","","10680","1840019300"
"Yampil","Yampil","48.2400","28.2783","Ukraine","UA","UKR","Vinnytska Oblast","minor","10679","1804272878"
"Knowle","Knowle","52.3881","-1.7318","United Kingdom","GB","GBR","Solihull","","10678","1826087458"
"Cerreto Guidi","Cerreto Guidi","43.7617","10.8771","Italy","IT","ITA","Tuscany","","10678","1380624568"
"Valadares","Valadares","41.0937","-8.6392","Portugal","PT","PRT","Porto","","10678","1620413494"
"Lake Barcroft","Lake Barcroft","38.8514","-77.1579","United States","US","USA","Virginia","","10678","1840006033"
"Yorkshire","Yorkshire","38.7882","-77.4496","United States","US","USA","Virginia","","10678","1840006107"
"Fô-Bouré","Fo-Boure","10.1167","2.4000","Benin","BJ","BEN","Borgou","","10677","1204807965"
"Bestwig","Bestwig","51.3667","8.4000","Germany","DE","DEU","North Rhine-Westphalia","","10677","1276089671"
"Richmond Heights","Richmond Heights","41.5589","-81.5029","United States","US","USA","Ohio","","10677","1840003409"
"Frenštát pod Radhoštěm","Frenstat pod Radhostem","49.5483","18.2108","Czechia","CZ","CZE","Moravskoslezský Kraj","","10676","1203465419"
"Mathigeri","Mathigeri","12.1500","77.1000","India","IN","IND","Karnātaka","","10676","1356280386"
"Sebt Ait Ikkou","Sebt Ait Ikkou","33.6686","-6.1372","Morocco","MA","MAR","Rabat-Salé-Kénitra","","10676","1504653022"
"Pine Ridge","Pine Ridge","28.9330","-82.4761","United States","US","USA","Florida","","10676","1840028997"
"Cazzago San Martino","Cazzago San Martino","45.5817","10.0258","Italy","IT","ITA","Lombardy","","10675","1380599278"
"Iwai","Iwai","35.5833","134.3333","Japan","JP","JPN","Tottori","","10675","1392109528"
"Gammasa","Gammasa","31.4182","-8.3784","Morocco","MA","MAR","Marrakech-Safi","","10675","1504310079"
"Aghbalou n’Kerdous","Aghbalou n'Kerdous","31.6767","-5.2976","Morocco","MA","MAR","Drâa-Tafilalet","","10675","1504201813"
"Bela Crkva","Bela Crkva","44.8975","21.4172","Serbia","RS","SRB","Bela Crkva","admin","10675","1688101335"
"Graçanicë","Gracanice","42.6011","21.1958","Kosovo","XK","XKS","Graçanicë","admin","10675","1901753443"
"Sumner","Sumner","47.2189","-122.2338","United States","US","USA","Washington","","10674","1840021128"
"Pinto","Pinto","-36.7036","-71.8922","Chile","CL","CHL","Ñuble","","10673","1152171336"
"Bhaur","Bhaur","26.2751","86.1552","India","IN","IND","Bihār","","10672","1356702286"
"Pulingōm","Pulingom","12.2833","75.4167","India","IN","IND","Kerala","","10672","1356103453"
"Dakhrām","Dakhram","26.0542","86.1280","India","IN","IND","Bihār","","10672","1356004498"
"Corozal","Corozal","18.3410","-66.3124","Puerto Rico","PR","PRI","Puerto Rico","","10672","1630035655"
"Néo Psychikó","Neo Psychiko","38.0000","23.7833","Greece","GR","GRC","Attikí","","10671","1300242593"
"Ardrossan","Ardrossan","55.6432","-4.8097","United Kingdom","GB","GBR","North Ayrshire","","10670","1826874237"
"Konganāpuram","Konganapuram","11.5710","77.9004","India","IN","IND","Tamil Nādu","","10670","1356191649"
"Hemāvati","Hemavati","14.0257","76.9933","India","IN","IND","Andhra Pradesh","","10670","1356543424"
"Darb-e Behesht","Darb-e Behesht","29.2331","57.3397","Iran","IR","IRN","Kermān","","10670","1364349317"
"Lohariandava","Lohariandava","-18.7844","48.6772","Madagascar","MG","MDG","Toamasina","","10670","1450037075"
"Itārhi","Itarhi","25.4832","84.0129","India","IN","IND","Bihār","","10669","1356098572"
"Singapperumālkovil","Singapperumalkovil","12.7595","80.0075","India","IN","IND","Tamil Nādu","","10669","1356823994"
"Katra","Katra","32.9917","74.9319","India","IN","IND","Jammu and Kashmīr","","10669","1356716265"
