"Dombāchcheri","Dombachcheri","9.9604","77.3909","India","IN","IND","Tamil Nādu","","10319","1356241696"
"Hariāna","Hariana","31.6351","75.8389","India","IN","IND","Punjab","","10319","1356249211"
"Kāmepalle","Kamepalle","16.5191","79.8350","India","IN","IND","Andhra Pradesh","","10319","1356603499"
"Caracol","Caracol","-9.2789","-43.3300","Brazil","BR","BRA","Piauí","minor","10318","1076578304"
"Karuzi","Karuzi","-3.1000","30.1667","Burundi","BI","BDI","Karuzi","admin","10317","1108619045"
"Yādavolu","Yadavolu","17.0619","81.4729","India","IN","IND","Andhra Pradesh","","10317","1356745282"
"Āzamnagar","Azamnagar","25.5456","87.8294","India","IN","IND","Bihār","","10317","1356646676"
"Chong-Aryk","Chong-Aryk","42.8172","74.5809","Kyrgyzstan","KG","KGZ","Bishkek","","10317","1417195703"
"Teocuitatlán de Corona","Teocuitatlan de Corona","20.0167","-103.1833","Mexico","MX","MEX","Jalisco","minor","10317","1484087600"
"Etropole","Etropole","42.8333","24.0000","Bulgaria","BG","BGR","Sofia","","10316","1100554574"
"Arkadelphia","Arkadelphia","34.1253","-93.0729","United States","US","USA","Arkansas","","10316","1840013638"
"São Romão","Sao Romao","-16.3689","-45.0689","Brazil","BR","BRA","Minas Gerais","minor","10315","1076057326"
"Mildenhall","Mildenhall","52.3446","0.5089","United Kingdom","GB","GBR","Suffolk","","10315","1826551750"
"Manhattan","Manhattan","41.4274","-87.9805","United States","US","USA","Illinois","","10315","1840011490"
"Wood River","Wood River","38.8631","-90.0774","United States","US","USA","Illinois","","10315","1840010711"
"Blackfalds","Blackfalds","52.3833","-113.8000","Canada","CA","CAN","Alberta","","10315","1124056144"
"Virginópolis","Virginopolis","-18.8228","-42.7039","Brazil","BR","BRA","Minas Gerais","minor","10314","1076474874"
"Úmbita","Umbita","5.2167","-73.4667","Colombia","CO","COL","Boyacá","minor","10314","1170372127"
"Augustdorf","Augustdorf","51.9000","8.7333","Germany","DE","DEU","North Rhine-Westphalia","","10314","1276232704"
"Agua Blanca Iturbide","Agua Blanca Iturbide","20.3500","-98.3500","Mexico","MX","MEX","Hidalgo","","10313","1484459690"
"Paris","Paris","36.2933","-88.3065","United States","US","USA","Tennessee","","10313","1840014438"
"Francisville","Francisville","39.1068","-84.7277","United States","US","USA","Kentucky","","10313","1840026679"
"General Salgado","General Salgado","-20.6478","-50.3608","Brazil","BR","BRA","São Paulo","minor","10312","1076323931"
"Rāmchandrapur","Ramchandrapur","22.8910","88.4730","India","IN","IND","West Bengal","","10312","1356118929"
"Rotonda","Rotonda","26.8844","-82.2791","United States","US","USA","Florida","","10312","1840014201"
"Solim","Solim","15.6145","73.7704","India","IN","IND","Goa","","10311","1356515505"
"Qiushanxiang","Qiushanxiang","34.3558","104.8973","China","CN","CHN","Gansu","","10310","1156073223"
"Auhar Sheikh","Auhar Sheikh","26.7216","84.5993","India","IN","IND","Bihār","","10310","1356974954"
"Haspra","Haspra","44.4361","34.1106","Ukraine","UA","UKR","Krym, Avtonomna Respublika","","10310","1804507625"
"Chester","Chester","44.6500","-64.3000","Canada","CA","CAN","Nova Scotia","","10310","1124772236"
"Riolândia","Riolandia","-19.9900","-49.6808","Brazil","BR","BRA","São Paulo","minor","10309","1076627058"
"Rodelas","Rodelas","-8.8508","-38.7558","Brazil","BR","BRA","Bahia","minor","10308","1076961333"
"Astorga","Astorga","42.4589","-6.0633","Spain","ES","ESP","Castille-Leon","","10308","1724399849"
"Buriti do Tocantins","Buriti do Tocantins","-5.3158","-48.2289","Brazil","BR","BRA","Tocantins","minor","10307","1076608745"
"Olbernhau","Olbernhau","50.6667","13.3333","Germany","DE","DEU","Saxony","","10307","1276224877"
"Khiram","Khiram","33.7320","75.1600","India","IN","IND","Jammu and Kashmīr","","10307","1356818085"
"Queens","Queens","44.0333","-64.7167","Canada","CA","CAN","Nova Scotia","","10307","1124001652"
"Großburgwedel","Grossburgwedel","52.4933","9.8586","Germany","DE","DEU","Lower Saxony","","10306","1276104367"
"Comstock Park","Comstock Park","43.0438","-85.6778","United States","US","USA","Michigan","","10306","1840004307"
"Moldava nad Bodvou","Moldava nad Bodvou","48.6156","20.9992","Slovakia","SK","SVK","Košice","","10305","1703800646"
"Maurilândia","Maurilandia","-17.9708","-50.3389","Brazil","BR","BRA","Goiás","minor","10304","1076850976"
"Jordânia","Jordania","-15.9000","-40.1778","Brazil","BR","BRA","Minas Gerais","minor","10304","1076746673"
"Mwaya","Mwaya","-9.4917","34.0333","Tanzania","TZ","TZA","Mbeya","","10304","1834213928"
"Lakkireddipalle","Lakkireddipalle","14.1667","78.7000","India","IN","IND","Andhra Pradesh","","10303","1356608796"
"Kami-kawabe","Kami-kawabe","35.4866","137.0707","Japan","JP","JPN","Gifu","","10303","1392777604"
"Qanliko‘l","Qanliko`l","42.8333","59.0000","Uzbekistan","UZ","UZB","Qoraqalpog‘iston","minor","10303","1860774875"
"Valley Center","Valley Center","33.2330","-117.0158","United States","US","USA","California","","10303","1840019349"
"Trajano de Morais","Trajano de Morais","-22.0628","-42.0658","Brazil","BR","BRA","Rio de Janeiro","minor","10302","1076642739"
"Caparrapí","Caparrapi","5.3442","-74.4917","Colombia","CO","COL","Cundinamarca","minor","10301","1170076731"
"Bel Imour","Bel Imour","35.9806","4.8797","Algeria","DZ","DZA","Bordj Bou Arréridj","","10301","1012714087"
"Santa Inês","Santa Ines","-13.2938","-39.8655","Brazil","BR","BRA","Bahia","minor","10300","1076978207"
"Kangning","Kangning","38.0176","102.3520","China","CN","CHN","Gansu","","10300","1156030066"
"Goldbach","Goldbach","49.9889","9.1864","Germany","DE","DEU","Bavaria","","10300","1276681530"
"Divonne-les-Bains","Divonne-les-Bains","46.3567","6.1428","France","FR","FRA","Auvergne-Rhône-Alpes","","10300","1250225369"
"Örkelljunga","Orkelljunga","56.2833","13.2833","Sweden","SE","SWE","Skåne","minor","10300","1752548206"
"Birsfelden","Birsfelden","47.5531","7.6231","Switzerland","CH","CHE","Basel-Stadt","","10299","1756780364"
"Rancho Arriba","Rancho Arriba","18.7147","-70.4618","Dominican Republic","DO","DOM","Valdesia","","10299","1214914352"
"Kalamūla","Kalamula","11.1417","76.3417","India","IN","IND","Kerala","","10299","1356887903"
"Rubim","Rubim","-16.3750","-40.5378","Brazil","BR","BRA","Minas Gerais","minor","10298","1076786475"
"Appenweier","Appenweier","48.5397","7.9800","Germany","DE","DEU","Baden-Württemberg","","10298","1276074686"
"Nāna","Nana","24.9160","73.1330","India","IN","IND","Rājasthān","","10298","1356706284"
"Shahar Telpa","Shahar Telpa","25.1330","84.6533","India","IN","IND","Bihār","","10298","1356545471"
"Boldeşti-Scăeni","Boldesti-Scaeni","45.0300","26.0300","Romania","RO","ROU","Prahova","","10298","1642726960"
"Bad Lauterberg","Bad Lauterberg","51.6317","10.4706","Germany","DE","DEU","Lower Saxony","","10297","1276934554"
"Apt","Apt","43.8769","5.3969","France","FR","FRA","Provence-Alpes-Côte d’Azur","minor","10297","1250780194"
"Locate di Triulzi","Locate di Triulzi","45.3500","9.2167","Italy","IT","ITA","Lombardy","","10297","1380874886"
"Bonfinópolis","Bonfinopolis","-16.6178","-48.9628","Brazil","BR","BRA","Goiás","minor","10296","1076282296"
"Bordj Zemoura","Bordj Zemoura","36.2667","4.8500","Algeria","DZ","DZA","Bordj Bou Arréridj","","10296","1012574590"
"Armanāz","Armanaz","36.0836","36.5031","Syria","SY","SYR","Idlib","minor","10296","1760438666"
"Castelli Calepio","Castelli Calepio","45.6333","9.9000","Italy","IT","ITA","Lombardy","","10295","1380924390"
"Lyuboml’","Lyuboml'","51.2236","24.0328","Ukraine","UA","UKR","Volynska Oblast","","10295","1804570446"
"Ouroeste","Ouroeste","-20.0008","-50.3719","Brazil","BR","BRA","São Paulo","minor","10294","1076000763"
"Ratauli","Ratauli","26.1861","86.7104","India","IN","IND","Bihār","","10294","1356256011"
"Castelnovo ne’ Monti","Castelnovo ne' Monti","44.4333","10.4000","Italy","IT","ITA","Emilia-Romagna","","10294","1380855804"
"Demmin","Demmin","53.9050","13.0439","Germany","DE","DEU","Mecklenburg-Western Pomerania","","10293","1276386093"
"Balaungi","Balaungi","30.7306","76.6937","India","IN","IND","Punjab","","10293","1356816825"
"Zāwal","Zawal","24.9833","72.7333","India","IN","IND","Rājasthān","","10293","1356106141"
"Dalgān","Dalgan","27.4825","59.4464","Iran","IR","IRN","Sīstān va Balūchestān","minor","10292","1364617875"
"Vytegra","Vytegra","61.0000","36.4500","Russia","RU","RUS","Vologodskaya Oblast’","","10292","1643014673"
"Seridó","Serido","-6.9339","-36.4019","Brazil","BR","BRA","Paraíba","","10291","1076297099"
"Auterive","Auterive","43.3514","1.4753","France","FR","FRA","Occitanie","","10291","1250506554"
"Vilkaviškis","Vilkaviskis","54.6667","23.0333","Lithuania","LT","LTU","Vilkaviškis","admin","10291","1440557692"
"Jordbro","Jordbro","59.1497","18.1167","Sweden","SE","SWE","Stockholm","","10291","1752201774"
"Berwick","Berwick","41.0555","-76.2492","United States","US","USA","Pennsylvania","","10291","1840003484"
"Guimarães","Guimaraes","-2.1328","-44.6008","Brazil","BR","BRA","Maranhão","minor","10290","1076683401"
"Santana","Santana","0.2583","6.7417","Sao Tome and Principe","ST","STP","Cantagalo","admin","10290","1678081464"
"Ma‘rabā","Ma`raba","33.5767","36.2976","Syria","SY","SYR","Rīf Dimashq","","10290","1760521732"
"Ekinözü","Ekinozu","38.0617","37.1928","Turkey","TR","TUR","Kahramanmaraş","minor","10290","1792883375"
"Port Townsend","Port Townsend","48.1220","-122.7877","United States","US","USA","Washington","","10290","1840019797"
"Lutry","Lutry","46.5000","6.6833","Switzerland","CH","CHE","Vaud","","10289","1756885956"
"Peñarroya-Pueblonuevo","Penarroya-Pueblonuevo","38.3000","-5.2667","Spain","ES","ESP","Andalusia","","10289","1724568918"
"Broadstone","Broadstone","50.7605","-1.9950","United Kingdom","GB","GBR","Bournemouth, Christchurch and Poole","","10289","1826492540"
"Vylgort","Vylgort","61.6275","50.7672","Russia","RU","RUS","Komi","minor","10289","1643864627"
"Billdal","Billdal","57.5667","11.9333","Sweden","SE","SWE","Västra Götaland","","10289","1752902367"
"Srīsailain","Srisailain","16.0833","78.8667","India","IN","IND","Andhra Pradesh","","10288","1356108184"
"Simarwāra Durgāpur","Simarwara Durgapur","25.8520","85.4944","India","IN","IND","Bihār","","10288","1356201242"
"Międzychód","Miedzychod","52.6000","15.8833","Poland","PL","POL","Wielkopolskie","minor","10288","1616252444"
"Clay","Clay","33.6951","-86.6090","United States","US","USA","Alabama","","10288","1840014790"
"Arraias","Arraias","-12.9308","-46.9378","Brazil","BR","BRA","Tocantins","minor","10287","1076635792"
"Lishuping","Lishuping","33.2019","104.8734","China","CN","CHN","Gansu","","10287","1156970378"
"’Aïn Tellout","'Ain Tellout","34.9167","-0.9667","Algeria","DZ","DZA","Tlemcen","","10286","1012421224"
"Calasparra","Calasparra","38.2306","-1.7000","Spain","ES","ESP","Murcia","","10286","1724622163"
"Mondeville","Mondeville","49.1747","-0.3197","France","FR","FRA","Normandie","","10286","1250124889"
"Spitalfields","Spitalfields","51.5166","-0.0750","United Kingdom","GB","GBR","Tower Hamlets","","10286","1826499077"
"Rāyen","Rayen","29.5981","57.4383","Iran","IR","IRN","Kermān","","10286","1364046368"
"Flowery Branch","Flowery Branch","34.1712","-83.9142","United States","US","USA","Georgia","","10286","1840013611"
"Cheam","Cheam","51.3600","-0.2100","United Kingdom","GB","GBR","Sutton","","10285","1826017216"
"Hecelchakán","Hecelchakan","20.1667","-90.1333","Mexico","MX","MEX","Campeche","minor","10285","1484700920"
"Watervliet","Watervliet","42.7243","-73.7068","United States","US","USA","New York","","10285","1840002495"
"Bishopstoke","Bishopstoke","50.9679","-1.3278","United Kingdom","GB","GBR","Hampshire","","10284","1826495708"
"Jankampet","Jankampet","18.7067","78.0233","India","IN","IND","Andhra Pradesh","","10284","1356799113"
"Arlöv","Arlov","55.6333","13.0667","Sweden","SE","SWE","Skåne","minor","10284","1752897909"
"Kandrāwān","Kandrawan","25.8882","81.2618","India","IN","IND","Uttar Pradesh","","10283","1356380881"
"Douar Jwalla","Douar Jwalla","31.8900","-7.4400","Morocco","MA","MAR","Marrakech-Safi","","10283","1504383482"
"San José de Feliciano","San Jose de Feliciano","-30.3833","-58.7500","Argentina","AR","ARG","Entre Ríos","minor","10282","1032667894"
"São Geraldo","Sao Geraldo","-20.9228","-42.8339","Brazil","BR","BRA","Minas Gerais","minor","10282","1076340337"
"São Carlos","Sao Carlos","-27.0778","-53.0039","Brazil","BR","BRA","Santa Catarina","minor","10282","1076654871"
"Beilngries","Beilngries","49.0333","11.4667","Germany","DE","DEU","Bavaria","","10282","1276091719"
"Sant’Agata de’ Goti","Sant'Agata de' Goti","41.0893","14.4974","Italy","IT","ITA","Campania","","10282","1380379201"
"Sidi Bou Ali","Sidi Bou Ali","35.9561","10.4722","Tunisia","TN","TUN","Sousse","","10282","1788097463"
"Bandrele","Bandrele","-12.9092","45.1944","Mayotte","YT","MYT","","","10282","1175425508"
"Sidi Embarek","Sidi Embarek","36.1039","4.9119","Algeria","DZ","DZA","Bordj Bou Arréridj","","10281","1012772499"
"Penn","Penn","40.1864","-76.3726","United States","US","USA","Pennsylvania","","10281","1840147756"
"East Franklin","East Franklin","40.4933","-74.4710","United States","US","USA","New Jersey","","10281","1840039869"
"Ganvié","Ganvie","6.4667","2.4167","Benin","BJ","BEN","Atlantique","","10280","1204791143"
"Venecia","Venecia","5.9167","-75.7500","Colombia","CO","COL","Antioquia","minor","10280","1170112749"
"Shirako","Shirako","35.4500","140.3667","Japan","JP","JPN","Chiba","","10280","1392003500"
"Candelaria","Candelaria","13.7500","-88.9500","El Salvador","SV","SLV","Cuscatlán","","10280","1222584902"
"Exeter","Exeter","36.2941","-119.1459","United States","US","USA","California","","10280","1840020365"
"Kittery","Kittery","43.0998","-70.7126","United States","US","USA","Maine","","10280","1840052873"
"Itapitanga","Itapitanga","-14.4228","-39.5650","Brazil","BR","BRA","Bahia","minor","10279","1076215171"
"Oppeano","Oppeano","45.3000","11.1833","Italy","IT","ITA","Veneto","","10279","1380024530"
"Zelenokumsk","Zelenokumsk","44.4167","43.9167","Russia","RU","RUS","Stavropol’skiy Kray","minor","10279","1643031364"
"Liberty","Liberty","41.8132","-74.7775","United States","US","USA","New York","","10279","1840004790"
"San Maurizio Canavese","San Maurizio Canavese","45.2171","7.6305","Italy","IT","ITA","Piedmont","","10278","1380000031"
"Ban Wisit","Ban Wisit","18.3480","103.6308","Thailand","TH","THA","Bueng Kan","","10278","1764349189"
"Selkirk","Selkirk","50.1436","-96.8839","Canada","CA","CAN","Manitoba","","10278","1124499880"
"Saint-Félicien","Saint-Felicien","48.6500","-72.4500","Canada","CA","CAN","Quebec","","10278","1124555496"
"Mallapuram","Mallapuram","9.8280","77.6730","India","IN","IND","Tamil Nādu","","10276","1356213661"
"Sidi Rahhal","Sidi Rahhal","31.6667","-7.4833","Morocco","MA","MAR","Marrakech-Safi","","10276","1504761731"
"Woodlyn","Woodlyn","39.8774","-75.3445","United States","US","USA","Pennsylvania","","10276","1840035266"
"Pfastatt","Pfastatt","47.7697","7.3025","France","FR","FRA","Grand Est","","10275","1250577618"
"Dora","Dora","22.1858","88.5142","India","IN","IND","West Bengal","","10275","1356328027"
"Nanbu","Nanbu","35.3333","133.3333","Japan","JP","JPN","Tottori","","10275","1392002926"
"Potiraguá","Potiragua","-15.5950","-39.8769","Brazil","BR","BRA","Bahia","minor","10274","1076725236"
"Weil im Schönbuch","Weil im Schonbuch","48.6214","9.0611","Germany","DE","DEU","Baden-Württemberg","","10274","1276376071"
"Sotkamo","Sotkamo","64.1333","28.3833","Finland","FI","FIN","Kainuu","minor","10274","1246600504"
"Mehdauli","Mehdauli","25.6561","86.0257","India","IN","IND","Bihār","","10274","1356746996"
"Meghaul","Meghaul","25.6561","86.0257","India","IN","IND","Bihār","","10274","1356324800"
"Peddāpuram","Peddapuram","18.0289","79.7269","India","IN","IND","Andhra Pradesh","","10274","1356457856"
"Loudonville","Loudonville","42.7068","-73.7665","United States","US","USA","New York","","10274","1840033911"
"Tello","Tello","3.0667","-75.1333","Colombia","CO","COL","Huila","minor","10273","1170282620"
"Aubière","Aubiere","45.7517","3.1117","France","FR","FRA","Auvergne-Rhône-Alpes","","10273","1250586838"
"Jeumont","Jeumont","50.2953","4.1019","France","FR","FRA","Hauts-de-France","","10273","1250978042"
"Bela","Bela","26.4989","86.3242","India","IN","IND","Bihār","","10273","1356171488"
"Tekkēkara","Tekkekara","9.7000","76.7833","India","IN","IND","Kerala","","10272","1356162828"
"Kīlminnal","Kilminnal","12.9447","79.2514","India","IN","IND","Tamil Nādu","","10272","1356899164"
"Gaunivāripalle","Gaunivaripalle","13.9756","77.8768","India","IN","IND","Andhra Pradesh","","10272","1356605250"
"Gafour","Gafour","36.3400","9.3200","Tunisia","TN","TUN","Siliana","","10272","1788863450"
"Alpine","Alpine","40.4629","-111.7724","United States","US","USA","Utah","","10272","1840018755"
"Guadalupe","Guadalupe","-6.7869","-43.5689","Brazil","BR","BRA","Piauí","minor","10270","1076819402"
"Kauniainen","Kauniainen","60.2167","24.7333","Finland","FI","FIN","Uusimaa","minor","10270","1246749773"
"Ullūr","Ullur","10.9706","79.4063","India","IN","IND","Tamil Nādu","","10270","1356172308"
"Tabubil","Tabubil","-5.2750","141.2264","Papua New Guinea","PG","PNG","Western","","10270","1598326031"
"Yazoo City","Yazoo City","32.8619","-90.4075","United States","US","USA","Mississippi","","10270","1840015766"
"Emsworth","Emsworth","50.8490","-0.9380","United Kingdom","GB","GBR","Hampshire","","10269","1826718241"
"Bhikkiwind Uttār","Bhikkiwind Uttar","31.3453","74.6914","India","IN","IND","Punjab","","10269","1356788831"
"Mel Seval","Mel Seval","8.6722","77.6147","India","IN","IND","Tamil Nādu","","10269","1356201476"
"Estreito de Câmara de Lobos","Estreito de Camara de Lobos","32.6667","-16.9833","Portugal","PT","PRT","Madeira","","10269","1620810371"
"Lenguazaque","Lenguazaque","5.3069","-73.7061","Colombia","CO","COL","Cundinamarca","minor","10268","1170060796"
"Gerzat","Gerzat","45.8267","3.1456","France","FR","FRA","Auvergne-Rhône-Alpes","","10268","1250589751"
"Somireddipalle","Somireddipalle","14.8365","78.9062","India","IN","IND","Andhra Pradesh","","10268","1356074440"
"Māli","Mali","25.1269","84.7084","India","IN","IND","Bihār","","10268","1356018726"
"Highland","Highland","38.7602","-89.6812","United States","US","USA","Illinois","","10268","1840007425"
"Meridianville","Meridianville","34.8729","-86.5722","United States","US","USA","Alabama","","10268","1840013546"
"Villa Elisa","Villa Elisa","-32.1667","-58.4000","Argentina","AR","ARG","Entre Ríos","","10266","1032046223"
"Saudade","Saudade","-26.9239","-53.0028","Brazil","BR","BRA","Santa Catarina","minor","10265","1076589237"
"Appleton","Appleton","53.3508","-2.5441","United Kingdom","GB","GBR","Warrington","","10265","1826486906"
"Jaltocan","Jaltocan","21.1333","-98.5383","Mexico","MX","MEX","Hidalgo","","10265","1484352270"
"Indalvai","Indalvai","18.5403","78.2248","India","IN","IND","Andhra Pradesh","","10263","1356876515"
"Chivhu","Chivhu","-19.0000","30.9000","Zimbabwe","ZW","ZWE","Mashonaland East","","10263","1716626042"
"Tenente Ananias Gomes","Tenente Ananias Gomes","-6.4650","-38.1800","Brazil","BR","BRA","Rio Grande do Norte","minor","10262","1076908562"
"Axixá do Tocantins","Axixa do Tocantins","-5.6169","-47.7689","Brazil","BR","BRA","Tocantins","minor","10262","1076964042"
"Nazária","Nazaria","-5.3608","-42.8083","Brazil","BR","BRA","Piauí","minor","10262","1076238832"
"Lahstedt","Lahstedt","52.2500","10.2167","Germany","DE","DEU","Lower Saxony","","10262","1276001876"
"Morsbach","Morsbach","50.8667","7.7167","Germany","DE","DEU","North Rhine-Westphalia","","10262","1276963409"
"Rio Acima","Rio Acima","-20.0878","-43.7889","Brazil","BR","BRA","Minas Gerais","minor","10261","1076873685"
"Nkurenkuru","Nkurenkuru","-17.6167","18.6000","Namibia","NA","NAM","Kavango West","admin","10261","1516271813"
"Oliveira de Frades","Oliveira de Frades","40.7314","-8.1767","Portugal","PT","PRT","Viseu","minor","10261","1620849637"
"Carroll","Carroll","42.0699","-94.8646","United States","US","USA","Iowa","","10261","1840000490"
"Oignies","Oignies","50.4700","2.9944","France","FR","FRA","Hauts-de-France","","10260","1250022746"
"Tettuppatti","Tettuppatti","10.3979","77.8225","India","IN","IND","Tamil Nādu","","10260","1356247265"
"Ericeira","Ericeira","38.9628","-9.4153","Portugal","PT","PRT","Lisboa","","10260","1620634917"
"Fronteiras","Fronteiras","-7.0878","-40.6158","Brazil","BR","BRA","Piauí","minor","10259","1076000188"
"Pola de Lena","Pola de Lena","43.1583","-5.8292","Spain","ES","ESP","Asturias","","10259","1724170982"
"Jaipur","Jaipur","23.4313","86.1493","India","IN","IND","West Bengal","","10259","1356450301"
"Kut Chap","Kut Chap","17.4257","102.5669","Thailand","TH","THA","Udon Thani","minor","10259","1764618058"
"Bolekhiv","Bolekhiv","49.0669","23.8514","Ukraine","UA","UKR","Ivano-Frankivska Oblast","","10259","1804748946"
"Hopetown","Hopetown","-29.6258","24.0856","South Africa","ZA","ZAF","Northern Cape","","10259","1710937752"
"Westonaria","Westonaria","-26.3178","27.6506","South Africa","ZA","ZAF","Gauteng","","10259","1710232150"
"Elkhorn","Elkhorn","42.6713","-88.5377","United States","US","USA","Wisconsin","","10259","1840002480"
"Königsbach-Stein","Konigsbach-Stein","48.9664","8.6089","Germany","DE","DEU","Baden-Württemberg","","10258","1276050894"
"Chavinda","Chavinda","20.0167","-102.4500","Mexico","MX","MEX","Michoacán","minor","10258","1484159886"
"Gohuma Bairia","Gohuma Bairia","26.3938","86.3976","India","IN","IND","Bihār","","10257","1356131175"
"Liminka","Liminka","64.8083","25.4167","Finland","FI","FIN","Pohjois-Pohjanmaa","minor","10256","1246654014"
"Sint-Lievens-Houtem","Sint-Lievens-Houtem","50.9167","3.8667","Belgium","BE","BEL","Flanders","","10255","1056997842"
"Maxaranguape","Maxaranguape","-5.5158","-35.2619","Brazil","BR","BRA","Rio Grande do Norte","minor","10255","1076459990"
"Steinen","Steinen","47.6453","7.7403","Germany","DE","DEU","Baden-Württemberg","","10255","1276597549"
"Popovača","Popovaca","45.5697","16.6250","Croatia","HR","HRV","Sisačko-Moslavačka Županija","minor","10255","1191042353"
"Shahmīrpet","Shahmirpet","17.5947","78.5749","India","IN","IND","Andhra Pradesh","","10255","1356385213"
"Tārar","Tarar","25.1821","87.1671","India","IN","IND","Bihār","","10255","1356532159"
"Barai","Barai","26.3717","86.0134","India","IN","IND","Bihār","","10255","1356605319"
"Tawnza","Tawnza","32.0944","-6.6025","Morocco","MA","MAR","Béni Mellal-Khénifra","","10254","1504959614"
"Phon Charoen","Phon Charoen","18.0258","103.7094","Thailand","TH","THA","Bueng Kan","minor","10254","1764018147"
"Vernal","Vernal","40.4517","-109.5378","United States","US","USA","Utah","","10254","1840021391"
"Franklin","Franklin","36.7177","-86.5595","United States","US","USA","Kentucky","","10254","1840013290"
"Querfurt","Querfurt","51.3833","11.6000","Germany","DE","DEU","Saxony-Anhalt","","10253","1276096185"
"Buxerolles","Buxerolles","46.5983","0.3500","France","FR","FRA","Nouvelle-Aquitaine","","10253","1250002676"
"Bonito de Santa Fé","Bonito de Santa Fe","-7.3128","-38.5150","Brazil","BR","BRA","Paraíba","minor","10252","1076000831"
"Çukurca","Cukurca","37.2469","43.6117","Turkey","TR","TUR","Hakkâri","minor","10252","1792638324"
"Lonquimay","Lonquimay","-38.4333","-71.2333","Chile","CL","CHL","Araucanía","","10251","1152602801"
"Zumaia","Zumaia","43.2972","-2.2569","Spain","ES","ESP","Basque Country","","10251","1724000458"
"Bougaribaya","Bougaribaya","12.8167","-9.8500","Mali","ML","MLI","Kayes","","10251","1466712933"
"Kulhudhuffushi","Kulhudhuffushi","6.6225","73.0703","Maldives","MV","MDV","Thiladhunmathee Dhekunuburi","admin","10251","1462969197"
"Fenggeling","Fenggeling","34.5312","106.4437","China","CN","CHN","Shaanxi","","10250","1156678772"
"Puerto Santander","Puerto Santander","8.3636","-72.4075","Colombia","CO","COL","Norte de Santander","minor","10249","1170636572"
"Caudete","Caudete","38.7044","-0.9881","Spain","ES","ESP","Castille-La Mancha","","10249","1724551551"
"Fosses","Fosses","49.0989","2.5075","France","FR","FRA","Île-de-France","","10249","1250023015"
"Alberobello","Alberobello","40.7841","17.2375","Italy","IT","ITA","Puglia","","10248","1380601560"
"Jaqueira","Jaqueira","-8.7269","-35.7928","Brazil","BR","BRA","Pernambuco","minor","10247","1076486587"
"Launceston","Launceston","50.6370","-4.3600","United Kingdom","GB","GBR","Cornwall","","10247","1826388225"
"Nayānagar","Nayanagar","25.7465","86.1027","India","IN","IND","Bihār","","10247","1356660309"
"Murowana Goślina","Murowana Goslina","52.5667","17.0167","Poland","PL","POL","Wielkopolskie","","10247","1616479191"
"Rovinari","Rovinari","44.9125","23.1622","Romania","RO","ROU","Gorj","","10246","1642920797"
"São Tiago","Sao Tiago","-20.9128","-44.5089","Brazil","BR","BRA","Minas Gerais","minor","10245","1076477896"
"Baran","Baran","54.4833","30.3333","Belarus","BY","BLR","Vitsyebskaya Voblasts’","","10245","1112544646"
"Badru Khān","Badru Khan","30.2523","75.7917","India","IN","IND","Punjab","","10245","1356086328"
"Induno Olona","Induno Olona","45.8500","8.8333","Italy","IT","ITA","Lombardy","","10245","1380997586"
"Bueng Khong Long","Bueng Khong Long","17.9667","104.0450","Thailand","TH","THA","Bueng Kan","minor","10245","1764051727"
"Santa Teresinha (2)","Santa Teresinha (2)","-7.3778","-37.4800","Brazil","BR","BRA","Pernambuco","minor","10244","1076032164"
"Vairampatti","Vairampatti","10.5515","78.3022","India","IN","IND","Tamil Nādu","","10244","1356416006"
"San Marzano sul Sarno","San Marzano sul Sarno","40.7697","14.5947","Italy","IT","ITA","Campania","","10244","1380943524"
"Galimuyod","Galimuyod","17.1800","120.4700","Philippines","PH","PHL","Ilocos Sur","","10244","1608931989"
"Catarina","Catarina","-6.1308","-39.8778","Brazil","BR","BRA","Ceará","minor","10243","1076764846"
"Alcaudete","Alcaudete","37.5833","-4.1000","Spain","ES","ESP","Andalusia","","10243","1724011838"
"Raymondville","Raymondville","26.4759","-97.7769","United States","US","USA","Texas","","10243","1840021035"
"Palmácia","Palmacia","-4.1500","-38.8458","Brazil","BR","BRA","Ceará","minor","10242","1076617184"
"Lūgovoy","Lugovoy","42.9472","72.7644","Kazakhstan","KZ","KAZ","Zhambyl","","10242","1398256452"
"Waimea","Waimea","20.0124","-155.6381","United States","US","USA","Hawaii","","10242","1840137122"
"Angelim","Angelim","-8.8833","-36.2833","Brazil","BR","BRA","Pernambuco","minor","10241","1076806495"
"Vila Muriqui","Vila Muriqui","-22.9228","-43.9456","Brazil","BR","BRA","Rio de Janeiro","","10241","1076586830"
"Maheshrām","Maheshram","25.2874","87.4124","India","IN","IND","Bihār","","10241","1356216646"
"Santa Isabel Ishuatán","Santa Isabel Ishuatan","13.6167","-89.5833","El Salvador","SV","SLV","Sonsonate","","10241","1222753045"
"Jean-Mermoz","Jean-Mermoz","35.5606","-0.0844","Algeria","DZ","DZA","Mascara","","10240","1012161505"
"Khair Khān","Khair Khan","26.2727","87.3037","India","IN","IND","Bihār","","10240","1356070540"
"Oneida","Oneida","43.0769","-75.6622","United States","US","USA","New York","","10240","1840000384"
"Vellur","Vellur","12.1667","75.3500","India","IN","IND","Kerala","","10239","1356441727"
"Sucupira do Norte","Sucupira do Norte","-6.4769","-44.1919","Brazil","BR","BRA","Maranhão","minor","10238","1076904924"
"Goldenstedt","Goldenstedt","52.7833","8.4167","Germany","DE","DEU","Lower Saxony","","10238","1276831361"
"Kīramangalam","Kiramangalam","10.2859","79.0996","India","IN","IND","Tamil Nādu","","10237","1356232302"
"Appārāopeta","Apparaopeta","16.8987","81.5684","India","IN","IND","Andhra Pradesh","","10237","1356163304"
"Atoka","Atoka","35.4239","-89.7861","United States","US","USA","Tennessee","","10237","1840015416"
"Kennett","Kennett","36.2403","-90.0481","United States","US","USA","Missouri","","10236","1840008809"
"Fuveau","Fuveau","43.4528","5.5619","France","FR","FRA","Provence-Alpes-Côte d’Azur","","10235","1250220268"
"Borgampād","Borgampad","17.6500","80.8667","India","IN","IND","Andhra Pradesh","","10235","1356917535"
"Pūvalūr","Puvalur","10.9003","78.8308","India","IN","IND","Tamil Nādu","","10234","1356205510"
"Marawī","Marawi","18.4833","31.8167","Sudan","SD","SDN","Northern","","10234","1729782394"
"Agudos do Sul","Agudos do Sul","-25.9928","-49.3350","Brazil","BR","BRA","Paraná","minor","10233","1076267652"
"Bernex","Bernex","46.1667","6.0667","Switzerland","CH","CHE","Genève","","10233","1756532909"
"Olifantshoek","Olifantshoek","-27.9333","22.7333","South Africa","ZA","ZAF","Northern Cape","","10233","1710366238"
"Santa Maria Madalena","Santa Maria Madalena","-21.9550","-42.0078","Brazil","BR","BRA","Rio de Janeiro","minor","10232","1076086905"
"Pārtibanūr","Partibanur","9.5855","78.4545","India","IN","IND","Tamil Nādu","","10232","1356746876"
"Głogów Małopolski","Glogow Malopolski","50.1667","21.9667","Poland","PL","POL","Podkarpackie","","10232","1616792516"
"Igarapé Grande","Igarape Grande","-4.5850","-44.8528","Brazil","BR","BRA","Maranhão","minor","10231","1076258716"
"Minatitlán","Minatitlan","19.3833","-104.0500","Mexico","MX","MEX","Colima","minor","10231","1484015579"
"Gislaved","Gislaved","57.3000","13.5333","Sweden","SE","SWE","Jönköping","minor","10231","1752639615"
"North Bend","North Bend","43.4075","-124.2364","United States","US","USA","Oregon","","10231","1840020057"
"Pierrelaye","Pierrelaye","49.0233","2.1508","France","FR","FRA","Île-de-France","","10230","1250307197"
"Raibhīr","Raibhir","25.9978","86.8781","India","IN","IND","Bihār","","10230","1356512738"
"Vigasio","Vigasio","45.3167","10.9333","Italy","IT","ITA","Veneto","","10229","1380927639"
"Concordia Sagittaria","Concordia Sagittaria","45.7217","12.8378","Italy","IT","ITA","Veneto","","10229","1380975617"
"Samux","Samux","40.7642","46.4083","Azerbaijan","AZ","AZE","Samux","admin","10228","1031600567"
"Tangermünde","Tangermunde","52.5408","11.9689","Germany","DE","DEU","Saxony-Anhalt","","10228","1276714669"
"Lieksa","Lieksa","63.3167","30.0167","Finland","FI","FIN","Pohjois-Karjala","minor","10228","1246128959"
"Jītpur","Jitpur","26.8149","84.9578","India","IN","IND","Bihār","","10228","1356058799"
"Muttam","Muttam","9.8378","76.7126","India","IN","IND","Kerala","","10228","1356004220"
"Isola Vicentina","Isola Vicentina","45.6333","11.4500","Italy","IT","ITA","Veneto","","10228","1380131018"
"Akbez","Akbez","36.8500","36.5167","Turkey","TR","TUR","Hatay","","10228","1792364545"
"Roberval","Roberval","48.5200","-72.2300","Canada","CA","CAN","Quebec","","10227","1124395055"
"Villanueva de Arosa","Villanueva de Arosa","42.5628","-8.8278","Spain","ES","ESP","Galicia","","10225","1724595746"
"Avranches","Avranches","48.6850","-1.3556","France","FR","FRA","Normandie","minor","10225","1250971017"
"Alleroy","Alleroy","43.0870","46.3020","Russia","RU","RUS","Chechnya","","10225","1643528710"
"Potunūru","Potunuru","16.7442","81.2206","India","IN","IND","Andhra Pradesh","","10224","1356131123"
"Monte San Juan","Monte San Juan","13.7667","-88.9500","El Salvador","SV","SLV","Cuscatlán","","10224","1222428135"
"Duque Bacelar","Duque Bacelar","-4.1558","-42.9439","Brazil","BR","BRA","Maranhão","minor","10223","1076190731"
"Luathaha","Luathaha","26.6316","84.9079","India","IN","IND","Bihār","","10223","1356996555"
"Āhiro","Ahiro","24.9192","87.1054","India","IN","IND","Bihār","","10223","1356496570"
"Marlton","Marlton","38.7620","-76.7857","United States","US","USA","Maryland","","10223","1840005962"
"Benyahia Abderrahmane","Benyahia Abderrahmane","36.2333","6.0167","Algeria","DZ","DZA","Mila","","10222","1012986319"
"Koila Dewa","Koila Dewa","26.4079","84.1962","India","IN","IND","Bihār","","10222","1356659730"
"Robstown","Robstown","27.7940","-97.6692","United States","US","USA","Texas","","10222","1840021010"
"São Miguel de Touros","Sao Miguel de Touros","-5.1250","-35.6389","Brazil","BR","BRA","Rio Grande do Norte","minor","10221","1076965205"
"Gengqing","Gengqing","31.8081","98.5786","China","CN","CHN","Sichuan","minor","10221","1156155532"
"Fort Madison","Fort Madison","40.6207","-91.3509","United States","US","USA","Iowa","","10221","1840008321"
"Néo Karlovási","Neo Karlovasi","37.7833","26.7000","Greece","GR","GRC","Vóreio Aigaío","","10220","1300578595"
"Belma","Belma","12.9772","74.9969","India","IN","IND","Karnātaka","","10220","1356145979"
"Blackwells Mills","Blackwells Mills","40.4773","-74.5976","United States","US","USA","New Jersey","","10220","1840033455"
"Schalksmühle","Schalksmuhle","51.2167","7.5167","Germany","DE","DEU","North Rhine-Westphalia","","10219","1276387569"
"Tha Muang","Tha Muang","13.9612","99.6412","Thailand","TH","THA","Kanchanaburi","minor","10219","1764391380"
"Esperance","Esperance","-33.8611","121.8919","Australia","AU","AUS","Western Australia","","10218","1036299314"
"Aizenay","Aizenay","46.7400","-1.6083","France","FR","FRA","Pays de la Loire","","10218","1250153620"
"Vadakku Ariyanāyakipuram","Vadakku Ariyanayakipuram","8.7208","77.5450","India","IN","IND","Tamil Nādu","","10218","1356201450"
"Heath","Heath","32.8439","-96.4674","United States","US","USA","Texas","","10218","1840020716"
"Dangriga","Dangriga","16.9667","-88.2167","Belize","BZ","BLZ","Stann Creek","admin","10217","1084718311"
"Algarrobo","Algarrobo","-33.3911","-71.6928","Chile","CL","CHL","Valparaíso","","10217","1152829157"
"Alella","Alella","41.4950","2.2960","Spain","ES","ESP","Catalonia","","10217","1724686640"
"Kowary","Kowary","50.7917","15.8333","Poland","PL","POL","Dolnośląskie","","10217","1616926416"
"Columbia","Columbia","40.0347","-76.4944","United States","US","USA","Pennsylvania","","10217","1840003713"
"Safford","Safford","32.8335","-109.6964","United States","US","USA","Arizona","","10217","1840021989"
"Independent Hill","Independent Hill","38.6404","-77.4089","United States","US","USA","Virginia","","10217","1840026708"
"Campo Redondo","Campo Redondo","-6.2428","-36.1828","Brazil","BR","BRA","Rio Grande do Norte","minor","10215","1076821934"
"Santa María","Santa Maria","2.9500","-75.6500","Colombia","CO","COL","Huila","","10215","1170000610"
"Multi","Multi","22.2847","88.4053","India","IN","IND","West Bengal","","10215","1356171822"
"Năsăud","Nasaud","47.2833","24.4067","Romania","RO","ROU","Bistriţa-Năsăud","","10215","1642277064"
"Sellersburg","Sellersburg","38.4028","-85.7706","United States","US","USA","Indiana","","10215","1840010786"
"Tanggemu Nongchang","Tanggemu Nongchang","36.0781","100.0911","China","CN","CHN","Qinghai","","10214","1156344992"
"Nāgasamudram","Nagasamudram","15.0556","77.5004","India","IN","IND","Andhra Pradesh","","10214","1356469097"
"Divisópolis","Divisopolis","-15.7258","-41.0000","Brazil","BR","BRA","Minas Gerais","minor","10213","1076864347"
"Lystrup","Lystrup","56.2375","10.2378","Denmark","DK","DNK","Midtjylland","","10213","1208253128"
"Rainbow City","Rainbow City","33.9336","-86.0922","United States","US","USA","Alabama","","10213","1840014732"
"Pântano Grande","Pantano Grande","-30.1908","-52.3739","Brazil","BR","BRA","Rio Grande do Sul","minor","10212","1076467088"
"Duga Resa","Duga Resa","45.4472","15.4958","Croatia","HR","HRV","Karlovačka Županija","minor","10212","1191462805"
"Kandulāpuram","Kandulapuram","15.5976","79.1365","India","IN","IND","Andhra Pradesh","","10212","1356995894"
"Minamiaso","Minamiaso","32.8167","131.0333","Japan","JP","JPN","Kumamoto","","10212","1392003193"
"Moimenta da Beira","Moimenta da Beira","40.9819","-7.6158","Portugal","PT","PRT","Viseu","minor","10212","1620112700"
"Charalá","Charala","6.2500","-73.0833","Colombia","CO","COL","Santander","minor","10211","1170539322"
"Ramacca","Ramacca","37.3833","14.7000","Italy","IT","ITA","Sicilia","","10211","1380742630"
"Cedartown","Cedartown","34.0223","-85.2479","United States","US","USA","Georgia","","10211","1840014752"
"Milford","Milford","40.4291","-75.4153","United States","US","USA","Pennsylvania","","10210","1840151115"
"Cedral","Cedral","-2.0000","-44.5358","Brazil","BR","BRA","Maranhão","minor","10208","1076943907"
"Ostercappeln","Ostercappeln","52.3500","8.2333","Germany","DE","DEU","Lower Saxony","","10208","1276960639"
"Tlalixtac de Cabrera","Tlalixtac de Cabrera","17.0667","-96.6500","Mexico","MX","MEX","Oaxaca","minor","10208","1484878072"
"New Hyde Park","New Hyde Park","40.7323","-73.6858","United States","US","USA","New York","","10208","1840005313"
"Varre-Sai","Varre-Sai","-20.9308","-41.8689","Brazil","BR","BRA","Rio de Janeiro","minor","10207","1076621254"
"Centralina","Centralina","-18.5839","-49.1989","Brazil","BR","BRA","Minas Gerais","minor","10207","1076688673"
"Lemington","Lemington","54.9720","-1.7230","United Kingdom","GB","GBR","Newcastle upon Tyne","","10207","1826216570"
"Rideau Lakes","Rideau Lakes","44.6667","-76.2167","Canada","CA","CAN","Ontario","","10207","1124000369"
"Vejen","Vejen","55.4812","9.1379","Denmark","DK","DNK","Syddanmark","minor","10206","1208664706"
"Bonthe","Bonthe","7.5264","-12.5050","Sierra Leone","SL","SLE","Southern","","10206","1694831211"
"Medina","Medina","4.5092","-73.3494","Colombia","CO","COL","Cundinamarca","minor","10205","1170855873"
"Pôrto Esperidião","Porto Esperidiao","-15.8528","-58.4600","Brazil","BR","BRA","Mato Grosso","minor","10204","1076867575"
"Dettingen an der Erms","Dettingen an der Erms","48.5300","9.3472","Germany","DE","DEU","Baden-Württemberg","","10204","1276179914"
"Alguazas","Alguazas","38.0514","-1.2414","Spain","ES","ESP","Murcia","","10204","1724241306"
"Fouesnant","Fouesnant","47.8942","-4.0108","France","FR","FRA","Bretagne","","10204","1250999266"
"Mosquera","Mosquera","2.4903","-78.4953","Colombia","CO","COL","Nariño","minor","10203","1170583379"
"Miāni","Miani","31.7092","75.5661","India","IN","IND","Punjab","","10203","1356097508"
"Ouangani","Ouangani","-12.8487","45.1446","Mayotte","YT","MYT","","","10203","1175238215"
"Hillcrest","Hillcrest","35.3790","-118.9578","United States","US","USA","California","","10203","1840145203"
"Fort Salonga","Fort Salonga","40.9068","-73.2996","United States","US","USA","New York","","10203","1840005013"
"Kastav","Kastav","45.3726","14.3490","Croatia","HR","HRV","Primorsko-Goranska Županija","minor","10202","1191243923"
"Rāmannapeta","Ramannapeta","17.2833","79.0859","India","IN","IND","Andhra Pradesh","","10202","1356079915"
"Pintuyan","Pintuyan","9.9500","125.2500","Philippines","PH","PHL","Southern Leyte","","10202","1608530375"
"Difficult Run","Difficult Run","38.9016","-77.3471","United States","US","USA","Virginia","","10202","1840153061"
"Oudewater","Oudewater","52.0250","4.8681","Netherlands","NL","NLD","Utrecht","minor","10201","1528852092"
"Çanta","Canta","41.0806","28.0819","Turkey","TR","TUR","İstanbul","","10201","1792703053"
"Birkenfeld","Birkenfeld","48.8697","8.6361","Germany","DE","DEU","Baden-Württemberg","","10200","1276313867"
"Münchberg","Munchberg","50.2000","11.7667","Germany","DE","DEU","Bavaria","","10200","1276739492"
"Lillers","Lillers","50.5644","2.4831","France","FR","FRA","Hauts-de-France","","10200","1250000845"
"Ellon","Ellon","57.3660","-2.0860","United Kingdom","GB","GBR","Aberdeenshire","","10200","1826126945"
"Shakhunya","Shakhunya","57.6667","46.6167","Russia","RU","RUS","Nizhegorodskaya Oblast’","minor","10200","1643622934"
"Nazyvayevsk","Nazyvayevsk","55.5667","71.2667","Russia","RU","RUS","Omskaya Oblast’","","10200","1643639751"
"Navabad","Navabad","38.5278","68.6750","Tajikistan","TJ","TJK","Nohiyahoi Tobei Jumhurí","","10200","1762138739"
"Chavkandak","Chavkandak","39.9000","68.9333","Tajikistan","TJ","TJK","Sughd","","10200","1762806975"
"Kazo","Kazo","-0.0528","30.7569","Uganda","UG","UGA","Kazo","admin","10200","1800531840"
"Rolesville","Rolesville","35.9223","-78.4656","United States","US","USA","North Carolina","","10200","1840017759"
"Sechelt","Sechelt","49.4742","-123.7542","Canada","CA","CAN","British Columbia","","10200","1124845591"
"Tetela del Volcán","Tetela del Volcan","18.9633","-99.2533","Mexico","MX","MEX","Morelos","minor","10199","1484343325"
"Cortês","Cortes","-8.4700","-35.5436","Brazil","BR","BRA","Pernambuco","minor","10198","1076047462"
"Foz","Foz","43.5694","-7.2583","Spain","ES","ESP","Galicia","","10198","1724292165"
"Nyazepetrovsk","Nyazepetrovsk","56.0500","59.6000","Russia","RU","RUS","Chelyabinskaya Oblast’","minor","10198","1643877254"
"Garhi","Garhi","24.7904","86.0768","India","IN","IND","Bihār","","10197","1356108293"
"Bosanska Krupa","Bosanska Krupa","44.8833","16.1500","Bosnia and Herzegovina","BA","BIH","Bosnia and Herzegovina, Federation of","minor","10196","1070449050"
"Florânia","Florania","-6.1269","-36.8178","Brazil","BR","BRA","Rio Grande do Norte","minor","10196","1076075803"
"Biot","Biot","43.6294","7.0961","France","FR","FRA","Provence-Alpes-Côte d’Azur","","10196","1250684857"
"Irani","Irani","-27.0250","-51.9019","Brazil","BR","BRA","Santa Catarina","minor","10195","1076680250"
"Gemerek","Gemerek","39.1819","36.0681","Turkey","TR","TUR","Sivas","minor","10195","1792500011"
"New Silksworth","New Silksworth","54.8710","-1.3957","United Kingdom","GB","GBR","Sunderland","","10194","1826945369"
"Kottapālem","Kottapalem","16.7000","80.4700","India","IN","IND","Andhra Pradesh","","10194","1356172054"
"Barāgaon","Baragaon","24.5682","79.0185","India","IN","IND","Madhya Pradesh","","10194","1356042472"
"Tokunoshima","Tokunoshima","27.7267","129.0186","Japan","JP","JPN","Okinawa","","10194","1392999972"
"Douar Mzoura","Douar Mzoura","34.3167","-5.9333","Morocco","MA","MAR","Rabat-Salé-Kénitra","","10194","1504336708"
"Zakamensk","Zakamensk","50.3833","103.3000","Russia","RU","RUS","Buryatiya","","10193","1643401848"
"Hermantown","Hermantown","46.8057","-92.2407","United States","US","USA","Minnesota","","10192","1840006593"
"Arataca","Arataca","-15.2628","-39.4139","Brazil","BR","BRA","Bahia","minor","10191","1076983532"
"Eleşkirt","Eleskirt","39.7981","42.6744","Turkey","TR","TUR","Ağrı","minor","10191","1792340352"
"Al Jazīrah al Ḩamrā’","Al Jazirah al Hamra'","25.7089","55.7972","United Arab Emirates","AE","ARE","Ra’s al Khaymah","","10190","1784137216"
"Pescaria Brava","Pescaria Brava","-28.3833","-48.8833","Brazil","BR","BRA","Santa Catarina","minor","10190","1076082344"
"Phra Pradaeng","Phra Pradaeng","13.6592","100.5331","Thailand","TH","THA","Samut Prakan","minor","10190","1764849819"
"Narasingam","Narasingam","9.9658","78.1833","India","IN","IND","Tamil Nādu","","10189","1356232788"
"Barāhi","Barahi","25.9725","86.7452","India","IN","IND","Bihār","","10189","1356995331"
"Rehburg-Loccum","Rehburg-Loccum","52.4508","9.2078","Germany","DE","DEU","Lower Saxony","","10188","1276006999"
"Carenage","Carenage","10.6833","-61.6000","Trinidad and Tobago","TT","TTO","Diego Martin","","10188","1780086595"
"La Grange","La Grange","38.3987","-85.3750","United States","US","USA","Kentucky","","10188","1840014287"
"São José do Jacuípe","Sao Jose do Jacuipe","-11.5048","-40.0225","Brazil","BR","BRA","Bahia","","10187","1076174569"
"São José do Jacuípe","Sao Jose do Jacuipe","-11.4119","-39.8669","Brazil","BR","BRA","Bahia","minor","10187","1076002540"
"Mirante","Mirante","-14.2419","-40.7728","Brazil","BR","BRA","Bahia","minor","10187","1076774465"
"Souk et Tnine Jorf el Mellah","Souk et Tnine Jorf el Mellah","34.4833","-5.5169","Morocco","MA","MAR","Rabat-Salé-Kénitra","","10187","1504332951"
"San Blas","San Blas","21.5397","-105.2856","Mexico","MX","MEX","Nayarit","minor","10187","1484142814"
"Gudofredo Viana","Gudofredo Viana","-1.4028","-45.7800","Brazil","BR","BRA","Maranhão","minor","10186","1076813399"
"Carmo do Rio Verde","Carmo do Rio Verde","-15.3536","-49.7075","Brazil","BR","BRA","Goiás","minor","10186","1076166085"
"Potosí","Potosi","0.8081","-77.5728","Colombia","CO","COL","Nariño","minor","10186","1170814336"
"Venkatāpuram","Venkatapuram","18.2232","79.9516","India","IN","IND","Andhra Pradesh","","10186","1356520107"
"Celano","Celano","42.0843","13.5478","Italy","IT","ITA","Abruzzo","","10186","1380585394"
"Randazzo","Randazzo","37.8774","14.9501","Italy","IT","ITA","Sicilia","","10186","1380459051"
"Balangkayan","Balangkayan","11.4728","125.5108","Philippines","PH","PHL","Eastern Samar","","10185","1608965885"
"Załęże","Zaleze","50.2672","18.9892","Poland","PL","POL","Śląskie","","10185","1616250144"
"Hazle","Hazle","40.9558","-75.9998","United States","US","USA","Pennsylvania","","10184","1840148627"
"Biandanshan","Biandanshan","26.0409","105.6351","China","CN","CHN","Guizhou","","10183","1156826930"
"Poirino","Poirino","44.9208","7.8469","Italy","IT","ITA","Piedmont","","10183","1380649865"
"Pechea","Pechea","45.6333","27.8000","Romania","RO","ROU","Galaţi","","10182","1642407304"
"Chaungtha","Chaungtha","16.9667","94.4500","Burma","MM","MMR","Ayeyarwady","","10181","1104467374"
"Nanfang","Nanfang","23.3568","115.5167","China","CN","CHN","Guangdong","","10180","1156039854"
"Rüdesheim am Rhein","Rudesheim am Rhein","49.9833","7.9306","Germany","DE","DEU","Hesse","","10180","1276263757"
"Carice","Carice","19.3779","-71.8303","Haiti","HT","HTI","Nord-Est","","10180","1332044879"
"Csömör","Csomor","47.5467","19.2244","Hungary","HU","HUN","Pest","","10180","1348004899"
"Amgachia","Amgachia","22.4156","88.3051","India","IN","IND","West Bengal","","10179","1356436848"
"Jimbolia","Jimbolia","45.7931","20.7375","Romania","RO","ROU","Timiş","","10179","1642376521"
"Birao","Birao","10.2940","22.7820","Central African Republic","CF","CAF","Vakaga","admin","10178","1140392673"
"Spelle","Spelle","52.3667","7.4667","Germany","DE","DEU","Lower Saxony","","10178","1276461336"
"Angwāli","Angwali","23.7317","85.9858","India","IN","IND","Jhārkhand","","10178","1356183404"
"Aliganj","Aliganj","24.9365","85.9250","India","IN","IND","Bihār","","10178","1356234041"
"Alpena","Alpena","45.0740","-83.4402","United States","US","USA","Michigan","","10178","1840003947"
"Pizarra","Pizarra","36.7667","-4.7000","Spain","ES","ESP","Andalusia","","10177","1724076004"
"Körmend","Kormend","47.0110","16.6060","Hungary","HU","HUN","Vas","minor","10177","1348688701"
"Kothi","Kothi","24.7526","80.7775","India","IN","IND","Madhya Pradesh","","10177","1356193547"
"Darwa","Darwa","25.6690","85.6461","India","IN","IND","Bihār","","10177","1356614765"
"Toundout","Toundout","31.2667","-6.5833","Morocco","MA","MAR","Drâa-Tafilalet","","10177","1504645333"
"Baker City","Baker City","44.7749","-117.8320","United States","US","USA","Oregon","","10177","1840018587"
"Snohomish","Snohomish","47.9276","-122.0969","United States","US","USA","Washington","","10177","1840021078"
"Vera Cruz","Vera Cruz","-22.2200","-49.8189","Brazil","BR","BRA","São Paulo","minor","10176","1076644611"
"Shirbadgi","Shirbadgi","15.9418","75.7768","India","IN","IND","Karnātaka","","10176","1356212437"
"Halgūr","Halgur","12.4249","77.2270","India","IN","IND","Karnātaka","","10176","1356976826"
"Akil","Akil","20.2656","-89.3478","Mexico","MX","MEX","Yucatán","","10176","1484515773"
"Kaynaşlı","Kaynasli","40.7667","31.3167","Turkey","TR","TUR","Düzce","minor","10176","1792399089"
"Olovo","Olovo","44.1277","18.5807","Bosnia and Herzegovina","BA","BIH","Bosnia and Herzegovina, Federation of","minor","10175","1070868071"
"Fort William","Fort William","56.8198","-5.1052","United Kingdom","GB","GBR","Highland","","10175","1826742184"
"Băcioi","Bacioi","46.9122","28.8839","Moldova","MD","MDA","Chişinău","","10175","1498931344"
"Chikni","Chikni","26.0664","87.4406","India","IN","IND","Bihār","","10173","1356466319"
"Remada","Remada","32.3061","10.3822","Tunisia","TN","TUN","Tataouine","","10173","1788796526"
"Sax","Sax","38.5394","-0.8161","Spain","ES","ESP","Valencia","","10172","1724511269"
"Cross Lanes","Cross Lanes","38.4351","-81.7707","United States","US","USA","West Virginia","","10172","1840006190"
"Akabli","Akabli","26.7086","1.3689","Algeria","DZ","DZA","Adrar","","10171","1012614287"
"Surla","Surla","15.5333","73.8333","India","IN","IND","Goa","","10171","1356131924"
"Glenwood Springs","Glenwood Springs","39.5455","-107.3347","United States","US","USA","Colorado","","10171","1840020184"
"Jhakhra","Jhakhra","25.7528","85.7474","India","IN","IND","Bihār","","10170","1356238710"
"Pānchi","Panchi","25.1123","85.6321","India","IN","IND","Bihār","","10170","1356134882"
"Jandiāla","Jandiala","31.2157","75.6218","India","IN","IND","Punjab","","10170","1356063934"
"Kulundu","Kulundu","40.1069","69.6431","Kyrgyzstan","KG","KGZ","Batken","minor","10170","1417968397"
"Ajjipuram","Ajjipuram","12.0457","77.3532","India","IN","IND","Karnātaka","","10169","1356862548"
"Pipra Naurangiā","Pipra Naurangia","26.8591","84.4328","India","IN","IND","Bihār","","10169","1356542141"
"Bellamkonda","Bellamkonda","16.4922","80.0089","India","IN","IND","Andhra Pradesh","","10169","1356758094"
"Kranuan","Kranuan","16.7067","103.0788","Thailand","TH","THA","Khon Kaen","minor","10169","1764256426"
"Svidník","Svidnik","49.3056","21.5678","Slovakia","SK","SVK","Prešov","minor","10168","1703982053"
"Ban Bong Tai","Ban Bong Tai","17.4080","103.2932","Thailand","TH","THA","Sakon Nakhon","","10168","1764226625"
"Alderwood Manor","Alderwood Manor","47.8146","-122.2672","United States","US","USA","Washington","","10168","1840017323"
"Molalla","Molalla","45.1502","-122.5845","United States","US","USA","Oregon","","10168","1840019953"
"Bela Vista de Minas","Bela Vista de Minas","-19.8300","-43.0908","Brazil","BR","BRA","Minas Gerais","minor","10167","1076180977"
"Canteras","Canteras","37.6122","-1.0438","Spain","ES","ESP","Murcia","","10167","1724341004"
"Seysses","Seysses","43.4989","1.3133","France","FR","FRA","Occitanie","","10167","1250913509"
"Bomporto","Bomporto","44.7333","11.0333","Italy","IT","ITA","Emilia-Romagna","","10167","1380316410"
"Libertad","Libertad","-34.6333","-56.6192","Uruguay","UY","URY","San José","","10166","1858652953"
"Evander","Evander","-26.4719","29.1100","South Africa","ZA","ZAF","Mpumalanga","","10166","1710356044"
"Fanzhao","Fanzhao","26.6615","108.3834","China","CN","CHN","Guizhou","","10165","1156002529"
"Lābhgaon","Labhgaon","25.5062","86.3899","India","IN","IND","Bihār","","10165","1356158425"
"Katālpur","Katalpur","26.2255","84.7608","India","IN","IND","Bihār","","10165","1356347340"
"Korolevo","Korolevo","48.1500","23.1333","Ukraine","UA","UKR","Zakarpatska Oblast","","10165","1804136569"
"Roddam","Roddam","14.1000","77.4300","India","IN","IND","Andhra Pradesh","","10164","1356286713"
"Ban Bang Toei","Ban Bang Toei","14.0737","100.5079","Thailand","TH","THA","Pathum Thani","","10164","1764390237"
"Balikumbat","Balikumbat","5.8928","10.3597","Cameroon","CM","CMR","North-West","","10163","1120000865"
"Crespellano","Crespellano","44.5114","11.1314","Italy","IT","ITA","Emilia-Romagna","","10163","1380769316"
"Biskupiec","Biskupiec","53.8500","20.9500","Poland","PL","POL","Warmińsko-Mazurskie","","10163","1616213985"
"Bargersville","Bargersville","39.5412","-86.2004","United States","US","USA","Indiana","","10163","1840009569"
"Itapiranga","Itapiranga","-2.7489","-58.0219","Brazil","BR","BRA","Amazonas","minor","10162","1076151617"
"San Pablo","San Pablo","-40.4000","-73.0167","Chile","CL","CHL","Los Lagos","","10162","1152590185"
"Astoria","Astoria","46.1856","-123.8053","United States","US","USA","Oregon","","10162","1840018504"
"Zelfana","Zelfana","32.3969","4.2261","Algeria","DZ","DZA","Ghardaïa","","10161","1012314870"
"Jādupatti","Jadupatti","26.1186","86.3114","India","IN","IND","Bihār","","10161","1356698623"
"Mexicaltzingo","Mexicaltzingo","19.2092","-99.5858","Mexico","MX","MEX","México","minor","10161","1484468778"
"Courrières","Courrieres","50.4586","2.9481","France","FR","FRA","Hauts-de-France","","10160","1250097393"
"Bordighera","Bordighera","43.7789","7.6721","Italy","IT","ITA","Liguria","","10160","1380382900"
"Niebüll","Niebull","54.7881","8.8296","Germany","DE","DEU","Schleswig-Holstein","","10159","1276213521"
"Castleton","Castleton","53.5907","-2.1737","United Kingdom","GB","GBR","Rochdale","","10159","1826243181"
"Bois-des-Filion","Bois-des-Filion","45.6667","-73.7500","Canada","CA","CAN","Quebec","","10159","1124978470"
"Rogerstone","Rogerstone","51.5906","-3.0537","United Kingdom","GB","GBR","Newport","","10158","1826510350"
"Piedimonte d’Alife","Piedimonte d'Alife","41.3669","14.3967","Italy","IT","ITA","Campania","","10158","1380610892"
"Toca","Toca","5.5667","-73.2000","Colombia","CO","COL","Boyacá","minor","10157","1170029150"
"Bobenheim-Roxheim","Bobenheim-Roxheim","49.5833","8.3500","Germany","DE","DEU","Rhineland-Palatinate","","10157","1276712928"
"Ambalavao","Ambalavao","-19.0980","47.5284","Madagascar","MG","MDG","Antananarivo","","10157","1450481528"
"Coweta","Coweta","35.9683","-95.6545","United States","US","USA","Oklahoma","","10157","1840019077"
"Pabégou","Pabegou","9.8333","1.5492","Benin","BJ","BEN","Donga","","10156","1204757820"
