"Terra de Areia","Terra de Areia","-29.5850","-50.0708","Brazil","BR","BRA","Rio Grande do Sul","minor","9878","1076030490"
"Hosahalli","Hosahalli","14.6480","76.4672","India","IN","IND","Karnātaka","","9878","1356470279"
"Trancoso","Trancoso","40.7833","-7.3500","Portugal","PT","PRT","Guarda","minor","9878","1620483334"
"Barahra","Barahra","26.2356","86.5615","India","IN","IND","Bihār","","9877","1356259938"
"Chupaca","Chupaca","-12.0620","-75.2872","Peru","PE","PER","Junín","","9877","1604005892"
"Margarita","Margarita","9.0833","-74.2000","Colombia","CO","COL","Bolívar","minor","9876","1170553154"
"Baltāra","Baltara","25.5116","86.7232","India","IN","IND","Bihār","","9876","1356481249"
"Loudéac","Loudeac","48.1778","-2.7539","France","FR","FRA","Bretagne","","9875","1250528163"
"Tādiparti","Tadiparti","17.1769","82.2757","India","IN","IND","Andhra Pradesh","","9875","1356632110"
"Krasnyy Yar","Krasnyy Yar","53.3239","69.2525","Kazakhstan","KZ","KAZ","Aqmola","","9875","1398149745"
"Harvard","Harvard","42.4296","-88.6211","United States","US","USA","Illinois","","9875","1840006970"
"Alfaro","Alfaro","42.1783","-1.7492","Spain","ES","ESP","La Rioja","","9874","1724727631"
"Widhwidh","Widhwidh","8.4541","46.7083","Somalia","SO","SOM","Togdheer","","9874","1706846618"
"Ban Pha Bong","Ban Pha Bong","19.2266","97.9707","Thailand","TH","THA","Mae Hong Son","","9874","1764208458"
"Kumçatı","Kumcati","37.4710","42.3170","Turkey","TR","TUR","Şırnak","","9874","1792767524"
"Oelsnitz","Oelsnitz","50.4167","12.1667","Germany","DE","DEU","Saxony","","9873","1276364084"
"Reddigūdem","Reddigudem","16.8939","80.6917","India","IN","IND","Andhra Pradesh","","9873","1356064520"
"Nayāgaon","Nayagaon","24.5622","74.7760","India","IN","IND","Rājasthān","","9873","1356976251"
"Ruoqiang","Ruoqiang","39.0181","88.1681","China","CN","CHN","Xinjiang","minor","9872","1156754744"
"Heerlerbaan","Heerlerbaan","50.8692","6.0102","Netherlands","NL","NLD","Limburg","","9872","1528640584"
"Plainville","Plainville","42.0141","-71.3364","United States","US","USA","Massachusetts","","9872","1840053555"
"Qāzigund","Qazigund","33.5921","75.1654","India","IN","IND","Jammu and Kashmīr","","9871","1356057369"
"Kanjiža","Kanjiza","46.0667","20.0500","Serbia","RS","SRB","Kanjiža","admin","9871","1688731968"
"Metsamor","Metsamor","40.1428","44.1164","Armenia","AM","ARM","Armavir","","9870","1051651063"
"Alcorta","Alcorta","-33.5333","-61.1167","Argentina","AR","ARG","Santa Fe","","9870","1032368367"
"Ouled Brahim","Ouled Brahim","36.2444","2.9336","Algeria","DZ","DZA","Médéa","","9870","1012857780"
"Chegūr","Chegur","17.1758","78.2298","India","IN","IND","Andhra Pradesh","","9870","1356982116"
"Ommangi","Ommangi","17.2597","82.2236","India","IN","IND","Andhra Pradesh","","9870","1356850356"
"Kushnarënkovo","Kushnarenkovo","55.1050","55.3478","Russia","RU","RUS","Bashkortostan","minor","9870","1643940498"
"San Miguel Sigüilá","San Miguel Siguila","14.9000","-91.6167","Guatemala","GT","GTM","Quetzaltenango","minor","9869","1320294122"
"Kisújszállás","Kisujszallas","47.2167","20.7667","Hungary","HU","HUN","Jász-Nagykun-Szolnok","","9869","1348563920"
"East Liverpool","East Liverpool","40.6333","-80.5677","United States","US","USA","Ohio","","9869","1840002783"
"Sarkeghāṭ","Sarkeghat","29.7833","81.9333","Nepal","NP","NPL","Karṇālī","","9868","1524035735"
"Krzeszowice","Krzeszowice","50.1333","19.6333","Poland","PL","POL","Małopolskie","","9868","1616471634"
"Therwil","Therwil","47.4997","7.5500","Switzerland","CH","CHE","Basel-Landschaft","","9867","1756897872"
"Wapakoneta","Wapakoneta","40.5664","-84.1916","United States","US","USA","Ohio","","9867","1840010391"
"Levski","Levski","43.3592","25.1358","Bulgaria","BG","BGR","Pleven","","9866","1100805179"
"Lajes","Lajes","-5.7000","-36.2450","Brazil","BR","BRA","Rio Grande do Norte","minor","9866","1076524454"
"Succasunna","Succasunna","40.8530","-74.6568","United States","US","USA","New Jersey","","9866","1840024235"
"Pālepalli","Palepalli","12.5667","78.3071","India","IN","IND","Tamil Nādu","","9865","1356078107"
"Iwamuro-onsen","Iwamuro-onsen","37.7375","138.8391","Japan","JP","JPN","Niigata","","9865","1392051200"
"Berd","Berd","40.8808","45.3917","Armenia","AM","ARM","Tavush","","9864","1051965968"
"Swan Hill","Swan Hill","-35.3333","143.5500","Australia","AU","AUS","Victoria","","9864","1036220501"
"Muttattuteruvu","Muttattuteruvu","9.4333","76.5389","India","IN","IND","Kerala","","9864","1356160936"
"Heves","Heves","47.6000","20.2833","Hungary","HU","HUN","Heves","minor","9863","1348843058"
"Poggio a Caiano","Poggio a Caiano","43.8155","11.0440","Italy","IT","ITA","Tuscany","","9863","1380864221"
"Ntorosso","Ntorosso","13.1422","-5.0631","Mali","ML","MLI","Ségou","","9863","1466857138"
"Peru","Peru","41.3482","-89.1371","United States","US","USA","Illinois","","9863","1840009273"
"Jesup","Jesup","31.5992","-81.8895","United States","US","USA","Georgia","","9863","1840014943"
"Greencastle","Greencastle","39.6432","-86.8418","United States","US","USA","Indiana","","9863","1840008439"
"Laakirchen","Laakirchen","47.9828","13.8242","Austria","AT","AUT","Oberösterreich","","9861","1040055619"
"Kümmersbruck","Kummersbruck","49.4167","11.8833","Germany","DE","DEU","Bavaria","","9861","1276949407"
"Vettaikkāraniruppu","Vettaikkaraniruppu","10.5739","79.8353","India","IN","IND","Tamil Nādu","","9861","1356184179"
"Ambodiriana","Ambodiriana","-17.9372","49.2735","Madagascar","MG","MDG","Toamasina","","9861","1450447808"
"Ingleside","Ingleside","27.8703","-97.2075","United States","US","USA","Texas","","9861","1840019709"
"Lingampet","Lingampet","18.2383","78.1303","India","IN","IND","Andhra Pradesh","","9860","1356911464"
"Mahisānrh","Mahisanrh","25.7358","85.5818","India","IN","IND","Bihār","","9859","1356055064"
"Geylegphug","Geylegphug","26.8706","90.4856","Bhutan","BT","BTN","Sarpang","","9858","1064875901"
"Bad König","Bad Konig","49.7500","9.0167","Germany","DE","DEU","Hesse","","9857","1276917706"
"Majhgawān","Majhgawan","23.4039","80.2098","India","IN","IND","Madhya Pradesh","","9857","1356093683"
"Tanichchiyam","Tanichchiyam","10.0412","78.0127","India","IN","IND","Tamil Nādu","","9857","1356215690"
"San Carlos Yautepec","San Carlos Yautepec","16.5000","-96.1000","Mexico","MX","MEX","Oaxaca","minor","9857","1484274293"
"Nueva Palmira","Nueva Palmira","-33.8833","-58.4167","Uruguay","UY","URY","Colonia","","9857","1858193401"
"Paradarāmi","Paradarami","13.0833","78.9833","India","IN","IND","Andhra Pradesh","","9856","1356031235"
"Schwaikheim","Schwaikheim","48.8714","9.3531","Germany","DE","DEU","Baden-Württemberg","","9855","1276194197"
"Humlebæk","Humlebaek","55.9613","12.5324","Denmark","DK","DNK","Hovedstaden","","9855","1208928560"
"Abram","Abram","53.5080","-2.5880","United Kingdom","GB","GBR","Wigan","","9855","1826869753"
"Bērikai","Berikai","12.8056","77.9710","India","IN","IND","Tamil Nādu","","9855","1356651556"
"Philipstown","Philipstown","41.4189","-73.9152","United States","US","USA","New York","","9855","1840087800"
"Ciudad de Loreto","Ciudad de Loreto","-28.3000","-64.2000","Argentina","AR","ARG","Santiago del Estero","","9854","1032623436"
"Aranzazu","Aranzazu","5.3000","-75.4500","Colombia","CO","COL","Caldas","minor","9854","1170469075"
"Nordwalde","Nordwalde","52.0833","7.4833","Germany","DE","DEU","North Rhine-Westphalia","","9853","1276365254"
"Pliezhausen","Pliezhausen","48.5586","9.2058","Germany","DE","DEU","Baden-Württemberg","","9853","1276097407"
"Roche-la-Molière","Roche-la-Moliere","45.4347","4.3244","France","FR","FRA","Auvergne-Rhône-Alpes","","9853","1250206871"
"Sovicille","Sovicille","43.2833","11.2333","Italy","IT","ITA","Tuscany","","9853","1380780018"
"Dandoli","Dandoli","14.3953","-3.5425","Mali","ML","MLI","Mopti","","9853","1466460537"
"Nhandeara","Nhandeara","-20.6939","-50.0378","Brazil","BR","BRA","São Paulo","minor","9852","1076817297"
"Narasimharājapura","Narasimharajapura","13.6108","75.5120","India","IN","IND","Karnātaka","","9852","1356403111"
"Plains","Plains","41.2657","-75.8131","United States","US","USA","Pennsylvania","","9852","1840025529"
"Ilsfeld","Ilsfeld","49.0500","9.2500","Germany","DE","DEU","Baden-Württemberg","","9851","1276001221"
"Grigny","Grigny","45.6092","4.7906","France","FR","FRA","Auvergne-Rhône-Alpes","","9851","1250633227"
"Pailón","Pailon","-17.6594","-62.7197","Bolivia","BO","BOL","Santa Cruz","","9850","1068158658"
"Renaico","Renaico","-37.6667","-72.5833","Chile","CL","CHL","Araucanía","","9850","1152989264"
"Norosí","Norosi","8.5261","-74.0378","Colombia","CO","COL","Bolívar","minor","9850","1170174177"
"Fundeni","Fundeni","44.4595","26.1668","Romania","RO","ROU","Bucureşti","","9850","1642263506"
"Rodynske","Rodynske","48.3531","37.2100","Ukraine","UA","UKR","Donetska Oblast","","9850","1804843183"
"Coal","Coal","40.7873","-76.5493","United States","US","USA","Pennsylvania","","9850","1840150358"
"Juru","Juru","-7.5369","-37.8186","Brazil","BR","BRA","Paraíba","minor","9849","1076841131"
"Lanškroun","Lanskroun","49.9122","16.6122","Czechia","CZ","CZE","Pardubický Kraj","","9849","1203727130"
"Achchippatti","Achchippatti","10.6989","77.0150","India","IN","IND","Tamil Nādu","","9849","1356170278"
"Kadoli","Kadoli","15.8800","74.5600","India","IN","IND","Karnātaka","","9849","1356013157"
"Santo Stefano di Magra","Santo Stefano di Magra","44.1625","9.9151","Italy","IT","ITA","Tuscany","","9849","1380931318"
"Bisingen","Bisingen","48.3119","8.9178","Germany","DE","DEU","Baden-Württemberg","","9848","1276249860"
"Altofonte","Altofonte","38.0447","13.2986","Italy","IT","ITA","Sicilia","","9848","1380191830"
"Cuencamé de Ceniceros","Cuencame de Ceniceros","24.8667","-103.7000","Mexico","MX","MEX","Durango","minor","9848","1484919654"
"Mariluz","Mariluz","-24.0019","-53.1458","Brazil","BR","BRA","Paraná","minor","9847","1076480986"
"Tīgaon","Tigaon","21.6456","78.4576","India","IN","IND","Madhya Pradesh","","9847","1356180687"
"Alamosa","Alamosa","37.4752","-105.8770","United States","US","USA","Colorado","","9847","1840018921"
"Anjahamana","Anjahamana","-18.3495","48.9718","Madagascar","MG","MDG","Toamasina","","9846","1450772038"
"Fairfield","Fairfield","33.4747","-86.9194","United States","US","USA","Alabama","","9846","1840001883"
"Voreppe","Voreppe","45.2986","5.6375","France","FR","FRA","Auvergne-Rhône-Alpes","","9845","1250168262"
"Surīr","Surir","27.7718","77.7208","India","IN","IND","Uttar Pradesh","","9845","1356838373"
"Eerbeek","Eerbeek","52.1053","6.0633","Netherlands","NL","NLD","Gelderland","","9845","1528788806"
"Kirkland","Kirkland","43.0368","-75.3865","United States","US","USA","New York","","9845","1840058218"
"Hochdorf","Hochdorf","47.1664","8.2889","Switzerland","CH","CHE","Luzern","","9844","1756537486"
"Tūlin","Tulin","23.3700","85.9000","India","IN","IND","West Bengal","","9844","1356533903"
"Boriguma","Boriguma","19.0468","82.5532","India","IN","IND","Chhattīsgarh","","9844","1356116903"
"Nanzhou","Nanzhou","22.4789","120.5156","Taiwan","TW","TWN","Pingtung","","9844","1158433128"
"Katarmāla","Katarmala","25.5036","86.2447","India","IN","IND","Bihār","","9843","1356955745"
"Mosjøen","Mosjoen","65.8333","13.2000","Norway","NO","NOR","Nordland","minor","9843","1578980285"
"Tha Mai","Tha Mai","12.6214","102.0048","Thailand","TH","THA","Chanthaburi","minor","9843","1764588619"
"Cavriago","Cavriago","44.6956","10.5274","Italy","IT","ITA","Emilia-Romagna","","9842","1380748689"
"Chimay","Chimay","50.0479","4.3173","Belgium","BE","BEL","Wallonia","","9841","1056608598"
"Plüderhausen","Pluderhausen","48.7950","9.6011","Germany","DE","DEU","Baden-Württemberg","","9841","1276728589"
"Hānsa","Hansa","26.0911","87.3089","India","IN","IND","Bihār","","9841","1356711540"
"Veitshöchheim","Veitshochheim","49.8328","9.8817","Germany","DE","DEU","Bavaria","","9840","1276315080"
"Dindanko","Dindanko","14.1233","-9.5031","Mali","ML","MLI","Kayes","","9840","1466076268"
"Nersingen","Nersingen","48.4289","10.1219","Germany","DE","DEU","Bavaria","","9839","1276170388"
"Khariāl","Kharial","30.1056","75.8855","India","IN","IND","Punjab","","9839","1356897177"
"Kokiladānga","Kokiladanga","26.3688","89.8335","India","IN","IND","West Bengal","","9839","1356749040"
"Pedda Kotayalanka","Pedda Kotayalanka","16.1567","80.8314","India","IN","IND","Andhra Pradesh","","9839","1356183491"
"Itamukkala","Itamukkala","15.3731","80.1130","India","IN","IND","Andhra Pradesh","","9839","1356306377"
"Kaimūh","Kaimuh","33.7197","75.0811","India","IN","IND","Jammu and Kashmīr","","9839","1356552576"
"Shāhzādpur","Shahzadpur","25.6541","86.8709","India","IN","IND","Bihār","","9839","1356823439"
"Ingré","Ingre","47.9211","1.8250","France","FR","FRA","Centre-Val de Loire","","9838","1250221426"
"Manubolu","Manubolu","14.1833","79.8833","India","IN","IND","Andhra Pradesh","","9838","1356151260"
"Partanna","Partanna","37.7289","12.8894","Italy","IT","ITA","Sicilia","","9838","1380661937"
"Qarabalyq","Qarabalyq","53.7506","62.0502","Kazakhstan","KZ","KAZ","Qostanay","minor","9838","1398254114"
"Patsanda","Patsanda","24.8580","86.3008","India","IN","IND","Bihār","","9837","1356316787"
"Chandankiāri","Chandankiari","23.5781","86.3598","India","IN","IND","West Bengal","","9836","1356084280"
"Ozieri","Ozieri","40.5849","9.0033","Italy","IT","ITA","Sardegna","","9836","1380060538"
"Karghar","Karghar","25.1267","83.9274","India","IN","IND","Bihār","","9835","1356462654"
"Vigonovo","Vigonovo","45.3852","12.0074","Italy","IT","ITA","Veneto","","9835","1380294468"
"Carregal do Sal","Carregal do Sal","40.4333","-8.0000","Portugal","PT","PRT","Viseu","","9835","1620089281"
"Touwu","Touwu","24.5833","120.8500","Taiwan","TW","TWN","Miaoli","","9835","1158275134"
"Tekit","Tekit","20.5322","-89.3314","Mexico","MX","MEX","Yucatán","","9834","1484351882"
"Aramari","Aramari","-12.0819","-38.4989","Brazil","BR","BRA","Bahia","minor","9833","1076419500"
"Cachipay","Cachipay","4.7308","-74.4375","Colombia","CO","COL","Cundinamarca","minor","9833","1170432909"
"Fürstenau","Furstenau","52.5167","7.6667","Germany","DE","DEU","Lower Saxony","","9833","1276365707"
"Osthofen","Osthofen","49.7078","8.3289","Germany","DE","DEU","Rhineland-Palatinate","","9833","1276502148"
"Tolmezzo","Tolmezzo","46.4000","13.0167","Italy","IT","ITA","Friuli Venezia Giulia","","9833","1380228864"
"Picnic Point","Picnic Point","47.8744","-122.3077","United States","US","USA","Washington","","9833","1840037897"
"Parkes","Parkes","-33.1333","148.1667","Australia","AU","AUS","New South Wales","","9832","1036977270"
"Heilsbronn","Heilsbronn","49.3167","10.8000","Germany","DE","DEU","Bavaria","","9832","1276724619"
"Sieverne","Sieverne","48.0858","38.6942","Ukraine","UA","UKR","Donetska Oblast","","9832","1804225954"
"Iraiyūr","Iraiyur","11.7834","79.1970","India","IN","IND","Tamil Nādu","","9831","1356426034"
"Pushpattūr","Pushpattur","10.5438","77.4100","India","IN","IND","Tamil Nādu","","9831","1356171131"
"Terku Narippaiyūr","Terku Narippaiyur","9.1167","78.4188","India","IN","IND","Tamil Nādu","","9831","1356233103"
"Bīrpur Bārāpatti Pindraun","Birpur Barapatti Pindraun","26.5475","86.3898","India","IN","IND","Bihār","","9831","1356692198"
"Etchojoa","Etchojoa","26.8667","-109.6500","Mexico","MX","MEX","Sonora","minor","9831","1484867357"
"Marathon","Marathon","24.7263","-81.0374","United States","US","USA","Florida","","9831","1840016010"
"Mudgee","Mudgee","-32.6125","149.5872","Australia","AU","AUS","New South Wales","","9830","1036213564"
"Kodivalasa","Kodivalasa","13.2547","79.4249","India","IN","IND","Tamil Nādu","","9830","1356546738"
"Kamikita-kita","Kamikita-kita","40.7360","140.9560","Japan","JP","JPN","Aomori","","9830","1392618697"
"Bad Liebenzell","Bad Liebenzell","48.7742","8.7314","Germany","DE","DEU","Baden-Württemberg","","9829","1276138487"
"Mirleft","Mirleft","29.6081","-9.9698","Morocco","MA","MAR","Guelmim-Oued Noun","","9828","1504612129"
"College Place","College Place","46.0419","-118.3878","United States","US","USA","Washington","","9828","1840018490"
"Basso","Basso","10.5000","3.6833","Benin","BJ","BEN","Borgou","","9827","1204113994"
"Toudja","Toudja","36.7500","4.9000","Algeria","DZ","DZA","Bejaïa","","9827","1012114797"
"Gangāpur Athar","Gangapur Athar","25.8214","85.7123","India","IN","IND","Bihār","","9827","1356935991"
"Berilo","Berilo","-16.9519","-42.4658","Brazil","BR","BRA","Minas Gerais","minor","9826","1076515004"
"Nisarpur","Nisarpur","22.1088","74.8078","India","IN","IND","Madhya Pradesh","","9826","1356162861"
"Ḩeşārcheh-ye Pā’īn","Hesarcheh-ye Pa'in","38.1800","56.4500","Iran","IR","IRN","Khorāsān-e Shomālī","","9826","1364449078"
"Kusugal","Kusugal","15.3667","75.2167","India","IN","IND","Karnātaka","","9825","1356568466"
"Bouabout","Bouabout","31.2667","-9.1833","Morocco","MA","MAR","Marrakech-Safi","","9825","1504119259"
"Guia Lopes da Laguna","Guia Lopes da Laguna","-21.4578","-56.1142","Brazil","BR","BRA","Mato Grosso do Sul","minor","9824","1076661198"
"Le Rheu","Le Rheu","48.1028","-1.7942","France","FR","FRA","Bretagne","","9823","1250291417"
"Jixian","Jixian","35.7321","107.9731","China","CN","CHN","Gansu","","9822","1156259371"
"Pithaura","Pithaura","26.2620","87.0983","India","IN","IND","Bihār","","9822","1356449995"
"Baragaon","Baragaon","25.1348","85.4320","India","IN","IND","Bihār","","9822","1356907977"
"Nödinge-Nol","Nodinge-Nol","57.9000","12.0667","Sweden","SE","SWE","Västra Götaland","","9822","1752000147"
"Ech Chaïbat","Ech Chaibat","31.6000","-7.8500","Morocco","MA","MAR","Marrakech-Safi","","9821","1504590724"
"Erdőkertes","Erdokertes","47.6749","19.3158","Hungary","HU","HUN","Pest","","9820","1348236024"
"Amjhār","Amjhar","25.0641","84.5591","India","IN","IND","Bihār","","9820","1356386670"
"Nāgulapādu","Nagulapadu","16.0634","80.3395","India","IN","IND","Andhra Pradesh","","9820","1356015000"
"Castelletto sopra Ticino","Castelletto sopra Ticino","45.7167","8.6333","Italy","IT","ITA","Piedmont","","9820","1380975237"
"Mogoşoaia","Mogosoaia","44.5333","26.0000","Romania","RO","ROU","Ilfov","","9820","1642827284"
"San Vicente","San Vicente","-1.9082","-79.2486","Ecuador","EC","ECU","Bolívar","","9819","1218567919"
"Uniontown","Uniontown","39.8993","-79.7246","United States","US","USA","Pennsylvania","","9819","1840000671"
"Chavusy","Chavusy","53.8075","30.9714","Belarus","BY","BLR","Mahilyowskaya Voblasts’","minor","9817","1112357951"
"Píllaro","Pillaro","-1.1667","-78.5333","Ecuador","EC","ECU","Tungurahua","","9816","1218633386"
"Indūrti","Indurti","18.2233","79.1355","India","IN","IND","Andhra Pradesh","","9816","1356073625"
"Morrovalle","Morrovalle","43.3146","13.5806","Italy","IT","ITA","Marche","","9816","1380099676"
"Nong Wua So","Nong Wua So","17.1626","102.5727","Thailand","TH","THA","Udon Thani","minor","9816","1764122140"
"Matadepera","Matadepera","41.6036","2.0244","Spain","ES","ESP","Catalonia","","9815","1724902635"
"Caldicot","Caldicot","51.5910","-2.7492","United Kingdom","GB","GBR","Monmouthshire","","9815","1826366288"
"Gorha","Gorha","26.2267","86.9349","India","IN","IND","Bihār","","9815","1356053028"
"Oulad ’Azzouz","Oulad 'Azzouz","32.7030","-6.7660","Morocco","MA","MAR","Béni Mellal-Khénifra","","9815","1504559202"
"Tsarevo","Tsarevo","42.1669","27.8500","Bulgaria","BG","BGR","Burgas","","9813","1100848106"
"Serafimovskiy","Serafimovskiy","54.4167","53.7833","Russia","RU","RUS","Bashkortostan","","9813","1643861038"
"Capitola","Capitola","36.9773","-121.9537","United States","US","USA","California","","9813","1840018959"
"General Alvear","General Alvear","-36.0333","-60.0167","Argentina","AR","ARG","Buenos Aires","minor","9812","1032075005"
"Socotá","Socota","6.0500","-72.6333","Colombia","CO","COL","Boyacá","minor","9812","1170884046"
"Selfoss","Selfoss","63.9333","-21.0000","Iceland","IS","ISL","Sveitarfélagið Árborg","","9812","1352214400"
"DeRidder","DeRidder","30.8468","-93.2931","United States","US","USA","Louisiana","","9812","1840015013"
"Apiúna","Apiuna","-27.0358","-49.3900","Brazil","BR","BRA","Santa Catarina","minor","9811","1076920853"
"San Juan del Puerto","San Juan del Puerto","37.3167","-6.8333","Spain","ES","ESP","Andalusia","","9811","1724625645"
"Chuhal","Chuhal","31.5950","75.9684","India","IN","IND","Punjab","","9811","1356942609"
"Bauska","Bauska","56.4067","24.1875","Latvia","LV","LVA","Bauska","admin","9811","1428015452"
"Kouarfa","Kouarfa","10.4833","1.5167","Benin","BJ","BEN","Atacora","","9809","1204521211"
"Kostrzyń","Kostrzyn","52.3942","17.2222","Poland","PL","POL","Wielkopolskie","","9809","1616197568"
"Santa Bárbara","Santa Barbara","9.6000","-63.6000","Venezuela","VE","VEN","Monagas","minor","9809","1862125040"
"Frouzins","Frouzins","43.5172","1.3256","France","FR","FRA","Occitanie","","9808","1250825720"
"Aurāhi","Aurahi","26.0355","86.7467","India","IN","IND","Bihār","","9808","1356259978"
"Basāpatna","Basapatna","15.4302","76.4869","India","IN","IND","Karnātaka","","9808","1356001903"
"Pasupatikovil","Pasupatikovil","10.8893","79.1795","India","IN","IND","Tamil Nādu","","9808","1356173632"
"Samabouro","Samabouro","12.8586","-5.5061","Mali","ML","MLI","Ségou","","9808","1466109035"
"Pechory","Pechory","57.8167","27.6167","Russia","RU","RUS","Pskovskaya Oblast’","minor","9808","1643575087"
"Sasaima","Sasaima","4.9650","-74.4347","Colombia","CO","COL","Cundinamarca","minor","9807","1170341139"
"Magstadt","Magstadt","48.7422","8.9650","Germany","DE","DEU","Baden-Württemberg","","9807","1276943465"
"Nūrpur","Nurpur","32.3000","75.9000","India","IN","IND","Himāchal Pradesh","","9807","1356076128"
"Kalas","Kalas","15.0981","75.4067","India","IN","IND","Karnātaka","","9807","1356171994"
"Jerissa","Jerissa","35.8500","8.6333","Tunisia","TN","TUN","Kef","","9807","1788448705"
"San Sebastián","San Sebastian","1.8439","-76.7717","Colombia","CO","COL","Cauca","minor","9806","1170001774"
"Vlist","Vlist","51.9867","4.7889","Netherlands","NL","NLD","Zuid-Holland","","9806","1528665852"
"Banino","Banino","54.3933","18.4083","Poland","PL","POL","Pomorskie","","9806","1616509986"
"London Colney","London Colney","51.7260","-0.3000","United Kingdom","GB","GBR","Hertfordshire","","9804","1826250958"
"Pālkot","Palkot","22.8748","84.6433","India","IN","IND","Jhārkhand","","9804","1356093714"
"San Vendemiano","San Vendemiano","45.8914","12.3389","Italy","IT","ITA","Veneto","","9804","1380606267"
"Grey Highlands","Grey Highlands","44.3333","-80.5000","Canada","CA","CAN","Ontario","","9804","1124000119"
"Lorgues","Lorgues","43.4949","6.3612","France","FR","FRA","Provence-Alpes-Côte d’Azur","","9803","1250683494"
"Dumri","Dumri","25.7350","84.8762","India","IN","IND","Bihār","","9803","1356794728"
"Gangaur","Gangaur","26.5666","85.8821","India","IN","IND","Bihār","","9803","1356943915"
"Sorab","Sorab","14.3814","75.0918","India","IN","IND","Karnātaka","","9803","1356932920"
"Kinhālu","Kinhalu","15.4431","76.1397","India","IN","IND","Karnātaka","","9802","1356502789"
"Kalyānpur","Kalyanpur","26.4802","84.1789","India","IN","IND","Bihār","","9802","1356695468"
"Paravāda","Paravada","17.6283","83.0793","India","IN","IND","Andhra Pradesh","","9802","1356382983"
"Ban Mae Sam Laep","Ban Mae Sam Laep","17.9750","97.7392","Thailand","TH","THA","Mae Hong Son","","9802","1764091055"
"Belitsa","Belitsa","41.9500","23.5667","Bulgaria","BG","BGR","Blagoevgrad","","9801","1100462785"
"Bernay","Bernay","49.0900","0.6000","France","FR","FRA","Normandie","minor","9801","1250424419"
"Kīl Vālūr","Kil Valur","10.7659","79.7419","India","IN","IND","Tamil Nādu","","9801","1356091652"
"Keshwāri","Keshwari","24.1878","85.8411","India","IN","IND","Jhārkhand","","9801","1356254588"
"Bergambacht","Bergambacht","51.9328","4.7936","Netherlands","NL","NLD","Zuid-Holland","minor","9801","1528580595"
"Hönow","Honow","52.5483","13.6378","Germany","DE","DEU","Brandenburg","","9800","1276348577"
"Devikāpuram","Devikapuram","12.4744","79.3475","India","IN","IND","Tamil Nādu","","9800","1356422582"
"Mānushmuria","Manushmuria","22.2808","86.7386","India","IN","IND","Jhārkhand","","9800","1356026606"
"Djangoa","Djangoa","-13.7981","48.3365","Madagascar","MG","MDG","Antsiranana","","9800","1450339137"
"Olmos","Olmos","-5.9847","-79.7453","Peru","PE","PER","Lambayeque","","9800","1604825576"
"Drezdenko","Drezdenko","52.8333","15.8333","Poland","PL","POL","Lubuskie","","9800","1616180565"
"Rasht","Rasht","39.0167","70.3833","Tajikistan","TJ","TJK","Nohiyahoi Tobei Jumhurí","minor","9800","1762486281"
"Altlandsberg","Altlandsberg","52.5667","13.7331","Germany","DE","DEU","Brandenburg","","9799","1276344426"
"Mae O","Mae O","19.6500","99.8333","Thailand","TH","THA","Chiang Rai","","9799","1764995328"
"Portet-sur-Garonne","Portet-sur-Garonne","43.5231","1.4067","France","FR","FRA","Occitanie","","9798","1250647294"
"Thomaston","Thomaston","32.8907","-84.3272","United States","US","USA","Georgia","","9798","1840015776"
"Currumbin","Currumbin","-28.1575","153.4686","Australia","AU","AUS","Queensland","","9797","1036194178"
"Everswinkel","Everswinkel","51.9250","7.8478","Germany","DE","DEU","North Rhine-Westphalia","","9797","1276832374"
"Velpūru","Velpuru","16.1775","80.7425","India","IN","IND","Andhra Pradesh","","9796","1356294147"
"Imlil","Imlil","31.7567","-7.0106","Morocco","MA","MAR","Béni Mellal-Khénifra","","9796","1504125012"
"Pisac","Pisac","-13.4242","-71.8578","Peru","PE","PER","Cusco","","9796","1604788392"
"Sukhsena","Sukhsena","25.6881","87.1194","India","IN","IND","Bihār","","9795","1356158778"
"Boscotrecase","Boscotrecase","40.7833","14.4667","Italy","IT","ITA","Campania","","9795","1380959996"
"Reşadiye","Resadiye","40.3914","37.3383","Turkey","TR","TUR","Tokat","minor","9795","1792866366"
"Altmünster","Altmunster","47.9014","13.7514","Austria","AT","AUT","Oberösterreich","","9793","1040325018"
"Silvārpatti","Silvarpatti","10.4473","77.9086","India","IN","IND","Tamil Nādu","","9793","1356246139"
"Khathjari","Khathjari","24.7046","81.9891","India","IN","IND","Madhya Pradesh","","9793","1356555426"
"Santa Rosa","Santa Rosa","-29.1333","-49.7167","Brazil","BR","BRA","Santa Catarina","","9792","1076647733"
"Dangcheng","Dangcheng","39.5034","94.8879","China","CN","CHN","Gansu","","9792","1156309528"
"Dangchengwan","Dangchengwan","39.5161","94.8728","China","CN","CHN","Gansu","minor","9792","1156419087"
"Hawera","Hawera","-39.5890","174.2820","New Zealand","NZ","NZL","Taranaki","","9792","1554872573"
"Łobez","Lobez","53.6333","15.6167","Poland","PL","POL","Zachodniopomorskie","minor","9792","1616627277"
"Bukowno","Bukowno","50.2681","19.4631","Poland","PL","POL","Małopolskie","","9791","1616483621"
"Tarusa","Tarusa","54.7333","37.1833","Russia","RU","RUS","Kaluzhskaya Oblast’","minor","9791","1643162455"
"Veppattūr","Veppattur","11.0154","79.4344","India","IN","IND","Tamil Nādu","","9790","1356171527"
"Kominato","Kominato","40.9259","140.9559","Japan","JP","JPN","Aomori","","9790","1392942722"
"Pleasant Valley","Pleasant Valley","41.7697","-73.8049","United States","US","USA","New York","","9790","1840058409"
"Ézanville","Ezanville","49.0286","2.3617","France","FR","FRA","Île-de-France","","9789","1250436744"
"Trescore Balneario","Trescore Balneario","45.7000","9.8500","Italy","IT","ITA","Lombardy","","9788","1380130245"
"Bagnolo in Piano","Bagnolo in Piano","44.7644","10.6736","Italy","IT","ITA","Emilia-Romagna","","9788","1380848435"
"Aïne Draham","Aine Draham","36.7833","8.7000","Tunisia","TN","TUN","Jendouba","","9788","1788027300"
"Choppington","Choppington","55.1450","-1.6010","United Kingdom","GB","GBR","Northumberland","","9787","1826999025"
"Chak Thāt","Chak That","25.7347","86.0340","India","IN","IND","Bihār","","9787","1356871109"
"Bāg","Bag","22.3590","74.7905","India","IN","IND","Madhya Pradesh","","9787","1356915210"
"El Roble","El Roble","9.1000","-75.2000","Colombia","CO","COL","Sucre","minor","9786","1170150718"
"Köngen","Kongen","48.6819","9.3667","Germany","DE","DEU","Baden-Württemberg","","9786","1276029285"
"Cosne sur Loire","Cosne sur Loire","47.4122","2.9275","France","FR","FRA","Bourgogne-Franche-Comté","minor","9786","1250995203"
"Pasewalk","Pasewalk","53.5000","14.0000","Germany","DE","DEU","Mecklenburg-Western Pomerania","","9785","1276152058"
"Bockenem","Bockenem","52.0117","10.1319","Germany","DE","DEU","Lower Saxony","","9785","1276993037"
"Bamora","Bamora","24.0554","78.0893","India","IN","IND","Madhya Pradesh","","9785","1356480906"
"Valpovo","Valpovo","45.6500","18.4167","Croatia","HR","HRV","Osječko-Baranjska Županija","minor","9784","1191247784"
"Ghāriyah al Gharbīyah","Ghariyah al Gharbiyah","32.6869","36.2253","Syria","SY","SYR","Dar‘ā","","9784","1760612847"
"Tottington","Tottington","53.6130","-2.3390","United Kingdom","GB","GBR","Bury","","9783","1826671512"
"Kotli Ablu","Kotli Ablu","30.3504","74.7868","India","IN","IND","Punjab","","9783","1356070767"
"Gökçeada","Gokceada","40.1608","25.8444","Turkey","TR","TUR","Çanakkale","minor","9783","1792337209"
"Eagle Point","Eagle Point","42.4677","-122.8016","United States","US","USA","Oregon","","9783","1840018676"
"Jhitkahiyā","Jhitkahiya","26.7860","84.8858","India","IN","IND","Bihār","","9782","1356940760"
"Alagarai","Alagarai","10.9826","78.3891","India","IN","IND","Tamil Nādu","","9781","1356223718"
"Koini","Koini","26.4226","84.5147","India","IN","IND","Bihār","","9781","1356417149"
"Kiban","Kiban","13.5767","-7.3528","Mali","ML","MLI","Koulikoro","","9781","1466800750"
"Helston","Helston","50.1000","-5.2700","United Kingdom","GB","GBR","Cornwall","","9780","1826301318"
"Ronda Alta","Ronda Alta","-27.7669","-52.8019","Brazil","BR","BRA","Rio Grande do Sul","minor","9777","1076110124"
"Bourg-de-Péage","Bourg-de-Peage","45.0386","5.0508","France","FR","FRA","Auvergne-Rhône-Alpes","","9777","1250194846"
"Dodworth","Dodworth","53.5417","-1.5214","United Kingdom","GB","GBR","Barnsley","","9777","1826948211"
"Charne","Charne","26.1185","87.0754","India","IN","IND","Bihār","","9777","1356661444"
"Gangania","Gangania","25.2395","86.6536","India","IN","IND","Bihār","","9777","1356672685"
"Štúrovo","Sturovo","47.7992","18.7181","Slovakia","SK","SVK","Nitra","","9777","1703382552"
"Frankfort Square","Frankfort Square","41.5219","-87.8031","United States","US","USA","Illinois","","9777","1840029897"
"Nueva Toltén","Nueva Tolten","-39.1786","-73.1656","Chile","CL","CHL","Araucanía","","9776","1152563189"
"San Fernando","San Fernando","9.2797","-74.5339","Colombia","CO","COL","Bolívar","minor","9776","1170000616"
"San Fernando","San Fernando","9.2683","-74.5302","Colombia","CO","COL","Bolívar","","9776","1170368411"
"Saint-Lys","Saint-Lys","43.5150","1.1783","France","FR","FRA","Occitanie","","9776","1250561476"
"Bavānāt","Bavanat","30.4717","53.6261","Iran","IR","IRN","Fārs","","9776","1364321545"
"Alden","Alden","42.9114","-78.5211","United States","US","USA","New York","","9776","1840004394"
"Laubach","Laubach","50.5333","8.9900","Germany","DE","DEU","Hesse","","9775","1276831355"
"Muddanūru","Muddanuru","14.6667","78.4000","India","IN","IND","Andhra Pradesh","","9775","1356315811"
"Biei","Biei","43.5833","142.4667","Japan","JP","JPN","Hokkaidō","","9775","1392568507"
"Nallamadu","Nallamadu","16.8802","81.3549","India","IN","IND","Andhra Pradesh","","9774","1356005363"
"Rāmnagar Bankat","Ramnagar Bankat","26.7595","84.6122","India","IN","IND","Bihār","","9774","1356143200"
"Repatriación","Repatriacion","-25.5352","-55.9924","Paraguay","PY","PRY","Caaguazú","","9774","1600644492"
"Quilombo","Quilombo","-26.7258","-52.7208","Brazil","BR","BRA","Santa Catarina","minor","9773","1076105632"
"Oberstdorf","Oberstdorf","47.4167","10.2833","Germany","DE","DEU","Bavaria","","9773","1276143452"
"Jalālpur","Jalalpur","26.0433","84.5041","India","IN","IND","Bihār","","9773","1356153368"
"Semri","Semri","25.6246","85.7672","India","IN","IND","Bihār","","9773","1356581496"
"Derazhnia","Derazhnia","49.2667","27.4333","Ukraine","UA","UKR","Khmelnytska Oblast","","9772","1804230789"
"Oulunsalo","Oulunsalo","64.9333","25.4167","Finland","FI","FIN","Pohjois-Pohjanmaa","","9771","1246091710"
"Neshannock","Neshannock","41.0509","-80.3520","United States","US","USA","Pennsylvania","","9771","1840152742"
"Sedona","Sedona","34.8581","-111.7941","United States","US","USA","Arizona","","9770","1840021584"
"Xincun","Xincun","27.6718","103.8699","China","CN","CHN","Yunnan","minor","9769","1156709141"
"Immingham","Immingham","53.6139","-0.2183","United Kingdom","GB","GBR","North East Lincolnshire","","9769","1826538121"
"Manalūrpettai","Manalurpettai","12.0079","79.0918","India","IN","IND","Tamil Nādu","","9769","1356810810"
"Cittanova","Cittanova","38.3500","16.0833","Italy","IT","ITA","Calabria","","9769","1380916081"
"Farako","Farako","11.3583","-6.5797","Mali","ML","MLI","Sikasso","","9769","1466843486"
"Decatur","Decatur","40.8286","-84.9277","United States","US","USA","Indiana","","9769","1840007177"
"Urdorf","Urdorf","47.3867","8.4278","Switzerland","CH","CHE","Zürich","","9768","1756382154"
"Valsequillo de Gran Canaria","Valsequillo de Gran Canaria","28.0000","-15.4667","Spain","ES","ESP","Canary Islands","","9768","1724192728"
"Pakri","Pakri","25.5876","85.1580","India","IN","IND","Bihār","","9768","1356095543"
"Vālāntaravai","Valantaravai","9.3390","78.8871","India","IN","IND","Tamil Nādu","","9768","1356805252"
"Tesalia","Tesalia","2.4833","-75.7333","Colombia","CO","COL","Huila","minor","9767","1170389636"
"Zuyevka","Zuyevka","58.4000","51.1500","Russia","RU","RUS","Kirovskaya Oblast’","minor","9767","1643984570"
"Ii","Ii","65.3167","25.3667","Finland","FI","FIN","Pohjois-Pohjanmaa","minor","9766","1246489328"
"Vnukovo","Vnukovo","55.5997","37.2800","Russia","RU","RUS","Moskovskaya Oblast’","","9766","1643528688"
"Pepinster","Pepinster","50.5662","5.8038","Belgium","BE","BEL","Wallonia","","9765","1056265480"
"Buñol","Bunol","39.4194","-0.7906","Spain","ES","ESP","Valencia","","9765","1724376022"
"Rute","Rute","37.3167","-4.3667","Spain","ES","ESP","Andalusia","","9765","1724167634"
"Wölfersheim","Wolfersheim","50.3975","8.8114","Germany","DE","DEU","Hesse","","9764","1276879373"
"Karankot","Karankot","17.2866","77.5644","India","IN","IND","Andhra Pradesh","","9764","1356640136"
"Perket","Perket","18.7942","78.3068","India","IN","IND","Andhra Pradesh","","9764","1356618521"
"Sugbongkogon","Sugbongkogon","8.9500","124.7800","Philippines","PH","PHL","Misamis Oriental","","9764","1608060841"
"Puerto Tirol","Puerto Tirol","-27.3667","-59.0667","Argentina","AR","ARG","Chaco","minor","9763","1032979467"
"Zell am See","Zell am See","47.3167","12.8000","Austria","AT","AUT","Salzburg","minor","9762","1040352901"
"Montemarciano","Montemarciano","43.6399","13.3104","Italy","IT","ITA","Marche","","9762","1380357484"
"Worpswede","Worpswede","53.2222","8.9278","Germany","DE","DEU","Lower Saxony","","9761","1276953565"
"Mahīnāthpur","Mahinathpur","26.6554","86.0674","India","IN","IND","Bihār","","9761","1356035553"
"Barracão","Barracao","-26.2539","-53.6328","Brazil","BR","BRA","Paraná","minor","9759","1076190818"
"Aytré","Aytre","46.1347","-1.1133","France","FR","FRA","Nouvelle-Aquitaine","","9759","1250544423"
"Agatogba","Agatogba","6.4000","1.9000","Benin","BJ","BEN","Mono","","9758","1204332185"
"Wald","Wald","47.2753","8.9144","Switzerland","CH","CHE","Zürich","","9758","1756156476"
"Kanchanpur","Kanchanpur","24.6096","84.2361","India","IN","IND","Bihār","","9758","1356197058"
"Jaisinghnagar","Jaisinghnagar","23.6858","81.3909","India","IN","IND","Madhya Pradesh","","9758","1356232050"
"Kāttāgaram","Kattagaram","12.4110","78.3153","India","IN","IND","Tamil Nādu","","9758","1356744302"
"Madera Acres","Madera Acres","37.0123","-120.0799","United States","US","USA","California","","9758","1840028386"
"Pavlikeni","Pavlikeni","43.2375","25.3074","Bulgaria","BG","BGR","Veliko Tarnovo","","9757","1100655871"
"Figeac","Figeac","44.6086","2.0317","France","FR","FRA","Occitanie","minor","9757","1250962434"
"Great Billing","Great Billing","52.2577","-0.8222","United Kingdom","GB","GBR","Northamptonshire","","9757","1826085165"
"Salkhua","Salkhua","25.6677","86.6002","India","IN","IND","Bihār","","9757","1356763766"
"Gangūru","Ganguru","16.4750","80.7411","India","IN","IND","Andhra Pradesh","","9757","1356095742"
"Pobiedziska","Pobiedziska","52.4947","17.2672","Poland","PL","POL","Wielkopolskie","","9755","1616215352"
"Ncora","Ncora","-31.7938","27.7579","South Africa","ZA","ZAF","Eastern Cape","","9755","1710489656"
"Mahomet","Mahomet","40.1888","-88.3901","United States","US","USA","Illinois","","9755","1840012232"
"Dassel","Dassel","51.8033","9.6903","Germany","DE","DEU","Lower Saxony","","9754","1276866794"
"Erravaram","Erravaram","17.5458","82.8433","India","IN","IND","Andhra Pradesh","","9754","1356358551"
"Kolnūr","Kolnur","18.5095","79.4260","India","IN","IND","Andhra Pradesh","","9754","1356969014"
"Aramangalam","Aramangalam","11.5843","76.0001","India","IN","IND","Kerala","","9754","1356031127"
"Washington","Washington","35.5586","-77.0545","United States","US","USA","North Carolina","","9754","1840015401"
"Guaraciaba","Guaraciaba","-20.5708","-43.0078","Brazil","BR","BRA","Minas Gerais","minor","9753","1076680963"
"Xiba","Xiba","40.1645","98.7521","China","CN","CHN","Gansu","","9753","1156484870"
"Shepperton","Shepperton","51.3900","-0.4600","United Kingdom","GB","GBR","Surrey","","9753","1826632972"
"Fultondale","Fultondale","33.6174","-86.8014","United States","US","USA","Alabama","","9753","1840002481"
"Gorom-Gorom","Gorom-Gorom","14.4500","-0.2333","Burkina Faso","BF","BFA","Sahel","minor","9752","1854609702"
"Dhamsāin","Dhamsain","26.0938","86.2541","India","IN","IND","Bihār","","9752","1356042628"
"Mesetas","Mesetas","3.3781","-74.0447","Colombia","CO","COL","Meta","minor","9751","1170008691"
"Twist","Twist","52.6167","7.0333","Germany","DE","DEU","Lower Saxony","","9751","1276686407"
"Sant’Egidio alla Vibrata","Sant'Egidio alla Vibrata","42.8333","13.7167","Italy","IT","ITA","Abruzzo","","9751","1380419333"
"Fairview","Fairview","35.9815","-87.1291","United States","US","USA","Tennessee","","9751","1840013379"
"Sankt Johann in Tirol","Sankt Johann in Tirol","47.5225","12.4256","Austria","AT","AUT","Tirol","","9750","1040232004"
"Jagatpur","Jagatpur","26.3738","86.0509","India","IN","IND","Bihār","","9750","1356158599"
"Chegurumomadi","Chegurumomadi","18.2361","79.1974","India","IN","IND","Andhra Pradesh","","9750","1356510607"
"Grigiškės","Grigiskes","54.6694","25.0917","Lithuania","LT","LTU","Vilniaus Miestas","","9750","1440322258"
"Glencoe","Glencoe","-46.1920","168.6460","New Zealand","NZ","NZL","Southland","","9750","1554979133"
"Włoszczowa","Wloszczowa","50.8542","19.9669","Poland","PL","POL","Świętokrzyskie","minor","9750","1616505680"
"Sātulūru","Satuluru","16.2541","80.1214","India","IN","IND","Andhra Pradesh","","9749","1356993991"
"Shāhganj","Shahganj","22.8467","77.7980","India","IN","IND","Madhya Pradesh","","9749","1356353440"
"Maisenhausen","Maisenhausen","50.0167","9.0000","Germany","DE","DEU","Bavaria","","9748","1276399610"
"Ambinanintromby","Ambinanintromby","-21.6729","47.5240","Madagascar","MG","MDG","Fianarantsoa","","9748","1450658500"
"Ghabrah","Ghabrah","34.5371","40.9111","Syria","SY","SYR","Dayr az Zawr","","9748","1760187998"
"Dubliany","Dubliany","49.8961","24.0925","Ukraine","UA","UKR","Lvivska Oblast","","9748","1804803324"
"Keokuk","Keokuk","40.4095","-91.4031","United States","US","USA","Iowa","","9748","1840001036"
"Visselhövede","Visselhovede","52.9667","9.5833","Germany","DE","DEU","Lower Saxony","","9747","1276207705"
"Giesen","Giesen","52.2000","9.8833","Germany","DE","DEU","Lower Saxony","","9747","1276120261"
"Tsaramasoandro","Tsaramasoandro","-17.9606","47.2147","Madagascar","MG","MDG","Antananarivo","","9747","1450116713"
"Liesveld","Liesveld","51.9156","4.8456","Netherlands","NL","NLD","Zuid-Holland","","9746","1528417932"
"Mount Airy","Mount Airy","39.3742","-77.1534","United States","US","USA","Maryland","","9746","1840005703"
"Hacarí","Hacari","8.3167","-73.1500","Colombia","CO","COL","Norte de Santander","minor","9745","1170058977"
"La Farlède","La Farlede","43.1686","6.0436","France","FR","FRA","Provence-Alpes-Côte d’Azur","","9745","1250141356"
"Urlāha","Urlaha","25.7440","87.0929","India","IN","IND","Bihār","","9745","1356063015"
"Yamaguchi","Yamaguchi","33.1833","129.9500","Japan","JP","JPN","Saga","","9745","1392951629"
"Beiuş","Beius","46.6500","22.3500","Romania","RO","ROU","Bihor","","9745","1642734530"
"Puerto Nariño","Puerto Narino","-3.7733","-70.3819","Colombia","CO","COL","Amazonas","minor","9744","1170109460"
"Dulce Nombre de Jesús","Dulce Nombre de Jesus","10.0838","-83.9810","Costa Rica","CR","CRI","San José","","9744","1188000426"
"Undavalli","Undavalli","16.4957","80.5800","India","IN","IND","Andhra Pradesh","","9743","1356008070"
"Dhanwāda","Dhanwada","16.6500","77.6667","India","IN","IND","Andhra Pradesh","","9743","1356703437"
"Ħamrun","Hamrun","35.8861","14.4894","Malta","MT","MLT","Ħamrun","admin","9743","1470141385"
"Basavilbaso","Basavilbaso","-32.3667","-58.8833","Argentina","AR","ARG","Entre Ríos","","9742","1032605549"
"Andrainjato","Andrainjato","-21.4683","47.1153","Madagascar","MG","MDG","Fianarantsoa","","9742","1450000119"
"Fandrandava","Fandrandava","-21.5210","47.2440","Madagascar","MG","MDG","Fianarantsoa","","9742","1450327142"
"Khorol","Khorol","44.4289","132.0742","Russia","RU","RUS","Primorskiy Kray","minor","9742","1643989491"
"Ban Mae Chedi","Ban Mae Chedi","19.1833","99.5167","Thailand","TH","THA","Chiang Rai","","9742","1764605248"
"Sirdala","Sirdala","24.6559","85.4092","India","IN","IND","Bihār","","9741","1356357119"
"Hunasamaranhalli","Hunasamaranhalli","13.1435","77.6200","India","IN","IND","Karnātaka","","9741","1356150700"
"Ribeirão do Largo","Ribeirao do Largo","-15.4589","-40.7389","Brazil","BR","BRA","Bahia","minor","9740","1076696534"
"Ciudad Cuauhtémoc","Ciudad Cuauhtemoc","21.2833","-98.3667","Mexico","MX","MEX","Veracruz","minor","9740","1484666501"
"Morrisville","Morrisville","40.2074","-74.7800","United States","US","USA","Pennsylvania","","9740","1840001326"
"Cobham","Cobham","51.3290","-0.4090","United Kingdom","GB","GBR","Surrey","","9739","1826478182"
"Redentora","Redentora","-27.6639","-53.6378","Brazil","BR","BRA","Rio Grande do Sul","minor","9738","1076814918"
"Südlohn","Sudlohn","51.9436","6.8664","Germany","DE","DEU","North Rhine-Westphalia","","9738","1276001303"
"Raynes Park","Raynes Park","51.4033","-0.2321","United Kingdom","GB","GBR","Merton","","9738","1826000018"
"Chausa","Chausa","25.5149","83.8970","India","IN","IND","Bihār","","9738","1356021388"
"Murungattoluvu","Murungattoluvu","11.1651","77.6411","India","IN","IND","Tamil Nādu","","9738","1356164776"
"Vidor","Vidor","30.1291","-93.9967","United States","US","USA","Texas","","9738","1840022193"
"Tanaina","Tanaina","61.6576","-149.4263","United States","US","USA","Alaska","","9738","1840023662"
"Arden Hills","Arden Hills","45.0721","-93.1670","United States","US","USA","Minnesota","","9737","1840006752"
"Ghusiya","Ghusiya","25.1832","84.2486","India","IN","IND","Bihār","","9736","1356612578"
"Motīpur","Motipur","25.8159","86.0140","India","IN","IND","Bihār","","9736","1356349446"
"Birżebbuġa","Birzebbuga","35.8256","14.5281","Malta","MT","MLT","Birżebbuġa","admin","9736","1470830646"
"Novgorodskoye","Novgorodskoye","48.3319","37.8364","Ukraine","UA","UKR","Donetska Oblast","","9735","1804602556"
"Monett","Monett","36.9218","-93.9278","United States","US","USA","Missouri","","9734","1840008797"
"Semmarikulan","Semmarikulan","8.4815","77.9972","India","IN","IND","Tamil Nādu","","9733","1356215719"
"Quiculungo","Quiculungo","-8.5167","15.3167","Angola","AO","AGO","Cuanza-Norte","","9732","1024301079"
"Calca","Calca","-13.3230","-71.9560","Peru","PE","PER","Cusco","","9732","1604144884"
"Chadan","Chadan","51.2833","91.5833","Russia","RU","RUS","Tyva","","9732","1643075116"
"Tyukalinsk","Tyukalinsk","55.8667","72.2000","Russia","RU","RUS","Omskaya Oblast’","","9732","1643338887"
"Bou Nouh","Bou Nouh","36.5000","3.9333","Algeria","DZ","DZA","Tizi Ouzou","","9731","1012718665"
"Foix","Foix","42.9664","1.6078","France","FR","FRA","Occitanie","minor","9731","1250783682"
"Kaithinia","Kaithinia","26.2317","86.2817","India","IN","IND","Bihār","","9731","1356861595"
"Sidi Ahmed El Khadir","Sidi Ahmed El Khadir","32.5167","-7.3833","Morocco","MA","MAR","Casablanca-Settat","","9731","1504732408"
"Bom Jesus da Serra","Bom Jesus da Serra","-14.3719","-40.5039","Brazil","BR","BRA","Bahia","minor","9730","1076590196"
"Lágos","Lagos","41.0667","24.9833","Greece","GR","GRC","Anatolikí Makedonía kai Thráki","","9730","1300461284"
"Gambolò","Gambolo","45.2586","8.8647","Italy","IT","ITA","Lombardy","","9730","1380760813"
"Non Sung","Non Sung","15.1801","102.2569","Thailand","TH","THA","Nakhon Ratchasima","minor","9730","1764677081"
"Merville","Merville","50.6444","2.6411","France","FR","FRA","Hauts-de-France","","9729","1250352360"
"Moyogalpa","Moyogalpa","11.5333","-85.7000","Nicaragua","NI","NIC","Rivas","minor","9729","1558198586"
"Keansburg","Keansburg","40.4469","-74.1315","United States","US","USA","New Jersey","","9729","1840003690"
"Alto Piquiri","Alto Piquiri","-24.0278","-53.4408","Brazil","BR","BRA","Paraná","minor","9727","1076224592"
"Feyzin","Feyzin","45.6730","4.8590","France","FR","FRA","Auvergne-Rhône-Alpes","","9727","1250488339"
"Rangasamudram","Rangasamudram","13.7140","78.2645","India","IN","IND","Andhra Pradesh","","9727","1356087301"
"San Giorgio del Sannio","San Giorgio del Sannio","41.0667","14.8500","Italy","IT","ITA","Campania","","9727","1380560872"
"Hetane","Hetane","32.8403","-6.8025","Morocco","MA","MAR","Béni Mellal-Khénifra","","9727","1504001674"
"Middleton","Middleton","42.6043","-71.0164","United States","US","USA","Massachusetts","","9727","1840053534"
"San Pedro","San Pedro","-33.8944","-71.4558","Chile","CL","CHL","Región Metropolitana","","9726","1152749736"
"Shifnal","Shifnal","52.6650","-2.3730","United Kingdom","GB","GBR","Shropshire","","9725","1826323213"
"Kusumha","Kusumha","25.1859","85.9234","India","IN","IND","Bihār","","9725","1356358917"
"Hadiāya","Hadiaya","30.3413","75.5117","India","IN","IND","Punjab","","9725","1356571025"
"East St. Paul","East St. Paul","49.9772","-97.0103","Canada","CA","CAN","Manitoba","","9725","1124000695"
"Nova Floresta","Nova Floresta","-6.4550","-36.2028","Brazil","BR","BRA","Paraíba","minor","9724","1076323638"
"Sauk Village","Sauk Village","41.4906","-87.5706","United States","US","USA","Illinois","","9724","1840011290"
"Rāmpur","Rampur","25.8864","86.9547","India","IN","IND","Bihār","","9723","1356702357"
"Atlapadu","Atlapadu","16.8877","81.6772","India","IN","IND","Andhra Pradesh","","9723","1356405036"
"Grand-Couronne","Grand-Couronne","49.3583","1.0081","France","FR","FRA","Normandie","","9722","1250318831"
"Drăgăneşti-Olt","Draganesti-Olt","44.1697","24.5300","Romania","RO","ROU","Olt","","9721","1642857216"
"Chiang Klang","Chiang Klang","19.2938","100.8617","Thailand","TH","THA","Nan","minor","9721","1764084763"
"Seforong","Seforong","-30.1028","28.1864","Lesotho","LS","LSO","Quthing","","9720","1426821523"
"Karattuppālaiyam","Karattuppalaiyam","11.4402","77.3575","India","IN","IND","Tamil Nādu","","9719","1356163759"
"Elambalūr","Elambalur","11.2669","78.8816","India","IN","IND","Tamil Nādu","","9719","1356251515"
"Zāhed Shahr","Zahed Shahr","28.7461","53.8039","Iran","IR","IRN","Fārs","","9719","1364093059"
"Terralba","Terralba","39.7197","8.6363","Italy","IT","ITA","Sardegna","","9719","1380583782"
"Primavera","Primavera","-0.9428","-47.1158","Brazil","BR","BRA","Pará","minor","9718","1076377239"
"Oberhausen-Rheinhausen","Oberhausen-Rheinhausen","49.2606","8.4850","Germany","DE","DEU","Baden-Württemberg","","9718","1276286737"
"Sniatyn","Sniatyn","48.4500","25.5667","Ukraine","UA","UKR","Ivano-Frankivska Oblast","minor","9718","1804025263"
"Sandy Hook","Sandy Hook","41.4128","-73.2440","United States","US","USA","Connecticut","","9718","1840044711"
"Oudenburg","Oudenburg","51.1833","3.0000","Belgium","BE","BEL","Flanders","","9717","1056496818"
"Ledegem","Ledegem","50.8500","3.1167","Belgium","BE","BEL","Flanders","","9716","1056674773"
"Tayakou","Tayakou","10.5500","1.2000","Benin","BJ","BEN","Atacora","","9716","1204564962"
"Bareh","Bareh","26.6786","78.1887","India","IN","IND","Madhya Pradesh","","9716","1356951273"
"Kakkat","Kakkat","12.1998","75.2024","India","IN","IND","Kerala","","9716","1356054856"
"Tivim","Tivim","15.6000","73.8000","India","IN","IND","Goa","","9716","1356138796"
"Idanha-a-Nova","Idanha-a-Nova","39.9197","-7.2367","Portugal","PT","PRT","Castelo Branco","minor","9716","1620152186"
"Lisbon","Lisbon","44.0265","-70.0900","United States","US","USA","Maine","","9716","1840066320"
"Hartland","Hartland","43.1029","-88.3396","United States","US","USA","Wisconsin","","9716","1840003009"
"Beverly Hills","Beverly Hills","28.9176","-82.4542","United States","US","USA","Florida","","9716","1840014061"
"Moravská Třebová","Moravska Trebova","49.7581","16.6642","Czechia","CZ","CZE","Pardubický Kraj","","9715","1203455488"
"Mahuver","Mahuver","21.0081","72.8681","India","IN","IND","Gujarāt","","9715","1356010410"
"Aghbalou Aqourar","Aghbalou Aqourar","33.9341","-4.7381","Morocco","MA","MAR","Fès-Meknès","","9715","1504995287"
"Carnaubais","Carnaubais","-5.3408","-36.8328","Brazil","BR","BRA","Rio Grande do Norte","minor","9714","1076068941"
"Mikhaylovsk","Mikhaylovsk","56.4500","59.1333","Russia","RU","RUS","Sverdlovskaya Oblast’","","9714","1643402294"
"South Amboy","South Amboy","40.4852","-74.2831","United States","US","USA","New Jersey","","9714","1840001333"
"Tellār","Tellar","12.4011","79.5530","India","IN","IND","Tamil Nādu","","9713","1356127154"
"Panganiban","Panganiban","13.9000","124.3000","Philippines","PH","PHL","Catanduanes","","9713","1608983202"
"Portland","Portland","-38.3333","141.6000","Australia","AU","AUS","Victoria","","9712","1036439594"
"Estavayer-le-Lac","Estavayer-le-Lac","46.8500","6.8472","Switzerland","CH","CHE","Fribourg","","9712","1756917471"
"Qahjāvarestān","Qahjavarestan","32.7044","51.8336","Iran","IR","IRN","Eşfahān","","9712","1364849715"
"Kem","Kem","64.9500","34.5833","Russia","RU","RUS","Kareliya","minor","9712","1643304829"
"New Square","New Square","41.1410","-74.0294","United States","US","USA","New York","","9712","1840004980"
"Wijnegem","Wijnegem","51.2272","4.5200","Belgium","BE","BEL","Flanders","","9711","1056561249"
"Rafelbuñol","Rafelbunol","39.5922","-0.3342","Spain","ES","ESP","Valencia","","9710","1724851676"
"Léguevin","Leguevin","43.5997","1.2339","France","FR","FRA","Occitanie","","9710","1250110389"
"Haraiyā","Haraiya","27.0900","85.0900","India","IN","IND","Bihār","","9710","1356659915"
"Aqadyr","Aqadyr","48.2749","72.8599","Kazakhstan","KZ","KAZ","Qaraghandy","","9710","1398472084"
"Haraiyā","Haraiya","27.0900","85.0900","Nepal","NP","NPL","","","9710","1524137444"
"Ayvacık","Ayvacik","39.6011","26.4047","Turkey","TR","TUR","Çanakkale","minor","9710","1792135489"
"Kottampatti","Kottampatti","10.6705","77.0194","India","IN","IND","Tamil Nādu","","9709","1356170390"
"Sundarapāndiyam","Sundarapandiyam","9.6127","77.6738","India","IN","IND","Tamil Nādu","","9709","1356218421"
