"Nieuw-Lekkerland","Nieuw-Lekkerland","51.8833","4.6833","Netherlands","NL","NLD","Zuid-Holland","","9541","1528878794"
"El Cacao","El Cacao","18.5200","-70.3000","Dominican Republic","DO","DOM","Valdesia","","9540","1214839567"
"Lescar","Lescar","43.3336","-0.4347","France","FR","FRA","Nouvelle-Aquitaine","","9540","1250321086"
"Qorveh","Qorveh","35.3089","49.1011","Iran","IR","IRN","Hamadān","","9540","1364833615"
"Mīnākshipuram","Minakshipuram","9.9908","77.3709","India","IN","IND","Tamil Nādu","","9539","1356241688"
"Kanhai","Kanhai","25.9761","86.2898","India","IN","IND","Bihār","","9539","1356260723"
"Udburu","Udburu","23.0333","85.3667","India","IN","IND","Jhārkhand","","9539","1356183257"
"Capitán Mauricio José Troche","Capitan Mauricio Jose Troche","-25.6189","-56.2769","Paraguay","PY","PRY","Guairá","","9539","1600161114"
"Esopus","Esopus","41.8425","-73.9936","United States","US","USA","New York","","9539","1840058084"
"Listowel","Listowel","43.7351","-80.9533","Canada","CA","CAN","Ontario","","9539","1124679629"
"Kakamas","Kakamas","-28.8000","20.6500","South Africa","ZA","ZAF","Northern Cape","","9538","1710730130"
"Sebnitz","Sebnitz","50.9667","14.2833","Germany","DE","DEU","Saxony","","9537","1276466123"
"Khundāwandpur","Khundawandpur","25.6689","86.0363","India","IN","IND","Bihār","","9537","1356129700"
"Volterra","Volterra","43.4000","10.8667","Italy","IT","ITA","Tuscany","","9537","1380640362"
"Māmā Khēl","Mama Khel","34.2500","70.0100","Afghanistan","AF","AFG","Nangarhār","minor","9536","1004178793"
"Padul","Padul","37.0244","-3.6267","Spain","ES","ESP","Andalusia","","9536","1724383099"
"Newburn","Newburn","54.9830","-1.7430","United Kingdom","GB","GBR","Gateshead","","9536","1826270642"
"Navani","Navani","11.3709","78.1380","India","IN","IND","Tamil Nādu","","9535","1356241227"
"Ekhari","Ekhari","26.5246","86.3071","India","IN","IND","Bihār","","9535","1356203834"
"Khāspur","Khaspur","25.6466","84.9936","India","IN","IND","Bihār","","9535","1356846338"
"Mechanicsburg","Mechanicsburg","40.2115","-77.0060","United States","US","USA","Pennsylvania","","9535","1840001388"
"Maravilha","Maravilha","-9.2358","-37.3500","Brazil","BR","BRA","Alagoas","minor","9534","1076641597"
"Saint-Jean-le-Blanc","Saint-Jean-le-Blanc","47.8928","1.9183","France","FR","FRA","Centre-Val de Loire","","9534","1250437162"
"Rombas","Rombas","49.2503","6.0950","France","FR","FRA","Grand Est","","9534","1250716486"
"Jalkaura","Jalkaura","25.5034","86.3671","India","IN","IND","Bihār","","9534","1356999738"
"Piedras Blancas","Piedras Blancas","43.5600","-5.9760","Spain","ES","ESP","Asturias","","9533","1724519867"
"Cervera","Cervera","41.6656","1.2714","Spain","ES","ESP","Catalonia","","9533","1724947654"
"Barskoon","Barskoon","42.1579","77.6036","Kyrgyzstan","KG","KGZ","Ysyk-Köl","","9533","1417800599"
"Chanal","Chanal","16.6489","-92.2214","Mexico","MX","MEX","Chiapas","minor","9533","1484260225"
"Ban Phan Chali","Ban Phan Chali","16.6300","100.4800","Thailand","TH","THA","Phitsanulok","","9533","1764623789"
"Helena Valley Southeast","Helena Valley Southeast","46.6219","-111.8973","United States","US","USA","Montana","","9533","1840074075"
"South Abington","South Abington","41.4900","-75.6891","United States","US","USA","Pennsylvania","","9533","1840146632"
"Kaikaram","Kaikaram","16.8120","81.3660","India","IN","IND","Andhra Pradesh","","9532","1356164040"
"Vatakemuri","Vatakemuri","10.4300","76.1200","India","IN","IND","Kerala","","9532","1356681531"
"Menzel Kamel","Menzel Kamel","35.6333","10.6667","Tunisia","TN","TUN","Monastir","","9532","1788923582"
"Jianshi","Jianshi","24.7053","121.2014","Taiwan","TW","TWN","Hsinchu","","9532","1158994660"
"Jinshui","Jinshui","24.5761","121.3081","Taiwan","TW","TWN","Hsinchu","","9532","1158329082"
"Rāmpur Rajwa","Rampur Rajwa","25.7057","86.1781","India","IN","IND","Bihār","","9531","1356443783"
"Crystal Beach","Crystal Beach","42.8661","-79.0624","Canada","CA","CAN","Ontario","","9531","1124189754"
"Pagqên","Pagqen","33.9686","99.9010","China","CN","CHN","Qinghai","minor","9530","1156663795"
"Pedra Badejo","Pedra Badejo","15.1375","-23.5333","Cabo Verde","CV","CPV","Santa Cruz","admin","9530","1132841923"
"Cuéllar","Cuellar","41.4009","-4.3136","Spain","ES","ESP","Castille-Leon","","9530","1724802615"
"Somvārpet","Somvarpet","12.5970","75.8496","India","IN","IND","Karnātaka","","9530","1356143374"
"Yamakita","Yamakita","35.3500","139.0667","Japan","JP","JPN","Kanagawa","","9530","1392889256"
"Tounfafi","Tounfafi","14.0464","5.9812","Niger","NE","NER","Tahoua","","9530","1562992849"
"Mallampalli","Mallampalli","18.1105","79.8494","India","IN","IND","Andhra Pradesh","","9529","1356385749"
"Falam","Falam","22.9136","93.6778","Burma","MM","MMR","Chin State","","9529","1104756468"
"Santa Rosa del Peñón","Santa Rosa del Penon","12.8000","-86.3667","Nicaragua","NI","NIC","León","minor","9529","1558392157"
"Dombasle-sur-Meurthe","Dombasle-sur-Meurthe","48.6256","6.3506","France","FR","FRA","Grand Est","","9528","1250827581"
"Dar Si Aissa","Dar Si Aissa","32.4199","-8.9080","Morocco","MA","MAR","Marrakech-Safi","","9528","1504931442"
"Barwādih","Barwadih","23.8478","84.1105","India","IN","IND","Jhārkhand","","9527","1356067316"
"Madhopur","Madhopur","26.7369","85.0625","India","IN","IND","Bihār","","9527","1356036494"
"Castel Bolognese","Castel Bolognese","44.3167","11.8000","Italy","IT","ITA","Emilia-Romagna","","9527","1380286347"
"Grinnell","Grinnell","41.7359","-92.7244","United States","US","USA","Iowa","","9527","1840000531"
"Santa María","Santa Maria","-31.2611","-64.4639","Argentina","AR","ARG","Córdoba","","9526","1032132957"
"Arques","Arques","50.7361","2.3033","France","FR","FRA","Hauts-de-France","","9526","1250707175"
"Kourimat","Kourimat","31.4500","-9.3167","Morocco","MA","MAR","Marrakech-Safi","","9526","1504079071"
"Ankadimanga","Ankadimanga","-18.9856","47.7568","Madagascar","MG","MDG","Antananarivo","","9526","1450905081"
"Raun","Raun","26.3431","78.9443","India","IN","IND","Madhya Pradesh","","9525","1356330202"
"Środa Śląska","Sroda Slaska","51.1500","16.5833","Poland","PL","POL","Dolnośląskie","minor","9525","1616482692"
"La Reina","La Reina","14.1833","-89.1500","El Salvador","SV","SLV","Chalatenango","","9525","1222331926"
"Itasca","Itasca","41.9772","-88.0183","United States","US","USA","Illinois","","9525","1840011400"
"Belmont","Belmont","39.0622","-77.4985","United States","US","USA","Virginia","","9525","1840024496"
"Vallet","Vallet","47.1622","-1.2656","France","FR","FRA","Pays de la Loire","","9524","1250544633"
"Cuorgnè","Cuorgne","45.3897","7.6498","Italy","IT","ITA","Piedmont","","9524","1380069740"
"Ivins","Ivins","37.1742","-113.6809","United States","US","USA","Utah","","9524","1840018937"
"Atāri","Atari","31.6008","74.6056","India","IN","IND","Punjab","","9523","1356684445"
"Tadworth","Tadworth","51.2940","-0.2420","United Kingdom","GB","GBR","Surrey","","9522","1826571557"
"Burayevo","Burayevo","55.8397","55.4044","Russia","RU","RUS","Bashkortostan","minor","9522","1643852683"
"Byarozawka","Byarozawka","53.7167","25.5000","Belarus","BY","BLR","Hrodzyenskaya Voblasts’","","9521","1112003239"
"Mānbāzār","Manbazar","23.0615","86.6642","India","IN","IND","West Bengal","","9521","1356784403"
"Valaiyāmpattu","Valaiyampattu","12.6927","78.6347","India","IN","IND","Tamil Nādu","","9521","1356024243"
"Pahārpur","Paharpur","25.7225","86.6203","India","IN","IND","Bihār","","9521","1356095926"
"Girard","Girard","41.1665","-80.6963","United States","US","USA","Ohio","","9521","1840008239"
"Countryside","Countryside","39.0518","-77.4124","United States","US","USA","Virginia","","9521","1840024500"
"Fársala","Farsala","39.3000","22.3833","Greece","GR","GRC","Thessalía","minor","9520","1300870783"
"Pryor Creek","Pryor Creek","36.2996","-95.3107","United States","US","USA","Oklahoma","","9520","1840037410"
"Águia Branca","Aguia Branca","-18.9828","-40.7400","Brazil","BR","BRA","Espírito Santo","minor","9519","1076311208"
"Bad Gandersheim","Bad Gandersheim","51.8719","10.0253","Germany","DE","DEU","Lower Saxony","","9519","1276778177"
"Llantwit Major","Llantwit Major","51.4062","-3.4750","United Kingdom","GB","GBR","Vale of Glamorgan, The","","9519","1826528530"
"Nikel","Nikel","69.4139","30.2319","Russia","RU","RUS","Murmanskaya Oblast’","minor","9519","1643124017"
"Runkel","Runkel","50.4053","8.1550","Germany","DE","DEU","Hesse","","9518","1276349515"
"Madhura","Madhura","25.5418","87.5267","India","IN","IND","Bihār","","9518","1356057650"
"Shevington","Shevington","53.5720","-2.6900","United Kingdom","GB","GBR","Wigan","","9517","1826958487"
"Tlahualilo de Zaragoza","Tlahualilo de Zaragoza","26.1083","-103.4431","Mexico","MX","MEX","Durango","minor","9517","1484368402"
"Basco","Basco","20.4500","121.9700","Philippines","PH","PHL","Batanes","admin","9517","1608620601"
"Oil City","Oil City","41.4281","-79.7036","United States","US","USA","Pennsylvania","","9517","1840003426"
"Smiths Falls","Smiths Falls","44.9000","-76.0167","Canada","CA","CAN","Ontario","","9517","1124233827"
"Castelfranco di Sopra","Castelfranco di Sopra","43.6236","11.5583","Italy","IT","ITA","Tuscany","","9516","1380601175"
"St. Anthony","St. Anthony","45.0278","-93.2174","United States","US","USA","Minnesota","","9516","1840008933"
"Janāpul","Janapul","22.8615","88.6868","India","IN","IND","West Bengal","","9515","1356020133"
"Seybaplaya","Seybaplaya","19.6394","-90.6883","Mexico","MX","MEX","Campeche","","9515","1484152587"
"Sztum","Sztum","53.9217","19.0336","Poland","PL","POL","Pomorskie","minor","9515","1616277062"
"Ādivāla","Adivala","13.9131","76.6619","India","IN","IND","Karnātaka","","9514","1356049786"
"Byureghavan","Byureghavan","40.3147","44.5936","Armenia","AM","ARM","Kotayk’","","9513","1051696950"
"Sendamangalam","Sendamangalam","11.7431","79.3790","India","IN","IND","Tamil Nādu","","9513","1356159117"
"Oulad Chbana","Oulad Chbana","33.0500","-7.3833","Morocco","MA","MAR","Casablanca-Settat","","9513","1504908719"
"Salcea","Salcea","47.6500","26.3700","Romania","RO","ROU","Suceava","","9513","1642120043"
"Amityville","Amityville","40.6696","-73.4156","United States","US","USA","New York","","9513","1840005140"
"Ban Nong Tong","Ban Nong Tong","18.6115","98.9466","Thailand","TH","THA","Chiang Mai","","9512","1764899658"
"Anaconda","Anaconda","46.0608","-113.0678","United States","US","USA","Montana","","9512","1840074775"
"Kalladai","Kalladai","10.7272","78.4634","India","IN","IND","Tamil Nādu","","9511","1356213371"
"Săbăoani","Sabaoani","47.0167","26.8500","Romania","RO","ROU","Neamţ","","9511","1642853233"
"Bluefield","Bluefield","37.2608","-81.2143","United States","US","USA","West Virginia","","9511","1840006401"
"Sikandarpur","Sikandarpur","25.3256","86.5051","India","IN","IND","Bihār","","9510","1356254239"
"Manchenahalli","Manchenahalli","13.5007","77.6035","India","IN","IND","Karnātaka","","9510","1356126825"
"Rāmpur Parhat","Rampur Parhat","25.5916","87.1622","India","IN","IND","Bihār","","9510","1356181732"
"Oosterwolde","Oosterwolde","52.9903","6.2914","Netherlands","NL","NLD","Fryslân","minor","9510","1528950290"
"Llagostera","Llagostera","41.8292","2.8933","Spain","ES","ESP","Catalonia","","9508","1724471622"
"Khagam","Khagam","27.3200","95.9000","India","IN","IND","","","9508","1356153688"
"Vəndam","Vandam","40.9460","47.9436","Azerbaijan","AZ","AZE","Qəbələ","","9507","1031489928"
"Trovagunta","Trovagunta","15.5509","80.0589","India","IN","IND","Andhra Pradesh","","9507","1356880800"
"Nittenau","Nittenau","49.2000","12.2667","Germany","DE","DEU","Bavaria","","9506","1276358281"
"Beauchamp","Beauchamp","49.0144","2.1906","France","FR","FRA","Île-de-France","","9506","1250835364"
"Vaprio d’Adda","Vaprio d'Adda","45.5767","9.5297","Italy","IT","ITA","Lombardy","","9506","1380992694"
"Bougou","Bougou","9.4333","1.6167","Benin","BJ","BEN","Donga","","9505","1204336645"
"Kujri","Kujri","26.2392","87.6366","India","IN","IND","Bihār","","9505","1356149801"
"Ānjukulippatti","Anjukulippatti","10.2444","78.0794","India","IN","IND","Tamil Nādu","","9505","1356225799"
"Tomah","Tomah","43.9879","-90.4999","United States","US","USA","Wisconsin","","9505","1840002566"
"Olivares","Olivares","37.4167","-6.1500","Spain","ES","ESP","Andalusia","","9504","1724113808"
"Garlasco","Garlasco","45.2000","8.9167","Italy","IT","ITA","Lombardy","","9504","1380573289"
"Coamo","Coamo","18.0765","-66.3638","Puerto Rico","PR","PRI","Puerto Rico","","9504","1630035648"
"Wagner","Wagner","-12.2869","-41.1678","Brazil","BR","BRA","Bahia","minor","9503","1076156238"
"Dhāntola","Dhantola","26.2016","88.1095","India","IN","IND","West Bengal","","9503","1356003782"
"Arenápolis","Arenapolis","-14.4503","-56.8461","Brazil","BR","BRA","Mato Grosso","minor","9502","1076938959"
"Onverwacht","Onverwacht","-23.6850","27.6960","South Africa","ZA","ZAF","Limpopo","","9502","1710038673"
"Pleasant Grove","Pleasant Grove","33.4940","-86.9782","United States","US","USA","Alabama","","9502","1840014793"
"Lorraine","Lorraine","45.6833","-73.7833","Canada","CA","CAN","Quebec","","9502","1124001859"
"Sonsoro","Sonsoro","11.0875","2.7597","Benin","BJ","BEN","Alibori","","9501","1204182952"
"Bisignano","Bisignano","39.5073","16.2811","Italy","IT","ITA","Calabria","","9501","1380425072"
"Mūḩ Ḩasan","Muh Hasan","35.2335","40.3166","Syria","SY","SYR","Dayr az Zawr","minor","9501","1760986966"
"Jingjiazhuang","Jingjiazhuang","40.4703","116.0869","China","CN","CHN","Beijing","","9500","1156265367"
"Bāgor","Bagor","25.3575","74.3731","India","IN","IND","Rājasthān","","9500","1356553246"
"Nathāna","Nathana","30.3155","75.0931","India","IN","IND","Punjab","","9500","1356838340"
"Rānigaon","Ranigaon","27.1000","74.4167","India","IN","IND","Rājasthān","","9500","1356110125"
"Mangrāwān","Mangrawan","25.0929","84.3912","India","IN","IND","Bihār","","9500","1356315968"
"Ngaparou","Ngaparou","14.4642","-17.0562","Senegal","SN","SEN","Thiès","","9500","1686694843"
"Tambura","Tambura","5.6000","27.4667","South Sudan","SS","SSD","Western Equatoria","","9500","1728480135"
"Bulisa","Bulisa","2.1217","31.4156","Uganda","UG","UGA","Buliisa","admin","9500","1800842426"
"Clarksville","Clarksville","35.4570","-93.4803","United States","US","USA","Arkansas","","9500","1840014533"
"L’Isle-Jourdain","L'Isle-Jourdain","43.6144","1.0817","France","FR","FRA","Occitanie","","9499","1250347605"
"Habo","Habo","57.9066","14.0856","Sweden","SE","SWE","Jönköping","minor","9499","1752321919"
"Dagbé","Dagbe","6.5667","2.6833","Benin","BJ","BEN","Ouémé","","9498","1204590696"
"Muddāda","Muddada","18.2385","83.8687","India","IN","IND","Andhra Pradesh","","9497","1356236109"
"Gaada","Gaada","35.1594","-2.9892","Morocco","MA","MAR","Oriental","","9497","1504325635"
"Fochville","Fochville","-26.4833","27.4833","South Africa","ZA","ZAF","North West","","9497","1710135294"
"Saint-Barthélemy-d’Anjou","Saint-Barthelemy-d'Anjou","47.4680","-0.4930","France","FR","FRA","Pays de la Loire","","9496","1250748844"
"Szigetvár","Szigetvar","46.0475","17.7994","Hungary","HU","HUN","Baranya","minor","9496","1348527343"
"Ilāmi","Ilami","24.6776","87.8804","India","IN","IND","Jhārkhand","","9496","1356907870"
"Devmaudaldal","Devmaudaldal","24.6312","81.1594","India","IN","IND","Madhya Pradesh","","9496","1356070214"
"Əliabad","Aliabad","39.2286","45.3982","Azerbaijan","AZ","AZE","Naxçıvan","","9495","1031850856"
"Pedro Luro","Pedro Luro","-39.5000","-62.6833","Argentina","AR","ARG","Buenos Aires","","9494","1032549913"
"Bom Princípio","Bom Principio","-29.4889","-51.3528","Brazil","BR","BRA","Rio Grande do Sul","minor","9494","1076325363"
"Lüchow","Luchow","52.9667","11.1500","Germany","DE","DEU","Lower Saxony","minor","9494","1276197749"
"Sokotindji","Sokotindji","10.8528","3.4297","Benin","BJ","BEN","Alibori","","9493","1204682883"
"Tixter","Tixter","36.0500","5.0833","Algeria","DZ","DZA","Bordj Bou Arréridj","","9493","1012350440"
"Bāghduma","Baghduma","24.8223","87.0116","India","IN","IND","Bihār","","9493","1356895977"
"Kaithwār","Kaithwar","26.1678","86.2575","India","IN","IND","Bihār","","9492","1356111306"
"Valtoha","Valtoha","31.2074","74.6423","India","IN","IND","Punjab","","9492","1356314548"
"Kanchanadit","Kanchanadit","9.1661","99.4701","Thailand","TH","THA","Surat Thani","minor","9492","1764472524"
"Quincy-sous-Sénart","Quincy-sous-Senart","48.6714","2.5407","France","FR","FRA","Île-de-France","","9491","1250864916"
"Miastko","Miastko","54.0167","16.9833","Poland","PL","POL","Pomorskie","","9491","1616803904"
"Saltsjöbaden","Saltsjobaden","59.2833","18.3000","Sweden","SE","SWE","Stockholm","","9491","1752396058"
"Madhuban Bediban","Madhuban Bediban","26.5062","84.9951","India","IN","IND","Bihār","","9490","1356297417"
"Karath","Karath","25.2010","84.3672","India","IN","IND","Bihār","","9489","1356114380"
"Mehdīpur","Mehdipur","25.3902","86.7324","India","IN","IND","Bihār","","9489","1356257787"
"Pokrovske","Pokrovske","47.9825","36.2339","Ukraine","UA","UKR","Dnipropetrovska Oblast","","9489","1804930095"
"Springs","Springs","41.0212","-72.1584","United States","US","USA","New York","","9489","1840005102"
"Richmond Heights","Richmond Heights","25.6347","-80.3721","United States","US","USA","Florida","","9489","1840014249"
"Åstorp","Astorp","56.1333","12.9500","Sweden","SE","SWE","Skåne","minor","9488","1752829425"
"Ramara","Ramara","44.6333","-79.2167","Canada","CA","CAN","Ontario","","9488","1124000641"
"Mentone","Mentone","34.0609","-117.1108","United States","US","USA","California","","9487","1840019109"
"Maizal","Maizal","19.6500","-71.0300","Dominican Republic","DO","DOM","Cibao Noroeste","","9486","1214473100"
"Nārāyanraopet","Narayanraopet","18.2114","78.7794","India","IN","IND","Andhra Pradesh","","9486","1356128419"
"Hesarghatta","Hesarghatta","13.1391","77.4783","India","IN","IND","Karnātaka","","9485","1356756215"
"Malaudh","Malaudh","30.6333","75.9356","India","IN","IND","Punjab","","9485","1356035420"
"Katigang","Katigang","25.4157","87.8245","India","IN","IND","West Bengal","","9484","1356850577"
"Nadimpālem","Nadimpalem","16.2123","80.3097","India","IN","IND","Andhra Pradesh","","9484","1356512446"
"Chevy Chase","Chevy Chase","38.9944","-77.0738","United States","US","USA","Maryland","","9484","1840031323"
"Florence","Florence","43.9916","-124.1063","United States","US","USA","Oregon","","9483","1840020008"
"Woodway","Woodway","31.4988","-97.2314","United States","US","USA","Texas","","9483","1840022142"
"Deh-e Shū","Deh-e Shu","30.4344","63.3183","Afghanistan","AF","AFG","Helmand","","9482","1004870289"
"Ekchāri","Ekchari","25.2093","87.2159","India","IN","IND","Bihār","","9482","1356587398"
"Virālimalai","Viralimalai","10.6023","78.5471","India","IN","IND","Tamil Nādu","","9482","1356973066"
"Parsons","Parsons","37.3405","-95.2958","United States","US","USA","Kansas","","9482","1840001712"
"Nova Veneza","Nova Veneza","-16.3708","-49.3228","Brazil","BR","BRA","Goiás","minor","9481","1076796114"
"Tamentit","Tamentit","27.7672","-0.2678","Algeria","DZ","DZA","Adrar","","9481","1012864393"
"Bures-sur-Yvette","Bures-sur-Yvette","48.6969","2.1639","France","FR","FRA","Île-de-France","","9481","1250501258"
"Eidson Road","Eidson Road","28.6677","-100.4788","United States","US","USA","Texas","","9481","1840037044"
"Solsona","Solsona","41.9978","1.5208","Spain","ES","ESP","Catalonia","","9480","1724790953"
"Tepperumālnallūr","Tepperumalnallur","10.9694","79.4254","India","IN","IND","Tamil Nādu","","9480","1356173030"
"Durgi","Durgi","16.4286","79.5406","India","IN","IND","Andhra Pradesh","","9480","1356099514"
"Terrace Heights","Terrace Heights","46.6045","-120.4393","United States","US","USA","Washington","","9480","1840018465"
"Oakwood","Oakwood","39.7202","-84.1734","United States","US","USA","Ohio","","9480","1840003785"
"Zwenkau","Zwenkau","51.2175","12.3242","Germany","DE","DEU","Saxony","","9479","1276888789"
"Elne","Elne","42.5997","2.9710","France","FR","FRA","Occitanie","","9479","1250848284"
"Corella","Corella","9.6800","123.9200","Philippines","PH","PHL","Bohol","minor","9479","1608691384"
"Periya Pattanam","Periya Pattanam","9.2726","78.9023","India","IN","IND","Mizoram","","9478","1356033061"
"Zhangping","Zhangping","37.5667","112.8667","China","CN","CHN","Shanxi","","9477","1156359646"
"Rochelle","Rochelle","41.9197","-89.0629","United States","US","USA","Illinois","","9477","1840009179"
"Ohrdruf","Ohrdruf","50.8281","10.7328","Germany","DE","DEU","Thuringia","","9476","1276929737"
"Gūdalūr","Gudalur","10.7830","78.4232","India","IN","IND","Tamil Nādu","","9476","1356219233"
"Bimun","Bimun","34.0588","74.7539","India","IN","IND","Jammu and Kashmīr","","9476","1356167264"
"Zawyat Sidi al Mekki","Zawyat Sidi al Mekki","33.2120","-7.7170","Morocco","MA","MAR","Casablanca-Settat","","9476","1504769333"
"Sabana Grande","Sabana Grande","18.0832","-66.9645","Puerto Rico","PR","PRI","Puerto Rico","","9476","1630023550"
"Palamós","Palamos","41.8500","3.1292","Spain","ES","ESP","Catalonia","","9475","1724685553"
"Molagavalli","Molagavalli","15.3567","77.3301","India","IN","IND","Andhra Pradesh","","9475","1356061605"
"Lugoff","Lugoff","34.2113","-80.6973","United States","US","USA","South Carolina","","9475","1840013597"
"Highfields","Highfields","-27.4633","151.9458","Australia","AU","AUS","Queensland","","9474","1036399510"
"Santa María Jacatepec","Santa Maria Jacatepec","17.8500","-96.2000","Mexico","MX","MEX","Oaxaca","minor","9474","1484347290"
"Kißlegg","Kisslegg","47.7900","9.8842","Germany","DE","DEU","Baden-Württemberg","","9473","1276219486"
"Berlin","Berlin","44.4869","-71.2599","United States","US","USA","New Hampshire","","9473","1840002100"
"Rain","Rain","48.6833","10.9167","Germany","DE","DEU","Bavaria","","9472","1276518985"
"Brierfield","Brierfield","53.8240","-2.2350","United Kingdom","GB","GBR","Lancashire","","9472","1826685441"
"Musāpur","Musapur","25.6821","85.7346","India","IN","IND","Bihār","","9472","1356635347"
"Malaimāchchampatti","Malaimachchampatti","10.9058","77.0050","India","IN","IND","Tamil Nādu","","9472","1356170212"
"Isrāna","Israna","29.2739","76.8461","India","IN","IND","Haryāna","","9472","1356216546"
"Sundarsi","Sundarsi","23.2688","76.4399","India","IN","IND","Madhya Pradesh","","9471","1356021338"
"Ban Krot","Ban Krot","14.3009","100.6002","Thailand","TH","THA","Phra Nakhon Si Ayutthaya","","9471","1764143463"
"Çekerek","Cekerek","40.0731","35.4947","Turkey","TR","TUR","Yozgat","minor","9471","1792189001"
"LaSalle","LaSalle","41.3589","-89.0737","United States","US","USA","Illinois","","9471","1840029891"
"Notre-Dame-des-Prairies","Notre-Dame-des-Prairies","46.0500","-73.4333","Canada","CA","CAN","Quebec","","9471","1124001393"
"New Mills","New Mills","53.3670","-2.0070","United Kingdom","GB","GBR","Derbyshire","","9470","1826456632"
"Anan’evo","Anan'evo","42.7364","77.6738","Kyrgyzstan","KG","KGZ","Ysyk-Köl","","9470","1417852557"
"Puszczykowo","Puszczykowo","52.2817","16.8542","Poland","PL","POL","Wielkopolskie","","9470","1616800720"
"The Village","The Village","35.5706","-97.5567","United States","US","USA","Oklahoma","","9470","1840021742"
"Elūrpatti","Elurpatti","11.0234","78.2844","India","IN","IND","Tamil Nādu","","9469","1356237496"
"Asahni","Asahni","26.0079","84.4799","India","IN","IND","Bihār","","9469","1356020119"
"Berkine","Berkine","33.7665","-3.8438","Morocco","MA","MAR","Oriental","","9469","1504644082"
"Marne","Marne","13.3284","75.0113","India","IN","IND","Karnātaka","","9467","1356788728"
"Alāwalpur","Alawalpur","31.4316","75.6561","India","IN","IND","Punjab","","9467","1356112709"
"Casca","Casca","-28.5608","-51.9778","Brazil","BR","BRA","Rio Grande do Sul","minor","9465","1076789569"
"Savenay","Savenay","47.3619","-1.9406","France","FR","FRA","Pays de la Loire","","9465","1250779421"
"Cherasco","Cherasco","44.6500","7.8667","Italy","IT","ITA","Piedmont","","9465","1380285683"
"Kobeliaky","Kobeliaky","49.1333","34.2000","Ukraine","UA","UKR","Poltavska Oblast","minor","9465","1804297105"
"Bull Mountain","Bull Mountain","45.4125","-122.8320","United States","US","USA","Oregon","","9465","1840040416"
"Leeds and the Thousand Islands","Leeds and the Thousand Islands","44.4500","-76.0800","Canada","CA","CAN","Ontario","","9465","1124000531"
"Uppūr","Uppur","13.3945","74.7657","India","IN","IND","Karnātaka","","9464","1356256486"
"Dényékoro","Denyekoro","12.3603","-6.7078","Mali","ML","MLI","Koulikoro","","9464","1466419644"
"Nehoiu","Nehoiu","45.3531","26.3050","Romania","RO","ROU","Buzău","","9464","1642541496"
"Rockcreek","Rockcreek","45.5526","-122.8760","United States","US","USA","Oregon","","9463","1840034833"
"Koufália","Koufalia","40.7783","22.5767","Greece","GR","GRC","Kentrikí Makedonía","minor","9462","1300114101"
"Halen","Halen","50.9481","5.1144","Belgium","BE","BEL","Flanders","","9461","1056456739"
"Quixabeira","Quixabeira","-11.4119","-40.1278","Brazil","BR","BRA","Bahia","minor","9461","1076003240"
"Wilkau-Haßlau","Wilkau-Hasslau","50.6667","12.5167","Germany","DE","DEU","Saxony","","9461","1276704667"
"Tonneins","Tonneins","44.3906","0.3092","France","FR","FRA","Nouvelle-Aquitaine","","9461","1250168219"
"Inole","Inole","17.8682","79.5545","India","IN","IND","Andhra Pradesh","","9461","1356119522"
"Brockton","Brockton","44.1667","-81.2167","Canada","CA","CAN","Ontario","","9461","1124000713"
"Cambira","Cambira","-23.5828","-51.5778","Brazil","BR","BRA","Paraná","minor","9460","1076338694"
"Costeşti","Costesti","44.6697","24.8800","Romania","RO","ROU","Argeş","","9460","1642679241"
"Syurte","Syurte","48.5038","22.2267","Ukraine","UA","UKR","Zakarpatska Oblast","","9460","1804433014"
"Perg","Perg","48.2503","14.6336","Austria","AT","AUT","Oberösterreich","minor","9459","1040523501"
"Bitton","Bitton","51.4248","-2.4600","United Kingdom","GB","GBR","South Gloucestershire","","9459","1826325950"
"Gangāpur","Gangapur","25.8565","86.9496","India","IN","IND","Bihār","","9459","1356301139"
"Oakbrook","Oakbrook","38.9996","-84.6797","United States","US","USA","Kentucky","","9459","1840030814"
"Arenys de Munt","Arenys de Munt","41.6100","2.5400","Spain","ES","ESP","Catalonia","","9458","1724256334"
"Legnaro","Legnaro","45.3456","11.9639","Italy","IT","ITA","Veneto","","9458","1380237634"
"Jacinto City","Jacinto City","29.7663","-95.2410","United States","US","USA","Texas","","9458","1840019619"
"Monmouth Junction","Monmouth Junction","40.3754","-74.5582","United States","US","USA","New Jersey","","9457","1840005415"
"Mareno di Piave","Mareno di Piave","45.8409","12.3520","Italy","IT","ITA","Veneto","","9455","1380116236"
"Halls","Halls","36.0817","-83.9344","United States","US","USA","Tennessee","","9455","1840153102"
"Borzna","Borzna","51.2531","32.4292","Ukraine","UA","UKR","Chernihivska Oblast","","9454","1804695729"
"Madeira","Madeira","39.1856","-84.3734","United States","US","USA","Ohio","","9454","1840001605"
"Gold","Gold","33.5874","74.1445","India","IN","IND","Jammu and Kashmīr","","9453","1356139561"
"Ban Sathan","Ban Sathan","18.2667","100.7167","Thailand","TH","THA","Nan","","9453","1764353853"
"Kerap","Kerap","24.8332","84.6140","India","IN","IND","Bihār","","9452","1356952946"
"Shahrak-e Ja‘farīyeh","Shahrak-e Ja`fariyeh","35.6617","50.9947","Iran","IR","IRN","Tehrān","","9452","1364186940"
"Dolianova","Dolianova","39.3785","9.1784","Italy","IT","ITA","Sardegna","","9451","1380728725"
"Beckett Ridge","Beckett Ridge","39.3448","-84.4380","United States","US","USA","Ohio","","9451","1840034377"
"Luçon","Lucon","46.4556","-1.1647","France","FR","FRA","Pays de la Loire","","9450","1250492396"
"West Manheim","West Manheim","39.7458","-76.9431","United States","US","USA","Pennsylvania","","9450","1840146058"
"Laurentian Valley","Laurentian Valley","45.7681","-77.2239","Canada","CA","CAN","Ontario","","9450","1124000736"
"Idumbāvanam","Idumbavanam","10.4224","79.6001","India","IN","IND","Tamil Nādu","","9449","1356173351"
"Nārsingi","Narsingi","17.3876","78.3570","India","IN","IND","Andhra Pradesh","","9449","1356012877"
"Bijeraghogarh","Bijeraghogarh","23.9955","80.6066","India","IN","IND","Madhya Pradesh","","9449","1356705903"
"Steger","Steger","41.4723","-87.6176","United States","US","USA","Illinois","","9449","1840011325"
"Nort-sur-Erdre","Nort-sur-Erdre","47.4403","-1.4972","France","FR","FRA","Pays de la Loire","","9448","1250578955"
"Khāwad","Khawad","23.5443","72.4432","India","IN","IND","Gujarāt","","9448","1356169677"
"Erikolam","Erikolam","12.1333","75.2833","India","IN","IND","Kerala","","9448","1356925757"
"Güney","Guney","38.1544","29.0678","Turkey","TR","TUR","Denizli","minor","9448","1792234084"
"Kadanādu","Kadanadu","11.4607","76.7182","India","IN","IND","Tamil Nādu","","9447","1356014940"
"Sidi Abdallah","Sidi Abdallah","32.5783","-7.8108","Morocco","MA","MAR","Marrakech-Safi","","9447","1504890231"
"Ćićevac","Cicevac","43.7167","21.4500","Serbia","RS","SRB","Ćićevac","admin","9446","1688834584"
"Negrine","Negrine","34.4833","7.5167","Algeria","DZ","DZA","Tébessa","","9445","1012491039"
"Kommūru","Kommuru","16.0650","80.3596","India","IN","IND","Andhra Pradesh","","9444","1356214076"
"Gonghaur","Gonghaur","26.4346","86.2160","India","IN","IND","Bihār","","9444","1356557260"
"Tissaf","Tissaf","33.4000","-3.5833","Morocco","MA","MAR","Fès-Meknès","","9444","1504419451"
"Dachengzicun","Dachengzicun","40.3919","117.1028","China","CN","CHN","Beijing","","9443","1156841959"
"Novi Banovci","Novi Banovci","44.9500","20.2833","Serbia","RS","SRB","","","9443","1688687724"
"Deruta","Deruta","42.9833","12.4167","Italy","IT","ITA","Umbria","","9442","1380405039"
"Wau","Wau","-7.3389","146.7167","Papua New Guinea","PG","PNG","Morobe","","9442","1598739902"
"Jisrayn","Jisrayn","33.5105","36.3887","Syria","SY","SYR","Rīf Dimashq","","9442","1760312917"
"Werneuchen","Werneuchen","52.6333","13.7333","Germany","DE","DEU","Brandenburg","","9441","1276171183"
"Raitar","Raitar","25.0577","85.5366","India","IN","IND","Bihār","","9441","1356068979"
"Tavarede","Tavarede","40.1664","-8.8444","Portugal","PT","PRT","Coimbra","","9441","1620503693"
"Bilenke","Bilenke","48.7664","37.6314","Ukraine","UA","UKR","Donetska Oblast","","9441","1804319022"
"Jantho","Jantho","5.3000","95.6333","Indonesia","ID","IDN","Aceh","","9440","1360164924"
"Monnickendam","Monnickendam","52.4667","5.0333","Netherlands","NL","NLD","Noord-Holland","minor","9440","1528187463"
"Rorschach","Rorschach","47.4786","9.4936","Switzerland","CH","CHE","Sankt Gallen","minor","9439","1756630924"
"Höhr-Grenzhausen","Hohr-Grenzhausen","50.4350","7.6711","Germany","DE","DEU","Rhineland-Palatinate","","9439","1276961599"
"Hailey","Hailey","43.5141","-114.3001","United States","US","USA","Idaho","","9439","1840020028"
"Tarmount","Tarmount","35.8167","4.2833","Algeria","DZ","DZA","M’sila","","9438","1012705797"
"Dhānga","Dhanga","26.4630","86.0452","India","IN","IND","Bihār","","9438","1356013044"
"Kankanālapalle","Kankanalapalle","15.9923","79.4848","India","IN","IND","Andhra Pradesh","","9438","1356869127"
"Fairfield","Fairfield","41.0064","-91.9667","United States","US","USA","Iowa","","9438","1840000887"
"Ashland","Ashland","39.8782","-75.0085","United States","US","USA","New Jersey","","9437","1840033467"
"Großhansdorf","Grosshansdorf","53.6667","10.2667","Germany","DE","DEU","Schleswig-Holstein","","9436","1276549511"
"Pipra","Pipra","26.3460","87.2916","India","IN","IND","Bihār","","9436","1356038332"
"Ilsenburg","Ilsenburg","51.8667","10.6833","Germany","DE","DEU","Saxony-Anhalt","","9435","1276193551"
"Assi-Ben Okba","Assi-Ben Okba","35.7294","-0.4658","Algeria","DZ","DZA","Oran","","9435","1012482137"
"Had Dra","Had Dra","31.5833","-9.5333","Morocco","MA","MAR","Marrakech-Safi","","9435","1504953934"
"Wasilla","Wasilla","61.5770","-149.4660","United States","US","USA","Alaska","","9435","1840023371"
"Villacañas","Villacanas","39.6333","-3.3333","Spain","ES","ESP","Castille-La Mancha","","9434","1724000261"
"Dānesfahān","Danesfahan","35.8117","49.7431","Iran","IR","IRN","Qazvīn","","9434","1364115128"
"Borovskoy","Borovskoy","53.7964","64.1894","Kazakhstan","KZ","KAZ","Qostanay","minor","9434","1398293067"
"Ban Bang Phlap","Ban Bang Phlap","13.9385","100.4528","Thailand","TH","THA","Nonthaburi","","9434","1764411697"
"Villa Cañás","Villa Canas","-34.0000","-61.6000","Argentina","AR","ARG","Santa Fe","","9433","1032652134"
"Wiener Neudorf","Wiener Neudorf","48.0833","16.3167","Austria","AT","AUT","Niederösterreich","","9433","1040799859"
"Banikane","Banikane","16.9494","-1.7481","Mali","ML","MLI","Tombouctou","","9433","1466052086"
"San Juanito de Escobedo","San Juanito de Escobedo","20.8000","-104.0000","Mexico","MX","MEX","Jalisco","minor","9433","1484130165"
"Chewara","Chewara","25.0756","85.9277","India","IN","IND","Bihār","","9432","1356441891"
"Mizhhiria","Mizhhiria","48.5286","23.5019","Ukraine","UA","UKR","Zakarpatska Oblast","minor","9432","1804490087"
"Teisendorf","Teisendorf","47.8500","12.8167","Germany","DE","DEU","Bavaria","","9431","1276609221"
"Newmarket","Newmarket","43.0691","-70.9516","United States","US","USA","New Hampshire","","9431","1840055265"
"Aidlingen","Aidlingen","48.6792","8.8969","Germany","DE","DEU","Baden-Württemberg","","9429","1276002867"
"Çeltik","Celtik","39.0244","31.7906","Turkey","TR","TUR","Konya","minor","9429","1792104083"
"Berezivka","Berezivka","47.2039","30.9128","Ukraine","UA","UKR","Odeska Oblast","minor","9428","1804490359"
"Harlākhi","Harlakhi","26.6353","85.9842","India","IN","IND","Bihār","","9427","1356150964"
"Rāsol","Rasol","20.6298","85.3126","India","IN","IND","Odisha","","9427","1356654550"
"Ghosrāwān","Ghosrawan","25.0910","85.5780","India","IN","IND","Bihār","","9427","1356492760"
"Saidoke","Saidoke","30.5267","75.2867","India","IN","IND","Punjab","","9427","1356877324"
"Sgamna","Sgamna","32.7342","-7.2025","Morocco","MA","MAR","Casablanca-Settat","","9427","1504088334"
"Huinca Renancó","Huinca Renanco","-34.8400","-64.3753","Argentina","AR","ARG","Córdoba","","9426","1032637133"
"Swanage","Swanage","50.6080","-1.9600","United Kingdom","GB","GBR","Dorset","","9426","1826896220"
"Medleri","Medleri","14.6667","75.7333","India","IN","IND","Karnātaka","","9426","1356007792"
"Abra Pampa","Abra Pampa","-22.7167","-65.7000","Argentina","AR","ARG","Jujuy","minor","9425","1032997640"
"Lerici","Lerici","44.0763","9.9111","Italy","IT","ITA","Liguria","","9425","1380014455"
"Ban San Pong","Ban San Pong","18.9424","98.9439","Thailand","TH","THA","Chiang Mai","","9425","1764920268"
"Khānpur Khairanti","Khanpur Khairanti","26.1456","84.3334","India","IN","IND","Bihār","","9424","1356963358"
"Bairiyā","Bairiya","26.3392","84.8236","India","IN","IND","Bihār","","9424","1356025009"
"Soubakaniédougou","Soubakaniedougou","10.4824","-5.0098","Burkina Faso","BF","BFA","Cascades","","9423","1854966202"
"Catral","Catral","38.1594","-0.8050","Spain","ES","ESP","Valencia","","9423","1724794374"
"Elūrupādu","Elurupadu","16.5167","81.3500","India","IN","IND","Andhra Pradesh","","9423","1356364562"
"Santa Monica","Santa Monica","10.0200","126.0380","Philippines","PH","PHL","Surigao del Norte","","9423","1608035680"
"Odobeşti","Odobesti","45.7667","27.0667","Romania","RO","ROU","Vrancea","","9423","1642659916"
"Åhus","Ahus","55.9167","14.2833","Sweden","SE","SWE","Skåne","","9423","1752365263"
"Hertzogville","Hertzogville","-28.1333","25.5000","South Africa","ZA","ZAF","Free State","","9423","1710261471"
"Carneirinho","Carneirinho","-19.6978","-50.6878","Brazil","BR","BRA","Minas Gerais","minor","9422","1076730351"
"Aurahi","Aurahi","25.8263","87.1365","India","IN","IND","Bihār","","9422","1356997980"
"Dibrāghani","Dibraghani","25.8261","87.0664","India","IN","IND","Bihār","","9422","1356094419"
"Vadakēthara","Vadakethara","10.6583","76.4667","India","IN","IND","Kerala","","9422","1356395242"
"Ghanīpur Bejha","Ghanipur Bejha","25.9281","85.5548","India","IN","IND","Bihār","","9422","1356094108"
"Osterburg","Osterburg","52.7833","11.7667","Germany","DE","DEU","Saxony-Anhalt","","9421","1276131088"
"Bray","Bray","51.5070","-0.7000","United Kingdom","GB","GBR","Windsor and Maidenhead","","9421","1826316863"
"Basni","Basni","25.4435","82.8291","India","IN","IND","Uttar Pradesh","","9421","1356508129"
"Alma","Alma","43.3799","-84.6556","United States","US","USA","Michigan","","9421","1840002879"
"Mono","Mono","44.0167","-80.0667","Canada","CA","CAN","Ontario","","9421","1124001904"
"Ipiranga do Piauí","Ipiranga do Piaui","-6.8278","-41.7408","Brazil","BR","BRA","Piauí","minor","9420","1076619598"
"Būdalūr","Budalur","10.7861","78.9864","India","IN","IND","Tamil Nādu","","9420","1356841405"
"Anjēhalli","Anjehalli","12.1395","77.9808","India","IN","IND","Tamil Nādu","","9420","1356853761"
"Naurhiya","Naurhiya","24.2069","82.5655","India","IN","IND","Madhya Pradesh","","9420","1356385624"
"Barrington","Barrington","43.2139","-71.0424","United States","US","USA","New Hampshire","","9420","1840018720"
"Andergrove","Andergrove","-21.0930","149.1855","Australia","AU","AUS","Queensland","","9419","1036907443"
"Braslaw","Braslaw","55.6391","27.0318","Belarus","BY","BLR","Vitsyebskaya Voblasts’","minor","9419","1112414592"
"Embrach","Embrach","47.5103","8.5933","Switzerland","CH","CHE","Zürich","","9419","1756762127"
"Sādiqpur Maraul","Sadiqpur Maraul","25.9966","85.5777","India","IN","IND","Bihār","","9418","1356773141"
"Bendarhalli","Bendarhalli","12.1500","77.1000","India","IN","IND","Karnātaka","","9418","1356420834"
"Simarbani","Simarbani","26.1953","87.1769","India","IN","IND","Bihār","","9418","1356741888"
"Sivamalai","Sivamalai","11.0319","77.5384","India","IN","IND","Tamil Nādu","","9418","1356164580"
"Estrêla d’Oeste","Estrela d'Oeste","-20.2878","-50.4008","Brazil","BR","BRA","São Paulo","minor","9417","1076949391"
"Jawāsa","Jawasa","26.6259","78.7418","India","IN","IND","Madhya Pradesh","","9416","1356986879"
"Bobil","Bobil","25.6269","86.8069","India","IN","IND","Bihār","","9416","1356867658"
"San Francisco Libre","San Francisco Libre","12.5000","-86.3000","Nicaragua","NI","NIC","Managua","minor","9416","1558719164"
"An Châu","An Chau","21.3333","106.8500","Vietnam","VN","VNM","Bắc Giang","minor","9416","1704328955"
"Sarpamāri","Sarpamari","26.3073","89.8666","India","IN","IND","Assam","","9415","1356111665"
"Nirna","Nirna","17.7700","77.1400","India","IN","IND","Karnātaka","","9415","1356783830"
"Barga","Barga","44.0750","10.4817","Italy","IT","ITA","Tuscany","","9415","1380703342"
"Chaplynka","Chaplynka","46.3644","33.5331","Ukraine","UA","UKR","Khersonska Oblast","minor","9415","1804411904"
"Mezőberény","Mezobereny","46.8256","21.0289","Hungary","HU","HUN","Békés","","9414","1348124079"
"Iāwar","Iawar","23.0094","76.5007","India","IN","IND","Madhya Pradesh","","9414","1356135573"
"Kharī","Khari","33.3890","75.1514","India","IN","IND","Jammu and Kashmīr","","9414","1356026883"
"Cavriglia","Cavriglia","43.5216","11.4864","Italy","IT","ITA","Tuscany","","9414","1380422020"
"Bystrzyca Kłodzka","Bystrzyca Klodzka","50.3000","16.6500","Poland","PL","POL","Dolnośląskie","","9414","1616639168"
"Charter Oak","Charter Oak","34.1025","-117.8564","United States","US","USA","California","","9414","1840017919"
"Mokrisset","Mokrisset","34.9100","-5.3536","Morocco","MA","MAR","Tanger-Tétouan-Al Hoceïma","","9413","1504941621"
"Carqueiranne","Carqueiranne","43.0958","6.0742","France","FR","FRA","Provence-Alpes-Côte d’Azur","","9412","1250664228"
"Muhammadganj","Muhammadganj","26.1506","87.0792","India","IN","IND","Bihār","","9412","1356077001"
"Kasba Tanora","Kasba Tanora","32.4751","-6.1498","Morocco","MA","MAR","Béni Mellal-Khénifra","","9412","1504367360"
"Halachó","Halacho","20.4764","-90.0819","Mexico","MX","MEX","Yucatán","minor","9412","1484161200"
"Ngọc Sơn","Ngoc Son","21.3500","106.0000","Vietnam","VN","VNM","Bắc Giang","","9412","1704988443"
"Sa Pa","Sa Pa","22.3356","103.8419","Vietnam","VN","VNM","Lào Cai","minor","9412","1704426002"
"Dharir","Dharir","22.3958","88.8628","India","IN","IND","West Bengal","","9411","1356121393"
"Tha Maka","Tha Maka","13.8865","99.8010","Thailand","TH","THA","Kanchanaburi","minor","9411","1764775732"
"Dunblane","Dunblane","56.1883","-3.9642","United Kingdom","GB","GBR","Stirling","","9410","1826445077"
"Kallayi","Kallayi","12.0051","75.5830","India","IN","IND","Kerala","","9410","1356069887"
"Mohanpur","Mohanpur","25.5507","85.3222","India","IN","IND","Bihār","","9410","1356777413"
"Yaxley","Yaxley","52.5200","-0.2600","United Kingdom","GB","GBR","Cambridgeshire","","9409","1826156250"
"St. Stephens","St. Stephens","35.7642","-81.2746","United States","US","USA","North Carolina","","9409","1840033023"
"Benbutucun","Benbutucun","42.0253","86.7034","China","CN","CHN","Xinjiang","","9408","1156431293"
"San Giovanni in Marignano","San Giovanni in Marignano","43.9393","12.7137","Italy","IT","ITA","Emilia-Romagna","","9408","1380499308"
"Gümüşova","Gumusova","40.8500","30.9333","Turkey","TR","TUR","Düzce","minor","9408","1792761137"
"Bastrop","Bastrop","32.7748","-91.9078","United States","US","USA","Louisiana","","9408","1840013793"
"Anísio de Abreu","Anisio de Abreu","-9.1889","-43.0458","Brazil","BR","BRA","Piauí","minor","9407","1076098947"
"Obernkirchen","Obernkirchen","52.2664","9.1178","Germany","DE","DEU","Lower Saxony","","9407","1276033571"
"Kovilpatti","Kovilpatti","10.0283","77.5809","India","IN","IND","Tamil Nādu","","9407","1356226934"
"Siano","Siano","40.8025","14.6944","Italy","IT","ITA","Campania","","9407","1380722708"
"Bellinzago Novarese","Bellinzago Novarese","45.5507","8.6498","Italy","IT","ITA","Piedmont","","9407","1380568488"
"Southside","Southside","33.9007","-86.0238","United States","US","USA","Alabama","","9407","1840015604"
"Chahār Borj-e Qadīm","Chahar Borj-e Qadim","37.1256","45.9783","Iran","IR","IRN","Āz̄arbāyjān-e Gharbī","","9406","1364251992"
"Elmas","Elmas","39.2679","9.0500","Italy","IT","ITA","Sardegna","","9406","1380338965"
"San Juan Bautista","San Juan Bautista","14.4167","-91.1833","Guatemala","GT","GTM","Suchitepéquez","minor","9404","1320577327"
"Voitsberg","Voitsberg","47.0333","15.1500","Austria","AT","AUT","Steiermark","minor","9403","1040639919"
"Ichenhausen","Ichenhausen","48.3667","10.3167","Germany","DE","DEU","Bavaria","","9403","1276943409"
"Hani i Elezit","Hani i Elezit","42.1500","21.2967","Kosovo","XK","XKS","Hani i Elezit","admin","9403","1901964789"
"Danau Kändimarg","Danau Kandimarg","33.5646","74.9754","India","IN","IND","Jammu and Kashmīr","","9402","1356920069"
"Ramdeora","Ramdeora","27.0100","71.9200","India","IN","IND","Rājasthān","","9402","1356479728"
"Altdorf","Altdorf","46.8806","8.6394","Switzerland","CH","CHE","Uri","admin","9401","1756957308"
"Ponneri","Ponneri","12.5972","78.5979","India","IN","IND","Tamil Nādu","","9401","1356042050"
"Mutis","Mutis","6.2167","-77.4000","Colombia","CO","COL","Chocó","minor","9400","1170271802"
"Kandel","Kandel","49.0833","8.2000","Germany","DE","DEU","Rhineland-Palatinate","","9400","1276402753"
"Thames Ditton","Thames Ditton","51.3890","-0.3310","United Kingdom","GB","GBR","Surrey","","9400","1826658204"
"Hayle","Hayle","50.1860","-5.4190","United Kingdom","GB","GBR","Cornwall","","9400","1826999750"
"Ehningen","Ehningen","48.6589","8.9403","Germany","DE","DEU","Baden-Württemberg","","9399","1276629801"
"Rāmkali","Ramkali","22.4322","88.3285","India","IN","IND","West Bengal","","9399","1356231269"
"Recco","Recco","44.3621","9.1435","Italy","IT","ITA","Liguria","","9399","1380351038"
"Tecklenburg","Tecklenburg","52.2194","7.8125","Germany","DE","DEU","North Rhine-Westphalia","","9398","1276770196"
"Pettāmpālaiyam","Pettampalaiyam","11.3499","77.5706","India","IN","IND","Tamil Nādu","","9398","1356169104"
"Dushanovë","Dushanove","42.2317","20.7197","Kosovo","XK","XKS","Prizren","","9398","1901150015"
"Pfedelbach","Pfedelbach","49.1833","9.5000","Germany","DE","DEU","Baden-Württemberg","","9397","1276090389"
"Devarāpalle","Devarapalle","17.9886","82.9811","India","IN","IND","Andhra Pradesh","","9397","1356033644"
"Uppalaguptam","Uppalaguptam","16.5667","82.1000","India","IN","IND","Andhra Pradesh","","9397","1356477382"
"Piombino Dese","Piombino Dese","45.6067","11.9979","Italy","IT","ITA","Veneto","","9397","1380807342"
"Kapelle-op-den-Bos","Kapelle-op-den-Bos","51.0167","4.3667","Belgium","BE","BEL","Flanders","","9396","1056754510"
"Makamba","Makamba","-4.1333","29.8000","Burundi","BI","BDI","Makamba","admin","9396","1108520771"
"Hohenmölsen","Hohenmolsen","51.1564","12.0981","Germany","DE","DEU","Saxony-Anhalt","","9395","1276691866"
"Negrete","Negrete","-37.5833","-72.5333","Chile","CL","CHL","Biobío","","9394","1152930662"
"Umbrete","Umbrete","37.3667","-6.1500","Spain","ES","ESP","Andalusia","","9394","1724771107"
"Singhāna","Singhana","22.1902","74.9702","India","IN","IND","Madhya Pradesh","","9394","1356593603"
"Taisar","Taisar","22.4867","84.1804","India","IN","IND","Jhārkhand","","9394","1356204908"
"Hazrat Shiura","Hazrat Shiura","25.5976","85.6119","India","IN","IND","Bihār","","9393","1356986686"
"Rokietnica","Rokietnica","52.5122","16.7456","Poland","PL","POL","Wielkopolskie","","9393","1616318219"
"Saint-Philbert-de-Grand-Lieu","Saint-Philbert-de-Grand-Lieu","47.0358","-1.6386","France","FR","FRA","Pays de la Loire","","9392","1250093900"
"Resana","Resana","45.6333","11.9500","Italy","IT","ITA","Veneto","","9392","1380160177"
"Hsenwi","Hsenwi","23.3000","97.9667","Burma","MM","MMR","Shan State","","9392","1104609760"
"Novopskov","Novopskov","49.5383","39.1019","Ukraine","UA","UKR","Luhanska Oblast","","9392","1804845415"
"Schlangen","Schlangen","51.8167","8.8331","Germany","DE","DEU","North Rhine-Westphalia","","9391","1276494835"
"Magnago","Magnago","45.5792","8.8025","Italy","IT","ITA","Lombardy","","9391","1380268353"
"Cetraro","Cetraro","39.5000","15.9500","Italy","IT","ITA","Calabria","","9391","1380260708"
"Sint Willebrord","Sint Willebrord","51.5483","4.5881","Netherlands","NL","NLD","Noord-Brabant","","9390","1528360139"
"Makariv","Makariv","50.4597","29.8147","Ukraine","UA","UKR","Kyivska Oblast","minor","9390","1804794239"
"Capriolo","Capriolo","45.6373","9.9336","Italy","IT","ITA","Lombardy","","9389","1380206582"
"Tazarka","Tazarka","36.5500","10.8333","Tunisia","TN","TUN","Nabeul","","9388","1788779433"
"North Mimms","North Mimms","51.7259","-0.2336","United Kingdom","GB","GBR","Hertfordshire","","9387","1826225023"
"Vempatti","Vempatti","17.4488","79.5992","India","IN","IND","Andhra Pradesh","","9387","1356006195"
"Jamunāmukh","Jamunamukh","26.1015","92.7426","India","IN","IND","Assam","","9387","1356575843"
"Ja‘farīyeh","Ja`fariyeh","34.7739","50.5164","Iran","IR","IRN","Qom","","9387","1364571429"
"Ukwā","Ukwa","21.9710","80.4662","India","IN","IND","Madhya Pradesh","","9385","1356422217"
"Gaurdah","Gaurdah","25.7097","86.5570","India","IN","IND","Bihār","","9385","1356656974"
"Cutro","Cutro","39.0342","16.9819","Italy","IT","ITA","Calabria","","9385","1380662035"
"Kolkwitz","Kolkwitz","51.7500","14.2500","Germany","DE","DEU","Brandenburg","","9384","1276591838"
"Horsell","Horsell","51.3286","-0.5617","United Kingdom","GB","GBR","Surrey","","9384","1826085922"
"Verkhneyarkeyevo","Verkhneyarkeyevo","55.4458","54.3167","Russia","RU","RUS","Bashkortostan","minor","9384","1643594058"
"Angola","Angola","41.6433","-85.0050","United States","US","USA","Indiana","","9383","1840007084"
"Sutton","Sutton","42.1337","-71.7503","United States","US","USA","Massachusetts","","9383","1840053701"
"Adelsdorf","Adelsdorf","49.7167","10.9000","Germany","DE","DEU","Bavaria","","9382","1276049542"
"Kadimetla","Kadimetla","15.7376","77.5385","India","IN","IND","Andhra Pradesh","","9382","1356024464"
"Kungsängen","Kungsangen","59.4833","17.7500","Sweden","SE","SWE","Stockholm","minor","9382","1752617626"
"Nepi","Nepi","42.2436","12.3464","Italy","IT","ITA","Lazio","","9381","1380219863"
"Grigoriopol","Grigoriopol","47.1536","29.2964","Moldova","MD","MDA","Stînga Nistrului","","9381","1498783401"
"San Lorenzo","San Lorenzo","18.1875","-65.9680","Puerto Rico","PR","PRI","Puerto Rico","","9381","1630035578"
"Curepto","Curepto","-35.0833","-72.0167","Chile","CL","CHL","Maule","","9380","1152721174"
"Rhosllanerchrugog","Rhosllanerchrugog","53.0110","-3.0520","United Kingdom","GB","GBR","Wrexham","","9380","1826735616"
"Manchester","Manchester","42.9921","-77.1897","United States","US","USA","New York","","9380","1840004410"
"Marvast","Marvast","30.4775","54.2128","Iran","IR","IRN","Yazd","","9379","1364747499"
"Karkamış","Karkamis","36.8339","37.9969","Turkey","TR","TUR","Gaziantep","minor","9379","1792055477"
"São Jorge d’Oeste","Sao Jorge d'Oeste","-25.7058","-52.9178","Brazil","BR","BRA","Paraná","minor","9378","1076759209"
"Jhabrera","Jhabrera","29.8091","77.7734","India","IN","IND","Uttarākhand","","9378","1356341833"
"Sarakkayhalli","Sarakkayhalli","12.2191","78.0480","India","IN","IND","Tamil Nādu","","9378","1356210112"
"Cermenate","Cermenate","45.7000","9.0833","Italy","IT","ITA","Lombardy","","9378","1380284601"
"Kharagbani","Kharagbani","26.4852","86.3073","India","IN","IND","Bihār","","9377","1356020871"
"Kākarāti","Kakarati","24.5639","80.2659","India","IN","IND","Madhya Pradesh","","9377","1356202438"
"Acton","Acton","43.6333","-80.0333","Canada","CA","CAN","Ontario","","9377","1124804037"
"Dornstadt","Dornstadt","48.4692","9.9417","Germany","DE","DEU","Baden-Württemberg","","9376","1276592459"
"San Giorgio di Piano","San Giorgio di Piano","44.6500","11.3833","Italy","IT","ITA","Emilia-Romagna","","9376","1380940208"
"Dymka","Dymka","48.0972","25.9753","Ukraine","UA","UKR","Chernivetska Oblast","","9376","1804264620"
"Zhongguancun","Zhongguancun","41.1789","117.9617","China","CN","CHN","Hebei","","9375","1156214663"
"Haapsalu","Haapsalu","58.9394","23.5408","Estonia","EE","EST","Haapsalu","admin","9375","1233967642"
"Rangāpuram","Rangapuram","15.4092","78.0746","India","IN","IND","Andhra Pradesh","","9375","1356146649"
"Ait Touil","Ait Touil","33.7842","-6.1281","Morocco","MA","MAR","Rabat-Salé-Kénitra","","9375","1504272494"
"Tirubhuvane","Tirubhuvane","11.9281","79.6448","India","IN","IND","Tamil Nādu","","9374","1356208822"
"Heiligenhafen","Heiligenhafen","54.3739","10.9797","Germany","DE","DEU","Schleswig-Holstein","","9373","1276378464"
"Tocina","Tocina","37.6000","-5.7333","Spain","ES","ESP","Andalusia","","9373","1724656816"
"Broadwater","Broadwater","50.8282","-0.3742","United Kingdom","GB","GBR","West Sussex","","9373","1826765618"
"Pūmalakkundu","Pumalakkundu","9.8871","77.4498","India","IN","IND","Tamil Nādu","","9373","1356243267"
"Bakhariā","Bakharia","26.7666","84.6619","India","IN","IND","Bihār","","9373","1356407056"
"Foum Jam’a","Foum Jam'a","31.9600","-6.9800","Morocco","MA","MAR","Béni Mellal-Khénifra","","9373","1504414947"
"Topoloveni","Topoloveni","44.8069","25.0839","Romania","RO","ROU","Argeş","","9373","1642642782"
"Ripoll","Ripoll","42.2006","2.1928","Spain","ES","ESP","Catalonia","","9372","1724329202"
"Clermont-l’Hérault","Clermont-l'Herault","43.6281","3.4331","France","FR","FRA","Occitanie","","9372","1250938545"
"Ukhāi Purbāri Patti","Ukhai Purbari Patti","26.2471","84.4066","India","IN","IND","Bihār","","9372","1356872088"
