"Neuötting","Neuotting","48.2167","12.6833","Germany","DE","DEU","Bavaria","","9062","1276928616"
"Campobello di Licata","Campobello di Licata","37.2594","13.9192","Italy","IT","ITA","Sicilia","","9062","1380686879"
"Hampstead","Hampstead","42.8821","-71.1710","United States","US","USA","New Hampshire","","9062","1840054954"
"Orange Park","Orange Park","30.1706","-81.7041","United States","US","USA","Florida","","9062","1840017206"
"Wenzenbach","Wenzenbach","49.0747","12.1944","Germany","DE","DEU","Bavaria","","9061","1276234994"
"Sarauni","Sarauni","24.8613","85.8712","India","IN","IND","Bihār","","9061","1356231195"
"Kings Grant","Kings Grant","34.2664","-77.8659","United States","US","USA","North Carolina","","9061","1840032902"
"Wollert","Wollert","-37.5970","145.0330","Australia","AU","AUS","Victoria","","9060","1036068932"
"Nová Paka","Nova Paka","50.4897","15.5136","Czechia","CZ","CZE","Liberecký Kraj","","9060","1203255589"
"Grabels","Grabels","43.6486","3.8025","France","FR","FRA","Occitanie","","9060","1250310131"
"Escaudain","Escaudain","50.3350","3.3430","France","FR","FRA","Hauts-de-France","","9060","1250074443"
"Saraiya","Saraiya","24.8012","84.0816","India","IN","IND","Bihār","","9060","1356667113"
"Uppugunduru","Uppugunduru","15.6730","80.1670","India","IN","IND","Andhra Pradesh","","9060","1356852744"
"Booneville","Booneville","34.6643","-88.5684","United States","US","USA","Mississippi","","9060","1840013591"
"Mendon","Mendon","42.9859","-77.5479","United States","US","USA","New York","","9060","1840058299"
"Tarhjicht","Tarhjicht","29.0564","-9.4281","Morocco","MA","MAR","Guelmim-Oued Noun","","9059","1504845971"
"Strehaia","Strehaia","44.6222","23.1972","Romania","RO","ROU","Mehedinţi","","9059","1642350779"
"Bansko","Bansko","41.8385","23.4888","Bulgaria","BG","BGR","Blagoevgrad","","9058","1100442389"
"Magny-le-Hongre","Magny-le-Hongre","48.8631","2.8133","France","FR","FRA","Île-de-France","","9058","1250354679"
"Wadhraf","Wadhraf","33.9833","9.9667","Tunisia","TN","TUN","Gabès","","9058","1788853513"
"Almusafes","Almusafes","39.2903","-0.4147","Spain","ES","ESP","Valencia","","9057","1724698693"
"Vert-Saint-Denis","Vert-Saint-Denis","48.5650","2.6147","France","FR","FRA","Île-de-France","","9057","1250523234"
"Joigny","Joigny","47.9831","3.3978","France","FR","FRA","Bourgogne-Franche-Comté","","9055","1250663202"
"Tāla","Tala","24.3735","81.1989","India","IN","IND","Madhya Pradesh","","9055","1356096235"
"Lacchiarella","Lacchiarella","45.3250","9.1400","Italy","IT","ITA","Lombardy","","9055","1380890620"
"Lapeer","Lapeer","43.0447","-83.3253","United States","US","USA","Michigan","","9053","1840002896"
"Micco","Micco","27.8683","-80.5100","United States","US","USA","Florida","","9053","1840014077"
"Townsend","Townsend","42.6671","-71.7115","United States","US","USA","Massachusetts","","9052","1840053491"
"São Francisco","Sao Francisco","-5.1228","-47.3858","Brazil","BR","BRA","Maranhão","minor","9051","1076295743"
"Januário Cicco","Januario Cicco","-6.1578","-35.6008","Brazil","BR","BRA","Rio Grande do Norte","minor","9051","1076818819"
"Udarband","Udarband","24.8698","92.8694","India","IN","IND","Assam","","9051","1356113275"
"Ayanikkād","Ayanikkad","10.4580","76.1260","India","IN","IND","Kerala","","9051","1356963521"
"Bocaiúva do Sul","Bocaiuva do Sul","-25.2058","-49.1150","Brazil","BR","BRA","Paraná","minor","9050","1076459266"
"Salto Grande","Salto Grande","-22.8928","-49.9858","Brazil","BR","BRA","São Paulo","minor","9050","1076969780"
"Bonhill","Bonhill","55.9830","-4.5670","United Kingdom","GB","GBR","West Dunbartonshire","","9050","1826925473"
"Lanark","Lanark","55.6749","-3.7770","United Kingdom","GB","GBR","South Lanarkshire","","9050","1826114395"
"Fehrbellin","Fehrbellin","52.7997","12.7667","Germany","DE","DEU","Brandenburg","","9049","1276574282"
"Montoro","Montoro","38.0167","-4.3833","Spain","ES","ESP","Andalusia","","9049","1724147056"
"Leppävirta","Leppavirta","62.5000","27.7833","Finland","FI","FIN","Pohjois-Savo","minor","9049","1246237547"
"Kegen","Kegen","43.0197","79.2203","Kazakhstan","KZ","KAZ","Almaty","minor","9049","1398638482"
"Colac","Colac","-38.3403","143.5847","Australia","AU","AUS","Victoria","","9048","1036633113"
"Prados","Prados","-21.0578","-44.0800","Brazil","BR","BRA","Minas Gerais","minor","9048","1076952532"
"Intich’o","Intich'o","14.2667","39.1500","Ethiopia","ET","ETH","Tigray","","9048","1231591819"
"Mohon","Mohon","49.7520","4.7315","France","FR","FRA","Grand Est","","9048","1250450674"
"Mānoke","Manoke","30.6750","75.4560","India","IN","IND","Punjab","","9048","1356073152"
"Sanatoga","Sanatoga","40.2497","-75.5887","United States","US","USA","Pennsylvania","","9048","1840035186"
"La Florida","La Florida","1.3017","-77.4106","Colombia","CO","COL","Nariño","minor","9047","1170744583"
"Mamnūr","Mamnur","17.9092","79.5926","India","IN","IND","Andhra Pradesh","","9047","1356119519"
"Borgosatollo","Borgosatollo","45.4761","10.2400","Italy","IT","ITA","Lombardy","","9047","1380498677"
"Poiana Mare","Poiana Mare","43.9333","23.0833","Romania","RO","ROU","Dolj","","9047","1642956128"
"Lynwood","Lynwood","41.5235","-87.5510","United States","US","USA","Illinois","","9047","1840011291"
"Clinton","Clinton","38.3716","-93.7679","United States","US","USA","Missouri","","9047","1840007492"
"Khāsbalanda","Khasbalanda","22.5881","88.6887","India","IN","IND","West Bengal","","9046","1356124124"
"Abū Khashab","Abu Khashab","35.9481","40.0220","Syria","SY","SYR","Dayr az Zawr","","9046","1760868010"
"Livno","Livno","43.8269","17.0081","Bosnia and Herzegovina","BA","BIH","Bosnia and Herzegovina, Federation of","minor","9045","1070523528"
"Baniré Koré","Banire Kore","15.2072","-9.1517","Mali","ML","MLI","Kayes","","9044","1466641846"
"Mostyska","Mostyska","49.7942","23.1525","Ukraine","UA","UKR","Lvivska Oblast","","9044","1804713391"
"Citrus Hills","Citrus Hills","28.8870","-82.4312","United States","US","USA","Florida","","9044","1840028978"
"Tadla","Tadla","32.4409","-8.3708","Morocco","MA","MAR","Marrakech-Safi","","9043","1504540569"
"Janhapāra","Janhapara","21.3390","83.7310","India","IN","IND","Odisha","","9042","1356557076"
"Fossombrone","Fossombrone","43.6890","12.8061","Italy","IT","ITA","Marche","","9042","1380453878"
"Andilana Avaratra","Andilana Avaratra","-17.3576","48.5446","Madagascar","MG","MDG","Toamasina","","9042","1450556942"
"Altınova","Altinova","40.6975","29.5114","Turkey","TR","TUR","Yalova","minor","9042","1792919647"
"Economy","Economy","40.6411","-80.1841","United States","US","USA","Pennsylvania","","9042","1840066074"
"Podenzano","Podenzano","44.9500","9.6833","Italy","IT","ITA","Emilia-Romagna","","9041","1380896533"
"Santa Sylvina","Santa Sylvina","-27.7833","-61.1500","Argentina","AR","ARG","Chaco","minor","9040","1032777681"
"Tomblaine","Tomblaine","48.6833","6.2167","France","FR","FRA","Grand Est","","9040","1250817352"
"Leven","Leven","56.1950","-2.9942","United Kingdom","GB","GBR","Fife","","9040","1826961617"
"Warkan","Warkan","25.0331","72.6862","India","IN","IND","Rājasthān","","9040","1356662934"
"Dadrewa","Dadrewa","28.6728","75.2328","India","IN","IND","Rājasthān","","9040","1356990161"
"Ban Ngio Ngam","Ban Ngio Ngam","17.6671","100.1754","Thailand","TH","THA","Uttaradit","","9040","1764014160"
"Newark","Newark","43.0418","-77.0930","United States","US","USA","New York","","9040","1840004292"
"Fuldabrück","Fuldabruck","51.4000","9.4667","Germany","DE","DEU","Hesse","","9039","1276251915"
"Grenade","Grenade","43.7722","1.2936","France","FR","FRA","Occitanie","","9039","1250521887"
"Chārakunda","Charakunda","16.6916","78.7054","India","IN","IND","Andhra Pradesh","","9039","1356583629"
"Monteroni d’Arbia","Monteroni d'Arbia","43.2333","11.4167","Italy","IT","ITA","Tuscany","","9039","1380362072"
"Corona de Tucson","Corona de Tucson","31.9503","-110.7835","United States","US","USA","Arizona","","9039","1840018106"
"Krichim","Krichim","42.0500","24.4667","Bulgaria","BG","BGR","Plovdiv","","9038","1100205448"
"Kusterdingen","Kusterdingen","48.5312","9.1484","Germany","DE","DEU","Baden-Württemberg","","9038","1276384055"
"Neuried","Neuried","48.0933","11.4658","Germany","DE","DEU","Bavaria","","9038","1276429701"
"Iijima","Iijima","35.6767","137.9198","Japan","JP","JPN","Nagano","","9038","1392103734"
"Yenice","Yenice","41.2000","32.3292","Turkey","TR","TUR","Karabük","minor","9038","1792456391"
"Méridiala","Meridiala","12.0917","-7.2592","Mali","ML","MLI","Sikasso","","9037","1466743136"
"Bérégadougou","Beregadougou","10.7667","-4.7500","Burkina Faso","BF","BFA","Cascades","","9036","1854196124"
"Aadorf","Aadorf","47.4939","8.8975","Switzerland","CH","CHE","Thurgau","","9036","1756022542"
"Tājpur","Tajpur","25.9022","84.5055","India","IN","IND","Bihār","","9036","1356045708"
"Villa Castelli","Villa Castelli","40.5833","17.4833","Italy","IT","ITA","Puglia","","9036","1380015414"
"Tiburon","Tiburon","37.8854","-122.4637","United States","US","USA","California","","9035","1840022521"
"Roztoky","Roztoky","50.1614","14.3869","Czechia","CZ","CZE","Středočeský Kraj","","9034","1203472886"
"Ādamī Tulu","Adami Tulu","7.8667","38.7000","Ethiopia","ET","ETH","Oromīya","","9034","1231102446"
"Gohi Bishunpur","Gohi Bishunpur","25.9275","85.8626","India","IN","IND","Bihār","","9034","1356334298"
"Harleysville","Harleysville","40.2792","-75.3873","United States","US","USA","Pennsylvania","","9034","1840005463"
"Ksar Belezma","Ksar Belezma","35.6756","5.9033","Algeria","DZ","DZA","Batna","","9033","1012437070"
"Nagykálló","Nagykallo","47.8831","21.8500","Hungary","HU","HUN","Szabolcs-Szatmár-Bereg","minor","9033","1348262569"
"Westerland","Westerland","54.9100","8.3075","Germany","DE","DEU","Schleswig-Holstein","","9032","1276492039"
"Poisy","Poisy","45.9216","6.0622","France","FR","FRA","Auvergne-Rhône-Alpes","","9032","1250096090"
"Fontaine-lès-Dijon","Fontaine-les-Dijon","47.3433","5.0206","France","FR","FRA","Bourgogne-Franche-Comté","","9032","1250626718"
"Porto Tolle","Porto Tolle","44.9500","12.3167","Italy","IT","ITA","Veneto","","9031","1380225713"
"Oak Grove","Oak Grove","45.3409","-93.3264","United States","US","USA","Minnesota","","9031","1840007799"
"Furtwangen im Schwarzwald","Furtwangen im Schwarzwald","48.0503","8.2092","Germany","DE","DEU","Baden-Württemberg","","9030","1276132141"
"Dunbar","Dunbar","56.0027","-2.5169","United Kingdom","GB","GBR","East Lothian","","9030","1826158363"
"Rice Lake","Rice Lake","45.4864","-91.7447","United States","US","USA","Wisconsin","","9030","1840002075"
"Dharampur","Dharampur","25.2417","82.2331","India","IN","IND","Uttar Pradesh","","9029","1356210682"
"Monticello Conte Otto","Monticello Conte Otto","45.6000","11.5833","Italy","IT","ITA","Veneto","","9029","1380040208"
"Nanzhuang","Nanzhuang","24.5699","121.0157","Taiwan","TW","TWN","Miaoli","","9029","1158569080"
"Velyki Luchky","Velyki Luchky","48.4200","22.5611","Ukraine","UA","UKR","Zakarpatska Oblast","","9028","1804653748"
"Nhân Trạch","Nhan Trach","19.0500","105.5500","Vietnam","VN","VNM","Nghệ An","","9028","1704211423"
"Kurichedu","Kurichedu","15.9000","79.5833","India","IN","IND","Andhra Pradesh","","9027","1356156113"
"Kannāl","Kannal","18.6938","79.4288","India","IN","IND","Andhra Pradesh","","9027","1356661175"
"Katsuyama","Katsuyama","35.0876","133.6913","Japan","JP","JPN","Okayama","","9027","1392947475"
"Sint-Martens-Lennik","Sint-Martens-Lennik","50.8000","4.1500","Belgium","BE","BEL","Flanders","","9024","1056514548"
"Rāmpur Khajuriyā","Rampur Khajuriya","26.3923","84.7688","India","IN","IND","Bihār","","9024","1356219195"
"Pivnichne","Pivnichne","48.3886","37.9067","Ukraine","UA","UKR","Donetska Oblast","","9024","1804162324"
"Coqueiral","Coqueiral","-21.1889","-45.4408","Brazil","BR","BRA","Minas Gerais","minor","9023","1076371955"
"Reinfeld","Reinfeld","53.8333","10.4833","Germany","DE","DEU","Schleswig-Holstein","","9023","1276759795"
"Breuillet","Breuillet","48.5658","2.1706","France","FR","FRA","Île-de-France","","9023","1250177137"
"Ampasimpotsy-Gara","Ampasimpotsy-Gara","-18.9618","48.3403","Madagascar","MG","MDG","Toamasina","","9023","1450245275"
"Ceelbuur","Ceelbuur","4.6850","46.6175","Somalia","SO","SOM","Galguduud","","9023","1706202255"
"Benton Harbor","Benton Harbor","42.1159","-86.4488","United States","US","USA","Michigan","","9023","1840003215"
"Cheste","Cheste","39.4797","-0.6844","Spain","ES","ESP","Valencia","","9022","1724161865"
"Sāhāpur","Sahapur","22.5200","88.1700","India","IN","IND","West Bengal","","9022","1356064505"
"Manatuto","Manatuto","-8.5114","126.0131","Timor-Leste","TL","TLS","Manatuto","admin","9022","1626115337"
"Craig","Craig","40.5171","-107.5554","United States","US","USA","Colorado","","9022","1840018741"
"East Nottingham","East Nottingham","39.7621","-75.9705","United States","US","USA","Pennsylvania","","9022","1840150922"
"Reshetylivka","Reshetylivka","49.5667","34.0667","Ukraine","UA","UKR","Poltavska Oblast","minor","9021","1804143252"
"Beckwith","Beckwith","45.0833","-76.0667","Canada","CA","CAN","Ontario","","9021","1124000163"
"Blairgowrie","Blairgowrie","56.5916","-3.3405","United Kingdom","GB","GBR","Perth and Kinross","","9020","1826311764"
"Cupar","Cupar","56.3200","-3.0100","United Kingdom","GB","GBR","Fife","","9020","1826556120"
"Nādol","Nadol","25.3670","73.4500","India","IN","IND","Rājasthān","","9020","1356557123"
"Bockhorn","Bockhorn","53.4000","8.0167","Germany","DE","DEU","Lower Saxony","","9019","1276050347"
"Kaniwāra","Kaniwara","22.2145","79.7366","India","IN","IND","Madhya Pradesh","","9019","1356542351"
"Māli","Mali","25.6549","86.7275","India","IN","IND","Bihār","","9019","1356048608"
"Foiano della Chiana","Foiano della Chiana","43.2567","11.8164","Italy","IT","ITA","Tuscany","","9019","1380908085"
"Hohenbrunn","Hohenbrunn","48.0500","11.7000","Germany","DE","DEU","Bavaria","","9018","1276417376"
"Moman Barodiya","Moman Barodiya","23.6042","76.3364","India","IN","IND","Madhya Pradesh","","9018","1356782394"
"San Francisco","San Francisco","14.1156","-88.3707","Honduras","HN","HND","Lempira","","9017","1340590673"
"San Ignacio","San Ignacio","9.7997","-84.1630","Costa Rica","CR","CRI","San José","","9016","1188539770"
"Mandīshah","Mandishah","28.3515","28.9317","Egypt","EG","EGY","Al Jīzah","","9016","1818119221"
"Bābai Kalān","Babai Kalan","22.8313","78.6774","India","IN","IND","Madhya Pradesh","","9016","1356961150"
"Ban Wang Pradu","Ban Wang Pradu","16.7600","100.3500","Thailand","TH","THA","Phitsanulok","","9016","1764001245"
"Karlıova","Karliova","39.2992","41.0142","Turkey","TR","TUR","Bingöl","minor","9016","1792947397"
"Cape St. Claire","Cape St. Claire","39.0433","-76.4471","United States","US","USA","Maryland","","9016","1840005908"
"Coronel Du Graty","Coronel Du Graty","-27.6667","-60.9333","Argentina","AR","ARG","Chaco","","9015","1032616689"
"Oakengates","Oakengates","52.6950","-2.4510","United Kingdom","GB","GBR","Telford and Wrekin","","9015","1826612540"
"Lakhna","Lakhna","25.8865","87.6001","India","IN","IND","Bihār","","9015","1356038890"
"Dhauni","Dhauni","24.9901","87.0011","India","IN","IND","Bihār","","9015","1356362943"
"Madhurāpur","Madhurapur","25.9456","85.9759","India","IN","IND","Bihār","","9015","1356863895"
"Aplao","Aplao","-16.0713","-72.4882","Peru","PE","PER","Arequipa","","9015","1604894529"
"Estanzuelas","Estanzuelas","13.6500","-88.5000","El Salvador","SV","SLV","Usulután","","9015","1222473531"
"Nārsingi","Narsingi","18.0446","78.4254","India","IN","IND","Andhra Pradesh","","9014","1356838065"
"Bāsdeopur","Basdeopur","25.3909","86.6821","India","IN","IND","Bihār","","9014","1356257781"
"Hatti Mattūr","Hatti Mattur","14.9435","75.4239","India","IN","IND","Karnātaka","","9014","1356765054"
"Summit View","Summit View","47.1343","-122.3467","United States","US","USA","Washington","","9014","1840042106"
"Audubon","Audubon","40.1304","-75.4280","United States","US","USA","Pennsylvania","","9014","1840034852"
"Treia","Treia","43.3114","13.3131","Italy","IT","ITA","Marche","","9013","1380389131"
"Akat Amnuai","Akat Amnuai","17.5964","103.9816","Thailand","TH","THA","Sakon Nakhon","minor","9013","1764592273"
"Mburucuyá","Mburucuya","-28.0500","-58.2333","Argentina","AR","ARG","Corrientes","minor","9012","1032397910"
"Meltham","Meltham","53.5920","-1.8500","United Kingdom","GB","GBR","Kirklees","","9012","1826260567"
"Hārua","Harua","24.5257","87.9898","India","IN","IND","West Bengal","","9012","1356085339"
"Kaeng Khro","Kaeng Khro","16.1086","102.2581","Thailand","TH","THA","Chaiyaphum","minor","9012","1764376495"
"Labrador City","Labrador City","52.9500","-66.9167","Canada","CA","CAN","Newfoundland and Labrador","","9011","1124000773"
"Morānha","Moranha","27.1874","94.9156","India","IN","IND","Assam","","9010","1356098720"
"West Donegal","West Donegal","40.1297","-76.6226","United States","US","USA","Pennsylvania","","9009","1840142496"
"Kasane","Kasane","-17.7983","25.1536","Botswana","BW","BWA","Chobe","admin","9008","1072217316"
"Hemmoor","Hemmoor","53.7025","9.1394","Germany","DE","DEU","Lower Saxony","","9007","1276546938"
"Caxias","Caxias","38.7000","-9.2833","Portugal","PT","PRT","Lisboa","","9007","1620425668"
"Mishrikot","Mishrikot","15.2465","75.0567","India","IN","IND","Karnātaka","","9006","1356481655"
"Burgos","Burgos","16.5250","120.4583","Philippines","PH","PHL","La Union","","9006","1608508445"
"Yarmouth","Yarmouth","43.7978","-70.1719","United States","US","USA","Maine","","9006","1840053071"
"Perondi","Perondi","40.7789","19.9231","Albania","AL","ALB","Berat","","9005","1008411335"
"Lake Park","Lake Park","26.7998","-80.0681","United States","US","USA","Florida","","9005","1840017258"
"Rafard","Rafard","-23.0117","-47.5269","Brazil","BR","BRA","São Paulo","minor","9004","1076001121"
"Venturina","Venturina","43.0333","10.6000","Italy","IT","ITA","Tuscany","","9004","1380262688"
"Omurtag","Omurtag","43.1069","26.4198","Bulgaria","BG","BGR","Targovishte","","9003","1100244508"
"Chanco","Chanco","-36.2859","-72.7107","Chile","CL","CHL","Ñuble","","9003","1152038330"
"Chanco","Chanco","-36.2667","-72.7167","Chile","CL","CHL","Maule","","9003","1152434517"
"Kambaneri Pudukkudi","Kambaneri Pudukkudi","9.0685","77.3795","India","IN","IND","Tamil Nādu","","9003","1356214247"
"Tha Luang","Tha Luang","15.0712","101.0980","Thailand","TH","THA","Lop Buri","minor","9003","1764595647"
"Mādhavaram","Madhavaram","16.8900","81.5937","India","IN","IND","Andhra Pradesh","","9001","1356100884"
"Crvenka","Crvenka","45.6583","19.4556","Serbia","RS","SRB","","","9001","1688952283"
"Vuktyl","Vuktyl","63.7000","57.3167","Russia","RU","RUS","Komi","minor","9001","1643046290"
"Lo Miranda","Lo Miranda","-34.1900","-70.8900","Chile","CL","CHL","Libertador General Bernardo O’Higgins","","9000","1152468313"
"Diabugu","Diabugu","13.3833","-14.4000","Gambia, The","GM","GMB","Upper River","","9000","1270353608"
"Jangalapalli","Jangalapalli","14.4818","79.8906","India","IN","IND","Andhra Pradesh","","9000","1356336983"
"Urpāar","Urpaar","31.0537","75.9652","India","IN","IND","Punjab","","9000","1356070363"
"Lohara","Lohara","29.1667","77.2167","India","IN","IND","Uttar Pradesh","","9000","1356057410"
"Ugamedi","Ugamedi","22.0010","71.6481","India","IN","IND","Gujarāt","","9000","1356183241"
"Tikar","Tikar","23.1500","71.1000","India","IN","IND","Gujarāt","","9000","1356253301"
"Aïn el Mediour","Ain el Mediour","30.4000","-8.8833","Morocco","MA","MAR","Souss-Massa","","9000","1504516108"
"Chiţcani","Chitcani","46.7856","29.6086","Moldova","MD","MDA","Stînga Nistrului","","9000","1498000217"
"Maropaika","Maropaika","-22.7088","46.9758","Madagascar","MG","MDG","Fianarantsoa","","9000","1450971910"
"Morafeno","Morafeno","-14.3695","50.0450","Madagascar","MG","MDG","Antsiranana","","9000","1450000007"
"Soamahamanina","Soamahamanina","-18.9885","47.0163","Madagascar","MG","MDG","Antananarivo","","9000","1450133053"
"Ambodivoanio","Ambodivoanio","-16.1834","49.6574","Madagascar","MG","MDG","Toamasina","","9000","1450736682"
"Tsimafana","Tsimafana","-19.7219","44.5841","Madagascar","MG","MDG","Toliara","","9000","1450437916"
"Sahatsiho-Ambohimanjaka","Sahatsiho-Ambohimanjaka","-20.2020","47.0907","Madagascar","MG","MDG","Fianarantsoa","","9000","1450389505"
"Ranopiso","Ranopiso","-25.0548","46.6846","Madagascar","MG","MDG","Toliara","","9000","1450426168"
"Ivandrika","Ivandrika","-22.8738","47.7259","Madagascar","MG","MDG","Fianarantsoa","","9000","1450375529"
"Marotolana","Marotolana","-14.6086","49.0275","Madagascar","MG","MDG","Mahajanga","","9000","1450171691"
"Ambatoria","Ambatoria","-14.4611","48.9523","Madagascar","MG","MDG","Mahajanga","","9000","1450620872"
"Lanivo","Lanivo","-22.2940","47.8148","Madagascar","MG","MDG","Fianarantsoa","","9000","1450578324"
"Sarasambo","Sarasambo","-25.1081","46.7884","Madagascar","MG","MDG","Toliara","","9000","1450151247"
"Antambohobe","Antambohobe","-22.3119","46.7751","Madagascar","MG","MDG","Fianarantsoa","","9000","1450913351"
"Ambalajia","Ambalajia","-17.4965","46.1206","Madagascar","MG","MDG","Mahajanga","","9000","1450290586"
"Nato","Nato","-22.3089","47.8296","Madagascar","MG","MDG","Fianarantsoa","","9000","1450079364"
"Mahamaibe","Mahamaibe","-21.7551","47.8857","Madagascar","MG","MDG","Fianarantsoa","","9000","1450492223"
"Mitanty","Mitanty","-21.7284","47.9989","Madagascar","MG","MDG","Fianarantsoa","","9000","1450937842"
"Salobe","Salobe","-23.5333","44.7167","Madagascar","MG","MDG","Toliara","","9000","1450431518"
"Ambariokorano","Ambariokorano","-15.8964","48.9716","Madagascar","MG","MDG","Mahajanga","","9000","1450736655"
"Vohilava","Vohilava","-21.7661","47.9104","Madagascar","MG","MDG","Fianarantsoa","","9000","1450720571"
"Vatananto","Vatananto","-23.7000","47.2167","Madagascar","MG","MDG","Fianarantsoa","","9000","1450501566"
"Iara","Iara","-23.0835","47.4372","Madagascar","MG","MDG","Fianarantsoa","","9000","1450682367"
"Ampary","Ampary","-19.1911","46.5895","Madagascar","MG","MDG","Antananarivo","","9000","1450964299"
"Ambalaromba","Ambalaromba","-14.6731","49.3363","Madagascar","MG","MDG","Mahajanga","","9000","1450599177"
"Ambatoharanana","Ambatoharanana","-16.4252","49.5820","Madagascar","MG","MDG","Toamasina","","9000","1450166915"
"Befotaka","Befotaka","-20.8333","45.6667","Madagascar","MG","MDG","Toliara","","9000","1450620315"
"Soamanonga","Soamanonga","-23.8786","44.7906","Madagascar","MG","MDG","Fianarantsoa","","9000","1450370442"
"Bemaharivo","Bemaharivo","-16.1416","46.3934","Madagascar","MG","MDG","Mahajanga","","9000","1450110716"
"Anteza","Anteza","-21.6717","47.8446","Madagascar","MG","MDG","Fianarantsoa","","9000","1450964830"
"Bekopaka","Bekopaka","-19.1460","44.7931","Madagascar","MG","MDG","Mahajanga","","9000","1450806419"
"Antaly","Antaly","-24.3833","44.4000","Madagascar","MG","MDG","Toliara","","9000","1450745641"
"Anjialava","Anjialava","-14.0802","49.7271","Madagascar","MG","MDG","Antsiranana","","9000","1450285791"
"Ankarana-Miraihina","Ankarana-Miraihina","-23.0849","47.6302","Madagascar","MG","MDG","Fianarantsoa","","9000","1450677715"
"Tsaratanana","Tsaratanana","-15.6417","47.8491","Madagascar","MG","MDG","Mahajanga","","9000","1450367041"
"Antsaidoha-Bebao","Antsaidoha-Bebao","-17.3620","44.5452","Madagascar","MG","MDG","Mahajanga","","9000","1450780797"
"Nosibe","Nosibe","-13.1577","49.7934","Madagascar","MG","MDG","Antsiranana","","9000","1450983657"
"Soanierana","Soanierana","-25.0049","46.8906","Madagascar","MG","MDG","Toliara","","9000","1450823872"
"Ambatolahy","Ambatolahy","-19.7397","47.2847","Madagascar","MG","MDG","Antananarivo","","9000","1450305568"
"Soanenga","Soanenga","-16.5044","44.6111","Madagascar","MG","MDG","Mahajanga","","9000","1450386206"
"Mahabo","Mahabo","-24.2898","45.2230","Madagascar","MG","MDG","Toliara","","9000","1450198675"
"Manampaneva","Manampaneva","-16.0502","48.6817","Madagascar","MG","MDG","Mahajanga","","9000","1450103713"
"Manja","Manja","-21.4329","44.3333","Madagascar","MG","MDG","Toliara","","9000","1450949899"
"Ambinanin’ Andravory","Ambinanin' Andravory","-13.7728","49.7519","Madagascar","MG","MDG","Antsiranana","","9000","1450604445"
"Belinta","Belinta","-19.9537","45.1167","Madagascar","MG","MDG","Toliara","","9000","1450423565"
"Marovatolena","Marovatolena","-15.1890","47.6445","Madagascar","MG","MDG","Mahajanga","","9000","1450130189"
"Morarano","Morarano","-19.4280","47.4873","Madagascar","MG","MDG","Antananarivo","","9000","1450779463"
"Antsahavaribe","Antsahavaribe","-13.8564","49.8639","Madagascar","MG","MDG","Antsiranana","","9000","1450134835"
"Antseza","Antseza","-16.2142","45.8605","Madagascar","MG","MDG","Mahajanga","","9000","1450090147"
"Andribavontsona","Andribavontsona","-15.3860","47.5011","Madagascar","MG","MDG","Mahajanga","","9000","1450250205"
"Ankiliabo","Ankiliabo","-24.6843","44.7233","Madagascar","MG","MDG","Toliara","","9000","1450784803"
"Antanankambano","Antanankambano","-22.0606","47.4764","Madagascar","MG","MDG","Fianarantsoa","","9000","1450483821"
"Alakamisy-Ambohimahazo","Alakamisy-Ambohimahazo","-20.4082","47.3566","Madagascar","MG","MDG","Fianarantsoa","","9000","1450823290"
"Benato-Toby","Benato-Toby","-23.0853","45.8581","Madagascar","MG","MDG","Toliara","","9000","1450266627"
"Ankirihitra","Ankirihitra","-16.7715","46.4422","Madagascar","MG","MDG","Mahajanga","","9000","1450483503"
"Antsatramidola","Antsatramidola","-15.6334","48.9686","Madagascar","MG","MDG","Mahajanga","","9000","1450037709"
"Amboronabo","Amboronabo","-22.6759","44.3880","Madagascar","MG","MDG","Toliara","","9000","1450915976"
"Manevy","Manevy","-24.3901","46.8045","Madagascar","MG","MDG","Toliara","","9000","1450343153"
"Beparasy","Beparasy","-19.1687","48.0338","Madagascar","MG","MDG","Toamasina","","9000","1450291288"
"Tandrano","Tandrano","-22.0843","44.6385","Madagascar","MG","MDG","Toliara","","9000","1450417140"
"Fierenana","Fierenana","-18.4833","48.4000","Madagascar","MG","MDG","Toamasina","","9000","1450717278"
"Ambarimaninga","Ambarimaninga","-16.4941","46.0036","Madagascar","MG","MDG","Mahajanga","","9000","1450371857"
"Ambodimahabibo","Ambodimahabibo","-15.7320","48.1278","Madagascar","MG","MDG","Mahajanga","","9000","1450192995"
"’s-Gravendeel","'s-Gravendeel","51.7812","4.6176","Netherlands","NL","NLD","Zuid-Holland","","9000","1528706910"
"Tatarsk","Tatarsk","55.2500","75.9833","Russia","RU","RUS","Novosibirskaya Oblast’","","9000","1643001589"
"Dhībān","Dhiban","35.0150","40.5103","Syria","SY","SYR","Dayr az Zawr","minor","9000","1760211597"
"Velyka Dymerka","Velyka Dymerka","50.5928","30.9103","Ukraine","UA","UKR","Kyivska Oblast","","9000","1804901044"
"Stryzhavka","Stryzhavka","49.3103","28.4808","Ukraine","UA","UKR","Vinnytska Oblast","","9000","1804715447"
"Dahbed","Dahbed","39.7636","66.9131","Uzbekistan","UZ","UZB","Samarqand","","9000","1860321921"
"Qahramon","Qahramon","40.3050","68.6017","Uzbekistan","UZ","UZB","Sirdaryo","","9000","1860810536"
"Gisborne","Gisborne","-37.4900","144.5889","Australia","AU","AUS","Victoria","","8999","1036388639"
"Carneiros","Carneiros","-9.4828","-37.3769","Brazil","BR","BRA","Alagoas","minor","8999","1076881848"
"Marcação","Marcacao","-6.7700","-35.0150","Brazil","BR","BRA","Paraíba","minor","8999","1076901829"
"Puerto Octay","Puerto Octay","-40.9667","-72.9000","Chile","CL","CHL","Los Lagos","","8999","1152604525"
"Patūt","Patut","25.4658","84.8140","India","IN","IND","Bihār","","8999","1356012603"
"Hetanpur","Hetanpur","25.5821","85.5495","India","IN","IND","Bihār","","8999","1356270380"
"Kalicherla","Kalicherla","13.8833","78.5333","India","IN","IND","Andhra Pradesh","","8999","1356149475"
"Furth im Wald","Furth im Wald","49.3097","12.8400","Germany","DE","DEU","Bavaria","","8998","1276212241"
"Rarz","Rarz","39.3803","68.7442","Tajikistan","TJ","TJK","Sughd","","8998","1762620381"
"Dholbāja","Dholbaja","26.2674","87.2761","India","IN","IND","Bihār","","8997","1356109429"
"San Pedro Atocpan","San Pedro Atocpan","19.2006","-99.0492","Mexico","MX","MEX","Ciudad de México","","8997","1484981405"
"Mbamba Bay","Mbamba Bay","-11.2833","34.7717","Tanzania","TZ","TZA","Ruvuma","","8997","1834067294"
"Seneca Falls","Seneca Falls","42.9136","-76.7904","United States","US","USA","New York","","8997","1840058484"
"Morières-lès-Avignon","Morieres-les-Avignon","43.9425","4.9053","France","FR","FRA","Provence-Alpes-Côte d’Azur","","8996","1250645579"
"Hirehāluhosahalli","Hirehaluhosahalli","15.0105","76.8360","India","IN","IND","Andhra Pradesh","","8996","1356305689"
"Nueva Guadalupe","Nueva Guadalupe","13.5333","-88.3500","El Salvador","SV","SLV","San Miguel","","8996","1222469128"
"Novyi Svit","Novyi Svit","47.8058","38.0186","Ukraine","UA","UKR","Donetska Oblast","","8996","1804652503"
"Bad Lauchstädt","Bad Lauchstadt","51.3667","11.8333","Germany","DE","DEU","Saxony-Anhalt","","8995","1276634742"
"Rājod","Rajod","22.9501","75.0640","India","IN","IND","Madhya Pradesh","","8995","1356176693"
"Panasapādu","Panasapadu","17.0185","82.2349","India","IN","IND","Andhra Pradesh","","8994","1356908004"
"Druento","Druento","45.1347","7.5766","Italy","IT","ITA","Piedmont","","8994","1380603711"
"Meadow Lakes","Meadow Lakes","61.6380","-149.6080","United States","US","USA","Alaska","","8994","1840023681"
"Hürtgenwald","Hurtgenwald","50.7100","6.3744","Germany","DE","DEU","North Rhine-Westphalia","","8993","1276899490"
"Settivāripalle","Settivaripalle","14.7543","78.7649","India","IN","IND","Andhra Pradesh","","8993","1356009049"
"Peddannavāripalle","Peddannavaripalle","14.2535","78.3384","India","IN","IND","Andhra Pradesh","","8993","1356243327"
"Ixtapa Zihuatanejo","Ixtapa Zihuatanejo","17.6367","-101.5514","Mexico","MX","MEX","Guerrero","","8992","1484980277"
"Podu Iloaiei","Podu Iloaiei","47.2167","27.2667","Romania","RO","ROU","Iaşi","","8992","1642361317"
"Windsor","Windsor","43.2405","-89.2948","United States","US","USA","Wisconsin","","8992","1840006867"
"Icaraíma","Icaraima","-23.3958","-53.6139","Brazil","BR","BRA","Paraná","minor","8991","1076097838"
"Devanāngurichchi","Devanangurichchi","11.3895","77.8547","India","IN","IND","Tamil Nādu","","8991","1356166609"
"Säffle","Saffle","59.1333","12.9000","Sweden","SE","SWE","Värmland","minor","8991","1752987175"
"Indian Harbour Beach","Indian Harbour Beach","28.1529","-80.5976","United States","US","USA","Florida","","8991","1840015096"
"Gacko","Gacko","43.1667","18.5333","Bosnia and Herzegovina","BA","BIH","Srpska, Republika","minor","8990","1070762752"
"Oststeinbek","Oststeinbek","53.5442","10.1664","Germany","DE","DEU","Hamburg","","8990","1276130515"
"Kāndra","Kandra","22.8517","86.0519","India","IN","IND","Jhārkhand","","8990","1356076257"
"Kulpsville","Kulpsville","40.2440","-75.3407","United States","US","USA","Pennsylvania","","8990","1840005465"
"Iscuandé","Iscuande","2.4444","-77.9717","Colombia","CO","COL","Nariño","minor","8989","1170165783"
"Pullach im Isartal","Pullach im Isartal","48.0500","11.5167","Germany","DE","DEU","Bavaria","","8989","1276150760"
"Gudlūru","Gudluru","15.0667","79.9000","India","IN","IND","Andhra Pradesh","","8989","1356940042"
"Chundale","Chundale","11.5739","76.0578","India","IN","IND","Kerala","","8989","1356623063"
"’Aïn Leuh","'Ain Leuh","33.2833","-5.3833","Morocco","MA","MAR","Fès-Meknès","","8989","1504668626"
"Apahida","Apahida","46.8078","23.7400","Romania","RO","ROU","Cluj","","8989","1642782471"
"Hillcrest","Hillcrest","41.1298","-74.0350","United States","US","USA","New York","","8989","1840004967"
"Shelburne","Shelburne","44.0833","-80.2000","Canada","CA","CAN","Ontario","","8989","1124470888"
"Ardooie","Ardooie","50.9667","3.1833","Belgium","BE","BEL","Flanders","","8988","1056959747"
"Santana do Manhuaçu","Santana do Manhuacu","-20.1078","-41.9250","Brazil","BR","BRA","Minas Gerais","minor","8987","1076618568"
"Liffré","Liffre","48.2142","-1.5067","France","FR","FRA","Bretagne","","8987","1250597226"
"Kanchanpalli","Kanchanpalli","17.7427","79.3128","India","IN","IND","Andhra Pradesh","","8987","1356156655"
"Togou","Togou","13.5911","-5.9981","Mali","ML","MLI","Ségou","","8987","1466511755"
"Dulce Nombre de María","Dulce Nombre de Maria","14.1500","-89.0167","El Salvador","SV","SLV","Chalatenango","","8987","1222936599"
"Urdinarrain","Urdinarrain","-32.6856","-58.8867","Argentina","AR","ARG","Entre Ríos","","8986","1032326044"
"Bassenge","Bassenge","50.7583","5.6094","Belgium","BE","BEL","Wallonia","","8986","1056702333"
"Hirayama","Hirayama","33.6467","130.5000","Japan","JP","JPN","Fukuoka","","8986","1392375726"
"Fairless Hills","Fairless Hills","40.1783","-74.8524","United States","US","USA","Pennsylvania","","8985","1840001307"
"Arboledas","Arboledas","7.6667","-72.7500","Colombia","CO","COL","Norte de Santander","minor","8984","1170201750"
"Veauche","Veauche","45.5628","4.2786","France","FR","FRA","Auvergne-Rhône-Alpes","","8984","1250180182"
"Telaprolu","Telaprolu","16.5860","80.8900","India","IN","IND","Andhra Pradesh","","8984","1356143966"
"Kosum Phisai","Kosum Phisai","16.2486","103.0674","Thailand","TH","THA","Maha Sarakham","minor","8984","1764287207"
"Tiou","Tiou","11.9500","-2.2000","Burkina Faso","BF","BFA","Centre-Ouest","","8983","1854986756"
"Seydunganallūr","Seydunganallur","8.6624","77.8293","India","IN","IND","Tamil Nādu","","8983","1356481817"
"Almargem","Almargem","38.8475","-9.2714","Portugal","PT","PRT","Lisboa","","8983","1620407856"
"Puerto Lleras","Puerto Lleras","3.2694","-73.3750","Colombia","CO","COL","Meta","minor","8982","1170566483"
"Khiriāwān","Khiriawan","25.1120","84.4017","India","IN","IND","Bihār","","8982","1356279097"
"Chilón","Chilon","17.1167","-92.2833","Mexico","MX","MEX","Chiapas","minor","8982","1484706149"
"Pithiviers","Pithiviers","48.1725","2.2525","France","FR","FRA","Centre-Val de Loire","minor","8981","1250710723"
"Stanley","Stanley","49.1331","-98.0656","Canada","CA","CAN","Manitoba","","8981","1124001503"
"Zschopau","Zschopau","50.7500","13.0667","Germany","DE","DEU","Saxony","","8980","1276308597"
"Dardilly","Dardilly","45.8064","4.7536","France","FR","FRA","Auvergne-Rhône-Alpes","","8980","1250475669"
"Kattamūru","Kattamuru","17.0800","82.1300","India","IN","IND","Andhra Pradesh","","8980","1356540764"
"San Francisco Ixhuatan","San Francisco Ixhuatan","16.3500","-94.4833","Mexico","MX","MEX","Oaxaca","","8980","1484223318"
"Acobamba","Acobamba","-12.8431","-74.5694","Peru","PE","PER","Huancavelica","","8980","1604419379"
"North Kensington","North Kensington","39.0393","-77.0723","United States","US","USA","Maryland","","8980","1840031382"
"Akpassi","Akpassi","8.4500","1.8833","Benin","BJ","BEN","Collines","","8979","1204094346"
"Bayabas","Bayabas","8.9678","126.2817","Philippines","PH","PHL","Surigao del Sur","","8979","1608996722"
"Zwiesel","Zwiesel","49.0167","13.2333","Germany","DE","DEU","Bavaria","","8978","1276620797"
"Hosūru","Hosuru","15.3797","77.4598","India","IN","IND","Andhra Pradesh","","8978","1356348864"
"Sanganakallu","Sanganakallu","15.1847","76.9703","India","IN","IND","Karnātaka","","8978","1356704546"
"Pulimākkal","Pulimakkal","9.6500","76.7167","India","IN","IND","Kerala","","8978","1356161490"
"Taber","Taber","49.7847","-112.1508","Canada","CA","CAN","Alberta","","8978","1124113583"
"Huasco","Huasco","-28.4664","-71.2192","Chile","CL","CHL","Atacama","","8977","1152643675"
"Pedda Pendyāla","Pedda Pendyala","17.9230","79.4085","India","IN","IND","Andhra Pradesh","","8977","1356952562"
"Kalanchak","Kalanchak","46.2522","33.2906","Ukraine","UA","UKR","Khersonska Oblast","minor","8977","1804573757"
"Higuera de Zaragoza","Higuera de Zaragoza","25.9500","-109.2833","Mexico","MX","MEX","Sinaloa","","8976","1484471294"
"Saline","Saline","42.1740","-83.7780","United States","US","USA","Michigan","","8976","1840003171"
"Lapinlahti","Lapinlahti","63.3667","27.3833","Finland","FI","FIN","Pohjois-Savo","minor","8975","1246095473"
"Linares","Linares","1.3500","-77.5333","Colombia","CO","COL","Nariño","minor","8974","1170176780"
"Ponnāda","Ponnada","18.2536","83.9012","India","IN","IND","Andhra Pradesh","","8974","1356433416"
"Bhirua","Bhirua","25.8509","86.3319","India","IN","IND","Bihār","","8974","1356256650"
"Barwān","Barwan","23.9379","87.9350","India","IN","IND","West Bengal","","8974","1356955537"
"Purcellville","Purcellville","39.1378","-77.7110","United States","US","USA","Virginia","","8974","1840005875"
"Iseo","Iseo","45.6586","10.0536","Italy","IT","ITA","Lombardy","","8973","1380575518"
"Pena Forte","Pena Forte","-7.8289","-39.0769","Brazil","BR","BRA","Ceará","minor","8972","1076582972"
"Yekāmbarakuppam","Yekambarakuppam","13.3168","79.5678","India","IN","IND","Andhra Pradesh","","8972","1356908847"
"Sidi Dahbi","Sidi Dahbi","33.0500","-7.1833","Morocco","MA","MAR","Casablanca-Settat","","8972","1504613432"
"Tepechitlán","Tepechitlan","21.6667","-103.3333","Mexico","MX","MEX","Zacatecas","minor","8972","1484570912"
"Neustadt","Neustadt","50.7333","11.7500","Germany","DE","DEU","Thuringia","","8971","1276606241"
"Talevad","Talevad","17.1700","75.9600","India","IN","IND","Mahārāshtra","","8971","1356650539"
"Lerma","Lerma","19.8000","-90.6000","Mexico","MX","MEX","Campeche","","8971","1484035396"
"Thung Sai","Thung Sai","16.3149","99.8327","Thailand","TH","THA","Kamphaeng Phet","minor","8971","1764018177"
"Mahamda","Mahamda","25.8108","84.7874","India","IN","IND","Bihār","","8970","1356708030"
"Pararia","Pararia","25.6492","86.7501","India","IN","IND","Bihār","","8970","1356107753"
"Borgoricco","Borgoricco","45.5336","11.9659","Italy","IT","ITA","Veneto","","8969","1380419285"
"Valea lui Mihai","Valea lui Mihai","47.5200","22.1300","Romania","RO","ROU","Bihor","","8969","1642733254"
"Ianca","Ianca","45.1350","27.4747","Romania","RO","ROU","Brăila","","8969","1642741254"
"Vrhnika","Vrhnika","45.9624","14.2937","Slovenia","SI","SVN","Vrhnika","admin","8969","1705071756"
"Tulbagh","Tulbagh","-33.2850","19.1378","South Africa","ZA","ZAF","Western Cape","","8969","1710401390"
"Aberdeen","Aberdeen","35.1350","-79.4326","United States","US","USA","North Carolina","","8969","1840015433"
"Kelso","Kelso","-33.4189","149.6058","Australia","AU","AUS","New South Wales","","8968","1036270756"
"Miradouro","Miradouro","-20.8908","-42.3428","Brazil","BR","BRA","Minas Gerais","minor","8968","1076981625"
"Lolokhur","Lolokhur","26.4136","87.4012","India","IN","IND","Bihār","","8968","1356577828"
"Lincoln Village","Lincoln Village","39.9532","-83.1314","United States","US","USA","Ohio","","8968","1840034388"
"Westwood","Westwood","42.3031","-85.6286","United States","US","USA","Michigan","","8968","1840006978"
"Monforte del Cid","Monforte del Cid","38.3833","-0.7167","Spain","ES","ESP","Valencia","","8967","1724092008"
"Ashbourne","Ashbourne","53.0160","-1.7310","United Kingdom","GB","GBR","Derbyshire","","8967","1826277851"
"Beni Oulid","Beni Oulid","34.5897","-4.4514","Morocco","MA","MAR","Fès-Meknès","","8967","1504501654"
"Al Yādūdah","Al Yadudah","32.6751","36.0565","Syria","SY","SYR","Dar‘ā","","8967","1760881970"
"Llanharan","Llanharan","51.5300","-3.4300","United Kingdom","GB","GBR","Rhondda Cynon Taff","","8966","1826005912"
"Saint Sampson","Saint Sampson","49.4819","-2.5411","Guernsey","GG","GGY","","","8966","1831369844"
"Tzitzio","Tzitzio","19.5856","-100.9231","Mexico","MX","MEX","Michoacán","minor","8966","1484231858"
"Bösel","Bosel","53.0058","7.9542","Germany","DE","DEU","Lower Saxony","","8965","1276774199"
"Kharsāwān","Kharsawan","22.7909","85.8310","India","IN","IND","Jhārkhand","","8965","1356797105"
"Siachoque","Siachoque","5.5000","-73.2333","Colombia","CO","COL","Boyacá","minor","8964","1170608833"
"Mudgere","Mudgere","13.1370","75.6060","India","IN","IND","Karnātaka","","8962","1356875205"
"Fitzgerald","Fitzgerald","31.7134","-83.2514","United States","US","USA","Georgia","","8962","1840013855"
"Tovāla","Tovala","8.2312","77.5060","India","IN","IND","Tamil Nādu","","8961","1356172711"
"Aver-o-Mar","Aver-o-Mar","41.4039","-8.7690","Portugal","PT","PRT","Porto","","8961","1620327215"
"Fredensborg","Fredensborg","55.9735","12.4039","Denmark","DK","DNK","Hovedstaden","","8960","1208706314"
"Segni","Segni","41.6833","13.0167","Italy","IT","ITA","Lazio","","8959","1380081575"
"Nuquí","Nuqui","5.7167","-77.2667","Colombia","CO","COL","Chocó","minor","8958","1170020146"
"Ūnagatla","Unagatla","16.9611","81.6610","India","IN","IND","Andhra Pradesh","","8958","1356207891"
"Slavgorod","Slavgorod","52.9833","78.6667","Russia","RU","RUS","Altayskiy Kray","","8958","1643239330"
"Tysmenytsia","Tysmenytsia","48.9008","24.8492","Ukraine","UA","UKR","Ivano-Frankivska Oblast","minor","8958","1804289789"
"Perkiomen","Perkiomen","40.2316","-75.4644","United States","US","USA","Pennsylvania","","8958","1840142126"
"Ibitirama","Ibitirama","-20.5408","-41.6669","Brazil","BR","BRA","Espírito Santo","minor","8957","1076448758"
"Sarenja","Sarenja","25.4449","83.8942","India","IN","IND","Bihār","","8957","1356988432"
"Gāzulapalle","Gazulapalle","15.4036","78.6176","India","IN","IND","Andhra Pradesh","","8957","1356859017"
"Orting","Orting","47.0967","-122.2112","United States","US","USA","Washington","","8957","1840019858"
"Wetter","Wetter","50.8833","8.7167","Germany","DE","DEU","Hesse","","8956","1276187862"
"Sileby","Sileby","52.7310","-1.1060","United Kingdom","GB","GBR","Leicestershire","","8956","1826945985"
"Hlobyne","Hlobyne","49.3903","33.2503","Ukraine","UA","UKR","Poltavska Oblast","minor","8955","1804876487"
"Rio das Flores","Rio das Flores","-22.1678","-43.5858","Brazil","BR","BRA","Rio de Janeiro","minor","8954","1076984547"
"Wangdue Phodrang","Wangdue Phodrang","27.4833","89.9000","Bhutan","BT","BTN","Wangdue Phodrang","admin","8954","1064353953"
"Sānchi","Sanchi","23.4865","77.7378","India","IN","IND","Madhya Pradesh","","8954","1356060833"
"Bir Tam Tam","Bir Tam Tam","33.9833","-4.6333","Morocco","MA","MAR","Fès-Meknès","","8954","1504669372"
"Khodoriv","Khodoriv","49.4044","24.3122","Ukraine","UA","UKR","Lvivska Oblast","","8954","1804664914"
"Kennedale","Kennedale","32.6434","-97.2172","United States","US","USA","Texas","","8954","1840019429"
"La Fare-les-Oliviers","La Fare-les-Oliviers","43.5525","5.1950","France","FR","FRA","Provence-Alpes-Côte d’Azur","","8953","1250000893"
"Bayyavaram","Bayyavaram","17.6638","82.9420","India","IN","IND","Andhra Pradesh","","8953","1356090254"
"Kusmaul","Kusmaul","26.1911","87.1311","India","IN","IND","Bihār","","8953","1356166384"
"San Francisco Chimalpa","San Francisco Chimalpa","19.4419","-99.3419","Mexico","MX","MEX","México","","8953","1484599969"
"Velden am Wörthersee","Velden am Worthersee","46.6000","14.0333","Austria","AT","AUT","Kärnten","","8952","1040535411"
"Yaguará","Yaguara","2.6661","-75.5186","Colombia","CO","COL","Huila","minor","8952","1170717025"
"Al Hammāmīyah","Al Hammamiyah","26.9308","31.4877","Egypt","EG","EGY","Al Baḩr al Aḩmar","","8952","1818811496"
"Noventa Vicentina","Noventa Vicentina","45.2833","11.5333","Italy","IT","ITA","Veneto","","8952","1380296259"
"Bazimini","Bazimini","-12.1833","44.4500","Comoros","KM","COM","Anjouan","","8952","1174603336"
"Tvrdošín","Tvrdosin","49.3369","19.5503","Slovakia","SK","SVK","Žilina","minor","8952","1703880169"
"Donnacona","Donnacona","46.6747","-71.7294","Canada","CA","CAN","Quebec","","8952","1124002794"
"Sucha Beskidzka","Sucha Beskidzka","49.7403","19.5886","Poland","PL","POL","Małopolskie","minor","8951","1616035021"
"Mnichovo Hradiště","Mnichovo Hradiste","50.5214","14.9736","Czechia","CZ","CZE","Středočeský Kraj","","8950","1203949277"
"Cébazat","Cebazat","45.8322","3.1006","France","FR","FRA","Auvergne-Rhône-Alpes","","8949","1250938793"
"Karadge","Karadge","16.4200","74.5800","India","IN","IND","Mahārāshtra","","8949","1356099967"
"Phulhara","Phulhara","25.8937","86.1300","India","IN","IND","Bihār","","8949","1356399438"
"Vanavāsi","Vanavasi","11.7523","77.8779","India","IN","IND","Tamil Nādu","","8949","1356168182"
"Morropón","Morropon","-5.1867","-79.9708","Peru","PE","PER","Piura","","8949","1604494737"
"Flanders","Flanders","40.8412","-74.7102","United States","US","USA","New Jersey","","8949","1840033277"
"Edgewater Park","Edgewater Park","40.0540","-74.9117","United States","US","USA","New Jersey","","8949","1840081632"
"Groß Kreutz","Gross Kreutz","52.4000","12.7833","Germany","DE","DEU","Brandenburg","","8948","1276310156"
"Ouled Rahou","Ouled Rahou","36.0069","0.5919","Algeria","DZ","DZA","Mostaganem","","8948","1012100665"
"Chécy","Checy","47.8942","2.0275","France","FR","FRA","Centre-Val de Loire","","8948","1250650175"
"Sambhu Chak","Sambhu Chak","26.4081","84.9227","India","IN","IND","Bihār","","8948","1356450322"
"Bawāna","Bawana","28.7620","77.0630","India","IN","IND","Delhi","","8948","1356052113"
"Aviano","Aviano","46.0667","12.5833","Italy","IT","ITA","Friuli Venezia Giulia","","8948","1380233722"
"Kangal","Kangal","39.2367","37.3886","Turkey","TR","TUR","Sivas","minor","8948","1792418082"
"Ladue","Ladue","38.6377","-90.3815","United States","US","USA","Missouri","","8948","1840008599"
"Villa Aberastain","Villa Aberastain","-31.6500","-68.5833","Argentina","AR","ARG","San Juan","minor","8946","1032501472"
"Angelópolis","Angelopolis","6.1333","-75.7000","Colombia","CO","COL","Antioquia","minor","8946","1170231958"
"Steinheim am Albuch","Steinheim am Albuch","48.6922","10.0642","Germany","DE","DEU","Baden-Württemberg","","8946","1276634395"
"Ben Chicao","Ben Chicao","36.1997","2.8486","Algeria","DZ","DZA","Médéa","","8946","1012914449"
"San Mateo","San Mateo","14.8667","-91.5833","Guatemala","GT","GTM","Quetzaltenango","minor","8946","1320122162"
"Bāba Bakāla","Baba Bakala","31.5550","75.2656","India","IN","IND","Punjab","","8946","1356244527"
"Sheffield Lake","Sheffield Lake","41.4883","-82.0979","United States","US","USA","Ohio","","8946","1840000647"
"Natuba","Natuba","-7.6408","-35.5500","Brazil","BR","BRA","Paraíba","minor","8945","1076608325"
"Bhelsi","Bhelsi","24.7866","79.1281","India","IN","IND","Madhya Pradesh","","8945","1356551393"
"Jasauli Patti","Jasauli Patti","26.4912","84.8818","India","IN","IND","Bihār","","8945","1356861586"
"Dalavāypattanam","Dalavaypattanam","10.6747","77.4845","India","IN","IND","Tamil Nādu","","8945","1356427380"
"Attnang-Puchheim","Attnang-Puchheim","48.0167","13.7197","Austria","AT","AUT","Oberösterreich","","8944","1040023749"
"Rāmnagar","Ramnagar","32.8073","75.3112","India","IN","IND","Jammu and Kashmīr","","8944","1356403730"
"Açucena","Acucena","-19.0728","-42.5458","Brazil","BR","BRA","Minas Gerais","minor","8943","1076910841"
"Chitvel","Chitvel","14.1667","79.3333","India","IN","IND","Andhra Pradesh","","8943","1356145461"
"Czarna Białostocka","Czarna Bialostocka","53.3000","23.2833","Poland","PL","POL","Podlaskie","","8943","1616707256"
"Yasenivskyi","Yasenivskyi","48.1606","39.2175","Ukraine","UA","UKR","Luhanska Oblast","","8943","1804630706"
"Nanmucun","Nanmucun","25.1647","114.5549","China","CN","CHN","Guangdong","","8942","1156554178"
"Ferryhill","Ferryhill","54.6900","-1.5500","United Kingdom","GB","GBR","Durham","","8942","1826891568"
"Munagāla","Munagala","17.0500","79.8333","India","IN","IND","Andhra Pradesh","","8942","1356708472"
"Manteno","Manteno","41.2470","-87.8457","United States","US","USA","Illinois","","8942","1840011703"
"Colméia","Colmeia","-8.7289","-48.7650","Brazil","BR","BRA","Tocantins","minor","8941","1076876679"
"Tena","Tena","4.6547","-74.3900","Colombia","CO","COL","Cundinamarca","minor","8941","1170594078"
"Corgao","Corgao","15.7096","73.7497","India","IN","IND","Goa","","8941","1356471169"
"Bikkatti","Bikkatti","11.3741","76.7513","India","IN","IND","Tamil Nādu","","8941","1356226000"
"Yellanda","Yellanda","17.7929","79.5912","India","IN","IND","Andhra Pradesh","","8941","1356837630"
"Esanai","Esanai","11.3004","78.8314","India","IN","IND","Tamil Nādu","","8941","1356096306"
"Mālior","Malior","25.3900","87.8473","India","IN","IND","West Bengal","","8941","1356136425"
"Kotabommāli","Kotabommali","18.5333","84.1667","India","IN","IND","Andhra Pradesh","","8941","1356990932"
"Colorno","Colorno","44.9300","10.3758","Italy","IT","ITA","Emilia-Romagna","","8941","1380485958"
"Peebles","Peebles","55.6519","-3.1889","United Kingdom","GB","GBR","Scottish Borders","","8940","1826563131"
"Broughton Astley","Broughton Astley","52.5278","-1.2275","United Kingdom","GB","GBR","Leicestershire","","8940","1826146185"
"Büyükorhan","Buyukorhan","39.7500","28.9167","Turkey","TR","TUR","Bursa","minor","8940","1792732842"
"Viale","Viale","-31.8667","-60.0167","Argentina","AR","ARG","Entre Ríos","","8939","1032929060"
"Tshabong","Tshabong","-26.0200","22.4056","Botswana","BW","BWA","Kgalagadi","admin","8939","1072830877"
"Polička","Policka","49.7150","16.2675","Czechia","CZ","CZE","Pardubický Kraj","","8939","1203964642"
"Gonfreville-l’Orcher","Gonfreville-l'Orcher","49.5058","0.2342","France","FR","FRA","Normandie","","8939","1250002504"
"Brimington","Brimington","53.2580","-1.3905","United Kingdom","GB","GBR","Derbyshire","","8939","1826142035"
"Borio","Borio","25.0344","87.5925","India","IN","IND","Jhārkhand","","8939","1356109772"
"Nawāda","Nawada","25.5037","85.7325","India","IN","IND","Bihār","","8939","1356486934"
"Rāmgarha","Ramgarha","25.7983","84.9592","India","IN","IND","Bihār","","8939","1356607631"
"Almoloya del Río","Almoloya del Rio","19.1586","-99.4886","Mexico","MX","MEX","México","minor","8939","1484000708"
"Harahan","Harahan","29.9374","-90.2031","United States","US","USA","Louisiana","","8939","1840013997"
"Meadowbrook","Meadowbrook","33.3935","-86.7041","United States","US","USA","Alabama","","8939","1840027633"
"West Caln","West Caln","40.0237","-75.8866","United States","US","USA","Pennsylvania","","8938","1840145648"
"Rio del Mar","Rio del Mar","36.9607","-121.8807","United States","US","USA","California","","8938","1840028179"
"Messíni","Messini","37.0500","22.0000","Greece","GR","GRC","Pelopónnisos","minor","8937","1300524059"
"Montagnana","Montagnana","45.2333","11.4658","Italy","IT","ITA","Veneto","","8937","1380865759"
"Valley Center","Valley Center","37.8332","-97.3646","United States","US","USA","Kansas","","8937","1840010848"
"Pulaski","Pulaski","37.0528","-80.7624","United States","US","USA","Virginia","","8937","1840006469"
"Caputira","Caputira","-20.1719","-42.2708","Brazil","BR","BRA","Minas Gerais","minor","8936","1076678686"
"Ban Nikhom Phatthana","Ban Nikhom Phatthana","16.7242","99.9697","Thailand","TH","THA","Phitsanulok","","8936","1764788584"
"Haledon","Haledon","40.9363","-74.1887","United States","US","USA","New Jersey","","8936","1840003512"
"Khagaur","Khagaur","25.1744","86.1021","India","IN","IND","Bihār","","8935","1356107760"
"Kafr Sajnah","Kafr Sajnah","35.5279","36.5896","Syria","SY","SYR","Idlib","","8935","1760926229"
"Boucau","Boucau","43.5244","-1.4853","France","FR","FRA","Nouvelle-Aquitaine","","8934","1250957654"
"Gouvieux","Gouvieux","49.1883","2.4169","France","FR","FRA","Hauts-de-France","","8934","1250093809"
"Chinna Kalaiyamputtūr","Chinna Kalaiyamputtur","10.4714","77.4657","India","IN","IND","Tamil Nādu","","8933","1356172085"
"Hurzuf","Hurzuf","44.5528","34.2875","Ukraine","UA","UKR","Krym, Avtonomna Respublika","","8933","1804682977"
"Cloverdale","Cloverdale","38.7962","-123.0152","United States","US","USA","California","","8933","1840018838"
"Glastonbury","Glastonbury","51.1475","-2.7175","United Kingdom","GB","GBR","Somerset","","8932","1826365312"
"Monteforte d’Alpone","Monteforte d'Alpone","45.4167","11.2833","Italy","IT","ITA","Veneto","","8932","1380147370"
"Bounaamane","Bounaamane","29.5283","-9.8044","Morocco","MA","MAR","Souss-Massa","","8932","1504463740"
"Seddouk Oufella","Seddouk Oufella","36.6061","4.6389","Algeria","DZ","DZA","Bejaïa","","8931","1012348181"
"Guttikonda","Guttikonda","16.4300","79.8340","India","IN","IND","Andhra Pradesh","","8931","1356145475"
"Qashyr","Qashyr","53.0804","76.0900","Kazakhstan","KZ","KAZ","Pavlodar","minor","8931","1398362078"
"Thap Than","Thap Than","15.4606","99.8917","Thailand","TH","THA","Uthai Thani","minor","8931","1764003260"
