"Poggio Renatico","Poggio Renatico","44.7650","11.4833","Italy","IT","ITA","Emilia-Romagna","","9709","1380751237"
"Zengjia Taizi","Zengjia Taizi","32.1263","109.4692","China","CN","CHN","Shaanxi","","9708","1156520256"
"Zengjiaba","Zengjiaba","32.1114","109.4603","China","CN","CHN","Shaanxi","","9708","1156810085"
"Pinos Puente","Pinos Puente","37.2500","-3.7500","Spain","ES","ESP","Andalusia","","9708","1724568030"
"Lāpangā","Lapanga","23.6333","85.3770","India","IN","IND","Jhārkhand","","9708","1356189882"
"Lambertville","Lambertville","41.7484","-83.6244","United States","US","USA","Michigan","","9708","1840006576"
"Skidal’","Skidal'","53.5833","24.2500","Belarus","BY","BLR","Hrodzyenskaya Voblasts’","","9707","1112017248"
"Vitorino","Vitorino","-26.2769","-52.7839","Brazil","BR","BRA","Paraná","minor","9706","1076734770"
"Wakoro","Wakoro","12.5994","-6.6900","Mali","ML","MLI","Koulikoro","","9706","1466252036"
"Lykóvrysi","Lykovrysi","38.0667","23.7833","Greece","GR","GRC","Attikí","","9705","1300868556"
"Tiruvengadam","Tiruvengadam","9.2586","77.6748","India","IN","IND","Tamil Nādu","","9705","1356289004"
"Ranomafana","Ranomafana","-21.2592","47.4544","Madagascar","MG","MDG","Fianarantsoa","","9705","1450503373"
"Kokologo","Kokologo","12.1833","-1.8833","Burkina Faso","BF","BFA","Centre-Ouest","minor","9704","1854194060"
"Periyapuliyūr","Periyapuliyur","11.4296","77.6309","India","IN","IND","Tamil Nādu","","9704","1356167822"
"Kannāndahalli","Kannandahalli","12.4164","78.3803","India","IN","IND","Tamil Nādu","","9704","1356099078"
"Vanipenta","Vanipenta","14.7906","78.7805","India","IN","IND","Andhra Pradesh","","9704","1356367532"
"Croydon","Croydon","40.0911","-74.8975","United States","US","USA","Pennsylvania","","9704","1840005406"
"Lovendegem","Lovendegem","51.1000","3.6000","Belgium","BE","BEL","Flanders","","9703","1056273817"
"Punnavalli","Punnavalli","16.4062","80.4010","India","IN","IND","Andhra Pradesh","","9703","1356542997"
"Bararam","Bararam","26.1572","84.3627","India","IN","IND","Bihār","","9703","1356051379"
"Belsara","Belsara","26.0152","87.2023","India","IN","IND","Bihār","","9703","1356723054"
"Rāmpura","Rampura","14.8810","76.7814","India","IN","IND","Karnātaka","","9703","1356066693"
"Sovata","Sovata","46.5961","25.0744","Romania","RO","ROU","Mureş","","9703","1642965657"
"Mount Evelyn","Mount Evelyn","-37.7830","145.3850","Australia","AU","AUS","Victoria","","9702","1036617292"
"Saint-Jean-d’Illac","Saint-Jean-d'Illac","44.8106","-0.7825","France","FR","FRA","Nouvelle-Aquitaine","","9702","1250364390"
"Pipra Dewās","Pipra Dewas","25.4636","86.0236","India","IN","IND","Bihār","","9702","1356942595"
"Āttūrkuppam","Atturkuppam","12.6000","78.5423","India","IN","IND","Tamil Nādu","","9702","1356958556"
"Madhubani","Madhubani","27.0001","84.1040","India","IN","IND","Bihār","","9702","1356306845"
"Sturgeon Bay","Sturgeon Bay","44.8228","-87.3660","United States","US","USA","Wisconsin","","9702","1840003935"
"Purkersdorf","Purkersdorf","48.2092","16.1792","Austria","AT","AUT","Niederösterreich","","9701","1040636796"
"Eksjö","Eksjo","57.6667","14.9500","Sweden","SE","SWE","Jönköping","minor","9701","1752063761"
"Polorós","Poloros","13.5844","-87.8411","El Salvador","SV","SLV","La Unión","","9701","1222036180"
"Hemau","Hemau","49.0519","11.7828","Germany","DE","DEU","Bavaria","","9700","1276739454"
"Wadgira","Wadgira","16.5858","77.0980","India","IN","IND","Karnātaka","","9700","1356118062"
"Tungāvi","Tungavi","10.6263","77.3294","India","IN","IND","Tamil Nādu","","9700","1356171107"
"Genemuiden","Genemuiden","52.6244","6.0397","Netherlands","NL","NLD","Overijssel","","9700","1528251889"
"Huari","Huari","-9.3689","-77.2369","Peru","PE","PER","Ancash","","9700","1604048812"
"Cherepanovo","Cherepanovo","54.2333","83.3667","Russia","RU","RUS","Novosibirskaya Oblast’","","9700","1643646272"
"Ruzayevka","Ruzayevka","54.0667","44.9333","Russia","RU","RUS","Mordoviya","minor","9700","1643836574"
"Chilanga","Chilanga","13.7167","-88.1167","El Salvador","SV","SLV","Morazán","","9700","1222531910"
"Sirka","Sirka","9.5719","1.3183","Togo","TG","TGO","Kara","","9700","1768994330"
"McCordsville","McCordsville","39.8966","-85.9208","United States","US","USA","Indiana","","9700","1840009526"
"Imías","Imias","20.0694","-74.6314","Cuba","CU","CUB","Guantánamo","minor","9699","1192551385"
"Asuke","Asuke","35.1340","137.1454","Japan","JP","JPN","Aichi","","9699","1392272981"
"Zafargarh","Zafargarh","17.7686","79.4859","India","IN","IND","Andhra Pradesh","","9698","1356679643"
"Pāra","Para","23.5200","86.5200","India","IN","IND","West Bengal","","9697","1356401794"
"Morehead City","Morehead City","34.7308","-76.7388","United States","US","USA","North Carolina","","9696","1840016482"
"Pai Bigha","Pai Bigha","25.0511","84.9226","India","IN","IND","Bihār","","9695","1356830413"
"Butler","Butler","41.0358","-75.9798","United States","US","USA","Pennsylvania","","9694","1840147559"
"Kokoszki","Kokoszki","54.3541","18.4915","Poland","PL","POL","Pomorskie","","9693","1616899678"
"Neu Bleckede","Neu Bleckede","53.3000","10.7333","Germany","DE","DEU","Lower Saxony","","9692","1276752770"
"Celldömölk","Celldomolk","47.2557","17.1491","Hungary","HU","HUN","Vas","minor","9692","1348592916"
"Latteri","Latteri","12.9712","79.0685","India","IN","IND","Tamil Nādu","","9692","1356641236"
"Wittenbach","Wittenbach","47.4667","9.3795","Switzerland","CH","CHE","Sankt Gallen","","9691","1756489674"
"Belalcázar","Belalcazar","5.0000","-75.8167","Colombia","CO","COL","Caldas","minor","9690","1170179028"
"Saint-Amand-Montrond","Saint-Amand-Montrond","46.7000","2.5100","France","FR","FRA","Centre-Val de Loire","minor","9690","1250072832"
"Gorgāb","Gorgab","32.8661","51.5972","Iran","IR","IRN","Eşfahān","","9690","1364220852"
"Loreto","Loreto","10.3586","125.5816","Philippines","PH","PHL","Dinagat Islands","","9690","1608087453"
"Pakhtaobod","Pakhtaobod","38.4667","68.1333","Tajikistan","TJ","TJK","Nohiyahoi Tobei Jumhurí","","9690","1762687670"
"Litovel","Litovel","49.7011","17.0761","Czechia","CZ","CZE","Olomoucký Kraj","","9689","1203150242"
"Brandis","Brandis","51.3347","12.6089","Germany","DE","DEU","Saxony","","9689","1276455051"
"Kitee","Kitee","62.1000","30.1333","Finland","FI","FIN","Pohjois-Karjala","minor","9689","1246458844"
"Oostzaan","Oostzaan","52.4333","4.8833","Netherlands","NL","NLD","Noord-Holland","minor","9689","1528095690"
"Sigtuna","Sigtuna","59.6167","17.7167","Sweden","SE","SWE","Stockholm","","9689","1752118222"
"Tarashcha","Tarashcha","49.5500","30.5000","Ukraine","UA","UKR","Kyivska Oblast","minor","9689","1804874474"
"Grado","Grado","43.3881","-6.0736","Spain","ES","ESP","Asturias","","9688","1724381438"
"Ban Bueng Kok","Ban Bueng Kok","16.6833","100.0333","Thailand","TH","THA","Phitsanulok","","9688","1764708028"
"Santamāgulūru","Santamaguluru","16.1303","79.9486","India","IN","IND","Andhra Pradesh","","9687","1356148353"
"Mohdra","Mohdra","24.1849","79.9577","India","IN","IND","Madhya Pradesh","","9687","1356912646"
"Malhārgarh","Malhargarh","24.2829","74.9902","India","IN","IND","Madhya Pradesh","","9687","1356997775"
"Velakkuttai","Velakkuttai","12.6519","78.6937","India","IN","IND","Tamil Nādu","","9687","1356982055"
"Revel","Revel","43.4594","2.0047","France","FR","FRA","Occitanie","","9686","1250490543"
"Raseiniai","Raseiniai","55.3797","23.1239","Lithuania","LT","LTU","Raseiniai","admin","9686","1440481520"
"Guifões","Guifoes","41.2011","-8.6650","Portugal","PT","PRT","Porto","","9686","1620446223"
"Aniva","Aniva","46.7167","142.5167","Russia","RU","RUS","Sakhalinskaya Oblast’","minor","9686","1643419980"
"Hoeselt","Hoeselt","50.8500","5.4833","Belgium","BE","BEL","Flanders","","9685","1056339623"
"Bohechío","Bohechio","18.7700","-70.9800","Dominican Republic","DO","DOM","El Valle","","9685","1214699842"
"Sävja","Savja","59.8333","17.6833","Sweden","SE","SWE","Uppsala","","9684","1752516953"
"Kálymnos","Kalymnos","36.9900","26.9850","Greece","GR","GRC","Nótio Aigaío","minor","9683","1300286595"
"Saint-Vith","Saint-Vith","50.2797","6.1275","Belgium","BE","BEL","Wallonia","","9682","1056135574"
"Jagtiāl","Jagtial","18.7895","78.9120","India","IN","IND","Andhra Pradesh","","9682","1356225238"
"Santo Tomás de los Plátanos","Santo Tomas de los Platanos","19.1817","-100.2589","Mexico","MX","MEX","México","minor","9682","1484531949"
"Pueblo Viejo","Pueblo Viejo","19.1790","-100.2984","Mexico","MX","MEX","México","","9682","1484057384"
"Canonsburg","Canonsburg","40.2643","-80.1867","United States","US","USA","Pennsylvania","","9682","1840003643"
"Stoneham-et-Tewkesbury","Stoneham-et-Tewkesbury","47.1667","-71.4333","Canada","CA","CAN","Quebec","","9682","1124000439"
"Ventania","Ventania","-24.2458","-50.2428","Brazil","BR","BRA","Paraná","minor","9681","1076340729"
"Concordia","Concordia","10.2667","-74.8333","Colombia","CO","COL","Magdalena","minor","9681","1170555051"
"Fuli","Fuli","23.1333","121.2833","Taiwan","TW","TWN","Hualien","","9681","1158634303"
"Benkovac","Benkovac","44.0344","15.6128","Croatia","HR","HRV","Zadarska Županija","minor","9680","1191830836"
"Lentvaris","Lentvaris","54.6333","25.0500","Lithuania","LT","LTU","Trakai","","9680","1440638790"
"Amritpur","Amritpur","28.1196","81.5965","Nepal","NP","NPL","","","9680","1524026946"
"Radekhiv","Radekhiv","50.2828","24.6375","Ukraine","UA","UKR","Lvivska Oblast","","9680","1804200206"
"Alfred and Plantagenet","Alfred and Plantagenet","45.5667","-74.9167","Canada","CA","CAN","Ontario","","9680","1124001813"
"Alberdi","Alberdi","-26.1873","-58.1426","Paraguay","PY","PRY","Ñeembucú","","9679","1600904463"
"Jennings","Jennings","30.2233","-92.6582","United States","US","USA","Louisiana","","9679","1840015040"
"Pullūru","Pulluru","16.8301","80.6226","India","IN","IND","Andhra Pradesh","","9678","1356073321"
"Pondalūru","Pondaluru","14.2535","79.2408","India","IN","IND","Andhra Pradesh","","9678","1356207096"
"Perumbalam","Perumbalam","9.8500","76.3667","India","IN","IND","Kerala","","9678","1356677190"
"Ak-Suu","Ak-Suu","42.8092","74.1001","Kyrgyzstan","KG","KGZ","Chüy","","9677","1417410777"
"Jibou","Jibou","47.2667","23.2500","Romania","RO","ROU","Sălaj","","9677","1642643434"
"Makri","Makri","24.3860","83.5559","India","IN","IND","Jhārkhand","","9676","1356113647"
"Piprai","Piprai","24.5097","77.9642","India","IN","IND","Madhya Pradesh","","9676","1356540061"
"Thap Khlo","Thap Khlo","16.1600","100.5966","Thailand","TH","THA","Phichit","minor","9676","1764391912"
"Ban Kang","Ban Kang","18.5444","98.8889","Thailand","TH","THA","Chiang Mai","","9676","1764006978"
"Ingichka","Ingichka","39.7389","65.9922","Uzbekistan","UZ","UZB","Samarqand","","9676","1860688085"
"Lambeth","Lambeth","51.4900","-0.1190","United Kingdom","GB","GBR","Lambeth","","9675","1826545364"
"Pindra","Pindra","24.9595","80.7879","India","IN","IND","Madhya Pradesh","","9675","1356005674"
"Crosia","Crosia","39.5667","16.7667","Italy","IT","ITA","Calabria","","9675","1380693919"
"Lurate Caccivio","Lurate Caccivio","45.7667","9.0000","Italy","IT","ITA","Lombardy","","9675","1380759371"
"Mońki","Monki","53.4000","22.8000","Poland","PL","POL","Podlaskie","minor","9675","1616329542"
"Chuy","Chuy","-33.6964","-53.4600","Uruguay","UY","URY","Rocha","","9675","1858852364"
"Saint-Sulpice-la-Pointe","Saint-Sulpice-la-Pointe","43.7750","1.6872","France","FR","FRA","Occitanie","","9674","1250403331"
"Madanpur","Madanpur","24.6554","84.5844","India","IN","IND","Bihār","","9674","1356209241"
"Dināra","Dinara","25.4613","78.3205","India","IN","IND","Madhya Pradesh","","9674","1356253897"
"Ottappidāram","Ottappidaram","8.9127","78.0218","India","IN","IND","Tamil Nādu","","9674","1356118455"
"Castellamonte","Castellamonte","45.3820","7.7121","Italy","IT","ITA","Piedmont","","9674","1380202653"
"Zoudjamé","Zoudjame","6.8167","1.8667","Benin","BJ","BEN","Couffo","","9673","1204268397"
"Tuta","Tuta","5.7000","-73.2333","Colombia","CO","COL","Boyacá","minor","9673","1170818814"
"Großröhrsdorf","Grossrohrsdorf","51.1444","14.0167","Germany","DE","DEU","Saxony","","9672","1276821884"
"Barcs","Barcs","45.9600","17.4600","Hungary","HU","HUN","Somogy","minor","9672","1348676786"
"Lindesberg","Lindesberg","59.6024","15.2130","Sweden","SE","SWE","Örebro","minor","9672","1752750854"
"Pathāri","Pathari","23.9333","78.2167","India","IN","IND","Madhya Pradesh","","9671","1356396863"
"Sidi Bousber","Sidi Bousber","34.5667","-5.3667","Morocco","MA","MAR","Tanger-Tétouan-Al Hoceïma","","9671","1504787633"
"San Gregorio Atzompa","San Gregorio Atzompa","19.0224","-98.3445","Mexico","MX","MEX","Puebla","minor","9671","1484057992"
"Inácio Martins","Inacio Martins","-25.5708","-51.0789","Brazil","BR","BRA","Paraná","minor","9670","1076765627"
"Byalynichy","Byalynichy","53.9956","29.7094","Belarus","BY","BLR","Mahilyowskaya Voblasts’","minor","9670","1112253671"
"Mākhar","Makhar","25.7693","86.6025","India","IN","IND","Bihār","","9670","1356353555"
"Donabate","Donabate","53.4872","-6.1519","Ireland","IE","IRL","Fingal","","9669","1372605200"
"Zumárraga","Zumarraga","43.0831","-2.3167","Spain","ES","ESP","Basque Country","","9668","1724224861"
"Tepetlán","Tepetlan","19.6667","-96.8000","Mexico","MX","MEX","Veracruz","minor","9668","1484555085"
"Montigny-en-Gohelle","Montigny-en-Gohelle","50.4286","2.9308","France","FR","FRA","Hauts-de-France","","9667","1250090128"
"Parmānpur","Parmanpur","26.1457","87.3122","India","IN","IND","Bihār","","9667","1356613429"
"Laligam","Laligam","12.0500","78.1500","India","IN","IND","Tamil Nādu","","9667","1356119023"
"Velpūru","Velpuru","16.1496","79.8630","India","IN","IND","Andhra Pradesh","","9667","1356780033"
"Bithauli","Bithauli","26.0219","86.0793","India","IN","IND","Bihār","","9667","1356539912"
"Talachyn","Talachyn","54.4167","29.7000","Belarus","BY","BLR","Vitsyebskaya Voblasts’","minor","9666","1112016670"
"Klötze","Klotze","52.6263","11.1616","Germany","DE","DEU","Saxony-Anhalt","","9666","1276729835"
"Bondues","Bondues","50.7022","3.0939","France","FR","FRA","Hauts-de-France","","9666","1250833550"
"Mānrar","Manrar","25.8895","85.0643","India","IN","IND","Bihār","","9666","1356085194"
"Langar","Langar","39.4500","69.5500","Tajikistan","TJ","TJK","Sughd","","9666","1762492920"
"Flossmoor","Flossmoor","41.5391","-87.6858","United States","US","USA","Illinois","","9666","1840011274"
"Huachipato","Huachipato","-36.7481","-73.0986","Chile","CL","CHL","Biobío","","9665","1152109016"
"Schulzendorf","Schulzendorf","52.3667","13.5831","Germany","DE","DEU","Brandenburg","","9665","1276028014"
"San Francisco la Unión","San Francisco la Union","14.9167","-91.5333","Guatemala","GT","GTM","Quetzaltenango","minor","9665","1320800465"
"Čepin","Cepin","45.5236","18.5633","Croatia","HR","HRV","Osječko-Baranjska Županija","minor","9665","1191719855"
"Picture Rocks","Picture Rocks","32.3274","-111.2558","United States","US","USA","Arizona","","9665","1840019482"
"Orotina","Orotina","9.9024","-84.5250","Costa Rica","CR","CRI","Alajuela","","9664","1188644309"
"Lower Swatara","Lower Swatara","40.2188","-76.7602","United States","US","USA","Pennsylvania","","9663","1840149542"
"Bradwell","Bradwell","52.0500","-0.7870","United Kingdom","GB","GBR","Milton Keynes","","9662","1826794750"
"Thepaha Rāja Rām","Thepaha Raja Ram","26.2229","84.2523","India","IN","IND","Bihār","","9662","1356390012"
"Reddippatti","Reddippatti","11.2100","78.2166","India","IN","IND","Tamil Nādu","","9662","1356252502"
"Pareo","Pareo","25.5582","84.8017","India","IN","IND","Bihār","","9662","1356020298"
"Aleşd","Alesd","47.0572","22.3969","Romania","RO","ROU","Bihor","","9662","1642008624"
"Karīmpur","Karimpur","23.9700","88.6200","India","IN","IND","West Bengal","","9661","1356853498"
"Kishanpūra Kalān","Kishanpura Kalan","30.9337","75.3499","India","IN","IND","Punjab","","9661","1356447892"
"Embalse","Embalse","-32.1833","-64.4167","Argentina","AR","ARG","Córdoba","","9660","1032017911"
"La Celia","La Celia","5.0019","-76.0039","Colombia","CO","COL","Risaralda","minor","9660","1170761664"
"Canal Winchester","Canal Winchester","39.8437","-82.8126","United States","US","USA","Ohio","","9659","1840010524"
"Albert","Albert","50.0028","2.6528","France","FR","FRA","Hauts-de-France","","9658","1250793960"
"Dundankop","Dundankop","16.1400","74.8100","India","IN","IND","Karnātaka","","9658","1356250293"
"Kadriye","Kadriye","36.8500","31.0500","Turkey","TR","TUR","Antalya","","9658","1792905998"
"Sevilla La Nueva","Sevilla La Nueva","40.3475","-4.0286","Spain","ES","ESP","Madrid","","9657","1724114495"
"Pembroke Dock","Pembroke Dock","51.6930","-4.9460","United Kingdom","GB","GBR","Pembrokeshire","","9657","1826264078"
"Kannamangalam","Kannamangalam","12.7499","79.1518","India","IN","IND","Tamil Nādu","","9657","1356039630"
"Dahua","Dahua","24.7742","87.0325","India","IN","IND","Bihār","","9657","1356097095"
"Monserrat","Monserrat","39.3575","-0.6031","Spain","ES","ESP","Valencia","","9656","1724732008"
"Talapalli","Talapalli","18.1158","78.5700","India","IN","IND","Andhra Pradesh","","9656","1356010785"
"Salmānshahr","Salmanshahr","36.7058","51.1975","Iran","IR","IRN","Māzandarān","","9656","1364942661"
"Hillsborough","Hillsborough","36.0679","-79.0991","United States","US","USA","North Carolina","","9656","1840016151"
"Jucuruçu","Jucurucu","-16.8428","-40.1589","Brazil","BR","BRA","Bahia","minor","9655","1076806349"
"Bad Breisig","Bad Breisig","50.5092","7.2964","Germany","DE","DEU","Rhineland-Palatinate","","9655","1276102640"
"Inverell","Inverell","-29.7667","151.1167","Australia","AU","AUS","New South Wales","","9654","1036652902"
"Brewer","Brewer","44.7835","-68.7352","United States","US","USA","Maine","","9654","1840000239"
"Barahbatta","Barahbatta","25.7727","85.7522","India","IN","IND","Bihār","","9653","1356546582"
"Darnétal","Darnetal","49.4453","1.1519","France","FR","FRA","Normandie","","9652","1250534299"
"Dandkhora","Dandkhora","25.5729","87.6472","India","IN","IND","Bihār","","9651","1356461583"
"Palmares Paulista","Palmares Paulista","-21.0828","-48.8008","Brazil","BR","BRA","São Paulo","minor","9650","1076440891"
"Saint-Doulchard","Saint-Doulchard","47.1056","2.3575","France","FR","FRA","Centre-Val de Loire","","9650","1250470159"
"Hardia","Hardia","25.8657","86.2176","India","IN","IND","Bihār","","9650","1356326348"
"Tiruvambalapuram","Tiruvambalapuram","8.2514","77.7752","India","IN","IND","Tamil Nādu","","9650","1356221818"
"Konidena","Konidena","16.0156","80.0570","India","IN","IND","Andhra Pradesh","","9650","1356752751"
"Nova Bassano","Nova Bassano","-28.7239","-51.7050","Brazil","BR","BRA","Rio Grande do Sul","minor","9649","1076902566"
"Grimmen","Grimmen","54.1100","13.0414","Germany","DE","DEU","Mecklenburg-Western Pomerania","","9649","1276798826"
"Dhorgaon","Dhorgaon","25.9545","86.8933","India","IN","IND","Bihār","","9649","1356150069"
"Comala","Comala","19.3208","-103.7603","Mexico","MX","MEX","Colima","minor","9649","1484287042"
"Sangonera la Verde","Sangonera la Verde","37.9333","-1.2000","Spain","ES","ESP","Murcia","","9648","1724648209"
"Ameskroud","Ameskroud","30.5308","-9.3283","Morocco","MA","MAR","Souss-Massa","","9648","1504251726"
"Lumina","Lumina","44.2833","28.5667","Romania","RO","ROU","Constanţa","","9648","1642823425"
"Cervelló","Cervello","41.3978","1.9578","Spain","ES","ESP","Catalonia","","9647","1724026410"
"Tuam","Tuam","53.5167","-8.8500","Ireland","IE","IRL","Galway","","9647","1372153412"
"Simrol","Simrol","22.5387","75.9111","India","IN","IND","Madhya Pradesh","","9647","1356759752"
"Huittinen","Huittinen","61.1750","22.7000","Finland","FI","FIN","Satakunta","minor","9646","1246269907"
"Mont-Tremblant","Mont-Tremblant","46.1167","-74.6000","Canada","CA","CAN","Quebec","","9646","1124041173"
"Ikkarai Boluvāmpatti","Ikkarai Boluvampatti","10.9669","76.7996","India","IN","IND","Tamil Nādu","","9645","1356159442"
"Tirúa","Tirua","-38.3414","-73.4911","Chile","CL","CHL","Biobío","","9644","1152214241"
"Akabira","Akabira","43.5500","142.0500","Japan","JP","JPN","Hokkaidō","","9644","1392691701"
"Delčevo","Delcevo","41.9661","22.7747","North Macedonia","MK","MKD","Delčevo","admin","9644","1807161783"
"Topsham","Topsham","43.9614","-69.9587","United States","US","USA","Maine","","9644","1840053028"
"Glenfield","Glenfield","52.6491","-1.2062","United Kingdom","GB","GBR","Leicestershire","","9643","1826730292"
"Nanjundāpuram","Nanjundapuram","11.0857","76.8726","India","IN","IND","Tamil Nādu","","9643","1356151928"
"Kataha","Kataha","26.7159","84.9424","India","IN","IND","Bihār","","9643","1356221445"
"Torihama","Torihama","35.6006","135.9406","Japan","JP","JPN","Fukui","","9643","1392000087"
"Sunbury","Sunbury","40.8616","-76.7871","United States","US","USA","Pennsylvania","","9643","1840000851"
"Beltangadi","Beltangadi","12.9795","75.2699","India","IN","IND","Karnātaka","","9642","1356104826"
"Ban Dong Mada","Ban Dong Mada","19.7237","99.7153","Thailand","TH","THA","Chiang Rai","","9642","1764346183"
"Ban Lao Yao","Ban Lao Yao","18.3667","98.7833","Thailand","TH","THA","Lamphun","","9641","1764997700"
"Segorbe","Segorbe","39.8500","-0.4833","Spain","ES","ESP","Valencia","","9640","1724929897"
"Frøn","Fron","59.9347","10.7089","Norway","NO","NOR","Oslo","","9640","1578000579"
"Hockley","Hockley","51.6014","0.6363","United Kingdom","GB","GBR","Essex","","9639","1826444113"
"Bendrahallī","Bendrahalli","12.2642","78.3223","India","IN","IND","Tamil Nādu","","9639","1356005402"
"Piploda","Piploda","23.6073","74.9420","India","IN","IND","Madhya Pradesh","","9639","1356370346"
"Kathūrah","Kathurah","29.0860","76.5820","India","IN","IND","Haryāna","","9639","1356502474"
"San Lorenzo della Costa","San Lorenzo della Costa","44.3389","9.1866","Italy","IT","ITA","Liguria","","9639","1380853372"
"Pereshchepyne","Pereshchepyne","49.0167","35.3500","Ukraine","UA","UKR","Dnipropetrovska Oblast","","9639","1804752457"
"Venecia","Venecia","10.3357","-84.2859","Costa Rica","CR","CRI","Alajuela","","9638","1188167757"
"Fernán-Núñez","Fernan-Nunez","37.6667","-4.7167","Spain","ES","ESP","Andalusia","","9638","1724966021"
"Adamankottai","Adamankottai","12.0742","78.1237","India","IN","IND","Tamil Nādu","","9638","1356256995"
"Sidi El Hattab","Sidi El Hattab","32.2667","-7.2833","Morocco","MA","MAR","Marrakech-Safi","","9638","1504871106"
"Burlington","Burlington","48.4676","-122.3298","United States","US","USA","Washington","","9637","1840018367"
"Hohenhameln","Hohenhameln","52.2600","10.0664","Germany","DE","DEU","Lower Saxony","","9636","1276407587"
"Bhāgsar","Bhagsar","30.4417","74.4023","India","IN","IND","Punjab","","9636","1356015846"
"Santa Ana","Santa Ana","9.3056","-64.6548","Venezuela","VE","VEN","Anzoátegui","minor","9636","1862862698"
"Matawan","Matawan","40.4127","-74.2365","United States","US","USA","New Jersey","","9636","1840003675"
"Tabernes Blanques","Tabernes Blanques","39.5083","-0.3656","Spain","ES","ESP","Valencia","","9635","1724315090"
"Broni","Broni","45.0619","9.2611","Italy","IT","ITA","Lombardy","","9635","1380772984"
"Argelato","Argelato","44.6425","11.3486","Italy","IT","ITA","Emilia-Romagna","","9635","1380559231"
"Racconigi","Racconigi","44.7667","7.6833","Italy","IT","ITA","Piedmont","","9634","1380738920"
"Çerkeş","Cerkes","40.8139","32.8908","Turkey","TR","TUR","Çankırı","minor","9634","1792814201"
"Brownsville","Brownsville","35.5890","-89.2578","United States","US","USA","Tennessee","","9634","1840013413"
"Sallaumines","Sallaumines","50.4203","2.8631","France","FR","FRA","Hauts-de-France","","9633","1250623453"
"Aldenham","Aldenham","51.6723","-0.3546","United Kingdom","GB","GBR","Hertfordshire","","9631","1826963300"
"Kranídi","Kranidi","37.3800","23.1590","Greece","GR","GRC","Pelopónnisos","minor","9631","1300426839"
"Godhra","Godhra","20.9231","70.9214","India","IN","IND","Gujarāt","","9631","1356153394"
"Mādāri Hāt","Madari Hat","26.7000","89.2833","India","IN","IND","West Bengal","","9631","1356090157"
"South Strabane","South Strabane","40.1756","-80.1910","United States","US","USA","Pennsylvania","","9631","1840101300"
"Filadelfia","Filadelfia","5.3000","-75.6000","Colombia","CO","COL","Caldas","minor","9630","1170090455"
"Huntington","Huntington","53.9926","-1.0430","United Kingdom","GB","GBR","York","","9630","1826116194"
"Vysokyi","Vysokyi","49.8875","36.1211","Ukraine","UA","UKR","Kharkivska Oblast","","9630","1804461053"
"Corró de Vall","Corro de Vall","41.6278","2.2972","Spain","ES","ESP","Catalonia","","9629","1724952233"
"Dobre Miasto","Dobre Miasto","53.9875","20.3958","Poland","PL","POL","Warmińsko-Mazurskie","","9629","1616619953"
"El Haouaria","El Haouaria","37.0500","11.0167","Tunisia","TN","TUN","Nabeul","","9629","1788314375"
"Tiptree","Tiptree","51.8100","0.7500","United Kingdom","GB","GBR","Essex","","9628","1826098302"
"Bochaha","Bochaha","25.5675","85.7393","India","IN","IND","Bihār","","9628","1356651748"
"Banská Štiavnica","Banska Stiavnica","48.4586","18.8931","Slovakia","SK","SVK","Banská Bystrica","minor","9628","1703575986"
"Lançon-Provence","Lancon-Provence","43.5930","5.1286","France","FR","FRA","Provence-Alpes-Côte d’Azur","","9627","1250202221"
"Kudowa-Zdrój","Kudowa-Zdroj","50.4383","16.2397","Poland","PL","POL","Dolnośląskie","","9627","1616102407"
"Pinhel","Pinhel","40.7833","-7.0667","Portugal","PT","PRT","Guarda","minor","9627","1620892355"
"Walker Mill","Walker Mill","38.8758","-76.8854","United States","US","USA","Maryland","","9626","1840031499"
"Wertingen","Wertingen","48.5333","10.6667","Germany","DE","DEU","Bavaria","","9625","1276445466"
"Gundi","Gundi","18.6237","79.0923","India","IN","IND","Andhra Pradesh","","9625","1356669358"
"Nambutalai","Nambutalai","9.7277","79.0071","India","IN","IND","Tamil Nādu","","9625","1356056741"
"Uracoa","Uracoa","8.9943","-62.3520","Venezuela","VE","VEN","Monagas","minor","9625","1862113376"
"Kushijima","Kushijima","32.7400","130.7572","Japan","JP","JPN","Kumamoto","","9624","1392625764"
"Boujediane","Boujediane","35.1114","-5.7823","Morocco","MA","MAR","Tanger-Tétouan-Al Hoceïma","","9624","1504110188"
"Colonia Nicolich","Colonia Nicolich","-34.8167","-56.0167","Uruguay","UY","URY","Canelones","","9624","1858537250"
"Campo Erê","Campo Ere","-26.3939","-53.0778","Brazil","BR","BRA","Santa Catarina","minor","9623","1076699451"
"Colmenarejo","Colmenarejo","40.5608","-4.0169","Spain","ES","ESP","Madrid","","9623","1724492902"
"Shyroke","Shyroke","47.6844","33.2728","Ukraine","UA","UKR","Dnipropetrovska Oblast","minor","9623","1804425378"
"Aweitancun","Aweitancun","47.7251","88.0499","China","CN","CHN","Xinjiang","","9622","1156429262"
"Miltenberg","Miltenberg","49.7039","9.2644","Germany","DE","DEU","Bavaria","minor","9622","1276744365"
"Sigatoka","Sigatoka","-18.1500","177.5000","Fiji","FJ","FJI","Nadroga and Navosa","","9622","1242813237"
"Middletown","Middletown","38.2410","-85.5214","United States","US","USA","Kentucky","","9622","1840014295"
"Bala Cynwyd","Bala Cynwyd","40.0116","-75.2283","United States","US","USA","Pennsylvania","","9622","1840153024"
"Närpes","Narpes","62.4667","21.3333","Finland","FI","FIN","Pohjanmaa","minor","9621","1246805566"
"Csorna","Csorna","47.6167","17.2500","Hungary","HU","HUN","Győr-Moson-Sopron","minor","9621","1348687588"
"Sabangan","Sabangan","17.0044","120.9233","Philippines","PH","PHL","Mountain","","9621","1608583625"
"Villarrubia de los Ojos","Villarrubia de los Ojos","39.2167","-3.6000","Spain","ES","ESP","Castille-La Mancha","","9620","1724057885"
"Anantpur","Anantpur","16.8890","75.0146","India","IN","IND","Karnātaka","","9620","1356733791"
"Bilāspur","Bilaspur","30.3200","77.3200","India","IN","IND","Haryāna","","9620","1356893959"
"Masku","Masku","60.5667","22.1000","Finland","FI","FIN","Varsinais-Suomi","minor","9619","1246315542"
"Tuzluca","Tuzluca","40.0494","43.6608","Turkey","TR","TUR","Iğdır","minor","9619","1792848113"
"Port Elgin","Port Elgin","44.4333","-81.3833","Canada","CA","CAN","Ontario","","9619","1124651350"
"Flexeiras","Flexeiras","-9.2728","-35.7150","Brazil","BR","BRA","Alagoas","minor","9618","1076291080"
"Nowy Dwór Gdański","Nowy Dwor Gdanski","54.2167","19.1167","Poland","PL","POL","Pomorskie","minor","9618","1616276242"
"Saint-Zotique","Saint-Zotique","45.2500","-74.2500","Canada","CA","CAN","Quebec","","9618","1124170824"
"Basse-Goulaine","Basse-Goulaine","47.2161","-1.4642","France","FR","FRA","Pays de la Loire","","9617","1250129133"
"Tadhwa Nandpur","Tadhwa Nandpur","26.7556","84.4326","India","IN","IND","Bihār","","9617","1356156219"
"Babhantoli","Babhantoli","26.2520","87.9260","India","IN","IND","Bihār","","9617","1356910526"
"Widnau","Widnau","47.3997","9.6333","Switzerland","CH","CHE","Sankt Gallen","","9616","1756016282"
"Neuville-lès-Dieppe","Neuville-les-Dieppe","49.9267","1.1014","France","FR","FRA","Normandie","","9616","1250261839"
"Datori","Datori","10.4017","0.7828","Benin","BJ","BEN","Atacora","","9615","1204437203"
"Caernarfon","Caernarfon","53.1400","-4.2700","United Kingdom","GB","GBR","Gwynedd","","9615","1826011275"
"Boves","Boves","44.3333","7.5500","Italy","IT","ITA","Piedmont","","9615","1380001815"
"Saint-Raymond","Saint-Raymond","46.9000","-71.8333","Canada","CA","CAN","Quebec","","9615","1124162305"
"Judenburg","Judenburg","47.1725","14.6603","Austria","AT","AUT","Steiermark","minor","9614","1040723538"
"Caldas de Reyes","Caldas de Reyes","42.6028","-8.6383","Spain","ES","ESP","Galicia","","9614","1724509149"
"Kāradka","Karadka","12.5333","75.1333","India","IN","IND","Kerala","","9613","1356068871"
"Masar","Masar","25.5577","84.5767","India","IN","IND","Bihār","","9613","1356553453"
"Kfar Aabîda","Kfar Aabida","34.2264","35.6600","Lebanon","LB","LBN","Liban-Nord","","9613","1422225745"
"Władysławowo","Wladyslawowo","54.8339","18.3156","Poland","PL","POL","Pomorskie","","9613","1616875034"
"Bowen","Bowen","-20.0102","148.2416","Australia","AU","AUS","Queensland","","9612","1036979225"
"Rāmpur","Rampur","25.1826","86.1465","India","IN","IND","Bihār","","9612","1356817448"
"Epalinges","Epalinges","46.5500","6.6667","Switzerland","CH","CHE","Vaud","","9611","1756549876"
"Gāndlapenta","Gandlapenta","14.0500","78.3089","India","IN","IND","Andhra Pradesh","","9611","1356354351"
"Harīpur","Haripur","26.2580","87.2420","India","IN","IND","Bihār","","9610","1356851777"
"Mangalam","Mangalam","11.6368","79.2806","India","IN","IND","Tamil Nādu","","9610","1356702114"
"Douar Lehouifrat","Douar Lehouifrat","32.2800","-8.3100","Morocco","MA","MAR","Marrakech-Safi","","9610","1504757840"
"Muyinga","Muyinga","-2.8500","30.3333","Burundi","BI","BDI","Muyinga","admin","9609","1108466781"
"Thogadūru","Thogaduru","12.0957","76.8078","India","IN","IND","Karnātaka","","9609","1356111905"
"Kirlampūdi","Kirlampudi","17.1919","82.1825","India","IN","IND","Andhra Pradesh","","9609","1356313374"
"Tila","Tila","17.3000","-92.4333","Mexico","MX","MEX","Chiapas","minor","9609","1484810186"
"Ćuprija","Cuprija","43.9231","21.3686","Serbia","RS","SRB","Ćuprija","admin","9609","1688642855"
"Tottenham","Tottenham","44.0238","-79.8045","Canada","CA","CAN","Ontario","","9609","1124399104"
"Mooresville","Mooresville","39.6022","-86.3681","United States","US","USA","Indiana","","9608","1840009668"
"Dasso","Dasso","7.0167","2.4667","Benin","BJ","BEN","Zou","","9607","1204988587"
"Mortágua","Mortagua","40.3947","-8.2328","Portugal","PT","PRT","Viseu","minor","9607","1620677707"
"Orange Cove","Orange Cove","36.6211","-119.3188","United States","US","USA","California","","9607","1840020322"
"Crosne","Crosne","48.7164","2.4580","France","FR","FRA","Île-de-France","","9606","1250623470"
"Yazıkonak","Yazikonak","38.6167","39.3000","Turkey","TR","TUR","Elazığ","","9606","1792695742"
"Dessel","Dessel","51.2396","5.1131","Belgium","BE","BEL","Flanders","","9605","1056333451"
"Sangyuan","Sangyuan","33.0453","107.6268","China","CN","CHN","Shaanxi","","9605","1156290857"
"Postojna","Postojna","45.7759","14.2137","Slovenia","SI","SVN","Postojna","admin","9605","1705090259"
"Sannicandro di Bari","Sannicandro di Bari","41.0000","16.8000","Italy","IT","ITA","Puglia","","9604","1380017316"
"Branquinha","Branquinha","-9.2458","-36.0150","Brazil","BR","BRA","Alagoas","minor","9603","1076298127"
"Guateque","Guateque","5.0056","-73.4722","Colombia","CO","COL","Boyacá","minor","9603","1170912824"
"Bhawānandpur","Bhawanandpur","25.5400","86.1030","India","IN","IND","Bihār","","9603","1356038471"
"Nakaechi","Nakaechi","35.5499","139.4476","Japan","JP","JPN","Kanagawa","","9603","1392078447"
"Gateway","Gateway","26.5793","-81.7446","United States","US","USA","Florida","","9603","1840014213"
"Gibsons","Gibsons","49.4028","-123.5036","Canada","CA","CAN","British Columbia","","9603","1124342069"
"Eschenbach","Eschenbach","47.2398","8.9216","Switzerland","CH","CHE","Sankt Gallen","","9602","1756626480"
"Palu","Palu","38.7039","39.9511","Turkey","TR","TUR","Elazığ","minor","9602","1792036043"
"Höchberg","Hochberg","49.7831","9.8817","Germany","DE","DEU","Bavaria","","9601","1276298566"
"Hindoli","Hindoli","25.4000","75.8300","India","IN","IND","Rājasthān","","9601","1356472926"
"Fredonia","Fredonia","42.4407","-79.3319","United States","US","USA","New York","","9601","1840004566"
"Nurobod Shahri","Nurobod Shahri","39.6086","66.2867","Uzbekistan","UZ","UZB","Samarqand","minor","9600","1860030602"
"Winchester","Winchester","35.1898","-86.1075","United States","US","USA","Tennessee","","9600","1840015466"
"Ogdensburg","Ogdensburg","44.7088","-75.4717","United States","US","USA","New York","","9600","1840000297"
"Khesht","Khesht","29.5633","51.3350","Iran","IR","IRN","Fārs","","9599","1364677033"
"Lititz","Lititz","40.1540","-76.3044","United States","US","USA","Pennsylvania","","9599","1840003719"
"Bethel","Bethel","39.8458","-75.4891","United States","US","USA","Pennsylvania","","9598","1840150552"
"Yalagüina","Yalaguina","13.4833","-86.4833","Nicaragua","NI","NIC","Madriz","minor","9597","1558031609"
"Târgu Frumos","Targu Frumos","47.2097","27.0131","Romania","RO","ROU","Iaşi","","9597","1642141035"
"Bálsamo","Balsamo","-20.7350","-49.5839","Brazil","BR","BRA","São Paulo","minor","9596","1076470597"
"Petua","Petua","22.4143","88.4489","India","IN","IND","West Bengal","","9596","1356023714"
"Psychikó","Psychiko","38.0167","23.7667","Greece","GR","GRC","Attikí","minor","9595","1300684253"
"Dobhāwān","Dobhawan","25.3987","85.7856","India","IN","IND","Bihār","","9595","1356424924"
"Ḩās","Has","35.6161","36.5907","Syria","SY","SYR","Idlib","","9595","1760767618"
"Xicoténcatl","Xicotencatl","22.9958","-98.9447","Mexico","MX","MEX","Tamaulipas","minor","9593","1484154416"
"Sabiñánigo","Sabinanigo","42.5144","-0.3744","Spain","ES","ESP","Aragon","","9592","1724358375"
"Gonikoppal","Gonikoppal","12.1830","75.9294","India","IN","IND","Karnātaka","","9592","1356151416"
"Chavuttahalli","Chavuttahalli","12.4202","78.2352","India","IN","IND","Tamil Nādu","","9592","1356008957"
"Ban Nam Dip Luang","Ban Nam Dip Luang","18.4500","98.8333","Thailand","TH","THA","Lamphun","","9592","1764671694"
"Ehringshausen","Ehringshausen","50.6000","8.3833","Germany","DE","DEU","Hesse","","9591","1276599931"
"Chilpur","Chilpur","18.2388","79.4529","India","IN","IND","Andhra Pradesh","","9591","1356017885"
"Trzebiatów","Trzebiatow","54.0572","15.2786","Poland","PL","POL","Zachodniopomorskie","","9591","1616792960"
"Ferros","Ferros","-19.2319","-43.0228","Brazil","BR","BRA","Minas Gerais","minor","9590","1076000745"
"Kudayattūr","Kudayattur","9.8167","76.7833","India","IN","IND","Kerala","","9590","1356677812"
"Agoué","Agoue","6.2500","1.6833","Benin","BJ","BEN","Mono","","9589","1204642749"
"Soanpeta","Soanpeta","18.9586","78.3610","India","IN","IND","Andhra Pradesh","","9589","1356123372"
"Majali","Majali","14.9000","74.1000","India","IN","IND","Karnātaka","","9588","1356105259"
"Orange Lake","Orange Lake","41.5369","-74.1005","United States","US","USA","New York","","9588","1840004859"
"Sūlibele","Sulibele","13.1667","77.8000","India","IN","IND","Karnātaka","","9587","1356063861"
"Casaluce","Casaluce","41.0020","14.1983","Italy","IT","ITA","Campania","","9587","1380325825"
"Wiang Sa","Wiang Sa","8.6358","99.3666","Thailand","TH","THA","Surat Thani","minor","9587","1764748345"
"Greenville","Greenville","40.9986","-73.8189","United States","US","USA","New York","","9586","1840133415"
"Henderson","Henderson","-36.2833","-61.7167","Argentina","AR","ARG","Buenos Aires","minor","9585","1032715747"
"Luckau","Luckau","51.8500","13.7167","Germany","DE","DEU","Brandenburg","","9585","1276191048"
"Pāchhāpur","Pachhapur","16.0955","74.6875","India","IN","IND","Karnātaka","","9585","1356066054"
"Banāso","Banaso","23.9884","85.7866","India","IN","IND","Jhārkhand","","9585","1356746877"
"Sarahs","Sarahs","36.5333","61.2167","Turkmenistan","TM","TKM","Ahal","","9585","1795405865"
"Wielsbeke","Wielsbeke","50.9000","3.3667","Belgium","BE","BEL","Flanders","","9584","1056411579"
"Boxley","Boxley","51.3024","0.5429","United Kingdom","GB","GBR","Kent","","9584","1826029798"
"Enkakād","Enkakad","10.6500","76.2500","India","IN","IND","Kerala","","9584","1356035242"
"Ratnahalli","Ratnahalli","12.3652","76.5020","India","IN","IND","Karnātaka","","9584","1356157793"
"Ekma","Ekma","26.0541","86.6121","India","IN","IND","Bihār","","9584","1356259501"
"Puduppattanam","Puduppattanam","10.7626","79.1616","India","IN","IND","Tamil Nādu","","9584","1356176214"
"Cingoli","Cingoli","43.3742","13.2164","Italy","IT","ITA","Marche","","9584","1380504372"
"Shiyuan","Shiyuan","35.7991","102.8437","China","CN","CHN","Gansu","","9583","1156539699"
"Rellivalasa","Rellivalasa","17.9108","83.4100","India","IN","IND","Andhra Pradesh","","9581","1356795224"
"Tālavādi","Talavadi","11.7780","77.0055","India","IN","IND","Tamil Nādu","","9581","1356280276"
"Ramree","Ramree","19.0833","93.8667","Burma","MM","MMR","Rakhine State","","9581","1104079121"
"Perumbālai","Perumbalai","11.9635","77.9375","India","IN","IND","Tamil Nādu","","9579","1356048447"
"Pagidyāla","Pagidyala","15.9333","78.3333","India","IN","IND","Andhra Pradesh","","9579","1356120512"
"Avanāshipālaiyam","Avanashipalaiyam","10.9696","77.4352","India","IN","IND","Tamil Nādu","","9579","1356070013"
"Lizzano","Lizzano","40.3919","17.4483","Italy","IT","ITA","Puglia","","9579","1380351979"
"Aucamville","Aucamville","43.6697","1.4311","France","FR","FRA","Occitanie","","9578","1250377997"
"Vasiliká","Vasilika","40.4800","23.1367","Greece","GR","GRC","Kentrikí Makedonía","","9578","1300657610"
"Hlinsko","Hlinsko","49.7622","15.9075","Czechia","CZ","CZE","Pardubický Kraj","","9577","1203108794"
"Ratne","Ratne","51.6500","24.5333","Ukraine","UA","UKR","Volynska Oblast","","9577","1804150947"
"Lago Ranco","Lago Ranco","-40.3167","-72.5000","Chile","CL","CHL","Los Ríos","","9575","1152909758"
"Gamharia","Gamharia","26.0561","86.7243","India","IN","IND","Bihār","","9575","1356259967"
"Photharam","Photharam","13.6923","99.8497","Thailand","TH","THA","Ratchaburi","minor","9575","1764429218"
"Country Club Estates","Country Club Estates","31.2113","-81.4622","United States","US","USA","Georgia","","9575","1840029452"
"Silver City","Silver City","32.7783","-108.2699","United States","US","USA","New Mexico","","9574","1840023009"
"Petrolina de Goiás","Petrolina de Goias","-16.0950","-49.3378","Brazil","BR","BRA","Goiás","","9573","1076646883"
"Villa Aldama","Villa Aldama","19.6500","-97.2333","Mexico","MX","MEX","Veracruz","minor","9573","1484465521"
"Mohelnice","Mohelnice","49.7769","16.9194","Czechia","CZ","CZE","Olomoucký Kraj","","9572","1203067373"
"Parūr","Parur","11.5793","79.2550","India","IN","IND","Tamil Nādu","","9572","1356162540"
"Cuervos","Cuervos","32.6308","-114.8569","Mexico","MX","MEX","Baja California","","9572","1484208189"
"Fauske","Fauske","67.2627","15.3913","Norway","NO","NOR","Nordland","minor","9572","1578904094"
"Ban Wiang Ka Long","Ban Wiang Ka Long","19.2332","99.5165","Thailand","TH","THA","Chiang Rai","","9572","1764433764"
"Sarmera","Sarmera","25.2564","85.7988","India","IN","IND","Bihār","","9571","1356914849"
"Jaisinghnagar","Jaisinghnagar","23.6260","78.5726","India","IN","IND","Madhya Pradesh","","9571","1356315402"
"Cesa","Cesa","40.9603","14.2301","Italy","IT","ITA","Campania","","9571","1380979874"
"Zorneding","Zorneding","48.0833","11.8333","Germany","DE","DEU","Bavaria","","9570","1276678708"
"Sānampūdi","Sanampudi","16.0860","79.8350","India","IN","IND","Andhra Pradesh","","9570","1356372869"
"Greenwood","Greenwood","35.2134","-94.2408","United States","US","USA","Arkansas","","9570","1840013457"
"Aire-sur-la-Lys","Aire-sur-la-Lys","50.6400","2.4000","France","FR","FRA","Hauts-de-France","","9568","1250126430"
"Gawān","Gawan","28.4300","78.3500","India","IN","IND","Uttar Pradesh","","9568","1356197475"
"Terkhed","Terkhed","18.4450","75.8367","India","IN","IND","Mahārāshtra","","9568","1356062068"
"Ittikelakunta","Ittikelakunta","16.6797","81.7094","India","IN","IND","Andhra Pradesh","","9568","1356617908"
"Ghomrassen","Ghomrassen","33.0592","10.3400","Tunisia","TN","TUN","Tataouine","","9568","1788309516"
"Molbergen","Molbergen","52.8667","7.9333","Germany","DE","DEU","Lower Saxony","","9567","1276536842"
"Aschheim","Aschheim","48.1733","11.7178","Germany","DE","DEU","Bavaria","","9567","1276119666"
"Kochgāwān","Kochgawan","25.0431","85.6279","India","IN","IND","Bihār","","9567","1356173991"
"Mae Rim","Mae Rim","18.9106","98.9480","Thailand","TH","THA","Chiang Mai","minor","9567","1764340535"
"Middletown","Middletown","40.2010","-76.7289","United States","US","USA","Pennsylvania","","9567","1840001291"
"Nandamūru","Nandamuru","16.8458","81.6466","India","IN","IND","Andhra Pradesh","","9566","1356386651"
"Karczew","Karczew","52.0833","21.2500","Poland","PL","POL","Mazowieckie","","9566","1616830765"
"Daulatpur","Daulatpur","25.3682","87.8983","India","IN","IND","West Bengal","","9565","1356152465"
"Sitebe","Sitebe","-29.0890","31.4320","South Africa","ZA","ZAF","KwaZulu-Natal","","9564","1710271440"
"North College Hill","North College Hill","39.2175","-84.5520","United States","US","USA","Ohio","","9564","1840001609"
"Maliaño","Maliano","43.4186","-3.8350","Spain","ES","ESP","Cantabria","","9563","1724082933"
"Savignano sul Panaro","Savignano sul Panaro","44.4833","11.0333","Italy","IT","ITA","Emilia-Romagna","","9563","1380928664"
"Sorbolo","Sorbolo","44.8463","10.4486","Italy","IT","ITA","Emilia-Romagna","","9563","1380308347"
"Szubin","Szubin","53.0167","17.7500","Poland","PL","POL","Kujawsko-Pomorskie","","9563","1616354181"
"San Sebastián de la Gomera","San Sebastian de la Gomera","28.0922","-17.1100","Spain","ES","ESP","Canary Islands","","9562","1724034121"
"Baretha","Baretha","25.5258","87.4485","India","IN","IND","Bihār","","9562","1356014858"
"Oulad Amor","Oulad Amor","32.0775","-7.6122","Morocco","MA","MAR","Marrakech-Safi","","9562","1504144517"
"Borogani","Borogani","46.5028","28.5442","Moldova","MD","MDA","Cantemir","","9562","1498462266"
"Šurany","Surany","48.0833","18.1833","Slovakia","SK","SVK","Nitra","","9562","1703675308"
"Chansolme","Chansolme","19.8833","-72.8333","Haiti","HT","HTI","Nord-Ouest","","9561","1332378565"
"Kayyngdy","Kayyngdy","42.8247","73.6758","Kyrgyzstan","KG","KGZ","Chüy","minor","9561","1417817372"
"Browns Mills","Browns Mills","39.9737","-74.5690","United States","US","USA","New Jersey","","9561","1840005517"
"La Paz","La Paz","-33.4667","-67.5500","Argentina","AR","ARG","Mendoza","minor","9560","1032294439"
"Xiada","Xiada","24.0391","113.4543","China","CN","CHN","Guangdong","","9560","1156159106"
"Töging am Inn","Toging am Inn","48.2500","12.5667","Germany","DE","DEU","Bavaria","","9560","1276814406"
"Avalūrpet","Avalurpet","12.3800","79.3465","India","IN","IND","Tamil Nādu","","9560","1356111278"
"Adesar","Adesar","23.5589","70.9833","India","IN","IND","Gujarāt","","9560","1356038279"
"Miānpur Dubauli","Mianpur Dubauli","26.7381","84.4661","India","IN","IND","Bihār","","9560","1356096686"
"Nieuwleusen","Nieuwleusen","52.5833","6.2833","Netherlands","NL","NLD","Overijssel","","9560","1528131301"
"Louisville","Louisville","40.8370","-81.2643","United States","US","USA","Ohio","","9560","1840000964"
"Koranampatti","Koranampatti","11.6085","77.9049","India","IN","IND","Tamil Nādu","","9559","1356168823"
"Traversetolo","Traversetolo","44.6399","10.3818","Italy","IT","ITA","Emilia-Romagna","","9559","1380746065"
"Phangnga","Phangnga","8.4644","98.5317","Thailand","TH","THA","Phangnga","admin","9559","1764855952"
"Palankottai","Palankottai","9.1356","77.6952","India","IN","IND","Tamil Nādu","","9558","1356208544"
"Bisaria","Bisaria","25.9789","87.1003","India","IN","IND","Bihār","","9558","1356909381"
"Paranacity","Paranacity","-22.9300","-52.1508","Brazil","BR","BRA","Paraná","minor","9557","1076613989"
"Semri","Semri","22.6833","78.0833","India","IN","IND","Madhya Pradesh","","9557","1356570452"
"Zymohiria","Zymohiria","48.5819","38.9319","Ukraine","UA","UKR","Luhanska Oblast","","9557","1804627347"
"Vareš","Vares","44.1644","18.3283","Bosnia and Herzegovina","BA","BIH","Bosnia and Herzegovina, Federation of","minor","9556","1070474354"
"Parauli","Parauli","26.2227","84.7042","India","IN","IND","Bihār","","9556","1356192130"
"Vīrapāndiyanpattanam","Virapandiyanpattanam","8.5200","78.1181","India","IN","IND","Tamil Nādu","","9556","1356214150"
"Dombarovskiy","Dombarovskiy","50.7550","59.5331","Russia","RU","RUS","Orenburgskaya Oblast’","minor","9556","1643794034"
"Leers","Leers","50.6825","3.2447","France","FR","FRA","Hauts-de-France","","9555","1250179174"
"Kamargani","Kamargani","22.5475","88.6606","India","IN","IND","West Bengal","","9555","1356656536"
"Dumra","Dumra","25.5907","87.0614","India","IN","IND","Bihār","","9555","1356271326"
"Vemulanarva","Vemulanarva","16.9920","80.2824","India","IN","IND","Andhra Pradesh","","9554","1356131446"
"Senmanat","Senmanat","41.6092","2.1369","Spain","ES","ESP","Catalonia","","9553","1724417480"
"Saldus","Saldus","56.6667","22.4936","Latvia","LV","LVA","Saldus","admin","9553","1428774997"
"Wepener","Wepener","-29.7333","27.0333","South Africa","ZA","ZAF","Free State","","9553","1710058517"
"Herkimer","Herkimer","43.0610","-74.9894","United States","US","USA","New York","","9553","1840004148"
"Port Perry","Port Perry","44.1000","-78.9333","Canada","CA","CAN","Ontario","","9553","1124565089"
"Cacimbinhas","Cacimbinhas","-9.4000","-36.9900","Brazil","BR","BRA","Alagoas","minor","9552","1076681192"
"Nāzira","Nazira","22.2180","88.2757","India","IN","IND","West Bengal","","9552","1356808460"
"Ivangorod","Ivangorod","59.3667","28.2167","Russia","RU","RUS","Leningradskaya Oblast’","","9552","1643468545"
"Bladensburg","Bladensburg","38.9424","-76.9264","United States","US","USA","Maryland","","9552","1840005981"
"Kondaparti","Kondaparti","17.9219","79.5373","India","IN","IND","Andhra Pradesh","","9551","1356766779"
"Fontoura Xavier","Fontoura Xavier","-28.9828","-52.3458","Brazil","BR","BRA","Rio Grande do Sul","minor","9550","1076928068"
"Audenge","Audenge","44.6847","-1.0119","France","FR","FRA","Nouvelle-Aquitaine","","9550","1250207639"
"Ekalbehri","Ekalbehri","21.8933","78.8794","India","IN","IND","Madhya Pradesh","","9550","1356131164"
"Bridge City","Bridge City","30.0298","-93.8406","United States","US","USA","Texas","","9549","1840019609"
"Sirsa","Sirsa","26.2667","84.7403","India","IN","IND","Bihār","","9548","1356551713"
"Vardhamānkota","Vardhamankota","17.3775","79.4410","India","IN","IND","Andhra Pradesh","","9548","1356388291"
"Amherst","Amherst","45.8167","-64.2167","Canada","CA","CAN","Nova Scotia","","9548","1124895094"
"Teixeira Soares","Teixeira Soares","-25.3678","-50.4608","Brazil","BR","BRA","Paraná","minor","9547","1076944440"
"Burela de Cabo","Burela de Cabo","43.6500","-7.4000","Spain","ES","ESP","Galicia","","9547","1724895816"
"Saint-Rémy-de-Provence","Saint-Remy-de-Provence","43.7900","4.8325","France","FR","FRA","Provence-Alpes-Côte d’Azur","","9547","1250000185"
"Gobindpura","Gobindpura","30.2805","75.0187","India","IN","IND","Punjab","","9547","1356182104"
"Dākpatthar","Dakpatthar","30.4969","77.7989","India","IN","IND","Uttarākhand","","9547","1356116028"
"Kannūlu","Kannulu","12.8685","74.9025","India","IN","IND","Karnātaka","","9547","1356203518"
"Sāngi","Sangi","26.3237","86.4481","India","IN","IND","Bihār","","9547","1356646132"
"Cape Elizabeth","Cape Elizabeth","43.5891","-70.2380","United States","US","USA","Maine","","9547","1840052639"
"Sālehpur","Salehpur","25.6119","87.2973","India","IN","IND","Bihār","","9546","1356242586"
"Atmākūr","Atmakur","18.0718","79.7386","India","IN","IND","Andhra Pradesh","","9546","1356939903"
"Arrapalli","Arrapalli","18.0718","79.7386","India","IN","IND","Andhra Pradesh","","9546","1356870012"
"Fitampito","Fitampito","-20.9626","46.3075","Madagascar","MG","MDG","Fianarantsoa","","9546","1450283134"
"Fishersville","Fishersville","38.1050","-78.9826","United States","US","USA","Virginia","","9546","1840006240"
"Igrim","Igrim","63.1933","64.4194","Russia","RU","RUS","Khanty-Mansiyskiy Avtonomnyy Okrug-Yugra","","9545","1643468393"
"Elizabethtown-Kitley","Elizabethtown-Kitley","44.7000","-75.8833","Canada","CA","CAN","Ontario","","9545","1124001450"
"Cunday","Cunday","4.0833","-74.6667","Colombia","CO","COL","Tolima","minor","9544","1170276420"
"Thīkri","Thikri","22.0634","75.4007","India","IN","IND","Madhya Pradesh","","9544","1356565145"
"Dabhaura","Dabhaura","25.1162","81.3044","India","IN","IND","Madhya Pradesh","","9544","1356152184"
"Naruār","Naruar","26.2388","86.2396","India","IN","IND","Bihār","","9544","1356844933"
"Harding","Harding","-30.5833","29.8833","South Africa","ZA","ZAF","KwaZulu-Natal","","9544","1710525967"
"Oakland","Oakland","35.2256","-89.5372","United States","US","USA","Tennessee","","9544","1840016407"
"Litchfield Beach","Litchfield Beach","33.4773","-79.1181","United States","US","USA","South Carolina","","9544","1840107237"
"Rauco","Rauco","-34.9167","-71.3167","Chile","CL","CHL","Maule","","9543","1152798030"
"Canoas","Canoas","8.5333","-82.8333","Costa Rica","CR","CRI","Puntarenas","","9543","1188828441"
"Berchha","Berchha","23.2823","76.3199","India","IN","IND","Madhya Pradesh","","9543","1356175073"
"Gangādhar","Gangadhar","18.5883","79.0110","India","IN","IND","Andhra Pradesh","","9543","1356944244"
"Paso Canoas","Paso Canoas","8.5333","-82.8333","Panama","PA","PAN","Chiriquí","","9543","1591880725"
"Kadıköy","Kadikoy","40.6167","29.2333","Turkey","TR","TUR","Yalova","","9543","1792939698"
"Claymont","Claymont","39.8032","-75.4607","United States","US","USA","Delaware","","9543","1840005570"
"Chita","Chita","6.1667","-72.4167","Colombia","CO","COL","Boyacá","minor","9542","1170485101"
"Bjärred","Bjarred","55.7167","13.0167","Sweden","SE","SWE","Skåne","","9542","1752885490"
"Pérols","Perols","43.5658","3.9511","France","FR","FRA","Occitanie","","9541","1250071000"
"Dodarasinakere","Dodarasinakere","12.5083","77.0200","India","IN","IND","Karnātaka","","9541","1356082600"
"Conselice","Conselice","44.5167","11.8333","Italy","IT","ITA","Emilia-Romagna","","9541","1380930733"
"Lototla","Lototla","20.8392","-98.7178","Mexico","MX","MEX","Hidalgo","","9541","1484853725"
