"La Trinité","La Trinite","43.7417","7.3147","France","FR","FRA","Provence-Alpes-Côte d’Azur","","10485","1250907387"
"Milton","Milton","30.6286","-87.0522","United States","US","USA","Florida","","10485","1840015006"
"Cheat Lake","Cheat Lake","39.6670","-79.8564","United States","US","USA","West Virginia","","10485","1840005645"
"Ryhope","Ryhope","54.8679","-1.3698","United Kingdom","GB","GBR","Sunderland","","10484","1826951829"
"Abadou","Abadou","31.5797","-7.3122","Morocco","MA","MAR","Marrakech-Safi","","10484","1504229584"
"Sweetwater","Sweetwater","32.4692","-100.4092","United States","US","USA","Texas","","10484","1840022089"
"Bastrop","Bastrop","30.1113","-97.3176","United States","US","USA","Texas","","10484","1840019603"
"Presidente Vargas","Presidente Vargas","-3.4069","-44.0239","Brazil","BR","BRA","Maranhão","minor","10483","1076559761"
"Jesenice","Jesenice","49.9683","14.5136","Czechia","CZ","CZE","Středočeský Kraj","","10483","1203216192"
"Ouolodo","Ouolodo","13.2019","-7.9286","Mali","ML","MLI","Koulikoro","","10483","1466050421"
"Wendeburg","Wendeburg","52.3167","10.4000","Germany","DE","DEU","Lower Saxony","","10482","1276401902"
"Jõhvi","Johvi","59.3575","27.4269","Estonia","EE","EST","Jõhvi","admin","10482","1233731045"
"Coacoatzintla","Coacoatzintla","19.6500","-96.9333","Mexico","MX","MEX","Veracruz","minor","10482","1484309288"
"River Grove","River Grove","41.9243","-87.8379","United States","US","USA","Illinois","","10482","1840011285"
"Alfredo Wagner","Alfredo Wagner","-27.7000","-49.3339","Brazil","BR","BRA","Santa Catarina","minor","10481","1076900452"
"Buraan","Buraan","10.2167","48.7000","Somalia","SO","SOM","Sanaag","","10480","1706631033"
"Ban Lueak","Ban Lueak","13.7062","99.8730","Thailand","TH","THA","Ratchaburi","","10480","1764013692"
"White Marsh","White Marsh","39.3819","-76.4574","United States","US","USA","Maryland","","10480","1840005696"
"Saúde","Saude","-10.9408","-40.4178","Brazil","BR","BRA","Bahia","minor","10478","1076626668"
"Folomana","Folomana","13.6006","-5.1553","Mali","ML","MLI","Ségou","","10478","1466256892"
"Las Veredas","Las Veredas","23.1503","-109.7061","Mexico","MX","MEX","Baja California Sur","","10478","1484096349"
"Ambhua","Ambhua","24.5568","87.8651","India","IN","IND","West Bengal","","10477","1356444911"
"Akseki","Akseki","37.0486","31.7900","Turkey","TR","TUR","Antalya","minor","10477","1792149428"
"Fort Meade","Fort Meade","39.1061","-76.7437","United States","US","USA","Maryland","","10477","1840073581"
"Tiruvalam","Tiruvalam","12.9825","79.2661","India","IN","IND","Tamil Nādu","","10475","1356990853"
"Padiham","Padiham","53.7970","-2.3110","United Kingdom","GB","GBR","Lancashire","","10474","1826532234"
"Gelves","Gelves","37.3333","-6.0167","Spain","ES","ESP","Andalusia","","10473","1724803534"
"Rokunohe","Rokunohe","40.6095","141.3248","Japan","JP","JPN","Aomori","","10473","1392003347"
"Marlton","Marlton","39.9014","-74.9294","United States","US","USA","New Jersey","","10473","1840005522"
"Española","Espanola","36.0044","-106.0686","United States","US","USA","New Mexico","","10472","1840020348"
"Hulshout","Hulshout","51.0750","4.7901","Belgium","BE","BEL","Flanders","","10471","1056358506"
"Salvatierra de Miño","Salvatierra de Mino","42.0833","-8.5000","Spain","ES","ESP","Galicia","","10471","1724003151"
"Taormina","Taormina","37.8518","15.2857","Italy","IT","ITA","Sicilia","","10471","1380790975"
"Mospyne","Mospyne","47.9000","38.0667","Ukraine","UA","UKR","Donetska Oblast","","10471","1804332629"
"Corzuela","Corzuela","-26.9333","-60.9667","Argentina","AR","ARG","Chaco","minor","10470","1032587821"
"Büdelsdorf","Budelsdorf","54.3167","9.6833","Germany","DE","DEU","Schleswig-Holstein","minor","10470","1276054085"
"Balua Rāmpur","Balua Rampur","26.7777","84.4280","India","IN","IND","Bihār","","10470","1356921488"
"Tokigawa","Tokigawa","36.0086","139.2968","Japan","JP","JPN","Saitama","","10470","1392003242"
"La Plata","La Plata","38.5352","-76.9700","United States","US","USA","Maryland","","10470","1840006177"
"Ambahy","Ambahy","-20.7730","48.4768","Madagascar","MG","MDG","Fianarantsoa","","10469","1450922020"
"Markt Indersdorf","Markt Indersdorf","48.3667","11.3667","Germany","DE","DEU","Bavaria","","10468","1276148696"
"Marck","Marck","50.9486","1.9508","France","FR","FRA","Hauts-de-France","","10468","1250431956"
"Bordj Okhriss","Bordj Okhriss","36.0833","3.9667","Algeria","DZ","DZA","Bouira","","10467","1012057188"
"Krèmiss","Kremiss","15.3505","-10.3458","Mali","ML","MLI","Kayes","","10467","1466491986"
"Dáli","Dali","35.0211","33.4200","Cyprus","CY","CYP","Lefkosía","","10466","1196765328"
"Al Musayfirah","Al Musayfirah","32.6326","36.3398","Syria","SY","SYR","Dar‘ā","minor","10466","1760039988"
"Rifle","Rifle","39.5362","-107.7729","United States","US","USA","Colorado","","10466","1840020185"
"Hartswater","Hartswater","-27.7667","24.8167","South Africa","ZA","ZAF","Northern Cape","","10465","1710445940"
"Gommern","Gommern","52.0667","11.8333","Germany","DE","DEU","Saxony-Anhalt","","10464","1276399095"
"Belāo","Belao","25.1476","85.7377","India","IN","IND","Bihār","","10464","1356236821"
"Dighāwāni","Dighawani","22.2061","78.8135","India","IN","IND","Madhya Pradesh","","10464","1356113199"
"Chestnut Ridge","Chestnut Ridge","41.0829","-74.0551","United States","US","USA","New York","","10464","1840004992"
"South Lebanon","South Lebanon","40.3058","-76.3708","United States","US","USA","Pennsylvania","","10464","1840149649"
"Itaipé","Itaipe","-17.4019","-41.6689","Brazil","BR","BRA","Minas Gerais","minor","10463","1076171183"
"Wepangandla","Wepangandla","16.1157","78.1301","India","IN","IND","Andhra Pradesh","","10463","1356777487"
"Vaddepalli","Vaddepalli","15.9359","77.8417","India","IN","IND","Andhra Pradesh","","10463","1356809394"
"Santiago Tangamandapio","Santiago Tangamandapio","19.9500","-102.4333","Mexico","MX","MEX","Michoacán","minor","10463","1484550468"
"Novodnistrovsk","Novodnistrovsk","48.5778","27.4414","Ukraine","UA","UKR","Chernivetska Oblast","","10463","1804548880"
"Lighthouse Point","Lighthouse Point","26.2785","-80.0891","United States","US","USA","Florida","","10463","1840015998"
"Dhanwār","Dhanwar","24.4107","85.9818","India","IN","IND","Jhārkhand","","10462","1356802246"
"Hilter","Hilter","52.1500","8.1500","Germany","DE","DEU","Lower Saxony","","10461","1276002004"
"Gemona del Friuli","Gemona del Friuli","46.2741","13.1224","Italy","IT","ITA","Friuli Venezia Giulia","","10461","1380484180"
"Somers Point","Somers Point","39.3167","-74.6066","United States","US","USA","New Jersey","","10461","1840001537"
"Floresta","Floresta","-23.5989","-52.0808","Brazil","BR","BRA","Paraná","minor","10458","1076770521"
"Holbeach","Holbeach","52.8037","0.0154","United Kingdom","GB","GBR","Lincolnshire","","10458","1826410577"
"Sainte-Savine","Sainte-Savine","48.2956","4.0497","France","FR","FRA","Grand Est","","10457","1250324256"
"Vikrutamāla","Vikrutamala","13.6206","79.5642","India","IN","IND","Andhra Pradesh","","10457","1356046673"
"Burhia Dhanghatta","Burhia Dhanghatta","25.9004","87.2852","India","IN","IND","Bihār","","10457","1356640356"
"Little River","Little River","33.8786","-78.6393","United States","US","USA","South Carolina","","10457","1840013648"
"Teotlaltzingo","Teotlaltzingo","19.2333","-98.4833","Mexico","MX","MEX","Puebla","","10456","1484592594"
"Vieux-Condé","Vieux-Conde","50.4603","3.5692","France","FR","FRA","Hauts-de-France","","10455","1250738917"
"Ymittós","Ymittos","37.9500","23.7333","Greece","GR","GRC","Attikí","","10455","1300545458"
"Gökçe","Gokce","37.2070","40.6970","Turkey","TR","TUR","Mardin","","10455","1792760265"
"Nova Vodolaha","Nova Vodolaha","49.7192","35.8761","Ukraine","UA","UKR","Kharkivska Oblast","","10455","1804657164"
"Macajuba","Macajuba","-12.1358","-40.3600","Brazil","BR","BRA","Bahia","minor","10454","1076763287"
"Palestina","Palestina","1.7500","-76.0667","Colombia","CO","COL","Huila","minor","10454","1170209006"
"Nivala","Nivala","63.9250","24.9750","Finland","FI","FIN","Pohjois-Pohjanmaa","minor","10454","1246609695"
"Kopparam","Kopparam","16.0841","79.9874","India","IN","IND","Andhra Pradesh","","10453","1356666939"
"Lakhnā","Lakhna","26.6500","79.1500","India","IN","IND","Uttar Pradesh","","10452","1356881067"
"Khurmi","Khurmi","39.5167","67.5833","Tajikistan","TJ","TJK","Sughd","","10451","1762313500"
"Vermilion","Vermilion","41.4103","-82.3214","United States","US","USA","Ohio","","10451","1840010234"
"Miribel","Miribel","45.8253","4.9536","France","FR","FRA","Auvergne-Rhône-Alpes","","10450","1250853320"
"Valpoy","Valpoy","15.5324","74.1367","India","IN","IND","Goa","","10450","1356065506"
"Phai Sali","Phai Sali","15.6000","100.6494","Thailand","TH","THA","Nakhon Sawan","minor","10450","1764690719"
"Schleusingen","Schleusingen","50.5167","10.7500","Germany","DE","DEU","Thuringia","","10449","1276153970"
"Broughton","Broughton","52.0500","-0.6940","United Kingdom","GB","GBR","Milton Keynes","","10449","1826273920"
"Figuig","Figuig","32.1167","-1.2269","Morocco","MA","MAR","Oriental","","10449","1504487887"
"Minanba","Minanba","12.3922","-4.6678","Mali","ML","MLI","Sikasso","","10449","1466274040"
"Santiago","Santiago","-14.1892","-75.7126","Peru","PE","PER","Ica","","10449","1604889626"
"Rockport","Rockport","28.0290","-97.0722","United States","US","USA","Texas","","10449","1840020999"
"Garrison","Garrison","39.4023","-76.7514","United States","US","USA","Maryland","","10449","1840005691"
"Braine-le-Château","Braine-le-Chateau","50.6833","4.2667","Belgium","BE","BEL","Wallonia","","10447","1056237513"
"Catanduvas","Catanduvas","-25.2028","-53.1569","Brazil","BR","BRA","Paraná","minor","10446","1076928587"
"Bakwa","Bakwa","26.0601","86.4124","India","IN","IND","Bihār","","10446","1356464142"
"Da","Da","13.1600","-4.9111","Mali","ML","MLI","Ségou","","10446","1466513687"
"Waverly","Waverly","42.7250","-92.4708","United States","US","USA","Iowa","","10446","1840000404"
"Lonkly","Lonkly","7.1333","1.6833","Benin","BJ","BEN","Couffo","","10445","1204106600"
"Fervedouro","Fervedouro","-20.7258","-42.2789","Brazil","BR","BRA","Minas Gerais","minor","10445","1076636740"
"Cowes","Cowes","50.7595","-1.3002","United Kingdom","GB","GBR","Isle of Wight","","10445","1826109660"
"El Chol","El Chol","14.9667","-90.4833","Guatemala","GT","GTM","Baja Verapaz","minor","10445","1320103256"
"Silverton","Silverton","45.0030","-122.7808","United States","US","USA","Oregon","","10445","1840021226"
"Golden Hills","Golden Hills","35.1409","-118.4968","United States","US","USA","California","","10445","1840017819"
"Catunda","Catunda","-4.6478","-40.2008","Brazil","BR","BRA","Ceará","minor","10444","1076914207"
"Saidapet","Saidapet","13.1434","80.1912","India","IN","IND","Tamil Nādu","","10444","1356295294"
"Biržai","Birzai","56.2000","24.7500","Lithuania","LT","LTU","Biržai","admin","10444","1440132489"
"Krasnoilsk","Krasnoilsk","48.0147","25.5872","Ukraine","UA","UKR","Chernivetska Oblast","","10444","1804367722"
"Muquém de São Francisco","Muquem de Sao Francisco","-12.0650","-43.5489","Brazil","BR","BRA","Bahia","minor","10443","1076874616"
"Lamsabih","Lamsabih","32.2933","-8.6889","Morocco","MA","MAR","Marrakech-Safi","","10443","1504233689"
"Plaine Magnien","Plaine Magnien","-20.4286","57.6531","Mauritius","MU","MUS","Grand Port","","10443","1480551714"
"Timrå","Timra","62.4778","17.3069","Sweden","SE","SWE","Västernorrland","minor","10443","1752299610"
"Santa Teresinha","Santa Teresinha","-12.7719","-39.5228","Brazil","BR","BRA","Bahia","minor","10441","1076693294"
"São Sebastião da Grama","Sao Sebastiao da Grama","-21.7108","-46.8208","Brazil","BR","BRA","São Paulo","minor","10441","1076446818"
"Scaggsville","Scaggsville","39.1416","-76.8843","United States","US","USA","Maryland","","10441","1840024483"
"Southborough","Southborough","42.3012","-71.5297","United States","US","USA","Massachusetts","","10441","1840053604"
"Burton Latimer","Burton Latimer","52.3650","-0.6780","United Kingdom","GB","GBR","Northamptonshire","","10440","1826004598"
"Mochizuki","Mochizuki","36.2644","138.3622","Japan","JP","JPN","Nagano","","10440","1392314623"
"Minobu","Minobu","35.4675","138.4425","Japan","JP","JPN","Yamanashi","","10440","1392309481"
"Ulft","Ulft","51.8908","6.3797","Netherlands","NL","NLD","Gelderland","","10440","1528529682"
"Thilogne","Thilogne","15.9659","-13.5916","Senegal","SN","SEN","Matam","","10440","1686563185"
"Nova Europa","Nova Europa","-21.7783","-48.5608","Brazil","BR","BRA","São Paulo","minor","10439","1076407128"
"Koth","Koth","22.6360","72.3000","India","IN","IND","Gujarāt","","10439","1356456603"
"Laukāha","Laukaha","26.0336","86.6471","India","IN","IND","Bihār","","10439","1356259512"
"Abay","Abay","43.2092","76.7603","Kazakhstan","KZ","KAZ","Almaty","","10439","1398792328"
"Wapienica","Wapienica","49.8083","18.9839","Poland","PL","POL","Śląskie","","10439","1616724407"
"Altenberge","Altenberge","52.0458","7.4653","Germany","DE","DEU","North Rhine-Westphalia","","10438","1276349933"
"Sidi Boushab","Sidi Boushab","30.0740","-9.2790","Morocco","MA","MAR","Souss-Massa","","10438","1504333059"
"Lowell","Lowell","36.2561","-94.1532","United States","US","USA","Arkansas","","10438","1840015285"
"Kāmthi","Kamthi","21.2161","79.1973","India","IN","IND","Mahārāshtra","","10437","1356982851"
"Dumri","Dumri","25.5263","86.7346","India","IN","IND","Bihār","","10437","1356576647"
"Sisai","Sisai","23.1794","84.7582","India","IN","IND","Jhārkhand","","10437","1356065176"
"Kaluvāya","Kaluvaya","14.5000","79.4167","India","IN","IND","Andhra Pradesh","","10437","1356719331"
"Bālia","Balia","24.2433","75.8061","India","IN","IND","Madhya Pradesh","","10437","1356059231"
"Manakana","Manakana","-19.7655","48.3626","Madagascar","MG","MDG","Toamasina","","10437","1450745180"
"Warr Acres","Warr Acres","35.5285","-97.6182","United States","US","USA","Oklahoma","","10437","1840021743"
"Dnestrovsc","Dnestrovsc","46.6222","29.9133","Moldova","MD","MDA","Stînga Nistrului","","10436","1498610361"
"Yeşilköy","Yesilkoy","36.8667","36.2000","Turkey","TR","TUR","Hatay","","10436","1792432408"
"Antsahadinta","Antsahadinta","-19.0190","47.4481","Madagascar","MG","MDG","Antananarivo","","10434","1450776872"
"Choyr","Choyr","46.3611","108.3611","Mongolia","MN","MNG","Govĭsümber","admin","10434","1496514583"
"Şalpazarı","Salpazari","40.9422","39.1942","Turkey","TR","TUR","Trabzon","minor","10434","1792236277"
"Le Locle","Le Locle","47.0532","6.7482","Switzerland","CH","CHE","Neuchâtel","","10433","1756888589"
"Pernes-les-Fontaines","Pernes-les-Fontaines","43.9986","5.0597","France","FR","FRA","Provence-Alpes-Côte d’Azur","","10433","1250545393"
"Eccleston","Eccleston","53.4539","-2.7748","United Kingdom","GB","GBR","St. Helens","","10433","1826176719"
"Caspe","Caspe","41.2333","-0.0333","Spain","ES","ESP","Aragon","","10432","1724962695"
"Melito di Porto Salvo","Melito di Porto Salvo","37.9167","15.7833","Italy","IT","ITA","Calabria","","10432","1380113594"
"Plattekill","Plattekill","41.6478","-74.0718","United States","US","USA","New York","","10432","1840058407"
"Fatehpur","Fatehpur","24.6297","85.2249","India","IN","IND","Bihār","","10431","1356495850"
"Vengānellūr","Venganellur","10.7000","76.3333","India","IN","IND","Kerala","","10431","1356476386"
"Crestline","Crestline","34.2486","-117.2887","United States","US","USA","California","","10431","1840017796"
"Altusried","Altusried","47.8000","10.2167","Germany","DE","DEU","Bavaria","","10430","1276723201"
"El Álamo","El Alamo","40.2306","-3.9944","Spain","ES","ESP","Madrid","","10430","1724385981"
"Alexandria","Alexandria","38.9621","-84.3859","United States","US","USA","Kentucky","","10430","1840013162"
"Ibiassucê","Ibiassuce","-14.2589","-42.2569","Brazil","BR","BRA","Bahia","minor","10429","1076462026"
"Kiso","Kiso","35.9363","137.7831","Japan","JP","JPN","Nagano","","10429","1392003119"
"Pine Castle","Pine Castle","28.4651","-81.3741","United States","US","USA","Florida","","10429","1840014097"
"Klipphausen","Klipphausen","51.0833","13.5333","Germany","DE","DEU","Saxony","","10427","1276821311"
"Radyvyliv","Radyvyliv","50.1286","25.2644","Ukraine","UA","UKR","Rivnenska Oblast","","10427","1804330249"
"Camden","Camden","33.5672","-92.8467","United States","US","USA","Arkansas","","10427","1840013736"
"Flöha","Floha","50.8558","13.0714","Germany","DE","DEU","Saxony","","10426","1276141987"
"Estaimpuis","Estaimpuis","50.7000","3.2667","Belgium","BE","BEL","Wallonia","","10424","1056179340"
"Takon","Takon","6.6500","2.6167","Benin","BJ","BEN","Plateau","","10424","1204057835"
"Suhr","Suhr","47.3747","8.0806","Switzerland","CH","CHE","Aargau","","10424","1756546975"
"Labin","Labin","45.0833","14.1167","Croatia","HR","HRV","Istarska Županija","minor","10424","1191000718"
"Gunbarrel","Gunbarrel","40.0632","-105.1713","United States","US","USA","Colorado","","10424","1840028424"
"Vashon","Vashon","47.4122","-122.4726","United States","US","USA","Washington","","10424","1840018414"
"Fatehpur","Fatehpur","25.3032","87.8623","India","IN","IND","West Bengal","","10423","1356847421"
"Kamalāpuram","Kamalapuram","18.1600","79.5406","India","IN","IND","Andhra Pradesh","","10423","1356308072"
"Aulendorf","Aulendorf","47.9542","9.6389","Germany","DE","DEU","Baden-Württemberg","","10422","1276668317"
"Firminópolis","Firminopolis","-16.5819","-50.3050","Brazil","BR","BRA","Goiás","minor","10419","1076315971"
"Valatt","Valatt","11.7833","75.9000","India","IN","IND","Kerala","","10419","1356211960"
"Nagtala","Nagtala","22.4667","88.3833","India","IN","IND","West Bengal","","10419","1356265513"
"Roca Sales","Roca Sales","-29.2839","-51.8678","Brazil","BR","BRA","Rio Grande do Sul","minor","10418","1076512734"
"Coriano","Coriano","43.9691","12.6006","Italy","IT","ITA","Emilia-Romagna","","10418","1380789233"
"Bouderbala","Bouderbala","33.8123","-5.2871","Morocco","MA","MAR","Fès-Meknès","","10418","1504665592"
"Hobart","Hobart","44.4967","-88.1602","United States","US","USA","Wisconsin","","10418","1840038100"
"Flat Rock","Flat Rock","42.0991","-83.2716","United States","US","USA","Michigan","","10418","1840003973"
"Jurbise","Jurbise","50.5333","3.9333","Belgium","BE","BEL","Wallonia","","10417","1056563634"
"Salò","Salo","45.6000","10.5333","Italy","IT","ITA","Lombardy","","10417","1380884084"
"Libānggaon","Libanggaon","28.3000","82.6333","Nepal","NP","NPL","Lumbinī","","10417","1524465146"
"Nahulingo","Nahulingo","13.7000","-89.7167","El Salvador","SV","SLV","Sonsonate","","10417","1222747798"
"Garden Acres","Garden Acres","37.9637","-121.2296","United States","US","USA","California","","10417","1840028376"
"Scituate","Scituate","41.7926","-71.6203","United States","US","USA","Rhode Island","","10417","1840106234"
"Waterford","Waterford","39.7415","-74.8207","United States","US","USA","New Jersey","","10416","1840081681"
"Rawdon","Rawdon","46.0500","-73.7167","Canada","CA","CAN","Quebec","","10416","1124084263"
"Bogué","Bogue","16.5904","-14.2700","Mauritania","MR","MRT","Brakna","","10415","1478095096"
"Ciechocinek","Ciechocinek","52.8833","18.7833","Poland","PL","POL","Kujawsko-Pomorskie","","10415","1616015629"
"Edwards","Edwards","39.6215","-106.6184","United States","US","USA","Colorado","","10415","1840017535"
"Cabestany","Cabestany","42.6811","2.9433","France","FR","FRA","Occitanie","","10414","1250178816"
"Treillières","Treillieres","47.3319","-1.6256","France","FR","FRA","Pays de la Loire","","10414","1250987852"
"Caudebec-lès-Elbeuf","Caudebec-les-Elbeuf","49.2817","1.0222","France","FR","FRA","Normandie","","10414","1250684300"
"Chandera","Chandera","25.0829","78.9784","India","IN","IND","Madhya Pradesh","","10414","1356320894"
"Dona Inês","Dona Ines","-6.6136","-35.6267","Brazil","BR","BRA","Paraíba","minor","10413","1076268862"
"Shenjiaba","Shenjiaba","32.9383","108.6439","China","CN","CHN","Shaanxi","","10413","1156797657"
"Braunsbedra","Braunsbedra","51.2833","11.9000","Germany","DE","DEU","Saxony-Anhalt","","10413","1276157165"
"El Khemis des Beni Chegdal","El Khemis des Beni Chegdal","32.4441","-6.9551","Morocco","MA","MAR","Béni Mellal-Khénifra","","10413","1504549116"
"Kragerø","Kragero","58.8869","9.3469","Norway","NO","NOR","Vestfold og Telemark","minor","10413","1578172535"
"Trat","Trat","12.2417","102.5125","Thailand","TH","THA","Trat","admin","10413","1764126822"
"Vétraz-Monthoux","Vetraz-Monthoux","46.1742","6.2581","France","FR","FRA","Auvergne-Rhône-Alpes","","10412","1250512324"
"Taïneste","Taineste","34.5573","-4.1360","Morocco","MA","MAR","Fès-Meknès","","10411","1504640576"
"Kalanak","Kalanak","39.0833","70.5000","Tajikistan","TJ","TJK","Nohiyahoi Tobei Jumhurí","","10411","1762067649"
"Prestonpans","Prestonpans","55.9597","-2.9610","United Kingdom","GB","GBR","East Lothian","","10410","1826462891"
"Târgu Ocna","Targu Ocna","46.2800","26.6200","Romania","RO","ROU","Bacău","","10410","1642346375"
"Kingston","Kingston","-42.9769","147.3083","Australia","AU","AUS","Tasmania","","10409","1036297213"
"Merzenich","Merzenich","50.8333","6.5333","Germany","DE","DEU","North Rhine-Westphalia","","10409","1276724272"
"Grafton","Grafton","-29.6833","152.9333","Australia","AU","AUS","New South Wales","","10408","1036615468"
"Scartho","Scartho","53.5399","-0.0926","United Kingdom","GB","GBR","North East Lincolnshire","","10408","1826290531"
"Māchalpur","Machalpur","24.1277","76.3167","India","IN","IND","Madhya Pradesh","","10408","1356642940"
"Sudogda","Sudogda","55.9500","40.8667","Russia","RU","RUS","Vladimirskaya Oblast’","minor","10408","1643470978"
"Waynesville","Waynesville","35.4854","-82.9996","United States","US","USA","North Carolina","","10408","1840016297"
"Corral de Bustos","Corral de Bustos","-33.2833","-62.2000","Argentina","AR","ARG","Córdoba","","10407","1032324190"
"Parempuyre","Parempuyre","44.9500","-0.6039","France","FR","FRA","Nouvelle-Aquitaine","","10407","1250645547"
"Dinard","Dinard","48.6300","-2.0600","France","FR","FRA","Bretagne","","10407","1250886929"
"Telsang","Telsang","16.7200","75.0600","India","IN","IND","Karnātaka","","10407","1356300287"
"Bāghīn","Baghin","30.1839","56.8075","Iran","IR","IRN","Kermān","","10407","1364307046"
"Cunha Alta","Cunha Alta","40.6017","-7.6936","Portugal","PT","PRT","Viseu","","10407","1620149131"
"Uraí","Urai","-23.1978","-50.7958","Brazil","BR","BRA","Paraná","minor","10406","1076009202"
"Planalto","Planalto","-27.3289","-53.0589","Brazil","BR","BRA","Rio Grande do Sul","minor","10406","1076020835"
"Villeneuve-lès-Maguelone","Villeneuve-les-Maguelone","43.5331","3.8617","France","FR","FRA","Occitanie","","10406","1250073253"
"Bradford-on-Avon","Bradford-on-Avon","51.3470","-2.2510","United Kingdom","GB","GBR","Wiltshire","","10406","1826919846"
"Lake Hiawatha","Lake Hiawatha","40.8816","-74.3826","United States","US","USA","New Jersey","","10406","1840033318"
"Valley","Valley","32.8088","-85.1810","United States","US","USA","Alabama","","10406","1840015760"
"Luanco","Luanco","43.6100","-5.7900","Spain","ES","ESP","Asturias","","10405","1724203007"
"Thorigny-sur-Marne","Thorigny-sur-Marne","48.8788","2.7075","France","FR","FRA","Île-de-France","","10405","1250601682"
"Barhi","Barhi","26.4629","86.2771","India","IN","IND","Bihār","","10405","1356100468"
"San Vicente","San Vicente","-0.5910","-80.4094","Ecuador","EC","ECU","Manabí","minor","10404","1218240242"
"Northfield","Northfield","52.4080","-1.9630","United Kingdom","GB","GBR","Birmingham","","10404","1826476476"
"Kotharpettai","Kotharpettai","12.6780","78.6243","India","IN","IND","Tamil Nādu","","10404","1356016563"
"Kihō","Kiho","33.7333","136.0000","Japan","JP","JPN","Mie","","10404","1392003381"
"Prakhon Chai","Prakhon Chai","14.6107","103.0792","Thailand","TH","THA","Buri Ram","minor","10404","1764447694"
"Cadillac","Cadillac","44.2493","-85.4164","United States","US","USA","Michigan","","10404","1840002512"
"Blackhawk","Blackhawk","37.8159","-121.9071","United States","US","USA","California","","10404","1840028358"
"Opglabbeek","Opglabbeek","51.0434","5.5835","Belgium","BE","BEL","Flanders","","10403","1056213359"
"Podstrana","Podstrana","43.4800","16.5800","Croatia","HR","HRV","Splitsko-Dalmatinska Županija","minor","10403","1191181245"
"London","London","39.8935","-83.4375","United States","US","USA","Ohio","","10403","1840000674"
"Burgstädt","Burgstadt","50.9167","12.8167","Germany","DE","DEU","Saxony","","10402","1276198411"
"Kodūru","Koduru","13.8692","77.7298","India","IN","IND","Andhra Pradesh","","10402","1356970656"
"Koffiefontein","Koffiefontein","-29.4081","25.0022","South Africa","ZA","ZAF","Free State","","10402","1710585904"
"Plombières","Plombieres","50.7372","5.9596","Belgium","BE","BEL","Wallonia","","10401","1056147295"
"Pyetrykaw","Pyetrykaw","52.1333","28.5000","Belarus","BY","BLR","Homyel’skaya Voblasts’","minor","10401","1112852097"
"Betzdorf","Betzdorf","50.7856","7.8728","Germany","DE","DEU","Rhineland-Palatinate","","10401","1276302333"
"Cislago","Cislago","45.6500","8.9667","Italy","IT","ITA","Lombardy","","10401","1380157328"
"Ban Ueam","Ban Ueam","18.4246","99.4434","Thailand","TH","THA","Lampang","","10401","1764673656"
"Terra Alta","Terra Alta","-1.0378","-47.9078","Brazil","BR","BRA","Pará","minor","10400","1076764322"
"Banta","Banta","24.2323","87.8749","India","IN","IND","West Bengal","","10400","1356001065"
"Fayzobod","Fayzobod","38.5500","69.3167","Tajikistan","TJ","TJK","Nohiyahoi Tobei Jumhurí","minor","10400","1762452678"
"Masindi Port","Masindi Port","1.6983","32.0778","Uganda","UG","UGA","Kiryandongo","","10400","1800188907"
"Alhendín","Alhendin","37.1167","-3.6500","Spain","ES","ESP","Andalusia","","10399","1724096901"
"Grevesmühlen","Grevesmuhlen","53.8667","11.1667","Germany","DE","DEU","Mecklenburg-Western Pomerania","","10398","1276634445"
"Hachīrūd","Hachirud","36.6856","51.3450","Iran","IR","IRN","Māzandarān","","10398","1364613179"
"Montecchio Emilia","Montecchio Emilia","44.6986","10.4486","Italy","IT","ITA","Emilia-Romagna","","10398","1380143176"
"Hithadhoo","Hithadhoo","-0.6094","73.0899","Maldives","MV","MDV","Addu","admin","10398","1462406280"
"Madison Heights","Madison Heights","37.4487","-79.1057","United States","US","USA","Virginia","","10398","1840006372"
"Scottdale","Scottdale","33.7950","-84.2634","United States","US","USA","Georgia","","10398","1840013700"
"Weilheim an der Teck","Weilheim an der Teck","48.6150","9.5386","Germany","DE","DEU","Baden-Württemberg","","10397","1276869346"
"Nideggen","Nideggen","50.7000","6.4833","Germany","DE","DEU","North Rhine-Westphalia","","10397","1276330889"
"Anröchte","Anrochte","51.5667","8.3333","Germany","DE","DEU","North Rhine-Westphalia","","10397","1276004303"
"Sāīnkhera","Sainkhera","22.9589","78.5782","India","IN","IND","Madhya Pradesh","","10397","1356167148"
"Santiago Suchilquitongo","Santiago Suchilquitongo","17.2500","-96.8833","Mexico","MX","MEX","Oaxaca","minor","10397","1484773312"
"Kamianka-Buzka","Kamianka-Buzka","50.1000","24.3500","Ukraine","UA","UKR","Lvivska Oblast","","10397","1804465663"
"Fanjā’","Fanja'","23.4579","58.0986","Oman","OM","OMN","Ad Dākhilīyah","","10396","1512768698"
"Bobrynets","Bobrynets","48.0578","32.1581","Ukraine","UA","UKR","Kirovohradska Oblast","minor","10396","1804282287"
"Mādhopur","Madhopur","25.3453","85.3925","India","IN","IND","Bihār","","10395","1356328255"
"Velappādi","Velappadi","12.6499","79.3151","India","IN","IND","Tamil Nādu","","10395","1356965281"
"Eriyodu","Eriyodu","10.5172","78.0627","India","IN","IND","Tamil Nādu","","10395","1356036620"
"Cuatro Ciénegas de Carranza","Cuatro Cienegas de Carranza","26.9861","-102.0664","Mexico","MX","MEX","Coahuila","minor","10395","1484012996"
"Lemmer","Lemmer","52.8437","5.7093","Netherlands","NL","NLD","Fryslân","minor","10395","1528838845"
"Kangaroo Flat","Kangaroo Flat","-36.7833","144.2333","Australia","AU","AUS","Victoria","","10394","1036769935"
"Uchoa","Uchoa","-20.9528","-49.1750","Brazil","BR","BRA","São Paulo","minor","10394","1076170916"
"Narkatpalli","Narkatpalli","17.2030","79.1950","India","IN","IND","Andhra Pradesh","","10394","1356046669"
"Turmānīn","Turmanin","36.2288","36.8156","Syria","SY","SYR","Idlib","","10394","1760551418"
"Nieder-Olm","Nieder-Olm","49.9083","8.2028","Germany","DE","DEU","Rhineland-Palatinate","","10393","1276571549"
"Jhāua","Jhaua","25.7487","84.9240","India","IN","IND","Bihār","","10393","1356099578"
"Newport","Newport","44.6242","-124.0513","United States","US","USA","Oregon","","10393","1840019975"
"Puerto Quijarro","Puerto Quijarro","-17.7796","-57.7700","Bolivia","BO","BOL","Santa Cruz","","10392","1068582123"
"Palestina","Palestina","-1.6263","-79.9770","Ecuador","EC","ECU","Guayas","minor","10392","1218128437"
"Tripurāntakam","Tripurantakam","16.0007","79.4563","India","IN","IND","Andhra Pradesh","","10392","1356024353"
"Suchanino","Suchanino","54.3667","18.6500","Poland","PL","POL","Pomorskie","","10392","1616723599"
"Winchendon","Winchendon","42.6667","-72.0487","United States","US","USA","Massachusetts","","10392","1840053615"
"Fair Oaks","Fair Oaks","33.9193","-84.5445","United States","US","USA","Georgia","","10392","1840013091"
"Leones","Leones","-32.6589","-62.2967","Argentina","AR","ARG","Córdoba","","10391","1032664852"
"Raunds","Raunds","52.3450","-0.5370","United Kingdom","GB","GBR","Northamptonshire","","10391","1826048317"
"Regedor Zavala","Regedor Zavala","-24.6833","34.6667","Mozambique","MZ","MOZ","Inhambane","","10391","1508990643"
"Lyons","Lyons","41.8119","-87.8191","United States","US","USA","Illinois","","10391","1840011292"
"Santa Clara La Laguna","Santa Clara La Laguna","14.7167","-91.3000","Guatemala","GT","GTM","Sololá","minor","10390","1320225556"
"Ichnia","Ichnia","50.8500","32.4000","Ukraine","UA","UKR","Chernihivska Oblast","","10390","1804909893"
"Jigani","Jigani","12.7861","77.6385","India","IN","IND","Karnātaka","","10389","1356570809"
"Coronel Freitas","Coronel Freitas","-26.9089","-52.7028","Brazil","BR","BRA","Santa Catarina","minor","10388","1076871114"
"Mātsavaram","Matsavaram","16.6000","79.7333","India","IN","IND","Andhra Pradesh","","10388","1356409760"
"Dougba","Dougba","8.4497","2.4737","Benin","BJ","BEN","Collines","","10387","1204867484"
"Ickenham","Ickenham","51.5580","-0.4484","United Kingdom","GB","GBR","Hillingdon","","10387","1826334339"
"Gokinepalle","Gokinepalle","16.9228","79.7827","India","IN","IND","Andhra Pradesh","","10386","1356874906"
"Alaçatı","Alacati","38.2814","26.3742","Turkey","TR","TUR","İzmir","minor","10386","1792668742"
"Constantina","Constantina","-27.7350","-52.9919","Brazil","BR","BRA","Rio Grande do Sul","minor","10385","1076797268"
"Molango","Molango","20.7844","-98.7175","Mexico","MX","MEX","Hidalgo","","10385","1484340479"
"East Setauket","East Setauket","40.9210","-73.0942","United States","US","USA","New York","","10385","1840033876"
"Morinville","Morinville","53.8022","-113.6497","Canada","CA","CAN","Alberta","","10385","1124322535"
"Senhora dos Remédios","Senhora dos Remedios","-21.0278","-43.5828","Brazil","BR","BRA","Minas Gerais","minor","10384","1076268032"
"Caém","Caem","-11.1000","-40.4333","Brazil","BR","BRA","Bahia","minor","10384","1076157076"
"Paramoti","Paramoti","-4.0969","-39.2389","Brazil","BR","BRA","Ceará","minor","10384","1076701260"
"Telkapalli","Telkapalli","16.4500","78.4667","India","IN","IND","Andhra Pradesh","","10384","1356020207"
"Nakasato","Nakasato","40.9649","140.4400","Japan","JP","JPN","Aomori","","10384","1392803488"
"Flowood","Flowood","32.3359","-90.0802","United States","US","USA","Mississippi","","10384","1840013824"
"Gayāspur","Gayaspur","25.9217","84.4399","India","IN","IND","Bihār","","10383","1356285960"
"Lake Hopatcong","Lake Hopatcong","40.9599","-74.6094","United States","US","USA","New Jersey","","10383","1840145177"
"Cholchol","Cholchol","-38.6000","-72.8333","Chile","CL","CHL","Araucanía","","10382","1152052150"
"Versailles","Versailles","38.0486","-84.7258","United States","US","USA","Kentucky","","10382","1840015212"
"Faradābād","Faradabad","23.7445","90.8772","Bangladesh","BD","BGD","Chattogram","","10381","1050280343"
"Steinau an der Straße","Steinau an der Strasse","50.3167","9.4667","Germany","DE","DEU","Hesse","","10381","1276321802"
"Jālihalli","Jalihalli","16.3650","76.7811","India","IN","IND","Karnātaka","","10381","1356088739"
"Nová Dubnica","Nova Dubnica","48.9331","18.1439","Slovakia","SK","SVK","Nitra","","10381","1703517526"
"Valky","Valky","49.8333","35.6167","Ukraine","UA","UKR","Kharkivska Oblast","","10381","1804819263"
"Capitólio","Capitolio","-20.6150","-46.0500","Brazil","BR","BRA","Minas Gerais","minor","10380","1076592290"
"Truşeni","Truseni","47.0689","28.6797","Moldova","MD","MDA","Chişinău","","10380","1498415834"
"Zdzieszowice","Zdzieszowice","50.4192","18.1236","Poland","PL","POL","Opolskie","","10380","1616530342"
"Akim Swedru","Akim Swedru","5.8938","-1.0164","Ghana","GH","GHA","Eastern","","10379","1288676050"
"Pāraippatti","Paraippatti","10.3144","77.8601","India","IN","IND","Tamil Nādu","","10379","1356252319"
"Sangrāmpur","Sangrampur","25.0711","86.1871","India","IN","IND","Bihār","","10379","1356807538"
"Spa","Spa","50.4924","5.8648","Belgium","BE","BEL","Wallonia","","10378","1056521041"
"Belém de Maria","Belem de Maria","-8.6139","-35.8089","Brazil","BR","BRA","Pernambuco","minor","10378","1076406232"
"Chantepie","Chantepie","48.0892","-1.6153","France","FR","FRA","Bretagne","","10378","1250992436"
"Wabash","Wabash","40.8034","-85.8301","United States","US","USA","Indiana","","10378","1840010335"
"Progress Village","Progress Village","27.8831","-82.3593","United States","US","USA","Florida","","10378","1840028917"
"Nossen","Nossen","51.0500","13.3000","Germany","DE","DEU","Saxony","","10377","1276123820"
"Desuri","Desuri","25.2833","73.5667","India","IN","IND","Rājasthān","","10377","1356000146"
"Nūkān","Nukan","34.3608","47.1725","Iran","IR","IRN","Kermānshāh","","10377","1364395040"
"Fasintsara","Fasintsara","-20.7165","47.6908","Madagascar","MG","MDG","Fianarantsoa","","10377","1450084613"
"Spanish Fort","Spanish Fort","30.7254","-87.8597","United States","US","USA","Alabama","","10377","1840015879"
"East Bakersfield","East Bakersfield","35.3832","-118.9743","United States","US","USA","California","","10377","1840150305"
"Villers-Cotterêts","Villers-Cotterets","49.2600","3.0906","France","FR","FRA","Hauts-de-France","","10376","1250546723"
"Ban Non Sombun","Ban Non Sombun","18.2983","103.6528","Thailand","TH","THA","Bueng Kan","","10376","1764177972"
"Garden City","Garden City","32.0867","-81.1773","United States","US","USA","Georgia","","10375","1840013839"
"Cristina","Cristina","-22.2119","-45.2639","Brazil","BR","BRA","Minas Gerais","minor","10374","1076697532"
"Corfe Mullen","Corfe Mullen","50.7701","-2.0175","United Kingdom","GB","GBR","Dorset","","10374","1826707592"
"Pilar","Pilar","9.8639","126.1008","Philippines","PH","PHL","Surigao del Norte","","10374","1608555528"
"Portage","Portage","43.5489","-89.4658","United States","US","USA","Wisconsin","","10374","1840002712"
"Mercês","Merces","-21.1939","-43.3408","Brazil","BR","BRA","Minas Gerais","minor","10373","1076984501"
"Nalgora","Nalgora","22.0346","88.4743","India","IN","IND","West Bengal","","10373","1356342288"
"Ordubad","Ordubad","38.9047","46.0231","Azerbaijan","AZ","AZE","Ordubad","admin","10372","1031853196"
"Wildberg","Wildberg","48.6239","8.7472","Germany","DE","DEU","Baden-Württemberg","","10372","1276603722"
"Mādhopur Hazāri","Madhopur Hazari","26.2623","84.8995","India","IN","IND","Bihār","","10372","1356860498"
"Raghunāthpur","Raghunathpur","26.3448","84.9211","India","IN","IND","Bihār","","10372","1356944072"
"Conceição da Aparecida","Conceicao da Aparecida","-21.0939","-46.2039","Brazil","BR","BRA","Minas Gerais","minor","10371","1076238333"
"Sidi Brahim","Sidi Brahim","35.2606","-0.5675","Algeria","DZ","DZA","Sidi Bel Abbès","","10371","1012460249"
"Phek","Phek","25.5710","94.3010","India","IN","IND","Manipur","","10371","1356127461"
"Douar Echbanat","Douar Echbanat","34.2140","-5.3508","Morocco","MA","MAR","Fès-Meknès","","10371","1504340049"
"Mānkur","Mankur","23.4353","87.5527","India","IN","IND","West Bengal","","10370","1356698226"
"Sarapuí","Sarapui","-23.6408","-47.8250","Brazil","BR","BRA","São Paulo","minor","10369","1076402812"
"Portes-lès-Valence","Portes-les-Valence","44.8742","4.8769","France","FR","FRA","Auvergne-Rhône-Alpes","","10369","1250226611"
"Brumath","Brumath","48.7328","7.7092","France","FR","FRA","Grand Est","","10369","1250341449"
"Colwyn Bay","Colwyn Bay","53.2900","-3.7000","United Kingdom","GB","GBR","Conwy","","10369","1826306536"
"Gharyāla","Gharyala","31.2294","74.7352","India","IN","IND","Punjab","","10369","1356021460"
"Sarnen","Sarnen","46.8969","8.2469","Switzerland","CH","CHE","Obwalden","admin","10368","1756451113"
"Haikoucun","Haikoucun","28.3237","120.0853","China","CN","CHN","Zhejiang","","10368","1156373607"
"Puduppatti","Puduppatti","9.6171","77.6375","India","IN","IND","Tamil Nādu","","10368","1356217616"
"Ain Beida","Ain Beida","31.5850","-8.6080","Morocco","MA","MAR","Marrakech-Safi","","10368","1504673651"
"Nova Olinda","Nova Olinda","-7.6319","-48.4228","Brazil","BR","BRA","Tocantins","minor","10367","1076539934"
"Atripalda","Atripalda","40.9167","14.8256","Italy","IT","ITA","Campania","","10367","1380784790"
"Lima","Lima","-23.8850","-56.4789","Paraguay","PY","PRY","San Pedro","","10367","1600187731"
"Brewster","Brewster","41.7463","-70.0676","United States","US","USA","Massachusetts","","10367","1840053498"
"Süßen","Sussen","48.6797","9.7575","Germany","DE","DEU","Baden-Württemberg","","10366","1276876267"
"Friedeburg","Friedeburg","53.4500","7.8333","Germany","DE","DEU","Lower Saxony","","10366","1276711617"
"Kottapuram","Kottapuram","10.2958","76.2431","India","IN","IND","Kerala","","10366","1356741552"
"Cori","Cori","41.6500","12.9167","Italy","IT","ITA","Lazio","","10366","1380042566"
"Northampton","Northampton","40.6866","-75.4904","United States","US","USA","Pennsylvania","","10366","1840000975"
"Libanté","Libante","10.7936","3.5828","Benin","BJ","BEN","Alibori","","10365","1204606503"
"Kalgi","Kalgi","17.3500","77.1500","India","IN","IND","Karnātaka","","10365","1356359480"
"Bommārbettu","Bommarbettu","13.3390","74.8784","India","IN","IND","Karnātaka","","10365","1356233667"
"Imi Mokorn","Imi Mokorn","30.1675","-9.2322","Morocco","MA","MAR","Souss-Massa","","10365","1504588665"
"Wittelsheim","Wittelsheim","47.8058","7.2383","France","FR","FRA","Grand Est","","10364","1250294605"
"Momanpet","Momanpet","17.5175","77.8981","India","IN","IND","Andhra Pradesh","","10364","1356411596"
"Corleone","Corleone","37.8167","13.3000","Italy","IT","ITA","Sicilia","","10364","1380757468"
"Namtsy","Namtsy","62.7333","129.6667","Russia","RU","RUS","Sakha (Yakutiya)","minor","10364","1643884907"
"Ambalanūr","Ambalanur","16.5900","75.9600","India","IN","IND","Karnātaka","","10363","1356298718"
"Peravali","Peravali","15.2861","77.4997","India","IN","IND","Andhra Pradesh","","10363","1356970840"
"Ortaköy","Ortakoy","37.2220","40.7850","Turkey","TR","TUR","Mardin","","10363","1792472529"
"Itabirinha de Mantena","Itabirinha de Mantena","-18.5658","-41.2328","Brazil","BR","BRA","Minas Gerais","minor","10362","1076325783"
"Fakirtaki","Fakirtaki","22.3815","88.7901","India","IN","IND","West Bengal","","10361","1356913401"
"Bassian","Bassian","30.6559","75.5389","India","IN","IND","Punjab","","10360","1356005138"
"Taksimo","Taksimo","56.3315","114.8900","Russia","RU","RUS","Buryatiya","","10359","1643663655"
"Galion","Galion","40.7385","-82.7792","United States","US","USA","Ohio","","10358","1840002752"
"Itri","Itri","41.2833","13.5333","Italy","IT","ITA","Lazio","","10357","1380610336"
"Hirnyk","Hirnyk","48.0500","37.3667","Ukraine","UA","UKR","Donetska Oblast","","10357","1804281966"
"Dan","Dan","7.3167","2.0667","Benin","BJ","BEN","Zou","","10356","1204916794"
"Jaguaribara","Jaguaribara","-5.6578","-38.6200","Brazil","BR","BRA","Ceará","minor","10356","1076747362"
"Phulmālik","Phulmalik","25.4132","86.4255","India","IN","IND","Bihār","","10356","1356885563"
"Bonate di Sopra","Bonate di Sopra","45.6819","9.5586","Italy","IT","ITA","Lombardy","","10356","1380392086"
"São Bento do Sapucaí","Sao Bento do Sapucai","-22.6889","-45.7308","Brazil","BR","BRA","São Paulo","minor","10355","1076414119"
"Khawaspur","Khawaspur","26.2331","84.6388","India","IN","IND","Bihār","","10355","1356544716"
"Banga","Banga","-8.7333","15.1667","Angola","AO","AGO","Cuanza-Norte","","10354","1024994846"
"Irupi","Irupi","-20.3450","-41.6408","Brazil","BR","BRA","Espírito Santo","minor","10354","1076291312"
"Kemin","Kemin","42.7846","75.6892","Kyrgyzstan","KG","KGZ","Chüy","minor","10354","1417700356"
"Millstone","Millstone","40.2123","-74.4302","United States","US","USA","New Jersey","","10354","1840152826"
"Villebon-sur-Yvette","Villebon-sur-Yvette","48.7002","2.2277","France","FR","FRA","Île-de-France","","10353","1250107320"
"Kelandis","Kelandis","-8.6595","115.2270","Indonesia","ID","IDN","Bali","","10353","1360695846"
"Bārah","Barah","35.6860","36.5424","Syria","SY","SYR","Idlib","","10353","1760852702"
"Zhydachiv","Zhydachiv","49.3850","24.1444","Ukraine","UA","UKR","Lvivska Oblast","minor","10353","1804137545"
"Aesch","Aesch","47.4694","7.5942","Switzerland","CH","CHE","Basel-Landschaft","","10352","1756884116"
"Blain","Blain","47.4769","-1.7622","France","FR","FRA","Pays de la Loire","","10352","1250245531"
"Siktiāhi","Siktiahi","26.4812","86.4023","India","IN","IND","Bihār","","10352","1356146314"
"Hisar","Hisar","26.5495","85.9406","India","IN","IND","Bihār","","10352","1356224432"
"Rio do Fogo","Rio do Fogo","-5.2728","-35.3828","Brazil","BR","BRA","Rio Grande do Norte","minor","10351","1076926455"
"Neuenstadt am Kocher","Neuenstadt am Kocher","49.2333","9.3333","Germany","DE","DEU","Baden-Württemberg","","10350","1276757079"
"Gourock","Gourock","55.9538","-4.8173","United Kingdom","GB","GBR","Inverclyde","","10350","1826142319"
"Hirehadagalli","Hirehadagalli","14.9267","75.8322","India","IN","IND","Karnātaka","","10350","1356923875"
"Rounia","Rounia","25.5179","87.3999","India","IN","IND","Bihār","","10350","1356347491"
"Kiklah","Kiklah","32.0683","12.6944","Libya","LY","LBY","Al Jabal al Gharbī","","10350","1434206473"
"Nijoní","Nijoni","39.9667","68.9167","Tajikistan","TJ","TJK","Sughd","","10350","1762549983"
"La Riche","La Riche","47.3900","0.6614","France","FR","FRA","Centre-Val de Loire","","10349","1250677508"
"Ravanusa","Ravanusa","37.2678","13.9697","Italy","IT","ITA","Sicilia","","10349","1380591598"
"Hârlău","Harlau","47.4278","26.9114","Romania","RO","ROU","Iaşi","","10349","1642634665"
"Mallan","Mallan","30.4015","74.7365","India","IN","IND","Punjab","","10348","1356680446"
"El Refugio","El Refugio","13.9750","-89.7072","El Salvador","SV","SLV","Ahuachapán","","10348","1222663684"
"Inkerman","Inkerman","44.6000","33.6000","Ukraine","UA","UKR","Sevastopol, Misto","","10348","1804447396"
"Fairmont","Fairmont","43.6441","-94.4621","United States","US","USA","Minnesota","","10348","1840007950"
"Dário Meira","Dario Meira","-14.4358","-39.9078","Brazil","BR","BRA","Bahia","minor","10347","1076782053"
"Vellatūru","Vellaturu","16.1209","79.6508","India","IN","IND","Andhra Pradesh","","10347","1356282921"
"Coroneo","Coroneo","20.1333","-100.3333","Mexico","MX","MEX","Guanajuato","minor","10347","1484498281"
"Santa Maria de Itabira","Santa Maria de Itabira","-19.4489","-43.1128","Brazil","BR","BRA","Minas Gerais","minor","10346","1076857591"
"Māruteru","Maruteru","16.6237","81.7394","India","IN","IND","Andhra Pradesh","","10346","1356126599"
"Delportshoop","Delportshoop","-28.4167","24.3000","South Africa","ZA","ZAF","Northern Cape","","10346","1710045327"
"Masanasa","Masanasa","39.4083","-0.3989","Spain","ES","ESP","Valencia","","10345","1724442846"
"Srikrishnapur","Srikrishnapur","22.9717","88.0351","India","IN","IND","West Bengal","","10345","1356068749"
"Kiridh","Kiridh","8.9805","46.1293","Somalia","SO","SOM","Togdheer","","10345","1706686835"
"Shahrak-e Enqelāb","Shahrak-e Enqelab","35.5156","51.6867","Iran","IR","IRN","Tehrān","","10344","1364192859"
"Tipp City","Tipp City","39.9644","-84.1866","United States","US","USA","Ohio","","10344","1840010507"
"María Pinto","Maria Pinto","-33.5167","-71.1167","Chile","CL","CHL","Región Metropolitana","","10343","1152556156"
"Brikama Ba","Brikama Ba","13.5333","-14.9333","Gambia, The","GM","GMB","Central River","","10343","1270974319"
"Mānikpur","Manikpur","25.3129","87.4388","India","IN","IND","Bihār","","10343","1356069750"
"Silea","Silea","45.6547","12.2967","Italy","IT","ITA","Veneto","","10343","1380124192"
"Mokarrampur","Mokarrampur","26.2176","86.0433","India","IN","IND","Bihār","","10342","1356347629"
"Konkavāripalle","Konkavaripalle","13.7125","78.4861","India","IN","IND","Andhra Pradesh","","10342","1356227566"
"Canatlán","Canatlan","24.5200","-104.7800","Mexico","MX","MEX","Durango","minor","10342","1484221814"
"Churapcha","Churapcha","61.9928","132.4317","Russia","RU","RUS","Sakha (Yakutiya)","minor","10342","1643001695"
"Itapé","Itape","-14.8978","-39.4208","Brazil","BR","BRA","Bahia","minor","10341","1076267956"
"Cheruvannūr","Cheruvannur","11.8284","75.7295","India","IN","IND","Kerala","","10341","1356470757"
"Salempur","Salempur","29.8750","77.8580","India","IN","IND","Uttarākhand","","10340","1356547532"
"Ganga Sāgar","Ganga Sagar","21.6528","88.0753","India","IN","IND","West Bengal","","10340","1356790764"
"Hoek van Holland","Hoek van Holland","51.9763","4.1323","Netherlands","NL","NLD","Zuid-Holland","","10340","1528209321"
"Palmeiras","Palmeiras","-12.5289","-41.5589","Brazil","BR","BRA","Bahia","minor","10339","1076798897"
"Kirchlinteln","Kirchlinteln","52.9428","9.3183","Germany","DE","DEU","Lower Saxony","","10339","1276083659"
"Limoux","Limoux","43.0578","2.2192","France","FR","FRA","Occitanie","minor","10339","1250442739"
"Førde","Forde","61.4519","5.8569","Norway","NO","NOR","Vestland","minor","10339","1578914241"
"Natonin","Natonin","17.1089","121.2797","Philippines","PH","PHL","Mountain","","10339","1608385034"
"Karabash","Karabash","55.4833","60.2167","Russia","RU","RUS","Chelyabinskaya Oblast’","minor","10339","1643422680"
"Sonwān","Sonwan","25.6258","86.2161","India","IN","IND","Bihār","","10338","1356251122"
"Atessa","Atessa","42.0667","14.4500","Italy","IT","ITA","Abruzzo","","10338","1380170014"
"São Luís do Paraitinga","Sao Luis do Paraitinga","-23.2219","-45.3100","Brazil","BR","BRA","São Paulo","minor","10337","1076106138"
"Tirkha","Tirkha","26.1290","81.0343","India","IN","IND","Uttar Pradesh","","10337","1356099341"
"Farmersville","Farmersville","36.3050","-119.2083","United States","US","USA","California","","10336","1840020366"
"Bowral","Bowral","-34.4792","150.4181","Australia","AU","AUS","New South Wales","","10335","1036253752"
"Erlenbach am Main","Erlenbach am Main","49.8039","9.1639","Germany","DE","DEU","Bavaria","","10335","1276645888"
"São Miguel das Matas","Sao Miguel das Matas","-13.0478","-39.4558","Brazil","BR","BRA","Bahia","minor","10334","1076012049"
"New Richmond","New Richmond","45.1250","-92.5377","United States","US","USA","Wisconsin","","10334","1840002138"
"Geneseo","Geneseo","42.8038","-77.7783","United States","US","USA","New York","","10334","1840004422"
"Shasta Lake","Shasta Lake","40.6790","-122.3775","United States","US","USA","California","","10334","1840021349"
"Bogen","Bogen","48.9167","12.6833","Germany","DE","DEU","Bavaria","","10333","1276422463"
"Levanger","Levanger","63.7464","11.2996","Norway","NO","NOR","Trøndelag","minor","10333","1578010304"
"Dăbuleni","Dabuleni","43.8011","24.0919","Romania","RO","ROU","Dolj","","10333","1642780769"
"Magas","Magas","43.1667","44.8167","Russia","RU","RUS","Ingushetiya","admin","10333","1643520048"
"Fort Oglethorpe","Fort Oglethorpe","34.9318","-85.2460","United States","US","USA","Georgia","","10332","1840013554"
"Firou","Firou","10.9192","1.9386","Benin","BJ","BEN","Atacora","","10331","1204000006"
"Aydarken","Aydarken","39.9333","71.3333","Kyrgyzstan","KG","KGZ","Batken","","10331","1417865074"
"Thạnh Phú","Thanh Phu","9.9539","106.5069","Vietnam","VN","VNM","Bến Tre","minor","10331","1704975971"
"Benalla","Benalla","-36.5519","145.9817","Australia","AU","AUS","Victoria","","10330","1036934047"
"Ahogbeya","Ahogbeya","7.0333","1.9167","Benin","BJ","BEN","Couffo","","10330","1204793788"
"Matina","Matina","-13.9089","-42.8489","Brazil","BR","BRA","Bahia","minor","10330","1076781107"
"Ben Nasseur","Ben Nasseur","33.1108","6.4411","Algeria","DZ","DZA","Ouargla","","10330","1012048018"
"Amurrio","Amurrio","43.0528","-3.0014","Spain","ES","ESP","Basque Country","","10330","1724144899"
"Oppatavādi","Oppatavadi","12.5690","78.3992","India","IN","IND","Tamil Nādu","","10330","1356284295"
"Blumberg","Blumberg","47.8392","8.5342","Germany","DE","DEU","Baden-Württemberg","","10329","1276268293"
"Ban Dan Na Kham","Ban Dan Na Kham","17.7167","100.1333","Thailand","TH","THA","Uttaradit","","10329","1764004017"
"Melres","Melres","41.0686","-8.3983","Portugal","PT","PRT","Porto","","10328","1620821477"
"Gagnef","Gagnef","60.5833","15.0667","Sweden","SE","SWE","Dalarna","minor","10328","1752571884"
"Santo Antônio do Jacinto","Santo Antonio do Jacinto","-16.5339","-40.1758","Brazil","BR","BRA","Minas Gerais","minor","10327","1076580986"
"São Domingos","Sao Domingos","-10.7908","-37.5678","Brazil","BR","BRA","Sergipe","minor","10327","1076641511"
"Qārī Kolā-ye Araţeh","Qari Kola-ye Arateh","36.4917","52.9531","Iran","IR","IRN","Māzandarān","","10327","1364710926"
"Osicala","Osicala","13.8000","-88.1500","El Salvador","SV","SLV","Morazán","","10327","1222316940"
"Alvorada do Sul","Alvorada do Sul","-22.7800","-51.2308","Brazil","BR","BRA","Paraná","minor","10326","1076000190"
"Kirchzarten","Kirchzarten","47.9650","7.9556","Germany","DE","DEU","Baden-Württemberg","","10326","1276548951"
"Ratnagiri","Ratnagiri","13.8111","77.1301","India","IN","IND","Andhra Pradesh","","10326","1356497114"
"El Jicaral","El Jicaral","12.7333","-86.3833","Nicaragua","NI","NIC","León","minor","10326","1558715100"
"Ananás","Ananas","-6.3658","-48.0728","Brazil","BR","BRA","Tocantins","minor","10325","1076131174"
"Pintadas","Pintadas","-11.8128","-39.9089","Brazil","BR","BRA","Bahia","minor","10325","1076824576"
"Inhangapi","Inhangapi","-1.4300","-47.9169","Brazil","BR","BRA","Pará","minor","10325","1076688647"
"Babhniyāwān","Babhniyawan","25.4943","84.4815","India","IN","IND","Bihār","","10325","1356981784"
"Sirakoro","Sirakoro","13.4253","-9.1497","Mali","ML","MLI","Kayes","","10325","1466537189"
"Meerhout","Meerhout","51.1320","5.0773","Belgium","BE","BEL","Flanders","","10324","1056144149"
"Itaueira","Itaueira","-7.6028","-43.0258","Brazil","BR","BRA","Piauí","minor","10323","1076966094"
"Vila Franca do Campo","Vila Franca do Campo","37.7167","-25.4333","Portugal","PT","PRT","Azores","","10323","1620199147"
"Loudoun Valley Estates","Loudoun Valley Estates","38.9770","-77.5053","United States","US","USA","Virginia","","10323","1840041775"
"Wallaceburg","Wallaceburg","42.5984","-82.3916","Canada","CA","CAN","Ontario","","10323","1124916797"
"Àrvorezinha","Arvorezinha","-28.8719","-52.1750","Brazil","BR","BRA","Rio Grande do Sul","minor","10322","1076700097"
"Riano","Riano","42.0911","12.5228","Italy","IT","ITA","Lazio","","10322","1380148106"
"Arimalam","Arimalam","10.2550","78.8840","India","IN","IND","Tamil Nādu","","10321","1356117183"
"Höchst im Odenwald","Hochst im Odenwald","49.8000","9.0000","Germany","DE","DEU","Hesse","","10320","1276437736"
"Villacarrillo","Villacarrillo","38.1000","-3.0833","Spain","ES","ESP","Andalusia","","10320","1724531932"
"Stranraer","Stranraer","54.9020","-5.0270","United Kingdom","GB","GBR","Dumfries and Galloway","","10320","1826813563"
"Southampton","Southampton","39.9137","-74.7171","United States","US","USA","New Jersey","","10320","1840081621"
"Ranchos","Ranchos","-35.5333","-58.2833","Argentina","AR","ARG","Buenos Aires","minor","10319","1032900270"
"Hämeenkyrö","Hameenkyro","61.6333","23.2000","Finland","FI","FIN","Pirkanmaa","minor","10319","1246915870"
"Harsola","Harsola","22.5694","75.8165","India","IN","IND","Madhya Pradesh","","10319","1356273769"
