"Bni Sidel","Bni Sidel","35.1392","-3.1281","Morocco","MA","MAR","Oriental","","8930","1504766280"
"La Junta","La Junta","28.4778","-107.3317","Mexico","MX","MEX","Chihuahua","","8930","1484913185"
"Plainedge","Plainedge","40.7241","-73.4770","United States","US","USA","New York","","8930","1840005249"
"Nunchía","Nunchia","5.6333","-72.2000","Colombia","CO","COL","Casanare","minor","8928","1170389960"
"Zalishchyky","Zalishchyky","48.6500","25.7333","Ukraine","UA","UKR","Ternopilska Oblast","minor","8928","1804632373"
"Chachersk","Chachersk","52.9161","30.9161","Belarus","BY","BLR","Homyel’skaya Voblasts’","minor","8927","1112940969"
"Shahr-e Pīr","Shahr-e Pir","28.3122","54.3328","Iran","IR","IRN","Fārs","","8927","1364616917"
"Zhur","Zhur","42.1639","20.6211","Kosovo","XK","XKS","Prizren","","8927","1901520274"
"Juncos","Juncos","18.2256","-65.9161","Puerto Rico","PR","PRI","Puerto Rico","","8927","1630023721"
"Kovvali","Kovvali","16.7333","81.1667","India","IN","IND","Andhra Pradesh","","8925","1356481075"
"Florø","Floro","61.5986","5.0172","Norway","NO","NOR","Vestland","minor","8925","1578596650"
"Horokhiv","Horokhiv","50.4994","24.7650","Ukraine","UA","UKR","Volynska Oblast","","8925","1804715823"
"Balvādi","Balvadi","21.4412","75.2230","India","IN","IND","Madhya Pradesh","","8924","1356037786"
"Castelnuovo Berardenga","Castelnuovo Berardenga","43.3472","11.5042","Italy","IT","ITA","Tuscany","","8924","1380912826"
"Cholavaram","Cholavaram","13.2389","80.1627","India","IN","IND","Tamil Nādu","","8923","1356762417"
"Kara-Bak","Kara-Bak","40.1583","70.8167","Kyrgyzstan","KG","KGZ","Batken","minor","8923","1417932246"
"Vila Nova de Cerveira","Vila Nova de Cerveira","41.9400","-8.7444","Portugal","PT","PRT","Viana do Castelo","minor","8923","1620227274"
"Wesley Chapel","Wesley Chapel","34.9985","-80.6903","United States","US","USA","North Carolina","","8923","1840017881"
"Libonik","Libonik","40.7500","20.7167","Albania","AL","ALB","Korçë","","8922","1008483668"
"Tlahuitoltepec","Tlahuitoltepec","17.1000","-96.0667","Mexico","MX","MEX","Oaxaca","minor","8922","1484826435"
"Thị Trấn Đồng Đăng","Thi Tran Dong Dang","21.9458","106.6967","Vietnam","VN","VNM","Lạng Sơn","","8922","1704283725"
"Rāmapattanam","Ramapattanam","10.7106","76.9183","India","IN","IND","Tamil Nādu","","8921","1356162555"
"Bodaybo","Bodaybo","57.8667","114.2000","Russia","RU","RUS","Irkutskaya Oblast’","minor","8921","1643017251"
"Terra Nova","Terra Nova","-8.2300","-39.3758","Brazil","BR","BRA","Pernambuco","minor","8920","1076265057"
"Eslohe","Eslohe","51.2500","8.1667","Germany","DE","DEU","North Rhine-Westphalia","","8920","1276472967"
"Mangalpur Gudaria","Mangalpur Gudaria","26.6513","84.4832","India","IN","IND","Bihār","","8920","1356922197"
"Nānguneri","Nanguneri","8.4906","77.6588","India","IN","IND","Tamil Nādu","","8920","1356265096"
"Māldah","Maldah","25.1740","85.7599","India","IN","IND","Bihār","","8920","1356022894"
"Chirongui","Chirongui","-12.9344","45.1511","Mayotte","YT","MYT","","","8920","1175000178"
"Upper Leacock","Upper Leacock","40.0801","-76.1854","United States","US","USA","Pennsylvania","","8920","1840142492"
"Plön","Plon","54.1622","10.4214","Germany","DE","DEU","Schleswig-Holstein","minor","8919","1276527623"
"Khorāgāchhi","Khoragachhi","26.3344","87.5411","India","IN","IND","Bihār","","8919","1356182138"
"Guarani","Guarani","-21.3519","-43.0469","Brazil","BR","BRA","Minas Gerais","minor","8918","1076689848"
"Vohburg an der Donau","Vohburg an der Donau","48.7667","11.6167","Germany","DE","DEU","Bavaria","","8918","1276723735"
"Santa María del Tule","Santa Maria del Tule","17.0465","-96.6363","Mexico","MX","MEX","Oaxaca","minor","8918","1484488353"
"Sai Ngam","Sai Ngam","16.4669","99.8902","Thailand","TH","THA","Kamphaeng Phet","minor","8918","1764631031"
"Filottrano","Filottrano","43.4344","13.3503","Italy","IT","ITA","Marche","","8917","1380885932"
"Florida","Florida","-36.8167","-72.6667","Chile","CL","CHL","Biobío","","8916","1152800195"
"Barhagarh","Barhagarh","19.6450","84.4079","India","IN","IND","Odisha","","8916","1356692725"
"Asolo","Asolo","45.8000","11.9167","Italy","IT","ITA","Veneto","","8916","1380265519"
"Borskoye","Borskoye","53.0261","51.6983","Russia","RU","RUS","Samarskaya Oblast’","","8916","1643086374"
"Kui Buri","Kui Buri","12.0828","99.8543","Thailand","TH","THA","Prachuap Khiri Khan","minor","8916","1764298038"
"Gerstungen","Gerstungen","50.9625","10.0597","Germany","DE","DEU","Thuringia","","8915","1276563247"
"Penaballi","Penaballi","17.2103","80.6978","India","IN","IND","Andhra Pradesh","","8915","1356309393"
"Kilānkundal","Kilankundal","10.7543","77.7269","India","IN","IND","Tamil Nādu","","8915","1356228632"
"Sępólno Krajeńskie","Sepolno Krajenskie","53.4500","17.5300","Poland","PL","POL","Kujawsko-Pomorskie","minor","8914","1616234057"
"Dashouping","Dashouping","23.6425","111.6978","China","CN","CHN","Guangdong","","8913","1156791993"
"Mansfield","Mansfield","40.0853","-74.7149","United States","US","USA","New Jersey","","8913","1840081639"
"Plymouth","Plymouth","43.7447","-87.9660","United States","US","USA","Wisconsin","","8913","1840002626"
"Santa Isabel do Ivaí","Santa Isabel do Ivai","-23.0053","-53.1878","Brazil","BR","BRA","Paraná","minor","8912","1076463310"
"Ingenbohl","Ingenbohl","47.0028","8.6117","Switzerland","CH","CHE","Schwyz","","8912","1756840092"
"Argelia","Argelia","5.7425","-75.1464","Colombia","CO","COL","Antioquia","minor","8911","1170927955"
"Bellheim","Bellheim","49.1981","8.2792","Germany","DE","DEU","Rhineland-Palatinate","","8911","1276002204"
"Dayr as Sanqūrīyah","Dayr as Sanquriyah","28.4868","30.6648","Egypt","EG","EGY","Al Minyā","","8911","1818109000"
"Ampthill","Ampthill","52.0263","-0.4906","United Kingdom","GB","GBR","Central Bedfordshire","","8911","1826072891"
"North Londonderry","North Londonderry","40.3227","-76.5867","United States","US","USA","Pennsylvania","","8911","1840149647"
"Dumri","Dumri","25.8605","84.5512","India","IN","IND","Bihār","","8910","1356624511"
"Periyapōdu","Periyapodu","10.6099","76.8786","India","IN","IND","Tamil Nādu","","8910","1356162416"
"Kodikkulam","Kodikkulam","9.9811","78.2121","India","IN","IND","Tamil Nādu","","8910","1356232809"
"Krasnoslobodsk","Krasnoslobodsk","54.4333","43.8000","Russia","RU","RUS","Mordoviya","minor","8910","1643898157"
"Seneca","Seneca","34.6818","-82.9600","United States","US","USA","South Carolina","","8910","1840015506"
"Irigny","Irigny","45.6740","4.8230","France","FR","FRA","Auvergne-Rhône-Alpes","","8909","1250681463"
"Dunavarsány","Dunavarsany","47.2828","19.0661","Hungary","HU","HUN","Pest","","8909","1348821728"
"Collier","Collier","40.3991","-80.1322","United States","US","USA","Pennsylvania","","8909","1840142357"
"Corman Park No. 344","Corman Park No. 344","52.2291","-106.8002","Canada","CA","CAN","Saskatchewan","","8909","1124000077"
"Virgínia","Virginia","-22.3328","-45.0919","Brazil","BR","BRA","Minas Gerais","minor","8908","1076524366"
"Brand-Erbisdorf","Brand-Erbisdorf","50.8689","13.3219","Germany","DE","DEU","Saxony","","8908","1276212051"
"Felling","Felling","54.9500","-1.5640","United Kingdom","GB","GBR","Gateshead","","8908","1826214509"
"Segarai","Segarai","10.7300","79.5111","India","IN","IND","Tamil Nādu","","8908","1356190406"
"Northwest Harborcreek","Northwest Harborcreek","42.1494","-79.9945","United States","US","USA","Pennsylvania","","8908","1840035146"
"Evergreen","Evergreen","48.2308","-114.2700","United States","US","USA","Montana","","8908","1840017297"
"Almagro","Almagro","38.8878","-3.7122","Spain","ES","ESP","Castille-La Mancha","","8907","1724161420"
"Basāha","Basaha","26.1329","86.7480","India","IN","IND","Bihār","","8907","1356260333"
"Channubanda","Channubanda","17.0331","80.8056","India","IN","IND","Andhra Pradesh","","8907","1356115239"
"Skidaway Island","Skidaway Island","31.9372","-81.0449","United States","US","USA","Georgia","","8907","1840029458"
"Helsinge","Helsinge","56.0197","12.1990","Denmark","DK","DNK","Hovedstaden","minor","8906","1208143944"
"Montmeló","Montmelo","41.5547","2.2500","Spain","ES","ESP","Catalonia","","8906","1724866272"
"Quéven","Queven","47.7894","-3.4139","France","FR","FRA","Bretagne","","8906","1250034076"
"Ayas","Ayas","24.2508","87.7784","India","IN","IND","West Bengal","","8906","1356656921"
"Bhadwār","Bhadwar","25.5576","84.7559","India","IN","IND","Bihār","","8906","1356684418"
"Perl","Perl","49.4667","6.3667","Germany","DE","DEU","Saarland","","8905","1276009165"
"Belvedere Marittimo","Belvedere Marittimo","39.6167","15.8667","Italy","IT","ITA","Calabria","","8905","1380966116"
"Makhambet","Makhambet","47.6667","51.5833","Kazakhstan","KZ","KAZ","Atyraū","minor","8905","1398232608"
"Chartiers","Chartiers","40.2505","-80.2495","United States","US","USA","Pennsylvania","","8905","1840151797"
"Lakhanāpuram","Lakhanapuram","18.7504","83.5534","India","IN","IND","Andhra Pradesh","","8904","1356063145"
"Palmeira d’Oeste","Palmeira d'Oeste","-20.4158","-50.7619","Brazil","BR","BRA","São Paulo","minor","8903","1076247939"
"Potangal","Potangal","18.5661","77.7742","India","IN","IND","Andhra Pradesh","","8903","1356926912"
"North Merritt Island","North Merritt Island","28.4585","-80.7162","United States","US","USA","Florida","","8903","1840142111"
"Poteau","Poteau","35.0282","-94.6346","United States","US","USA","Oklahoma","","8903","1840020445"
"Florstadt","Florstadt","50.3158","8.8631","Germany","DE","DEU","Hesse","","8902","1276644408"
"Tullukuttināyakkanūr","Tullukuttinayakkanur","9.8149","77.6808","India","IN","IND","Tamil Nādu","","8902","1356213650"
"Ramón Santana","Ramon Santana","18.5500","-69.1833","Dominican Republic","DO","DOM","Higuamo","","8901","1214143135"
"Vadasīkarambattu","Vadasikarambattu","11.6446","79.6882","India","IN","IND","Puducherry","","8900","1356206781"
"Wanaka","Wanaka","-44.7081","169.1239","New Zealand","NZ","NZL","Otago","","8900","1554152950"
"Amuria","Amuria","2.0300","33.6431","Uganda","UG","UGA","Amuria","admin","8900","1800838006"
"Yangiobod","Yangiobod","41.1192","70.0942","Uzbekistan","UZ","UZB","Toshkent","","8900","1860896994"
"Karor","Karor","25.6018","86.0930","India","IN","IND","Bihār","","8899","1356115524"
"Bellerive-sur-Allier","Bellerive-sur-Allier","46.1175","3.4044","France","FR","FRA","Auvergne-Rhône-Alpes","","8898","1250273920"
"Cortez","Cortez","37.3503","-108.5768","United States","US","USA","Colorado","","8898","1840018928"
"Caldwell","Caldwell","40.8389","-74.2776","United States","US","USA","New Jersey","","8898","1840005354"
"Quétigny","Quetigny","47.3153","5.1069","France","FR","FRA","Bourgogne-Franche-Comté","","8897","1250263634"
"Greenville","Greenville","43.1797","-85.2534","United States","US","USA","Michigan","","8897","1840002877"
"Oxford","Oxford","36.3155","-78.5848","United States","US","USA","North Carolina","","8897","1840014435"
"Ibirapuã","Ibirapua","-17.6878","-40.1089","Brazil","BR","BRA","Bahia","minor","8896","1076018020"
"Punjai Lakkāpuram","Punjai Lakkapuram","11.3050","77.7554","India","IN","IND","Tamil Nādu","","8896","1356166984"
"Kishtwār","Kishtwar","33.3135","75.7673","India","IN","IND","Jammu and Kashmīr","","8896","1356611269"
"Maddūr","Maddur","16.8602","77.6121","India","IN","IND","Andhra Pradesh","","8896","1356331878"
"San José de Gracia","San Jose de Gracia","22.1500","-102.4167","Mexico","MX","MEX","Aguascalientes","minor","8896","1484004442"
"Zavolzhsk","Zavolzhsk","57.4667","42.1500","Russia","RU","RUS","Ivanovskaya Oblast’","minor","8896","1643171028"
"Matias Cardoso","Matias Cardoso","-14.8550","-43.9219","Brazil","BR","BRA","Minas Gerais","minor","8895","1076573459"
"Wābāgai","Wabagai","24.5309","93.9376","India","IN","IND","Manipur","","8895","1356756994"
"Eruh","Eruh","37.7497","42.1797","Turkey","TR","TUR","Siirt","minor","8895","1792341278"
"Prienai","Prienai","54.6333","23.9500","Lithuania","LT","LTU","Prienai","admin","8894","1440412268"
"Tepetitlan","Tepetitlan","20.1842","-99.3808","Mexico","MX","MEX","Hidalgo","","8893","1484277299"
"San Marzano di San Giuseppe","San Marzano di San Giuseppe","40.4500","17.5000","Italy","IT","ITA","Puglia","","8892","1380017701"
"Kanhauli","Kanhauli","26.4815","86.1876","India","IN","IND","Bihār","","8890","1356710094"
"Tummalacheruvu","Tummalacheruvu","16.5249","79.7989","India","IN","IND","Andhra Pradesh","","8889","1356979046"
"Tummalacheruvu","Tummalacheruvu","17.7706","80.7933","India","IN","IND","Andhra Pradesh","","8889","1356592663"
"Hallstadt","Hallstadt","49.9333","10.8833","Germany","DE","DEU","Bavaria","","8888","1276896189"
"Entraigues-sur-la-Sorgue","Entraigues-sur-la-Sorgue","44.0036","4.9272","France","FR","FRA","Provence-Alpes-Côte d’Azur","","8888","1250314782"
"Zunilito","Zunilito","14.6167","-91.5167","Guatemala","GT","GTM","Suchitepéquez","minor","8888","1320537106"
"Douar Ait Taleb","Douar Ait Taleb","32.3839","-8.1856","Morocco","MA","MAR","Marrakech-Safi","","8888","1504079042"
"Awfouss","Awfouss","31.6833","-4.1667","Morocco","MA","MAR","Drâa-Tafilalet","","8888","1504561866"
"Oak Island","Oak Island","33.9434","-78.1366","United States","US","USA","North Carolina","","8888","1840016688"
"Shoshong","Shoshong","-23.0333","26.5167","Botswana","BW","BWA","Central","","8887","1072225967"
"Rimbach","Rimbach","49.6240","8.7603","Germany","DE","DEU","Hesse","","8887","1276014996"
"Le Thor","Le Thor","43.9300","4.9950","France","FR","FRA","Provence-Alpes-Côte d’Azur","","8887","1250024311"
"Allāhpur","Allahpur","26.3434","77.8195","India","IN","IND","Madhya Pradesh","","8887","1356017810"
"Barhauna","Barhauna","25.3040","85.4216","India","IN","IND","Bihār","","8887","1356135140"
"Tarcento","Tarcento","46.2167","13.2167","Italy","IT","ITA","Friuli Venezia Giulia","","8887","1380332869"
"Tiachiv","Tiachiv","48.0114","23.5722","Ukraine","UA","UKR","Zakarpatska Oblast","minor","8887","1804591278"
"Ấp Tân Ngãi","Ap Tan Ngai","10.2369","106.2878","Vietnam","VN","VNM","Bến Tre","","8887","1704372907"
"Titz","Titz","51.0061","6.4242","Germany","DE","DEU","North Rhine-Westphalia","","8886","1276103256"
"Holywell","Holywell","53.2740","-3.2230","United Kingdom","GB","GBR","Flintshire","","8886","1826527562"
"Melpanaikkādu","Melpanaikkadu","10.2599","79.1169","India","IN","IND","Tamil Nādu","","8886","1356232290"
"Bīdkhūn","Bidkhun","27.4803","52.6681","Iran","IR","IRN","Būshehr","","8886","1364276019"
"Ladan Kara","Ladan Kara","40.9185","72.9486","Kyrgyzstan","KG","KGZ","Jalal-Abad","","8886","1417039175"
"Summit","Summit","47.1694","-122.3628","United States","US","USA","Washington","","8885","1840018456"
"Beaver Falls","Beaver Falls","40.7619","-80.3226","United States","US","USA","Pennsylvania","","8885","1840001013"
"Metsemotlhaba","Metsemotlhaba","-24.5531","25.8039","Botswana","BW","BWA","Kweneng","","8884","1072683214"
"Obernburg am Main","Obernburg am Main","49.8400","9.1414","Germany","DE","DEU","Bavaria","","8884","1276112630"
"Partick","Partick","55.8714","-4.3086","United Kingdom","GB","GBR","Glasgow City","","8884","1826598697"
"Belišće","Belisce","45.6825","18.4069","Croatia","HR","HRV","Osječko-Baranjska Županija","minor","8884","1191824256"
"Tharīke","Tharike","30.8758","75.7756","India","IN","IND","Punjab","","8884","1356090999"
"Francisco Caballero Álvarez","Francisco Caballero Alvarez","-24.1533","-54.6672","Paraguay","PY","PRY","Canindeyú","","8884","1600193449"
"London Grove","London Grove","39.8327","-75.8155","United States","US","USA","Pennsylvania","","8884","1840151981"
"Nangis","Nangis","48.5556","3.0153","France","FR","FRA","Île-de-France","","8883","1250569293"
"Smimou","Smimou","31.2167","-9.7000","Morocco","MA","MAR","Marrakech-Safi","","8883","1504484591"
"L’Epiphanie","L'Epiphanie","45.8483","-73.5061","Canada","CA","CAN","Quebec","","8883","1124599436"
"Ifield","Ifield","51.1234","-0.2073","United Kingdom","GB","GBR","West Sussex","","8882","1826269195"
"Rewāhi","Rewahi","26.2698","87.2124","India","IN","IND","Bihār","","8882","1356134929"
"San Antonio","San Antonio","12.4140","124.2790","Philippines","PH","PHL","Northern Samar","","8882","1608468978"
"Bainbridge","Bainbridge","41.3855","-81.3478","United States","US","USA","Ohio","","8882","1840152715"
"Rio Claro","Rio Claro","10.3042","-61.1708","Trinidad and Tobago","TT","TTO","Mayaro/Rio Claro","admin","8881","1780883666"
"Carmen de Apicalá","Carmen de Apicala","4.1500","-74.7333","Colombia","CO","COL","Tolima","minor","8880","1170771576"
"Sucre","Sucre","2.0383","-76.9253","Colombia","CO","COL","Cauca","minor","8880","1170700284"
"Palangavāngudi","Palangavangudi","10.7244","78.8108","India","IN","IND","Tamil Nādu","","8880","1356229996"
"Village St. George","Village St. George","30.3598","-91.0672","United States","US","USA","Louisiana","","8880","1840031109"
"Halikko","Halikko","60.3972","23.0778","Finland","FI","FIN","Varsinais-Suomi","","8879","1246263188"
"Majhariyā Sheikh","Majhariya Sheikh","26.7356","84.6420","India","IN","IND","Bihār","","8879","1356452440"
"Lansdowne","Lansdowne","39.2365","-76.6659","United States","US","USA","Maryland","","8879","1840026625"
"Oberriet","Oberriet","47.3164","9.5664","Switzerland","CH","CHE","Sankt Gallen","","8878","1756217595"
"Kurichchi","Kurichchi","11.7276","78.4102","India","IN","IND","Tamil Nādu","","8878","1356225104"
"Polakala","Polakala","13.3206","78.7990","India","IN","IND","Andhra Pradesh","","8878","1356950349"
"Liteni","Liteni","47.5200","26.5319","Romania","RO","ROU","Suceava","","8878","1642459185"
"Tutrakan","Tutrakan","44.0390","26.6194","Bulgaria","BG","BGR","Silistra","minor","8877","1100290695"
"Makaya","Makaya","25.2710","87.8897","India","IN","IND","West Bengal","","8877","1356764235"
"Gurmaila","Gurmaila","25.4829","87.3490","India","IN","IND","Bihār","","8877","1356942831"
"Teruel","Teruel","2.7500","-75.5667","Colombia","CO","COL","Huila","minor","8876","1170243677"
"Alwa Tirunagari","Alwa Tirunagari","8.6100","77.9400","India","IN","IND","Tamil Nādu","","8876","1356540796"
"Zuchwil","Zuchwil","47.2056","7.5597","Switzerland","CH","CHE","Solothurn","","8875","1756623180"
"Khem Karan Saray","Khem Karan Saray","25.1233","84.8117","India","IN","IND","Bihār","","8875","1356473041"
"Bālumāth","Balumath","23.8298","84.7888","India","IN","IND","Jhārkhand","","8875","1356624677"
"Nānan","Nanan","25.0905","85.5031","India","IN","IND","Bihār","","8875","1356073589"
"Bhagatpur","Bhagatpur","25.4098","86.3076","India","IN","IND","Bihār","","8875","1356136971"
"Monistrol-sur-Loire","Monistrol-sur-Loire","45.2933","4.1728","France","FR","FRA","Auvergne-Rhône-Alpes","","8874","1250947426"
"Padakanti","Padakanti","18.6942","78.2842","India","IN","IND","Andhra Pradesh","","8874","1356006022"
"Alvarado","Alvarado","4.5667","-74.9500","Colombia","CO","COL","Tolima","minor","8873","1170398878"
"Kharsod B","Kharsod B","23.2225","75.3860","India","IN","IND","Madhya Pradesh","","8873","1356816289"
"Mosrāh","Mosrah","18.6155","77.9718","India","IN","IND","Andhra Pradesh","","8873","1356348952"
"Ortenberg","Ortenberg","50.3558","9.0553","Germany","DE","DEU","Hesse","","8872","1276546212"
"Pedras de Maria da Cruz","Pedras de Maria da Cruz","-15.6069","-44.3908","Brazil","BR","BRA","Minas Gerais","minor","8871","1076803883"
"Khandrauli","Khandrauli","29.3888","77.2793","India","IN","IND","Uttar Pradesh","","8871","1356961223"
"Camenca","Camenca","48.0333","28.7000","Moldova","MD","MDA","Stînga Nistrului","","8871","1498446889"
"Silleda","Silleda","42.7000","-8.2333","Spain","ES","ESP","Galicia","","8870","1724280384"
"Bhatauliā","Bhataulia","26.4771","84.7789","India","IN","IND","Bihār","","8870","1356026708"
"Āgadāllanka","Agadallanka","16.7123","81.2732","India","IN","IND","Andhra Pradesh","","8870","1356076247"
"Minerbio","Minerbio","44.6175","11.4717","Italy","IT","ITA","Emilia-Romagna","","8870","1380077571"
"Warrenton","Warrenton","38.8187","-91.1385","United States","US","USA","Missouri","","8870","1840010714"
"Ghorbanki","Ghorbanki","26.5697","86.0484","India","IN","IND","Bihār","","8869","1356255864"
"Diamou","Diamou","12.1469","-7.2544","Mali","ML","MLI","Sikasso","","8869","1466795170"
"Tataltepec de Valdés","Tataltepec de Valdes","16.3064","-97.5461","Mexico","MX","MEX","Oaxaca","minor","8869","1484294949"
"East York","East York","39.9687","-76.6755","United States","US","USA","Pennsylvania","","8868","1840034943"
"Unterägeri","Unterageri","47.1386","8.5844","Switzerland","CH","CHE","Zug","","8867","1756124106"
"Dobříš","Dobris","49.7811","14.1672","Czechia","CZ","CZE","Středočeský Kraj","","8867","1203853361"
"Mallāram","Mallaram","18.7540","78.1120","India","IN","IND","Andhra Pradesh","","8867","1356328309"
"Gangapatnam","Gangapatnam","14.5237","80.1521","India","IN","IND","Andhra Pradesh","","8867","1356991878"
"Dāra","Dara","26.1546","86.4483","India","IN","IND","Bihār","","8867","1356924332"
"Blacklick Estates","Blacklick Estates","39.9049","-82.8655","United States","US","USA","Ohio","","8867","1840034379"
"Clayton","Clayton","39.6627","-75.0782","United States","US","USA","New Jersey","","8867","1840001520"
"Papara","Papara","10.6167","-6.2500","Côte d’Ivoire","CI","CIV","Savanes","","8866","1384525930"
"Angmering","Angmering","50.8288","-0.4846","United Kingdom","GB","GBR","West Sussex","","8866","1826030758"
"Kambūr","Kambur","10.1599","78.3264","India","IN","IND","Tamil Nādu","","8866","1356214522"
"Golakpur","Golakpur","25.1777","85.0728","India","IN","IND","Bihār","","8866","1356145038"
"Chiranellūr","Chiranellur","10.6344","76.1378","India","IN","IND","Kerala","","8866","1356069954"
"Hunduan","Hunduan","16.8300","121.0000","Philippines","PH","PHL","Ifugao","","8866","1608819248"
"Maipú","Maipu","-36.8667","-57.8667","Argentina","AR","ARG","Buenos Aires","minor","8865","1032738375"
"Kanakpur","Kanakpur","24.4976","88.0361","India","IN","IND","West Bengal","","8865","1356972843"
"Aināpur","Ainapur","16.4800","74.7800","India","IN","IND","Karnātaka","","8865","1356401696"
"Katahra","Katahra","26.2235","87.0643","India","IN","IND","Bihār","","8865","1356759834"
"Teolo","Teolo","45.3500","11.6667","Italy","IT","ITA","Veneto","","8865","1380263826"
"West Perth","West Perth","43.4700","-81.2000","Canada","CA","CAN","Ontario","","8865","1124001056"
"Ratanpur","Ratanpur","26.5091","85.1259","India","IN","IND","Bihār","","8864","1356187425"
"Ayapango","Ayapango","19.1264","-98.8028","Mexico","MX","MEX","México","minor","8864","1484009067"
"Olney","Olney","38.7285","-88.0839","United States","US","USA","Illinois","","8864","1840009783"
"Kos","Kos","36.8500","27.2333","Greece","GR","GRC","Nótio Aigaío","minor","8863","1300683758"
"Mannamangalam","Mannamangalam","10.4944","76.3361","India","IN","IND","Kerala","","8863","1356026477"
"Muriyād","Muriyad","10.3667","76.2667","India","IN","IND","Kerala","","8863","1356866870"
"Lambarkiyine","Lambarkiyine","33.2000","-7.5000","Morocco","MA","MAR","Casablanca-Settat","","8863","1504527523"
"Kéllé","Kelle","-0.0608","14.4878","Congo (Brazzaville)","CG","COG","Cuvette-Ouest","","8862","1178838538"
"Sorisole","Sorisole","45.7375","9.6564","Italy","IT","ITA","Lombardy","","8862","1380705220"
"Ponta do Sol","Ponta do Sol","32.6811","-17.1042","Portugal","PT","PRT","Madeira","","8862","1620041092"
"Clanton","Clanton","32.8444","-86.6233","United States","US","USA","Alabama","","8862","1840006157"
"Whippany","Whippany","40.8233","-74.4184","United States","US","USA","New Jersey","","8862","1840033441"
"Collingdale","Collingdale","39.9151","-75.2776","United States","US","USA","Pennsylvania","","8862","1840000693"
"Pullalacheruvu","Pullalacheruvu","16.1589","79.3986","India","IN","IND","Andhra Pradesh","","8861","1356214296"
"Sirikonda","Sirikonda","17.1667","79.7000","India","IN","IND","Andhra Pradesh","","8861","1356130737"
"Jogiāra","Jogiara","26.4083","85.7500","India","IN","IND","Bihār","","8861","1356068425"
"Gondauli","Gondauli","27.8300","77.8800","India","IN","IND","Uttar Pradesh","","8861","1356143660"
"Viagrande","Viagrande","37.6167","15.1000","Italy","IT","ITA","Sicilia","","8861","1380277178"
"Al Abraq","Al Abraq","32.7899","22.0005","Libya","LY","LBY","Al Jabal al Akhḑar","","8861","1434086011"
"Signal Mountain","Signal Mountain","35.1448","-85.3457","United States","US","USA","Tennessee","","8861","1840017859"
"Larkfield-Wikiup","Larkfield-Wikiup","38.5130","-122.7536","United States","US","USA","California","","8861","1840074293"
"Bee Cave","Bee Cave","30.3084","-97.9629","United States","US","USA","Texas","","8861","1840023142"
"Rocas de Santo Domingo","Rocas de Santo Domingo","-33.6358","-71.6281","Chile","CL","CHL","Valparaíso","","8860","1152451543"
"Striano","Striano","40.8167","14.5667","Italy","IT","ITA","Campania","","8860","1380162594"
"North Cornwall","North Cornwall","40.3134","-76.4515","United States","US","USA","Pennsylvania","","8860","1840143427"
"Yanchep","Yanchep","-31.5500","115.6340","Australia","AU","AUS","Western Australia","","8859","1036796651"
"González","Gonzalez","8.4000","-73.3333","Colombia","CO","COL","Cesar","minor","8859","1170832293"
"Japurá","Japura","-1.8261","-66.5989","Brazil","BR","BRA","Amazonas","minor","8858","1076669269"
"Devnya","Devnya","43.2180","27.5580","Bulgaria","BG","BGR","Varna","","8857","1100328780"
"Achacachi","Achacachi","-16.0444","-68.6850","Bolivia","BO","BOL","La Paz","","8857","1068370700"
"Ak’ordat","Ak'ordat","15.5500","37.8833","Eritrea","ER","ERI","Gash-Barka","","8857","1232800240"
"Vannikkonendal","Vannikkonendal","8.9959","77.6245","India","IN","IND","Tamil Nādu","","8857","1356209506"
"Pandino","Pandino","45.4000","9.5500","Italy","IT","ITA","Lombardy","","8856","1380267199"
"Amtala","Amtala","26.1000","91.3900","India","IN","IND","Assam","","8854","1356341147"
"Sulahpet","Sulahpet","17.4014","77.3472","India","IN","IND","Karnātaka","","8853","1356384643"
"Pleasant Hill","Pleasant Hill","38.8059","-94.2652","United States","US","USA","Missouri","","8853","1840009786"
"Burnham on Crouch","Burnham on Crouch","51.6284","0.8145","United Kingdom","GB","GBR","Essex","","8852","1826139353"
"Kilchberg","Kilchberg","47.3247","8.5492","Switzerland","CH","CHE","Zürich","","8851","1756715308"
"Mandalavādi","Mandalavadi","12.6073","78.6055","India","IN","IND","Tamil Nādu","","8851","1356759036"
"Sakaddi","Sakaddi","25.5771","84.7554","India","IN","IND","Bihār","","8851","1356504515"
"Gilgit","Gilgit","35.9208","74.3083","Pakistan","PK","PAK","Gilgit-Baltistan","minor","8851","1586284242"
"Monastyryshche","Monastyryshche","48.9900","29.8011","Ukraine","UA","UKR","Cherkaska Oblast","","8851","1804117787"
"Harwood Heights","Harwood Heights","41.9663","-87.8057","United States","US","USA","Illinois","","8851","1840011252"
"Australia","Australia","22.4989","-81.1349","Cuba","CU","CUB","Matanzas","","8850","1192581424"
"Keora","Keora","25.4374","85.0726","India","IN","IND","Bihār","","8850","1356600940"
"Kadiyadda","Kadiyadda","16.8774","81.5149","India","IN","IND","Andhra Pradesh","","8850","1356333354"
"Khetko","Khetko","23.7554","85.9122","India","IN","IND","Jhārkhand","","8850","1356192985"
"Aït Ouaoumana","Ait Ouaoumana","32.7128","-5.8042","Morocco","MA","MAR","Béni Mellal-Khénifra","","8850","1504002343"
"Landquart","Landquart","46.9497","9.5667","Switzerland","CH","CHE","Graubünden","","8849","1756905419"
"Shankarpur","Shankarpur","26.1821","87.1552","India","IN","IND","Bihār","","8849","1356422287"
"Kressbronn am Bodensee","Kressbronn am Bodensee","47.5958","9.6000","Germany","DE","DEU","Baden-Württemberg","","8847","1276612974"
"Saarijärvi","Saarijarvi","62.7050","25.2583","Finland","FI","FIN","Keski-Suomi","minor","8847","1246361506"
"Cockermouth","Cockermouth","54.6613","-3.3620","United Kingdom","GB","GBR","Cumbria","","8847","1826229039"
"Malangām","Malangam","34.4383","74.5575","India","IN","IND","Jammu and Kashmīr","","8847","1356687692"
"Aradeo","Aradeo","40.1333","18.1333","Italy","IT","ITA","Puglia","","8847","1380959582"
"Aït Hadi","Ait Hadi","31.3942","-8.7725","Morocco","MA","MAR","Marrakech-Safi","","8847","1504740675"
"Jaimalpura","Jaimalpura","28.9619","75.9569","India","IN","IND","Haryāna","","8846","1356326374"
"Karariyā","Karariya","26.5249","84.7910","India","IN","IND","Bihār","","8846","1356285122"
"Moka","Moka","-20.2190","57.4960","Mauritius","MU","MUS","Moka","","8846","1480573073"
"Ban Pong Tao","Ban Pong Tao","18.8333","99.9500","Thailand","TH","THA","Lampang","","8846","1764488080"
"Tirumalaippatti","Tirumalaippatti","11.0000","21.0000","India","IN","IND","Tamil Nādu","","8845","1356233075"
"Bersenbrück","Bersenbruck","52.5333","7.9167","Germany","DE","DEU","Lower Saxony","","8844","1276969333"
"Sewāri","Sewari","25.1000","73.2830","India","IN","IND","Rājasthān","","8844","1356676664"
"Kālkuni","Kalkuni","14.6000","74.8333","India","IN","IND","Karnātaka","","8844","1356030366"
"Duvvūru","Duvvuru","14.5507","79.8331","India","IN","IND","Andhra Pradesh","","8844","1356094344"
"Nimmekal","Nimmekal","17.2372","79.6633","India","IN","IND","Andhra Pradesh","","8844","1356072847"
"Casorate Primo","Casorate Primo","45.3167","9.0167","Italy","IT","ITA","Lombardy","","8844","1380703756"
"Marina del Rey","Marina del Rey","33.9765","-118.4486","United States","US","USA","California","","8844","1840017920"
"Bansang","Bansang","13.4333","-14.6500","Gambia, The","GM","GMB","Central River","","8843","1270543142"
"Zoeterwoude","Zoeterwoude","52.1333","4.5000","Netherlands","NL","NLD","Zuid-Holland","minor","8843","1528774166"
"Şabanözü","Sabanozu","40.4825","33.2836","Turkey","TR","TUR","Çankırı","minor","8843","1792482025"
"Orivesi","Orivesi","61.6750","24.3583","Finland","FI","FIN","Pirkanmaa","minor","8842","1246191762"
"Nellutla","Nellutla","17.7034","79.1956","India","IN","IND","Andhra Pradesh","","8842","1356421569"
"Pallippatti","Pallippatti","11.8722","77.8970","India","IN","IND","Tamil Nādu","","8842","1356169335"
"Drazinda","Drazinda","31.7069","70.1352","Pakistan","PK","PAK","Khyber Pakhtunkhwa","","8842","1586761242"
"Caturama","Caturama","-13.3289","-42.2908","Brazil","BR","BRA","Bahia","minor","8841","1076059211"
"Madnūr","Madnur","18.5000","77.6333","India","IN","IND","Andhra Pradesh","","8841","1356028856"
"Thief River Falls","Thief River Falls","48.1108","-96.1778","United States","US","USA","Minnesota","","8841","1840008825"
"Andalusia","Andalusia","31.3102","-86.4781","United States","US","USA","Alabama","","8841","1840004591"
"Pearsall","Pearsall","28.8915","-99.0975","United States","US","USA","Texas","","8841","1840020992"
"Chak Habib","Chak Habib","25.7238","85.8789","India","IN","IND","Bihār","","8840","1356390829"
"Pā’īn Chāf","Pa'in Chaf","37.2294","50.2544","Iran","IR","IRN","Gīlān","","8840","1364982101"
"Bloomingdale","Bloomingdale","36.5793","-82.5096","United States","US","USA","Tennessee","","8840","1840013297"
"Panthersville","Panthersville","33.7059","-84.2763","United States","US","USA","Georgia","","8840","1840013705"
"Ergoldsbach","Ergoldsbach","48.6833","12.2000","Germany","DE","DEU","Bavaria","","8839","1276002292"
"Smižany","Smizany","48.9584","20.5177","Slovakia","SK","SVK","Košice","","8838","1703195495"
"Ban Noen Kum Nueng","Ban Noen Kum Nueng","16.5500","100.4167","Thailand","TH","THA","Phitsanulok","","8838","1764306020"
"Garching an der Alz","Garching an der Alz","48.1167","12.5833","Germany","DE","DEU","Bavaria","","8837","1276874361"
"Vinjam","Vinjam","13.2544","79.2630","India","IN","IND","Andhra Pradesh","","8837","1356157126"
"Ban Muang Kham","Ban Muang Kham","19.5008","99.7466","Thailand","TH","THA","Chiang Rai","","8837","1764185323"
"Sæby","Saeby","57.3319","10.5225","Denmark","DK","DNK","Nordjylland","","8836","1208138927"
"Timmapuram","Timmapuram","17.1036","81.0781","India","IN","IND","Andhra Pradesh","","8836","1356174693"
"Madanāncheri","Madanancheri","12.7034","78.5991","India","IN","IND","Tamil Nādu","","8836","1356297298"
"Machadodorp","Machadodorp","-25.6667","30.2500","South Africa","ZA","ZAF","Mpumalanga","","8835","1710722599"
"Armazém","Armazem","-28.2619","-49.0178","Brazil","BR","BRA","Santa Catarina","minor","8834","1076913756"
"Ospina","Ospina","1.0581","-77.5664","Colombia","CO","COL","Nariño","minor","8834","1170871794"
"Weilmünster","Weilmunster","50.4333","8.3667","Germany","DE","DEU","Hesse","","8834","1276313563"
"El Realejo","El Realejo","12.5333","-87.1667","Nicaragua","NI","NIC","Chinandega","minor","8834","1558231692"
"Pitman","Pitman","39.7335","-75.1306","United States","US","USA","New Jersey","","8834","1840001521"
"Rockwood","Rockwood","37.4630","-77.5744","United States","US","USA","Virginia","","8834","1840041858"
"Potengi","Potengi","-7.0908","-40.0269","Brazil","BR","BRA","Ceará","minor","8833","1076282197"
"Urânia","Urania","-20.2458","-50.6428","Brazil","BR","BRA","São Paulo","minor","8833","1076428972"
"Sānwas","Sanwas","25.1795","85.7148","India","IN","IND","Bihār","","8833","1356166837"
"Moslem Ebn-e ‘Aqīl","Moslem Ebn-e `Aqil","32.0561","48.3056","Iran","IR","IRN","Khūzestān","","8833","1364327815"
"Campbellton","Campbellton","48.0050","-66.6731","Canada","CA","CAN","New Brunswick","","8833","1124336512"
"Mühlhausen","Muhlhausen","49.2475","8.7239","Germany","DE","DEU","Baden-Württemberg","","8832","1276928543"
"Bīrpur","Birpur","32.6617","74.9518","India","IN","IND","Jammu and Kashmīr","","8832","1356100933"
"Al Buwayḑah","Al Buwaydah","33.4259","36.3205","Syria","SY","SYR","Rīf Dimashq","","8832","1760211674"
"St. Pete Beach","St. Pete Beach","27.7235","-82.7387","United States","US","USA","Florida","","8832","1840015976"
"San Juan de la Costa","San Juan de la Costa","-40.5167","-73.4000","Chile","CL","CHL","Los Lagos","","8831","1152249782"
"Winslow","Winslow","35.0243","-110.7095","United States","US","USA","Arizona","","8831","1840021583"
"Bayport","Bayport","40.7461","-73.0546","United States","US","USA","New York","","8831","1840005018"
"Jackson","Jackson","39.9057","-76.8796","United States","US","USA","Pennsylvania","","8831","1840151964"
"Qızılhacılı","Qizilhacili","40.5772","46.8578","Azerbaijan","AZ","AZE","Goranboy","","8830","1031235526"
"Cumnock","Cumnock","55.4529","-4.2638","United Kingdom","GB","GBR","East Ayrshire","","8830","1826053994"
"Ablu","Ablu","30.3391","74.7879","India","IN","IND","Punjab","","8830","1356899653"
"Tāmganj","Tamganj","26.2478","87.1569","India","IN","IND","Bihār","","8830","1356444706"
"Piriápolis","Piriapolis","-34.9000","-55.2833","Uruguay","UY","URY","Maldonado","","8830","1858127354"
"Maria Enzersdorf","Maria Enzersdorf","48.1000","16.2833","Austria","AT","AUT","Niederösterreich","","8829","1040889264"
"Upper Makefield","Upper Makefield","40.2941","-74.9250","United States","US","USA","Pennsylvania","","8829","1840150060"
"Pibrac","Pibrac","43.6175","1.2856","France","FR","FRA","Occitanie","","8828","1250211054"
"Hamsāvaram","Hamsavaram","17.2938","82.4942","India","IN","IND","Andhra Pradesh","","8828","1356376565"
"Tirano","Tirano","46.2164","10.1689","Italy","IT","ITA","Lombardy","","8828","1380191925"
"Lienen","Lienen","52.1461","7.9739","Germany","DE","DEU","North Rhine-Westphalia","","8827","1276837503"
"Muhos","Muhos","64.8000","26.0000","Finland","FI","FIN","Pohjois-Pohjanmaa","minor","8827","1246245450"
"Golbey","Golbey","48.1967","6.4381","France","FR","FRA","Grand Est","","8827","1250014779"
"Velaux","Velaux","43.5286","5.2564","France","FR","FRA","Provence-Alpes-Côte d’Azur","","8827","1250819555"
"Kaï","Kai","10.9667","-5.7000","Mali","ML","MLI","Sikasso","","8827","1466076830"
"Côn Đảo","Con Dao","8.6931","106.5767","Vietnam","VN","VNM","Bà Rịa-Vũng Tàu","minor","8827","1704554193"
"Hucclecote","Hucclecote","51.8500","-2.1800","United Kingdom","GB","GBR","Gloucestershire","","8826","1826233272"
"Higham Ferrers","Higham Ferrers","52.3057","-0.5844","United Kingdom","GB","GBR","Northamptonshire","","8825","1826895941"
"Mahāgaon","Mahagaon","17.5211","76.9150","India","IN","IND","Karnātaka","","8825","1356693245"
"Reyes","Reyes","-14.2958","-67.3353","Bolivia","BO","BOL","El Beni","","8824","1068609630"
"Neuenhof","Neuenhof","47.4469","8.3292","Switzerland","CH","CHE","Aargau","","8824","1756512493"
"Le Portel","Le Portel","50.7075","1.5744","France","FR","FRA","Hauts-de-France","","8824","1250000416"
"Satwār","Satwar","26.2163","84.5120","India","IN","IND","Bihār","","8824","1356105027"
"Rāmgarh","Ramgarh","25.2889","83.6535","India","IN","IND","Bihār","","8824","1356978414"
"Missaglia","Missaglia","45.7000","9.3333","Italy","IT","ITA","Lombardy","","8824","1380332238"
"Bouati Mahmoud","Bouati Mahmoud","36.5833","7.3333","Algeria","DZ","DZA","Guelma","","8823","1012883098"
"Roquevaire","Roquevaire","43.3500","5.6053","France","FR","FRA","Provence-Alpes-Côte d’Azur","","8823","1250940023"
"Montecito","Montecito","34.4384","-119.6309","United States","US","USA","California","","8823","1840019182"
"Sabáudia","Sabaudia","-23.3178","-51.5528","Brazil","BR","BRA","Paraná","minor","8822","1076231193"
"Memmelsdorf","Memmelsdorf","49.9328","10.9533","Germany","DE","DEU","Bavaria","","8822","1276224213"
"Balneario Monte Hermoso","Balneario Monte Hermoso","-38.9833","-61.3000","Argentina","AR","ARG","Buenos Aires","","8821","1032019917"
"Jonnagiri","Jonnagiri","15.2303","77.5714","India","IN","IND","Andhra Pradesh","","8821","1356935484"
"Chakla Waini","Chakla Waini","25.9081","85.6836","India","IN","IND","Bihār","","8821","1356478522"
"Kodavatipūdi","Kodavatipudi","17.4887","82.6046","India","IN","IND","Andhra Pradesh","","8821","1356660322"
"Sekimachi","Sekimachi","33.0597","130.5439","Japan","JP","JPN","Kumamoto","","8821","1392125733"
"Entrerríos","Entrerrios","6.5667","-75.5167","Colombia","CO","COL","Antioquia","minor","8820","1170412234"
"Arbaa Sahel","Arbaa Sahel","29.5993","-9.8770","Morocco","MA","MAR","Souss-Massa","","8820","1504199672"
"Carbondale","Carbondale","41.5714","-75.5048","United States","US","USA","Pennsylvania","","8820","1840003376"
"Sonsbeck","Sonsbeck","51.6089","6.3769","Germany","DE","DEU","North Rhine-Westphalia","","8819","1276567959"
"Woodmoor","Woodmoor","39.1063","-104.8456","United States","US","USA","Colorado","","8819","1840028584"
"Valasa","Valasa","14.1632","76.9469","India","IN","IND","Andhra Pradesh","","8818","1356046436"
"Kukraun","Kukraun","25.7647","87.1847","India","IN","IND","Bihār","","8818","1356674432"
"Baciu","Baciu","46.7928","23.5250","Romania","RO","ROU","Cluj","","8818","1642672484"
"Bāsmanpur","Basmanpur","26.6433","84.9789","India","IN","IND","Bihār","","8817","1356825918"
"Vadapalanji","Vadapalanji","9.9266","78.0096","India","IN","IND","Tamil Nādu","","8817","1356236912"
"Albinea","Albinea","44.6167","10.6000","Italy","IT","ITA","Emilia-Romagna","","8817","1380433686"
"Ḩīsh","Hish","35.5479","36.6436","Syria","SY","SYR","Idlib","minor","8817","1760171241"
"Adigoppula","Adigoppula","16.4402","79.6235","India","IN","IND","Andhra Pradesh","","8816","1356850226"
"Soresina","Soresina","45.2865","9.8570","Italy","IT","ITA","Lombardy","","8816","1380963622"
"São Sebastião do Curral","Sao Sebastiao do Curral","-20.2758","-45.0050","Brazil","BR","BRA","Minas Gerais","minor","8815","1076804562"
"Neuhaus am Rennweg","Neuhaus am Rennweg","50.5167","11.1500","Germany","DE","DEU","Thuringia","","8815","1276404975"
"Mahela","Mahela","-19.4944","48.4866","Madagascar","MG","MDG","Toamasina","","8815","1450731467"
"Takua Pa","Takua Pa","8.8705","98.3438","Thailand","TH","THA","Phangnga","minor","8815","1764000562"
"Yacimiento Río Turbio","Yacimiento Rio Turbio","-51.5333","-72.3000","Argentina","AR","ARG","Santa Cruz","","8814","1032704902"
"Rangvāsa","Rangvasa","22.6435","75.7886","India","IN","IND","Madhya Pradesh","","8814","1356050198"
"Baramandougou","Baramandougou","13.6000","-4.6000","Mali","ML","MLI","Ségou","","8814","1466891818"
"Ban Si Don Chai","Ban Si Don Chai","20.1300","100.3614","Thailand","TH","THA","Chiang Rai","","8813","1764853542"
"San Martín de Valdeiglesias","San Martin de Valdeiglesias","40.3640","-4.4010","Spain","ES","ESP","Madrid","","8812","1724237441"
"Le Teil","Le Teil","44.5458","4.6831","France","FR","FRA","Auvergne-Rhône-Alpes","","8812","1250047702"
"Mānsong","Mansong","27.1628","88.5661","India","IN","IND","West Bengal","","8812","1356037058"
"Horodenka","Horodenka","48.6675","25.5003","Ukraine","UA","UKR","Ivano-Frankivska Oblast","minor","8812","1804663549"
"Takouta","Takouta","10.3000","1.2000","Benin","BJ","BEN","Atacora","","8811","1204727932"
"Naunhof","Naunhof","51.2778","12.5883","Germany","DE","DEU","Saxony","","8811","1276828471"
"Hoyo de Manzanares","Hoyo de Manzanares","40.6333","-3.8833","Spain","ES","ESP","Madrid","","8811","1724993992"
"Paramé","Parame","48.6603","-1.9792","France","FR","FRA","Bretagne","","8811","1250060725"
"Bārun","Barun","24.8602","84.2232","India","IN","IND","Bihār","","8811","1356001279"
"Sorala","Sorala","19.1297","84.7506","India","IN","IND","Odisha","","8811","1356669352"
"Schuylkill","Schuylkill","40.1086","-75.4982","United States","US","USA","Pennsylvania","","8811","1840141676"
"Jolfā","Jolfa","38.9386","45.6253","Iran","IR","IRN","Āz̄arbāyjān-e Sharqī","minor","8810","1364456740"
"Porto Santo Stefano","Porto Santo Stefano","42.4353","11.1175","Italy","IT","ITA","Tuscany","","8810","1380472006"
"Park Forest Village","Park Forest Village","40.7996","-77.9084","United States","US","USA","Pennsylvania","","8810","1840035143"
"Kampong Tunah Jambu","Kampong Tunah Jambu","4.9957","115.0019","Brunei","BN","BRN","Brunei dan Muara","","8809","1096755570"
"Saint-Jean-de-Monts","Saint-Jean-de-Monts","46.7936","-2.0587","France","FR","FRA","Pays de la Loire","","8809","1250173177"
"Nagykovácsi","Nagykovacsi","47.5800","18.8800","Hungary","HU","HUN","Pest","","8809","1348566007"
"Mokhotlong","Mokhotlong","-29.2885","29.0656","Lesotho","LS","LSO","Mokhotlong","admin","8809","1426785819"
"Bolszewo","Bolszewo","54.6242","18.1753","Poland","PL","POL","Pomorskie","","8808","1616848552"
"Fort Valley","Fort Valley","32.5520","-83.8817","United States","US","USA","Georgia","","8808","1840013819"
"Hünenberg","Hunenberg","47.1761","8.4264","Switzerland","CH","CHE","Zug","","8807","1756393402"
"Mālipākar","Malipakar","25.3567","87.9005","India","IN","IND","West Bengal","","8807","1356087413"
"Ineu","Ineu","46.4258","21.8369","Romania","RO","ROU","Arad","","8807","1642186469"
"Savoy","Savoy","40.0600","-88.2552","United States","US","USA","Illinois","","8807","1840012236"
"Aransas Pass","Aransas Pass","27.8876","-97.1136","United States","US","USA","Texas","","8807","1840019708"
"Mousoulou","Mousoulou","7.3899","1.9367","Benin","BJ","BEN","Zou","","8806","1204568655"
"San Miguel","San Miguel","-1.7000","-79.0333","Ecuador","EC","ECU","Bolívar","","8806","1218602565"
"Lusca","Lusca","53.5281","-6.1692","Ireland","IE","IRL","Fingal","","8806","1372313792"
"Ala","Ala","45.7607","11.0046","Italy","IT","ITA","Trentino-Alto Adige","","8806","1380811104"
"Tagapul-an","Tagapul-an","12.0500","124.1500","Philippines","PH","PHL","Samar","","8805","1608865320"
"Nartan","Nartan","43.5167","43.7000","Russia","RU","RUS","Kabardino-Balkariya","","8805","1643903135"
"Baxter","Baxter","46.3426","-94.2793","United States","US","USA","Minnesota","","8804","1840006643"
"Rrëshen","Rreshen","41.7667","19.8833","Albania","AL","ALB","Lezhë","","8803","1008845269"
"Caapiranga","Caapiranga","-3.3167","-61.2000","Brazil","BR","BRA","Amazonas","minor","8803","1076620552"
"Playa de Aro","Playa de Aro","41.8176","3.0683","Spain","ES","ESP","Catalonia","","8803","1724545789"
"Iklod","Iklod","26.0222","77.3208","India","IN","IND","Rājasthān","","8803","1356011400"
"Dhobipet","Dhobipet","17.4716","78.0870","India","IN","IND","Andhra Pradesh","","8803","1356278031"
"Boonton","Boonton","40.9047","-74.4048","United States","US","USA","New Jersey","","8803","1840000946"
"Brownfield","Brownfield","33.1757","-102.2730","United States","US","USA","Texas","","8803","1840019404"
"Valley Cottage","Valley Cottage","41.1162","-73.9433","United States","US","USA","New York","","8803","1840004971"
"Pittsgrove","Pittsgrove","39.5404","-75.1291","United States","US","USA","New Jersey","","8803","1840131599"
"Alvorada","Alvorada","-12.4800","-49.1250","Brazil","BR","BRA","Tocantins","minor","8802","1076121080"
"Akom II","Akom II","2.7833","10.5667","Cameroon","CM","CMR","Sud","","8802","1120706800"
"Périgny","Perigny","46.1533","-1.0953","France","FR","FRA","Nouvelle-Aquitaine","","8802","1250943859"
"Ranjal","Ranjal","18.7458","77.9483","India","IN","IND","Andhra Pradesh","","8802","1356139049"
"Tausa","Tausa","5.1964","-73.8875","Colombia","CO","COL","Cundinamarca","minor","8801","1170046469"
"Tillaivilāgam","Tillaivilagam","10.4127","79.5547","India","IN","IND","Tamil Nādu","","8801","1356172372"
"Rabo de Peixe","Rabo de Peixe","37.8100","-25.5856","Portugal","PT","PRT","Azores","","8801","1620488463"
"Bernolákovo","Bernolakovo","48.1992","17.3003","Slovakia","SK","SVK","Bratislava","","8801","1703400453"
"Beni Hassane","Beni Hassane","35.5700","10.8200","Tunisia","TN","TUN","Monastir","","8801","1788945888"
"Angor","Angor","37.4639","67.1500","Uzbekistan","UZ","UZB","Surxondaryo","","8801","1860931614"
"Bath","Bath","43.9346","-69.8346","United States","US","USA","Maine","","8801","1840000332"
"Dehri","Dehri","25.4252","83.8201","India","IN","IND","Bihār","","8800","1356505368"
"Taragi","Taragi","32.2642","130.9358","Japan","JP","JPN","Kumamoto","","8800","1392044742"
"Hlevakha","Hlevakha","50.2622","30.2894","Ukraine","UA","UKR","Kyivska Oblast","","8800","1804118267"
"G‘ozg‘on","G`ozg`on","40.5944","65.4964","Uzbekistan","UZ","UZB","Navoiy","","8800","1860129710"
"Veľké Kapušany","Vel'ke Kapusany","48.5500","22.0833","Slovakia","SK","SVK","Košice","","8799","1703807609"
"Madison Park","Madison Park","40.4454","-74.2966","United States","US","USA","New Jersey","","8798","1840005421"
"Highland Park","Highland Park","42.4052","-83.0977","United States","US","USA","Michigan","","8798","1840003982"
"Penugolanu","Penugolanu","16.9771","80.4369","India","IN","IND","Andhra Pradesh","","8797","1356797685"
"Vanduvāncheri","Vanduvancheri","10.4292","79.6498","India","IN","IND","Tamil Nādu","","8797","1356172390"
"Tissint","Tissint","29.9006","-7.3203","Morocco","MA","MAR","Souss-Massa","","8797","1504720693"
"Ulstein","Ulstein","62.3564","5.8539","Norway","NO","NOR","Møre og Romsdal","","8797","1578619519"
"Cristuru Secuiesc","Cristuru Secuiesc","46.2917","25.0353","Romania","RO","ROU","Harghita","","8797","1642875734"
"Paloma Creek South","Paloma Creek South","33.2100","-96.9325","United States","US","USA","Texas","","8797","1840041381"
"Waldenbuch","Waldenbuch","48.6372","9.1317","Germany","DE","DEU","Baden-Württemberg","","8796","1276938935"
"Großenlüder","Grossenluder","50.5833","9.5333","Germany","DE","DEU","Hesse","","8796","1276765103"
"San Ignacio","San Ignacio","14.6574","-87.0367","Honduras","HN","HND","Francisco Morazán","","8796","1340809113"
"Madhuban","Madhuban","25.8838","86.8176","India","IN","IND","Bihār","","8796","1356837416"
"Bommayapālaiyam","Bommayapalaiyam","11.9922","79.8499","India","IN","IND","Tamil Nādu","","8796","1356245678"
"Uta","Uta","39.2883","8.9576","Italy","IT","ITA","Sardegna","","8796","1380445355"
"Gopālpur","Gopalpur","19.2586","84.9052","India","IN","IND","Odisha","","8795","1356610209"
"Maisaram","Maisaram","17.1329","78.4367","India","IN","IND","Andhra Pradesh","","8795","1356959971"
"Santa María Xadani","Santa Maria Xadani","16.3667","-95.0167","Mexico","MX","MEX","Oaxaca","minor","8795","1484494009"
"Hernando","Hernando","28.9451","-82.3781","United States","US","USA","Florida","","8795","1840014058"
"Alfreton","Alfreton","53.0970","-1.3800","United Kingdom","GB","GBR","Derbyshire","","8794","1826000016"
"Gudibanda","Gudibanda","13.6700","77.7000","India","IN","IND","Karnātaka","","8794","1356951451"
"Baikunthapur","Baikunthapur","22.9808","88.2058","India","IN","IND","West Bengal","","8794","1356060972"
"Monmouth","Monmouth","40.9140","-90.6425","United States","US","USA","Illinois","","8794","1840008283"
"Whitehouse","Whitehouse","32.2222","-95.2210","United States","US","USA","Texas","","8794","1840022077"
"Lichtervelde","Lichtervelde","51.0333","3.1333","Belgium","BE","BEL","Flanders","","8793","1056245942"
"Obertraubling","Obertraubling","48.9658","12.1669","Germany","DE","DEU","Bavaria","","8793","1276906491"
"Puraini","Puraini","26.0607","87.0331","India","IN","IND","Bihār","","8793","1356977114"
"Ntossoni","Ntossoni","12.6383","-5.5789","Mali","ML","MLI","Sikasso","","8793","1466953618"
"Strijen","Strijen","51.7422","4.5514","Netherlands","NL","NLD","Zuid-Holland","minor","8793","1528436754"
"Haţeg","Hateg","45.6075","22.9500","Romania","RO","ROU","Hunedoara","","8793","1642953184"
"Chok Chai","Chok Chai","14.7333","102.1667","Thailand","TH","THA","Nakhon Ratchasima","minor","8793","1764008665"
"Chīchkah","Chichkah","37.0706","69.2983","Afghanistan","AF","AFG","Kunduz","","8792","1004736488"
"Branston","Branston","52.7870","-1.6590","United Kingdom","GB","GBR","Staffordshire","","8792","1826771802"
"Hoquiam","Hoquiam","46.9863","-123.9022","United States","US","USA","Washington","","8792","1840019845"
"Hornsea","Hornsea","53.9108","-0.1676","United Kingdom","GB","GBR","East Riding of Yorkshire","","8791","1826612208"
"Gudivāda","Gudivada","17.3974","82.7908","India","IN","IND","Andhra Pradesh","","8791","1356132210"
"Rautara","Rautara","25.6630","87.5378","India","IN","IND","Bihār","","8791","1356953319"
"Abcoude","Abcoude","52.2700","4.9700","Netherlands","NL","NLD","Utrecht","","8791","1528930356"
"Fort Irwin","Fort Irwin","35.2477","-116.6834","United States","US","USA","California","","8791","1840025802"
"Engerwitzdorf","Engerwitzdorf","48.3397","14.4256","Austria","AT","AUT","Oberösterreich","","8790","1040013380"
"Lontra","Lontra","-15.9073","-44.3038","Brazil","BR","BRA","Minas Gerais","minor","8790","1076073115"
"La Grande Racine","La Grande Racine","46.9068","6.7633","Switzerland","CH","CHE","Neuchâtel","","8790","1756005735"
"Bridgewater","Bridgewater","44.3700","-64.5200","Canada","CA","CAN","Nova Scotia","","8790","1124736310"
"Falla","Falla","22.1710","-78.7872","Cuba","CU","CUB","Ciego de Ávila","","8789","1192599195"
"Volkach","Volkach","49.8667","10.2167","Germany","DE","DEU","Bavaria","","8789","1276344574"
"Miyār","Miyar","13.1945","75.0484","India","IN","IND","Karnātaka","","8789","1356849105"
"Kukrahill","Kukrahill","12.2500","-83.7500","Nicaragua","NI","NIC","Costa Caribe Sur","minor","8789","1558733102"
"Efringen-Kirchen","Efringen-Kirchen","47.6556","7.5658","Germany","DE","DEU","Baden-Württemberg","","8788","1276766634"
"Schleiz","Schleiz","50.5833","11.8167","Germany","DE","DEU","Thuringia","minor","8788","1276386563"
"Heek","Heek","52.1167","7.0997","Germany","DE","DEU","North Rhine-Westphalia","","8788","1276008522"
"Varatanapalli","Varatanapalli","12.5828","78.3020","India","IN","IND","Tamil Nādu","","8788","1356102036"
"Gholia Kalān","Gholia Kalan","30.6726","75.1800","India","IN","IND","Punjab","","8788","1356960884"
"Porcari","Porcari","43.8415","10.6163","Italy","IT","ITA","Tuscany","","8788","1380724366"
"Treze Tílias","Treze Tilias","-27.0019","-51.4058","Brazil","BR","BRA","Santa Catarina","minor","8787","1076271008"
"El Outaya","El Outaya","35.0333","5.6000","Algeria","DZ","DZA","Biskra","","8787","1012253605"
"Longvic","Longvic","47.2886","5.0644","France","FR","FRA","Bourgogne-Franche-Comté","","8787","1250533380"
"Khānāpur","Khanapur","17.9004","79.9277","India","IN","IND","Andhra Pradesh","","8787","1356287941"
"Hope","Hope","33.6682","-93.5895","United States","US","USA","Arkansas","","8787","1840014765"
"Bad Bergzabern","Bad Bergzabern","49.1028","7.9991","Germany","DE","DEU","Rhineland-Palatinate","","8786","1276024319"
"Sarlat-la-Canéda","Sarlat-la-Caneda","44.8928","1.2153","France","FR","FRA","Nouvelle-Aquitaine","minor","8786","1250580202"
"Tlagasana","Tlagasana","-7.1786","109.5057","Indonesia","ID","IDN","Jawa Tengah","","8786","1360739732"
"Soeda","Soeda","33.5719","130.8539","Japan","JP","JPN","Fukuoka","","8786","1392649831"
