"Dock Junction","Dock Junction","31.2031","-81.5155","United States","US","USA","Georgia","","8786","1840029453"
"Sowān","Sowan","25.5540","84.2334","India","IN","IND","Bihār","","8785","1356734331"
"Madhubani","Madhubani","26.3272","87.0160","India","IN","IND","Bihār","","8785","1356429675"
"La Loggia","La Loggia","44.9577","7.6673","Italy","IT","ITA","Piedmont","","8785","1380737377"
"Toulou","Toulou","14.1688","5.1990","Niger","NE","NER","Tahoua","","8785","1562294550"
"Koekelare","Koekelare","51.0833","2.9667","Belgium","BE","BEL","Flanders","","8784","1056902791"
"Dharāwat","Dharawat","25.0592","85.0420","India","IN","IND","Bihār","","8784","1356971216"
"Ban Sai Yoi","Ban Sai Yoi","16.4167","100.6000","Thailand","TH","THA","Phitsanulok","","8784","1764133988"
"Costa Volpino","Costa Volpino","45.8306","10.0992","Italy","IT","ITA","Lombardy","","8783","1380902378"
"Cofimvaba","Cofimvaba","-32.0025","27.5806","South Africa","ZA","ZAF","Eastern Cape","","8783","1710247329"
"La Chapelle d’Armentières","La Chapelle d'Armentieres","50.6736","2.8961","France","FR","FRA","Hauts-de-France","","8782","1250111182"
"Dunn Loring","Dunn Loring","38.8945","-77.2315","United States","US","USA","Virginia","","8782","1840006017"
"Belsh","Belsh","40.9833","19.8833","Albania","AL","ALB","Elbasan","","8781","1008080226"
"Chahana","Chahana","36.6794","5.9572","Algeria","DZ","DZA","Jijel","","8781","1012049783"
"Bhāsaula Dānāpur","Bhasaula Danapur","25.5509","85.0308","India","IN","IND","Bihār","","8781","1356127844"
"Garsekurti","Garsekurti","18.5083","78.9774","India","IN","IND","Andhra Pradesh","","8781","1356629147"
"Topanga","Topanga","34.0965","-118.6053","United States","US","USA","California","","8781","1840025006"
"Cherry Hinton","Cherry Hinton","52.1849","0.1760","United Kingdom","GB","GBR","Cambridgeshire","","8780","1826045496"
"Annan","Annan","54.9830","-3.2660","United Kingdom","GB","GBR","Dumfries and Galloway","","8780","1826837081"
"Nueva Ocotepeque","Nueva Ocotepeque","14.4355","-89.1845","Honduras","HN","HND","Ocotepeque","admin","8780","1340380637"
"Kampel","Kampel","22.6167","76.0500","India","IN","IND","Madhya Pradesh","","8780","1356433450"
"Bachchannapet","Bachchannapet","17.7883","79.0349","India","IN","IND","Andhra Pradesh","","8779","1356416630"
"Yelandūr","Yelandur","12.0700","77.0300","India","IN","IND","Karnātaka","","8779","1356224174"
"Kūnimedu","Kunimedu","12.0885","79.8940","India","IN","IND","Tamil Nādu","","8779","1356763485"
"Moe","Moe","-38.1722","146.2678","Australia","AU","AUS","Victoria","","8778","1036922580"
"Bundehra","Bundehra","25.3776","86.7376","India","IN","IND","Bihār","","8778","1356257789"
"Edgemere","Edgemere","39.2273","-76.4590","United States","US","USA","Maryland","","8778","1840005674"
"Maysville","Maysville","38.6455","-83.7911","United States","US","USA","Kentucky","","8778","1840015180"
"Brikcha","Brikcha","34.9667","-5.5833","Morocco","MA","MAR","Tanger-Tétouan-Al Hoceïma","","8777","1504666840"
"Saint-Paul-Trois-Châteaux","Saint-Paul-Trois-Chateaux","44.3497","4.7690","France","FR","FRA","Auvergne-Rhône-Alpes","","8776","1250594301"
"Cowley","Cowley","51.5280","-0.4810","United Kingdom","GB","GBR","Hillingdon","","8776","1826903011"
"Adiyakkamangalam","Adiyakkamangalam","10.7626","79.6775","India","IN","IND","Tamil Nādu","","8776","1356175056"
"Komījān","Komijan","34.7181","49.3250","Iran","IR","IRN","Markazī","minor","8776","1364723077"
"Deodora","Deodora","22.6149","80.3616","India","IN","IND","Madhya Pradesh","","8775","1356823134"
"Lovosice","Lovosice","50.5150","14.0511","Czechia","CZ","CZE","Ústecký Kraj","","8774","1203138826"
"Somarasampettai","Somarasampettai","10.8125","78.6342","India","IN","IND","Tamil Nādu","","8774","1356225007"
"Kusumbe","Kusumbe","20.9167","74.6500","India","IN","IND","Mahārāshtra","","8774","1356722519"
"Highland Park","Highland Park","32.8311","-96.8012","United States","US","USA","Texas","","8774","1840022058"
"Pereiras","Pereiras","-23.0761","-47.9758","Brazil","BR","BRA","São Paulo","minor","8773","1076745377"
"Cinderford","Cinderford","51.8225","-2.4989","United Kingdom","GB","GBR","Gloucestershire","","8773","1826291167"
"Gessate","Gessate","45.5500","9.4333","Italy","IT","ITA","Lombardy","","8773","1380428162"
"Mtal","Mtal","32.4908","-8.3781","Morocco","MA","MAR","Casablanca-Settat","","8773","1504849742"
"Neves Paulista","Neves Paulista","-20.8458","-49.6300","Brazil","BR","BRA","São Paulo","minor","8772","1076295222"
"Luzzi","Luzzi","39.4500","16.2833","Italy","IT","ITA","Calabria","","8772","1380195756"
"Amberomanga","Amberomanga","-19.2389","46.6152","Madagascar","MG","MDG","Antananarivo","","8772","1450006485"
"Aleksandrov Gay","Aleksandrov Gay","50.1333","48.5500","Russia","RU","RUS","Saratovskaya Oblast’","","8772","1643709614"
"Brevik","Brevik","59.3500","18.2000","Sweden","SE","SWE","Stockholm","","8772","1752993223"
"Paratdiha","Paratdiha","24.1638","86.3070","India","IN","IND","Jhārkhand","","8771","1356251932"
"Guntersville","Guntersville","34.3671","-86.2637","United States","US","USA","Alabama","","8771","1840006456"
"Redlands","Redlands","39.0886","-108.6582","United States","US","USA","Colorado","","8771","1840018812"
"South Londonderry","South Londonderry","40.2424","-76.5432","United States","US","USA","Pennsylvania","","8771","1840149648"
"Coaldale","Coaldale","49.7333","-112.6167","Canada","CA","CAN","Alberta","","8771","1124989507"
"Muturkha","Muturkha","24.1044","86.2855","India","IN","IND","Jhārkhand","","8770","1356245363"
"La Ferté-Bernard","La Ferte-Bernard","48.1875","0.6553","France","FR","FRA","Pays de la Loire","","8769","1250851632"
"Aleksandrovsk-Sakhalinskiy","Aleksandrovsk-Sakhalinskiy","50.9000","142.1500","Russia","RU","RUS","Sakhalinskaya Oblast’","minor","8769","1643873847"
"Şefaatlı","Sefaatli","39.5017","34.7522","Turkey","TR","TUR","Yozgat","minor","8769","1792923271"
"Brighton","Brighton","40.7023","-80.3677","United States","US","USA","Pennsylvania","","8769","1840145004"
"Vicentinópolis","Vicentinopolis","-17.7350","-49.8058","Brazil","BR","BRA","Goiás","minor","8768","1076002859"
"Kirrāyach","Kirrayach","26.6322","78.3423","India","IN","IND","Madhya Pradesh","","8768","1356816838"
"Cunupia","Cunupia","10.5500","-61.3667","Trinidad and Tobago","TT","TTO","Chaguanas","","8768","1780256527"
"Ottobeuren","Ottobeuren","47.9414","10.2994","Germany","DE","DEU","Bavaria","","8767","1276049711"
"Chinna Mupparam","Chinna Mupparam","17.6319","79.8411","India","IN","IND","Andhra Pradesh","","8767","1356152615"
"Hirni","Hirni","25.8323","86.2806","India","IN","IND","Bihār","","8767","1356254192"
"Boukhralfa","Boukhralfa","36.6144","5.0872","Algeria","DZ","DZA","Bejaïa","","8766","1012066745"
"Srīrāmapuram","Sriramapuram","16.1800","80.2900","India","IN","IND","Andhra Pradesh","","8766","1356321128"
"Hardiya","Hardiya","25.5301","84.4961","India","IN","IND","Bihār","","8766","1356944906"
"Aragona","Aragona","37.4074","13.6189","Italy","IT","ITA","Sicilia","","8766","1380327627"
"Pizzo","Pizzo","38.7333","16.1667","Italy","IT","ITA","Calabria","","8766","1380718003"
"Roetgen","Roetgen","50.6500","6.2000","Germany","DE","DEU","North Rhine-Westphalia","","8765","1276508343"
"Amtala","Amtala","22.3669","88.2777","India","IN","IND","West Bengal","","8765","1356179828"
"Marlborough","Marlborough","41.6337","-73.9904","United States","US","USA","New York","","8765","1840087655"
"Īdupugallu","Idupugallu","16.4609","80.7543","India","IN","IND","Andhra Pradesh","","8764","1356920399"
"Bertrix","Bertrix","49.8555","5.2566","Belgium","BE","BEL","Wallonia","","8763","1056726462"
"Rāmpatti","Rampatti","26.3333","86.1500","India","IN","IND","Bihār","","8763","1356001751"
"Vidapanakallu","Vidapanakallu","15.0667","77.1833","India","IN","IND","Andhra Pradesh","","8763","1356021169"
"Āshtīān","Ashtian","34.5222","50.0069","Iran","IR","IRN","Markazī","minor","8763","1364425405"
"Kennett","Kennett","39.8374","-75.6808","United States","US","USA","Pennsylvania","","8763","1840151978"
"Zapatoca","Zapatoca","6.8167","-73.2667","Colombia","CO","COL","Santander","minor","8762","1170912223"
"Abirāmam","Abiramam","9.4423","78.4399","India","IN","IND","Tamil Nādu","","8762","1356724493"
"Ōtaki","Otaki","35.2852","140.2454","Japan","JP","JPN","Chiba","","8762","1392151200"
"Marrupa","Marrupa","-13.1833","37.5000","Mozambique","MZ","MOZ","Niassa","","8762","1508890063"
"Borgo a Buggiano","Borgo a Buggiano","43.8798","10.7284","Italy","IT","ITA","Tuscany","","8761","1380767986"
"Galela","Galela","1.8236","127.8431","Indonesia","ID","IDN","Maluku Utara","","8760","1360398495"
"Zūlakallu","Zulakallu","16.4442","79.7874","India","IN","IND","Andhra Pradesh","","8760","1356497434"
"Pukkulam","Pukkulam","9.2770","78.9938","India","IN","IND","Tamil Nādu","","8760","1356236059"
"Fully","Fully","46.1333","7.1167","Switzerland","CH","CHE","Valais","","8759","1756803962"
"Kibaya","Kibaya","-5.3014","36.5825","Tanzania","TZ","TZA","Manyara","","8759","1834442033"
"Rāni Sāwargaon","Rani Sawargaon","18.9655","76.7493","India","IN","IND","Mahārāshtra","","8758","1356481118"
"Pa Mok","Pa Mok","14.4899","100.4485","Thailand","TH","THA","Ang Thong","minor","8758","1764706108"
"Graham","Graham","33.1017","-98.5779","United States","US","USA","Texas","","8758","1840020668"
"Franklin","Franklin","43.4499","-71.6691","United States","US","USA","New Hampshire","","8757","1840002748"
"North Haledon","North Haledon","40.9628","-74.1844","United States","US","USA","New Jersey","","8757","1840000836"
"Riacho dos Machados","Riacho dos Machados","-16.0058","-43.0489","Brazil","BR","BRA","Minas Gerais","minor","8756","1076541307"
"Hombrechtikon","Hombrechtikon","47.2533","8.7703","Switzerland","CH","CHE","Zürich","","8756","1756295495"
"Pacuarito","Pacuarito","10.1093","-83.4091","Costa Rica","CR","CRI","Limón","","8756","1188497482"
"Shiu","Shiu","34.2372","74.3423","India","IN","IND","Jammu and Kashmīr","","8756","1356150779"
"Hiramandalam","Hiramandalam","18.6708","83.9505","India","IN","IND","Andhra Pradesh","","8756","1356683859"
"San Pedro de Coche","San Pedro de Coche","10.7772","-63.9311","Venezuela","VE","VEN","Nueva Esparta","minor","8756","1862822910"
"Dāmal","Damal","12.8860","79.5922","India","IN","IND","Tamil Nādu","","8755","1356974481"
"Būdamangalam","Budamangalam","12.3792","79.2308","India","IN","IND","Tamil Nādu","","8755","1356776067"
"Natividade","Natividade","-11.7100","-47.7228","Brazil","BR","BRA","Tocantins","minor","8754","1076499835"
"Lachen","Lachen","47.1911","8.8567","Switzerland","CH","CHE","Schwyz","minor","8754","1756890037"
"Angichettippālaiyam","Angichettippalaiyam","11.7742","79.5255","India","IN","IND","Tamil Nādu","","8754","1356202958"
"Daping","Daping","24.6501","112.1693","China","CN","CHN","Guangdong","","8753","1156348696"
"Banak","Banak","27.8714","52.0272","Iran","IR","IRN","Būshehr","","8753","1364681484"
"San Juan Ixcaquixtla","San Juan Ixcaquixtla","18.4500","-97.8167","Mexico","MX","MEX","Puebla","","8752","1484614314"
"Coffeyville","Coffeyville","37.0519","-95.6180","United States","US","USA","Kansas","","8752","1840001707"
"Pasivedalajimma","Pasivedalajimma","16.9952","81.7000","India","IN","IND","Andhra Pradesh","","8751","1356370176"
"Tilvalli","Tilvalli","14.6268","75.2310","India","IN","IND","Karnātaka","","8750","1356758412"
"Sremski Karlovci","Sremski Karlovci","45.2000","19.9333","Serbia","RS","SRB","Sremski Karlovci","admin","8750","1688215764"
"Kozova","Kozova","49.4319","25.1594","Ukraine","UA","UKR","Ternopilska Oblast","minor","8750","1804829184"
"Altoona","Altoona","44.8029","-91.4385","United States","US","USA","Wisconsin","","8750","1840002295"
"Buenavista","Buenavista","9.3333","-74.3000","Colombia","CO","COL","Magdalena","","8749","1170070362"
"Reddipalle","Reddipalle","14.1998","78.0104","India","IN","IND","Andhra Pradesh","","8749","1356116933"
"Sant’Angelo in Lizzola","Sant'Angelo in Lizzola","43.8270","12.8025","Italy","IT","ITA","Marche","","8749","1380223974"
"Mozzate","Mozzate","45.6806","8.9494","Italy","IT","ITA","Lombardy","","8749","1380014514"
"Coccaglio","Coccaglio","45.5633","9.9783","Italy","IT","ITA","Lombardy","","8749","1380308103"
"Shopokov","Shopokov","42.8547","74.3422","Kyrgyzstan","KG","KGZ","Chüy","","8749","1417801567"
"Sānrha","Sanrha","25.7979","84.7504","India","IN","IND","Bihār","","8748","1356316675"
"Castagneto Carducci","Castagneto Carducci","43.1667","10.6000","Italy","IT","ITA","Tuscany","","8748","1380067556"
"Civitella in Val di Chiana","Civitella in Val di Chiana","43.4053","11.7706","Italy","IT","ITA","Tuscany","","8748","1380122075"
"Afumaţi","Afumati","44.5250","26.2522","Romania","RO","ROU","Ilfov","","8748","1642945778"
"Benner","Benner","40.8698","-77.8153","United States","US","USA","Pennsylvania","","8748","1840143700"
"Roccastrada","Roccastrada","43.0097","11.1683","Italy","IT","ITA","Tuscany","","8747","1380310398"
"Rudewa","Rudewa","-10.1008","34.6836","Tanzania","TZ","TZA","Njombe","","8747","1834986304"
"Milton","Milton","47.2524","-122.3153","United States","US","USA","Washington","","8747","1840019857"
"Jabera","Jabera","23.5582","79.6780","India","IN","IND","Madhya Pradesh","","8746","1356873086"
"Ranod","Ranod","25.0748","77.8761","India","IN","IND","Madhya Pradesh","","8746","1356300439"
"Wervershoof","Wervershoof","52.7300","5.1700","Netherlands","NL","NLD","Noord-Holland","","8746","1528048867"
"Tanudan","Tanudan","17.2814","121.2303","Philippines","PH","PHL","Kalinga","","8746","1608424545"
"Stary Sącz","Stary Sacz","49.5625","20.6364","Poland","PL","POL","Małopolskie","","8746","1616399913"
"Toppenish","Toppenish","46.3806","-120.3122","United States","US","USA","Washington","","8746","1840021151"
"Leopoldo de Bulhões","Leopoldo de Bulhoes","-16.6189","-48.7439","Brazil","BR","BRA","Goiás","minor","8745","1076066411"
"Flieden","Flieden","50.4167","9.5667","Germany","DE","DEU","Hesse","","8745","1276338969"
"Hadleigh","Hadleigh","52.0453","0.9583","United Kingdom","GB","GBR","Suffolk","","8745","1826961283"
"Kanavāypudūr","Kanavaypudur","11.9282","78.1832","India","IN","IND","Tamil Nādu","","8745","1356250315"
"Rahta","Rahta","25.9213","86.9734","India","IN","IND","Bihār","","8745","1356881620"
"Pararia","Pararia","26.3400","87.5896","India","IN","IND","Bihār","","8745","1356686524"
"Oulad Saïd","Oulad Said","32.9676","-7.8133","Morocco","MA","MAR","Casablanca-Settat","","8745","1504282794"
"Notre-Dame-de-Gravenchon","Notre-Dame-de-Gravenchon","49.4900","0.5719","France","FR","FRA","Normandie","","8744","1250706311"
"Höshööt","Hoshoot","48.9408","89.1383","Mongolia","MN","MNG","Bayan-Ölgiy","minor","8744","1496001385"
"Koror","Koror","7.3419","134.4792","Palau","PW","PLW","Koror","","8744","1585174728"
"Teranikallu","Teranikallu","15.6392","77.5303","India","IN","IND","Andhra Pradesh","","8743","1356806492"
"Dhanauli","Dhanauli","26.0026","86.0251","India","IN","IND","Bihār","","8743","1356510835"
"Mascoutah","Mascoutah","38.5192","-89.8045","United States","US","USA","Illinois","","8743","1840008631"
"Río Jiménez","Rio Jimenez","10.2556","-83.5629","Costa Rica","CR","CRI","Limón","","8742","1188994272"
"Sawbridgeworth","Sawbridgeworth","51.8140","0.1500","United Kingdom","GB","GBR","Hertfordshire","","8742","1826916498"
"Olalapādi","Olalapadi","10.7979","76.8923","India","IN","IND","Tamil Nādu","","8742","1356159884"
"Pullānvidudi","Pullanvidudi","10.3590","79.0880","India","IN","IND","Tamil Nādu","","8742","1356233221"
"Vadakādu","Vadakadu","10.3418","79.0609","India","IN","IND","Tamil Nādu","","8742","1356231267"
"Nam Som","Nam Som","17.7704","102.1895","Thailand","TH","THA","Udon Thani","minor","8742","1764181212"
"Comendador Levy Gasparian","Comendador Levy Gasparian","-22.0289","-43.2050","Brazil","BR","BRA","Rio de Janeiro","minor","8741","1076440000"
"Hakka","Hakka","25.9163","87.6474","India","IN","IND","Bihār","","8741","1356127903"
"Pedda Nindrakolanu","Pedda Nindrakolanu","16.7342","81.3941","India","IN","IND","Andhra Pradesh","","8741","1356560375"
"Parabita","Parabita","40.0500","18.1333","Italy","IT","ITA","Puglia","","8741","1380375061"
"Nyzhnohirskyi","Nyzhnohirskyi","45.4436","34.7406","Ukraine","UA","UKR","Krym, Avtonomna Respublika","minor","8741","1804665220"
"Lichana","Lichana","34.7247","5.4325","Algeria","DZ","DZA","Biskra","","8740","1012350331"
"Rudravaram","Rudravaram","15.2436","78.6050","India","IN","IND","Andhra Pradesh","","8740","1356670795"
"Doornkop","Doornkop","-26.2328","27.7833","South Africa","ZA","ZAF","Gauteng","","8740","1710749845"
"Temple Hills","Temple Hills","38.8106","-76.9495","United States","US","USA","Maryland","","8740","1840005967"
"Sanjāt","Sanjat","25.6046","86.0199","India","IN","IND","Bihār","","8739","1356204851"
"Krompachy","Krompachy","48.9167","20.8744","Slovakia","SK","SVK","Košice","","8739","1703996106"
"Queimada Nova","Queimada Nova","-8.5789","-41.4189","Brazil","BR","BRA","Piauí","minor","8738","1076622675"
"Le Petit-Couronne","Le Petit-Couronne","49.3864","1.0283","France","FR","FRA","Normandie","","8738","1250318903"
"Lari","Lari","43.5689","10.5933","Italy","IT","ITA","Tuscany","","8738","1380463542"
"Lancaster","Lancaster","34.7248","-80.7804","United States","US","USA","South Carolina","","8738","1840014630"
"Mālaimārpuram","Malaimarpuram","14.2096","79.3072","India","IN","IND","Andhra Pradesh","","8737","1356032853"
"Mirchpur","Mirchpur","29.3160","76.1755","India","IN","IND","Haryāna","","8737","1356546992"
"Hârşova","Harsova","44.6833","27.9519","Romania","RO","ROU","Constanţa","","8737","1642407029"
"Kargopol","Kargopol","61.5000","38.9333","Russia","RU","RUS","Arkhangel’skaya Oblast’","minor","8737","1643025947"
"Wattwil","Wattwil","47.2957","9.0830","Switzerland","CH","CHE","Sankt Gallen","","8736","1756957329"
"Bussy","Bussy","46.5500","6.5500","Switzerland","CH","CHE","Vaud","","8736","1756000766"
"Aktepe","Aktepe","36.7000","36.4833","Turkey","TR","TUR","Hatay","minor","8736","1792000013"
"Presque Isle","Presque Isle","46.6868","-67.9874","United States","US","USA","Maine","","8736","1840000146"
"Freeport","Freeport","43.8556","-70.1009","United States","US","USA","Maine","","8736","1840052826"
"Moranbah","Moranbah","-22.0016","148.0533","Australia","AU","AUS","Queensland","","8735","1036916453"
"Igana","Igana","7.0333","2.7000","Benin","BJ","BEN","Plateau","","8735","1204917317"
"Ranai","Ranai","3.9333","108.3833","Indonesia","ID","IDN","Kepulauan Riau","minor","8735","1360035725"
"Bhui","Bhui","25.0894","85.3888","India","IN","IND","Bihār","","8735","1356702860"
"Ekangar Sarai","Ekangar Sarai","25.2234","85.2298","India","IN","IND","Bihār","","8735","1356331561"
"Velakalnattam","Velakalnattam","12.5505","78.4429","India","IN","IND","Tamil Nādu","","8735","1356155564"
"Bharno","Bharno","23.2204","84.8891","India","IN","IND","Jhārkhand","","8735","1356006721"
"Hillview","Hillview","38.0562","-85.6847","United States","US","USA","Kentucky","","8735","1840014325"
"Rodeo","Rodeo","38.0367","-122.2526","United States","US","USA","California","","8735","1840018900"
"Wingles","Wingles","50.4947","2.8561","France","FR","FRA","Hauts-de-France","","8734","1250695683"
"Gundumāl","Gundumal","16.8939","77.7112","India","IN","IND","Andhra Pradesh","","8734","1356416314"
"Folignano","Folignano","42.8210","13.6329","Italy","IT","ITA","Marche","","8734","1380634465"
"Essey-lès-Nancy","Essey-les-Nancy","48.7067","6.2231","France","FR","FRA","Grand Est","","8733","1250975890"
"Karuveppampatti","Karuveppampatti","11.3983","77.8746","India","IN","IND","Tamil Nādu","","8733","1356166740"
"Sātgāchia","Satgachia","23.2641","88.1600","India","IN","IND","West Bengal","","8733","1356971977"
"Löwenberg","Lowenberg","52.8833","13.1500","Germany","DE","DEU","Brandenburg","","8732","1276763095"
"Jalālkhera","Jalalkhera","21.4392","78.7719","India","IN","IND","Mahārāshtra","","8732","1356172350"
"Hostotipaquillo","Hostotipaquillo","21.2167","-103.8500","Mexico","MX","MEX","Jalisco","minor","8732","1484387476"
"Maiquinique","Maiquinique","-15.6208","-40.2658","Brazil","BR","BRA","Bahia","minor","8731","1076435783"
"Wietze","Wietze","52.6500","9.8333","Germany","DE","DEU","Lower Saxony","","8730","1276207275"
"Majra","Majra","25.7131","87.3637","India","IN","IND","Bihār","","8730","1356734218"
"Nāgaiyampatti","Nagaiyampatti","11.4639","78.4801","India","IN","IND","Tamil Nādu","","8729","1356257973"
"Smithfield","Smithfield","36.9755","-76.6152","United States","US","USA","Virginia","","8729","1840006487"
"Faro","Faro","-2.1708","-56.7450","Brazil","BR","BRA","Pará","minor","8728","1076272967"
"San Juan de Arama","San Juan de Arama","3.3736","-73.8767","Colombia","CO","COL","Meta","minor","8728","1170213121"
"Càbras","Cabras","39.9306","8.5303","Italy","IT","ITA","Sardegna","","8728","1380750044"
"Carlosama","Carlosama","0.8658","-77.7294","Colombia","CO","COL","Nariño","minor","8727","1170333785"
"Rauenberg","Rauenberg","49.2678","8.7036","Germany","DE","DEU","Baden-Württemberg","","8727","1276997920"
"Tsrār Sharīf","Tsrar Sharif","33.8632","74.7652","India","IN","IND","Jammu and Kashmīr","","8727","1356039784"
"Pendekallu","Pendekallu","15.3753","77.6242","India","IN","IND","Andhra Pradesh","","8727","1356373899"
"Galmaarden","Galmaarden","50.7500","3.9900","Belgium","BE","BEL","Flanders","","8725","1056556479"
"Meßkirch","Messkirch","47.9928","9.1125","Germany","DE","DEU","Baden-Württemberg","","8725","1276541566"
"Nārona","Narona","17.5156","76.7182","India","IN","IND","Karnātaka","","8725","1356458639"
"Montalto di Castro","Montalto di Castro","42.3514","11.6078","Italy","IT","ITA","Lazio","","8725","1380380235"
"Village Green-Green Ridge","Village Green-Green Ridge","39.8639","-75.4257","United States","US","USA","Pennsylvania","","8725","1840073727"
"Yelsk","Yelsk","51.8167","29.1500","Belarus","BY","BLR","Homyel’skaya Voblasts’","minor","8724","1112554124"
"Gendou","Gendou","12.8292","-6.4964","Mali","ML","MLI","Ségou","","8724","1466334708"
"Stará Turá","Stara Tura","48.7767","17.6961","Slovakia","SK","SVK","Nitra","","8724","1703420460"
"Rāgampet","Ragampet","18.6383","79.1441","India","IN","IND","Andhra Pradesh","","8723","1356735496"
"Kamen’-Rybolov","Kamen'-Rybolov","44.7667","132.0167","Russia","RU","RUS","Primorskiy Kray","","8723","1643554622"
"Buved","Buved","37.5833","71.5167","Tajikistan","TJ","TJK","Kŭhistoni Badakhshon","","8723","1762903124"
"Pont-Rouge","Pont-Rouge","46.7500","-71.7000","Canada","CA","CAN","Quebec","","8723","1124608325"
"Pillutla","Pillutla","16.5390","79.9044","India","IN","IND","Andhra Pradesh","","8722","1356943816"
"Güneysu","Guneysu","40.9781","40.6136","Turkey","TR","TUR","Rize","minor","8722","1792000480"
"Irondale","Irondale","33.4773","-84.3601","United States","US","USA","Georgia","","8722","1840029456"
"Cutrofiano","Cutrofiano","40.1333","18.2000","Italy","IT","ITA","Puglia","","8721","1380279562"
"Siġġiewi","Siggiewi","35.8542","14.4383","Malta","MT","MLT","Siġġiewi","admin","8721","1470181462"
"Cameron","Cameron","39.7444","-94.2329","United States","US","USA","Missouri","","8721","1840007321"
"Hualaihué","Hualaihue","-42.1000","-72.4167","Chile","CL","CHL","Los Lagos","","8720","1152075609"
"Junín","Junin","4.7903","-73.8136","Colombia","CO","COL","Cundinamarca","minor","8720","1170184431"
"Vīrapalle","Virapalle","14.1556","78.8569","India","IN","IND","Andhra Pradesh","","8720","1356638614"
"Cosmorama","Cosmorama","-20.4778","-49.7778","Brazil","BR","BRA","São Paulo","minor","8719","1076692431"
"Jeannette","Jeannette","40.3277","-79.6139","United States","US","USA","Pennsylvania","","8719","1840001141"
"Navappatti","Navappatti","11.7393","77.7836","India","IN","IND","Tamil Nādu","","8718","1356168026"
"Punnappatti","Punnappatti","10.2243","78.1982","India","IN","IND","Tamil Nādu","","8717","1356224793"
"Ponte Buggianese","Ponte Buggianese","43.8408","10.7475","Italy","IT","ITA","Tuscany","","8717","1380856163"
"Ustrzyki Dolne","Ustrzyki Dolne","49.4297","22.5867","Poland","PL","POL","Podkarpackie","minor","8717","1616817418"
"Aniskino","Aniskino","55.9417","38.1500","Russia","RU","RUS","Moskovskaya Oblast’","","8717","1643484680"
"Santanópolis","Santanopolis","-12.0169","-38.8669","Brazil","BR","BRA","Bahia","minor","8716","1076762230"
"El Golaa","El Golaa","33.7050","8.9650","Tunisia","TN","TUN","Kébili","","8716","1788961564"
"Angallu","Angallu","13.6287","78.4857","India","IN","IND","Andhra Pradesh","","8715","1356129922"
"Barbana","Barbana","26.0719","87.2539","India","IN","IND","Bihār","","8715","1356735822"
"Akālgarh","Akalgarh","30.8019","75.8582","India","IN","IND","Punjab","","8715","1356193315"
"Bommagondanahalli","Bommagondanahalli","13.8984","77.0733","India","IN","IND","Andhra Pradesh","","8715","1356406639"
"Sarbīsheh","Sarbisheh","32.5775","59.7961","Iran","IR","IRN","Khorāsān-e Jonūbī","minor","8715","1364184817"
"Glencoe","Glencoe","42.1347","-87.7641","United States","US","USA","Illinois","","8715","1840011279"
"Fort Knox","Fort Knox","37.8915","-85.9636","United States","US","USA","Kentucky","","8715","1840073833"
"Azīzpur Chānde","Azizpur Chande","25.7932","85.5945","India","IN","IND","Bihār","","8714","1356601753"
"Inékar","Inekar","15.9594","3.1411","Mali","ML","MLI","Gao","","8714","1466792792"
"Möckmühl","Mockmuhl","49.3167","9.3500","Germany","DE","DEU","Baden-Württemberg","","8713","1276533939"
"Uchen","Uchen","27.0931","77.4097","India","IN","IND","Rājasthān","","8713","1356003119"
"Tomeşti","Tomesti","47.1333","27.7000","Romania","RO","ROU","Iaşi","","8713","1642448742"
"Ouando","Ouando","6.5542","2.6616","Benin","BJ","BEN","Ouémé","","8712","1204175156"
"Corella","Corella","42.1147","-1.7867","Spain","ES","ESP","Navarre","","8712","1724452724"
"Crest","Crest","44.7292","5.0228","France","FR","FRA","Auvergne-Rhône-Alpes","","8712","1250484520"
"Bishunpur","Bishunpur","25.5665","87.4435","India","IN","IND","Bihār","","8712","1356370801"
"Gigmoto","Gigmoto","13.7800","124.3800","Philippines","PH","PHL","Catanduanes","","8712","1608786417"
"Al Quway‘īyah","Al Quway`iyah","24.0737","45.2806","Saudi Arabia","SA","SAU","Ar Riyāḑ","","8712","1682154232"
"Wyoming","Wyoming","39.2297","-84.4816","United States","US","USA","Ohio","","8712","1840001619"
"Besozzo","Besozzo","45.8500","8.6667","Italy","IT","ITA","Lombardy","","8711","1380913044"
"Millersville","Millersville","40.0047","-76.3522","United States","US","USA","Pennsylvania","","8711","1840003722"
"Califórnia","California","-23.6500","-51.3550","Brazil","BR","BRA","Paraná","minor","8710","1076675072"
"Kolbuszowa","Kolbuszowa","50.2500","21.7667","Poland","PL","POL","Podkarpackie","minor","8710","1616946964"
"Sohta","Sohta","26.2149","87.0826","India","IN","IND","Bihār","","8709","1356652469"
"Doiwāla","Doiwala","30.1758","78.1242","India","IN","IND","Uttarākhand","","8709","1356364330"
"Port Jervis","Port Jervis","41.3783","-74.6910","United States","US","USA","New York","","8709","1840000587"
"São José do Cerrito","Sao Jose do Cerrito","-27.6628","-50.5800","Brazil","BR","BRA","Santa Catarina","minor","8708","1076319864"
"Lillebonne","Lillebonne","49.5189","0.5343","France","FR","FRA","Normandie","","8708","1250846480"
"Silsden","Silsden","53.9140","-1.9370","United Kingdom","GB","GBR","Bradford","","8708","1826136607"
"Gangājalghāti","Gangajalghati","23.4200","87.1200","India","IN","IND","West Bengal","","8708","1356470216"
"Nanzhangcheng","Nanzhangcheng","37.9108","114.0749","China","CN","CHN","Hebei","","8707","1156201324"
"Aigues-Mortes","Aigues-Mortes","43.5675","4.1933","France","FR","FRA","Occitanie","","8707","1250061893"
"Lenox","Lenox","43.1113","-75.7582","United States","US","USA","New York","","8707","1840058237"
"Lake Villa","Lake Villa","42.4184","-88.0836","United States","US","USA","Illinois","","8707","1840011159"
"Gyümai","Gyumai","33.7560","99.6500","China","CN","CHN","Qinghai","","8706","1156886719"
"Bhānuvalli","Bhanuvalli","14.4333","75.7667","India","IN","IND","Karnātaka","","8706","1356988746"
"Roccapiemonte","Roccapiemonte","40.7617","14.6933","Italy","IT","ITA","Campania","","8706","1380643125"
"Ait Rami","Ait Rami","29.9608","-9.4234","Morocco","MA","MAR","Souss-Massa","","8706","1504231104"
"Paola","Paola","35.8728","14.5075","Malta","MT","MLT","Paola","admin","8706","1470416994"
"Shelby","Shelby","40.8847","-82.6578","United States","US","USA","Ohio","","8706","1840009369"
"White Meadow Lake","White Meadow Lake","40.9241","-74.5107","United States","US","USA","New Jersey","","8706","1840005198"
"Champlain","Champlain","45.5333","-74.6500","Canada","CA","CAN","Ontario","","8706","1124000537"
"Aïn Zora","Ain Zora","34.6600","-3.5300","Morocco","MA","MAR","Oriental","","8705","1504442402"
"Janglot","Janglot","32.4353","75.5231","India","IN","IND","Jammu and Kashmīr","","8704","1356066409"
"Lázaro Cárdenas","Lazaro Cardenas","28.3897","-105.6236","Mexico","MX","MEX","Chihuahua","","8704","1484739082"
"San Sebastian","San Sebastian","11.7000","125.0200","Philippines","PH","PHL","Samar","","8704","1608756540"
"Hamlin","Hamlin","43.3213","-77.9135","United States","US","USA","New York","","8703","1840058157"
"Aşağı Quşçu","Asagi Quscu","40.9571","45.6804","Azerbaijan","AZ","AZE","Tovuz","","8702","1031427640"
"Havsa","Havsa","41.5492","26.8217","Turkey","TR","TUR","Edirne","minor","8702","1792330361"
"Iles","Iles","0.9667","-77.5167","Colombia","CO","COL","Nariño","minor","8701","1170251090"
"Richterich","Richterich","50.8086","6.0625","Germany","DE","DEU","North Rhine-Westphalia","","8701","1276526025"
"Anthony","Anthony","32.0131","-106.5984","United States","US","USA","New Mexico","","8701","1840018049"
"Tashir","Tashir","41.1244","44.2819","Armenia","AM","ARM","Lorri","","8700","1051680734"
"Margny-lès-Compiègne","Margny-les-Compiegne","49.4269","2.8217","France","FR","FRA","Hauts-de-France","","8700","1250111388"
"Sini","Sini","22.7933","85.9454","India","IN","IND","Jhārkhand","","8700","1356568375"
"Bududa","Bududa","1.0100","34.3317","Uganda","UG","UGA","Bududa","admin","8700","1800970850"
"Jondor Shaharchasi","Jondor Shaharchasi","39.7333","64.1833","Uzbekistan","UZ","UZB","Buxoro","minor","8700","1860971461"
"Sande","Sande","53.4833","8.0000","Germany","DE","DEU","Lower Saxony","","8699","1276159264"
"Biederitz","Biederitz","52.1608","11.7178","Germany","DE","DEU","Saxony-Anhalt","","8699","1276237569"
"Pardanjān","Pardanjan","32.2539","50.5975","Iran","IR","IRN","Chahār Maḩāl va Bakhtīārī","","8699","1364000864"
"Volodymyrets","Volodymyrets","51.4208","26.1450","Ukraine","UA","UKR","Rivnenska Oblast","","8699","1804152212"
"Othello","Othello","46.8221","-119.1653","United States","US","USA","Washington","","8699","1840019862"
"Audubon","Audubon","39.8906","-75.0722","United States","US","USA","New Jersey","","8699","1840003775"
"Millis","Millis","42.1693","-71.3626","United States","US","USA","Massachusetts","","8699","1840070268"
"Heikendorf","Heikendorf","54.3722","10.2081","Germany","DE","DEU","Schleswig-Holstein","","8698","1276887337"
"Vadacheri","Vadacheri","10.7324","78.5261","India","IN","IND","Tamil Nādu","","8698","1356207199"
"Raia","Raia","15.4969","73.8089","India","IN","IND","Goa","","8698","1356368579"
"Pulivalam","Pulivalam","10.7525","79.6352","India","IN","IND","Tamil Nādu","","8698","1356175059"
"Flero","Flero","45.4835","10.1745","Italy","IT","ITA","Lombardy","","8698","1380991865"
"Caprino Veronese","Caprino Veronese","45.6000","10.8000","Italy","IT","ITA","Veneto","","8698","1380169646"
"Zawiat Moulay Brahim","Zawiat Moulay Brahim","31.2858","-7.9656","Morocco","MA","MAR","Marrakech-Safi","","8698","1504818335"
"Coaticook","Coaticook","45.1333","-71.8000","Canada","CA","CAN","Quebec","","8698","1124454176"
"Untergruppenbach","Untergruppenbach","49.0833","9.2667","Germany","DE","DEU","Baden-Württemberg","","8697","1276135697"
"Mountsorrel","Mountsorrel","52.7167","-1.1500","United Kingdom","GB","GBR","Leicestershire","","8697","1826286160"
"York","York","34.9967","-81.2341","United States","US","USA","South Carolina","","8697","1840015489"
"Simón Bolívar","Simon Bolivar","-2.0025","-79.4856","Ecuador","EC","ECU","Guayas","minor","8696","1218861286"
"Tonk Khurd","Tonk Khurd","23.0983","76.2155","India","IN","IND","Madhya Pradesh","","8696","1356098475"
"Gonzaga","Gonzaga","44.9500","10.8167","Italy","IT","ITA","Lombardy","","8696","1380111111"
"Phimai","Phimai","15.2232","102.4947","Thailand","TH","THA","Nakhon Ratchasima","minor","8696","1764598578"
"Coutras","Coutras","45.0417","-0.1272","France","FR","FRA","Nouvelle-Aquitaine","","8695","1250067889"
"Karadipāra","Karadipara","10.5500","76.5833","India","IN","IND","Kerala","","8695","1356847238"
"Roverbella","Roverbella","45.2667","10.7667","Italy","IT","ITA","Lombardy","","8695","1380072476"
"Milliken","Milliken","40.3115","-104.8561","United States","US","USA","Colorado","","8695","1840022397"
"Les Angles","Les Angles","43.9553","4.7672","France","FR","FRA","Occitanie","","8694","1250130542"
"Pokhraira","Pokhraira","26.0711","85.2034","India","IN","IND","Bihār","","8694","1356169127"
"Pāppākudi","Pappakudi","8.7520","77.5026","India","IN","IND","Tamil Nādu","","8694","1356206423"
"Torre Boldone","Torre Boldone","45.7167","9.7000","Italy","IT","ITA","Lombardy","","8694","1380646015"
"Stăuceni","Stauceni","47.0875","28.8703","Moldova","MD","MDA","Chişinău","","8694","1498710305"
"Måløv","Malov","55.7553","12.3233","Denmark","DK","DNK","Hovedstaden","","8693","1208253795"
"Indūrti","Indurti","17.0055","78.9054","India","IN","IND","Andhra Pradesh","","8693","1356275022"
"Nāttarasankottai","Nattarasankottai","9.8690","78.5531","India","IN","IND","Tamil Nādu","","8693","1356443818"
"Yakakent","Yakakent","41.6222","35.5314","Turkey","TR","TUR","Samsun","minor","8693","1792258127"
"Cullinan","Cullinan","-25.6728","28.5208","South Africa","ZA","ZAF","Gauteng","","8693","1710780636"
"Leisure World","Leisure World","39.1023","-77.0689","United States","US","USA","Maryland","","8693","1840073671"
"Stevensville","Stevensville","38.9745","-76.3184","United States","US","USA","Maryland","","8693","1840005897"
"Mirdoddi","Mirdoddi","18.0786","78.6770","India","IN","IND","Andhra Pradesh","","8692","1356309439"
"Derby","Derby","39.8400","-104.9172","United States","US","USA","Colorado","","8692","1840028576"
"Conthey","Conthey","46.2167","7.3000","Switzerland","CH","CHE","Valais","","8691","1756401433"
"Stansted Mountfitchet","Stansted Mountfitchet","51.8980","0.1980","United Kingdom","GB","GBR","Essex","","8691","1826626668"
"Zubovo","Zubovo","54.6167","55.9000","Russia","RU","RUS","Bashkortostan","","8691","1643775970"
"Spring Hill","Spring Hill","38.7565","-94.8201","United States","US","USA","Kansas","","8691","1840001642"
"São Pedro do Ivaí","Sao Pedro do Ivai","-23.8650","-51.8558","Brazil","BR","BRA","Paraná","minor","8690","1076420982"
"Timmendorfer Strand","Timmendorfer Strand","53.9944","10.7825","Germany","DE","DEU","Schleswig-Holstein","","8690","1276402888"
"Mrakovo","Mrakovo","52.7139","56.6269","Russia","RU","RUS","Bashkortostan","minor","8690","1643603881"
"Dharhwa","Dharhwa","26.9104","84.2769","India","IN","IND","Bihār","","8689","1356892006"
"Tlumach","Tlumach","48.8667","25.0000","Ukraine","UA","UKR","Ivano-Frankivska Oblast","minor","8689","1804009591"
"Heusden","Heusden","51.0281","3.8000","Belgium","BE","BEL","Flanders","","8688","1056423197"
"Reichenbach an der Fils","Reichenbach an der Fils","48.7100","9.4661","Germany","DE","DEU","Baden-Württemberg","","8688","1276001115"
"Gadaul","Gadaul","26.1287","86.2375","India","IN","IND","Bihār","","8688","1356798199"
"Katrīdih","Katridih","25.0829","85.6334","India","IN","IND","Bihār","","8688","1356557772"
"Painkulam","Painkulam","10.7375","76.3125","India","IN","IND","Kerala","","8688","1356122728"
"Koshanam","Koshanam","11.3701","77.3523","India","IN","IND","Tamil Nādu","","8688","1356163322"
"Lequile","Lequile","40.3000","18.1333","Italy","IT","ITA","Puglia","","8688","1380982000"
"Ellicott","Ellicott","42.1330","-79.2360","United States","US","USA","New York","","8688","1840058075"
"Limeira d’Oeste","Limeira d'Oeste","-19.5508","-50.5808","Brazil","BR","BRA","Minas Gerais","minor","8687","1076085138"
"Pedreguer","Pedreguer","38.7933","0.0342","Spain","ES","ESP","Valencia","","8687","1724095623"
"Pokrovka","Pokrovka","43.9500","131.6347","Russia","RU","RUS","Primorskiy Kray","","8687","1643436265"
"Stainz","Stainz","46.8833","15.2667","Austria","AT","AUT","Steiermark","","8686","1040766288"
"Zanica","Zanica","45.6394","9.6842","Italy","IT","ITA","Lombardy","","8686","1380768500"
"Msemrir","Msemrir","31.7028","-5.8125","Morocco","MA","MAR","Drâa-Tafilalet","","8686","1504469179"
"Duchcov","Duchcov","50.6039","13.7464","Czechia","CZ","CZE","Ústecký Kraj","","8685","1203260902"
"Azandarīān","Azandarian","34.5036","48.6906","Iran","IR","IRN","Hamadān","","8685","1364125839"
"Kappeln","Kappeln","54.6614","9.9311","Germany","DE","DEU","Schleswig-Holstein","minor","8683","1276715573"
"Nörten-Hardenberg","Norten-Hardenberg","51.6167","9.9333","Germany","DE","DEU","Lower Saxony","","8683","1276217094"
"Monte Escobedo","Monte Escobedo","22.3000","-103.5667","Mexico","MX","MEX","Zacatecas","minor","8683","1484046726"
"Newstead","Newstead","43.0196","-78.5223","United States","US","USA","New York","","8683","1840087722"
"Rock Falls","Rock Falls","41.7724","-89.6928","United States","US","USA","Illinois","","8683","1840009202"
"Ballenstedt","Ballenstedt","51.7200","11.2375","Germany","DE","DEU","Saxony-Anhalt","","8682","1276375352"
"L’Île-Saint-Denis","L'Ile-Saint-Denis","48.9333","2.3333","France","FR","FRA","Île-de-France","","8682","1250000653"
"Gretz-Armainvilliers","Gretz-Armainvilliers","48.7417","2.7350","France","FR","FRA","Île-de-France","","8682","1250226833"
"Murājpur","Murajpur","25.9506","86.4713","India","IN","IND","Bihār","","8682","1356259530"
"Gobindpur","Gobindpur","24.7820","85.6943","India","IN","IND","Jhārkhand","","8682","1356052099"
"Bāgalvād","Bagalvad","16.0528","76.8877","India","IN","IND","Karnātaka","","8682","1356983749"
"Barth","Barth","54.3667","12.7167","Germany","DE","DEU","Mecklenburg-Western Pomerania","","8681","1276722582"
"Kambhampādu","Kambhampadu","16.5078","79.4825","India","IN","IND","Andhra Pradesh","","8681","1356036879"
"Kambhampādu","Kambhampadu","16.9853","80.6534","India","IN","IND","Andhra Pradesh","","8681","1356648635"
"Kaldsletta","Kaldsletta","69.6167","18.9500","Norway","NO","NOR","Troms og Finnmark","","8681","1578543345"
"Katueté","Katuete","-24.2483","-54.7596","Paraguay","PY","PRY","Canindeyú","","8681","1600304725"
"Vega Alta","Vega Alta","18.4151","-66.3211","Puerto Rico","PR","PRI","Puerto Rico","","8681","1630023587"
"Arizona City","Arizona City","32.7506","-111.6707","United States","US","USA","Arizona","","8681","1840018030"
"Brightlingsea","Brightlingsea","51.8100","1.0300","United Kingdom","GB","GBR","Essex","","8680","1826794522"
"Narborough","Narborough","52.5727","-1.2023","United Kingdom","GB","GBR","Leicestershire","","8680","1826174568"
"Pyālakurti","Pyalakurti","15.7286","77.8168","India","IN","IND","Andhra Pradesh","","8680","1356432424"
"Kursaha","Kursaha","25.5588","85.6875","India","IN","IND","Bihār","","8680","1356149795"
"Brandizzo","Brandizzo","45.1766","7.8380","Italy","IT","ITA","Piedmont","","8680","1380098781"
"Embrun","Embrun","45.2735","-75.2920","Canada","CA","CAN","Ontario","","8680","1124211385"
"Siklós","Siklos","45.8519","18.2986","Hungary","HU","HUN","Baranya","minor","8679","1348986521"
"Suttamalli","Suttamalli","8.6987","77.6323","India","IN","IND","Tamil Nādu","","8679","1356201488"
"Rompicherla","Rompicherla","13.7228","79.0542","India","IN","IND","Andhra Pradesh","","8679","1356077722"
"Kottūr","Kottur","9.9038","77.4071","India","IN","IND","Tamil Nādu","","8679","1356242685"
"Kalinagar","Kalinagar","22.4219","88.8695","India","IN","IND","West Bengal","","8679","1356171774"
"Orosi","Orosi","36.5433","-119.2914","United States","US","USA","California","","8679","1840019035"
"Herzberg","Herzberg","51.6833","13.2333","Germany","DE","DEU","Brandenburg","minor","8678","1276357277"
"Chartres-de-Bretagne","Chartres-de-Bretagne","48.0403","-1.7028","France","FR","FRA","Bretagne","","8678","1250767327"
"Arbaa Ayacha","Arbaa Ayacha","35.3830","-5.8333","Morocco","MA","MAR","Tanger-Tétouan-Al Hoceïma","","8678","1504048390"
"Aratuípe","Aratuipe","-13.0789","-39.0019","Brazil","BR","BRA","Bahia","minor","8677","1076544809"
"Marilândia do Sul","Marilandia do Sul","-23.7450","-51.3078","Brazil","BR","BRA","Paraná","minor","8677","1076477142"
"Tilarán","Tilaran","10.4709","-84.9674","Costa Rica","CR","CRI","Guanacaste","","8677","1188878981"
"Chetma","Chetma","34.8500","5.8167","Algeria","DZ","DZA","Biskra","","8677","1012778792"
"La Mujer","La Mujer","36.7522","-2.6839","Spain","ES","ESP","Andalusia","","8677","1724347316"
"Chākand","Chakand","24.8907","84.9761","India","IN","IND","Bihār","","8677","1356620332"
"Guntapalli","Guntapalli","14.7385","79.0400","India","IN","IND","Andhra Pradesh","","8677","1356594674"
"Castellabate","Castellabate","40.2789","14.9528","Italy","IT","ITA","Campania","","8677","1380791579"
"Nettersheim","Nettersheim","50.4925","6.6297","Germany","DE","DEU","North Rhine-Westphalia","","8676","1276100208"
"Glodeni","Glodeni","47.7667","27.5167","Moldova","MD","MDA","Glodeni","admin","8676","1498553213"
"Fort Mitchell","Fort Mitchell","39.0460","-84.5562","United States","US","USA","Kentucky","","8676","1840013170"
"Midland","Midland","47.1734","-122.4120","United States","US","USA","Washington","","8676","1840018452"
"Rouvroy","Rouvroy","50.3942","2.9044","France","FR","FRA","Hauts-de-France","","8675","1250914310"
"Teotitlán","Teotitlan","18.1333","-97.0833","Mexico","MX","MEX","Oaxaca","minor","8675","1484390294"
"Providence","Providence","41.7035","-111.8123","United States","US","USA","Utah","","8675","1840020115"
"Solebury","Solebury","40.3676","-75.0032","United States","US","USA","Pennsylvania","","8675","1840101286"
"Catuípe","Catuipe","-28.2500","-54.0119","Brazil","BR","BRA","Rio Grande do Sul","minor","8674","1076092018"
"Aulnoye-Aymeries","Aulnoye-Aymeries","50.2050","3.8364","France","FR","FRA","Hauts-de-France","","8674","1250886676"
"Kilcock","Kilcock","53.4022","-6.6708","Ireland","IE","IRL","Kildare","","8674","1372153030"
"Briceño","Briceno","7.1111","-75.5500","Colombia","CO","COL","Antioquia","minor","8673","1170830473"
"Borgentreich","Borgentreich","51.5667","9.2500","Germany","DE","DEU","North Rhine-Westphalia","","8673","1276811823"
"Chamonix-Mont-Blanc","Chamonix-Mont-Blanc","45.9231","6.8697","France","FR","FRA","Auvergne-Rhône-Alpes","","8673","1250219507"
"Herseh Chhīna","Herseh Chhina","31.7453","74.7830","India","IN","IND","Punjab","","8673","1356007687"
"Gökçebey","Gokcebey","41.3081","32.1417","Turkey","TR","TUR","Zonguldak","minor","8673","1792723189"
"Bhatkhori","Bhatkhori","25.9156","86.9072","India","IN","IND","Bihār","","8672","1356100865"
"Parasbani","Parasbani","25.8249","87.2983","India","IN","IND","Bihār","","8672","1356008620"
"Triuggio","Triuggio","45.6667","9.2667","Italy","IT","ITA","Lombardy","","8672","1380952473"
"Perry Heights","Perry Heights","40.7977","-81.4680","United States","US","USA","Ohio","","8672","1840005201"
"Marāveh Tappeh","Maraveh Tappeh","37.9031","55.9567","Iran","IR","IRN","Golestān","minor","8671","1364721495"
"Ter Apel","Ter Apel","52.8756","7.0597","Netherlands","NL","NLD","Groningen","","8671","1528468512"
"Al Qardāḩah","Al Qardahah","35.4564","36.0591","Syria","SY","SYR","Al Lādhiqīyah","minor","8671","1760811337"
"Wharton","Wharton","29.3177","-96.1022","United States","US","USA","Texas","","8671","1840022229"
"Minto","Minto","43.9167","-80.8667","Canada","CA","CAN","Ontario","","8671","1124000198"
"Malhada de Pedras","Malhada de Pedras","-14.3878","-41.8789","Brazil","BR","BRA","Bahia","minor","8670","1076894314"
"Denbigh","Denbigh","53.1854","-3.4178","United Kingdom","GB","GBR","Denbighshire","","8670","1826726795"
"Budenheim","Budenheim","50.0167","8.1667","Germany","DE","DEU","Rhineland-Palatinate","","8669","1276397913"
"Saint-Chamas","Saint-Chamas","43.5506","5.0347","France","FR","FRA","Provence-Alpes-Côte d’Azur","","8669","1250140013"
"Ōwani","Owani","40.5184","140.5678","Japan","JP","JPN","Aomori","","8669","1392282662"
"Lehrhi","Lehrhi","32.4167","-6.3167","Morocco","MA","MAR","Béni Mellal-Khénifra","","8669","1504464348"
"Chełmek","Chelmek","50.1167","19.2500","Poland","PL","POL","Małopolskie","","8669","1616126539"
"Avabodji","Avabodji","6.4533","2.5275","Benin","BJ","BEN","Ouémé","","8668","1204918574"
"Passo do Sertão","Passo do Sertao","-29.2228","-49.8100","Brazil","BR","BRA","Santa Catarina","minor","8668","1076001025"
"Altavilla Milicia","Altavilla Milicia","38.0422","13.5503","Italy","IT","ITA","Sicilia","","8668","1380722110"
"Atherstone","Atherstone","52.5787","-1.5462","United Kingdom","GB","GBR","Warwickshire","","8667","1826567686"
"Amiāwār","Amiawar","25.0405","84.3096","India","IN","IND","Bihār","","8667","1356716856"
"Park Hills","Park Hills","37.8211","-90.5050","United States","US","USA","Missouri","","8667","1840009857"
"Yang Talat","Yang Talat","16.3998","103.3678","Thailand","TH","THA","Kalasin","minor","8666","1764746980"
"Domérat","Domerat","46.3611","2.5353","France","FR","FRA","Auvergne-Rhône-Alpes","","8665","1250017296"
"Mustafābād","Mustafabad","18.2787","78.7108","India","IN","IND","Andhra Pradesh","","8665","1356783833"
"Jujhārpur","Jujharpur","25.7514","87.9634","India","IN","IND","West Bengal","","8665","1356155162"
"Rodeiro","Rodeiro","-21.2000","-42.8650","Brazil","BR","BRA","Minas Gerais","minor","8664","1076881313"
"Pueblorrico","Pueblorrico","5.8000","-75.8500","Colombia","CO","COL","Antioquia","minor","8664","1170979938"
"Pathrāha","Pathraha","26.4330","87.0743","India","IN","IND","Bihār","","8664","1356002589"
"San Sebastiano al Vesuvio","San Sebastiano al Vesuvio","40.8412","14.3708","Italy","IT","ITA","Campania","","8664","1380421532"
"Bryan","Bryan","41.4706","-84.5483","United States","US","USA","Ohio","","8664","1840000573"
"Ōhata","Ohata","41.4034","141.1620","Japan","JP","JPN","Aomori","","8663","1392042920"
"Choceň","Chocen","50.0017","16.2231","Czechia","CZ","CZE","Pardubický Kraj","","8662","1203284714"
"Harīke","Harike","31.1663","74.9418","India","IN","IND","Punjab","","8662","1356906122"
"Aït Tagalla","Ait Tagalla","31.9167","-6.7167","Morocco","MA","MAR","Béni Mellal-Khénifra","","8662","1504861087"
"Busk","Busk","49.9667","24.6333","Ukraine","UA","UKR","Lvivska Oblast","","8662","1804314944"
"Chintakommadinne","Chintakommadinne","14.4267","78.7618","India","IN","IND","Andhra Pradesh","","8661","1356452525"
"Kościelisko","Koscielisko","49.2908","19.8883","Poland","PL","POL","Małopolskie","","8661","1616942761"
"Gillitts","Gillitts","-29.7972","30.7944","South Africa","ZA","ZAF","KwaZulu-Natal","","8661","1710616584"
"Foum Zguid","Foum Zguid","30.0833","-6.8667","Morocco","MA","MAR","Souss-Massa","","8660","1504624650"
"South Lockport","South Lockport","43.1366","-78.6855","United States","US","USA","New York","","8660","1840004271"
"Paula Cândido","Paula Candido","-20.8739","-42.9800","Brazil","BR","BRA","Minas Gerais","minor","8659","1076748118"
"Schnaittach","Schnaittach","49.5592","11.3431","Germany","DE","DEU","Bavaria","","8659","1276694554"
"Ramsey","Ramsey","52.4500","-0.1200","United Kingdom","GB","GBR","Cambridgeshire","","8658","1826625567"
"Nagdah","Nagdah","26.2500","86.0000","India","IN","IND","Bihār","","8658","1356000639"
"Aars","Aars","56.8038","9.5158","Denmark","DK","DNK","Nordjylland","minor","8657","1208910632"
"Tumberi","Tumberi","12.6986","78.5856","India","IN","IND","Tamil Nādu","","8657","1356983406"
"Dilāwarpur","Dilawarpur","19.0908","78.2275","India","IN","IND","Andhra Pradesh","","8657","1356799167"
"Karavan","Karavan","40.2951","72.1863","Kyrgyzstan","KG","KGZ","Batken","","8657","1417081845"
"Tatoufet","Tatoufet","35.0339","-5.7706","Morocco","MA","MAR","Tanger-Tétouan-Al Hoceïma","","8657","1504842271"
"Abū Ḩardūb","Abu Hardub","34.8453","40.6285","Syria","SY","SYR","Dayr az Zawr","","8657","1760872653"
"Najrīj","Najrij","30.9724","30.8671","Egypt","EG","EGY","Al Gharbīyah","","8656","1818420168"
"Zabok","Zabok","46.0500","15.9667","Croatia","HR","HRV","Krapinsko-Zagorska Županija","minor","8656","1191500303"
"Belhatti","Belhatti","15.0818","75.6465","India","IN","IND","Karnātaka","","8656","1356178257"
"Belinskiy","Belinskiy","52.9667","43.4333","Russia","RU","RUS","Penzenskaya Oblast’","","8656","1643873820"
"Ballina","Ballina","-28.8636","153.5328","Australia","AU","AUS","New South Wales","","8655","1036040102"
"Tecumseh","Tecumseh","42.0066","-83.9450","United States","US","USA","Michigan","","8655","1840003228"
"Cheviot","Cheviot","39.1577","-84.6139","United States","US","USA","Ohio","","8655","1840003813"
"East Donegal","East Donegal","40.0823","-76.5631","United States","US","USA","Pennsylvania","","8655","1840150410"
"Zacháro","Zacharo","37.4833","21.6500","Greece","GR","GRC","Dytikí Elláda","minor","8654","1300553045"
"Bel Aire","Bel Aire","37.7749","-97.2457","United States","US","USA","Kansas","","8654","1840045965"
"Campos Lindos","Campos Lindos","-7.9939","-46.8678","Brazil","BR","BRA","Tocantins","minor","8653","1076294103"
"Isbergues","Isbergues","50.6242","2.4575","France","FR","FRA","Hauts-de-France","","8653","1250390152"
"Eduttavāynattam","Eduttavaynattam","11.8057","78.8270","India","IN","IND","Tamil Nādu","","8653","1356243981"
"Bikrampur Bānde","Bikrampur Bande","25.8415","85.7424","India","IN","IND","Bihār","","8653","1356133519"
"Chak Pahār","Chak Pahar","25.7986","85.6218","India","IN","IND","Bihār","","8652","1356330257"
"Ankatafa","Ankatafa","-13.6388","48.3704","Madagascar","MG","MDG","Antsiranana","","8652","1450000267"
"Deutsch-Wagram","Deutsch-Wagram","48.3000","16.5667","Austria","AT","AUT","Niederösterreich","","8651","1040363748"
"Adjarra","Adjarra","6.5333","2.2667","Benin","BJ","BEN","Atlantique","","8651","1204162479"
"Løgten","Logten","56.2746","10.3118","Denmark","DK","DNK","Midtjylland","","8651","1208851373"
"Onda","Onda","25.2452","85.6650","India","IN","IND","Bihār","","8651","1356073746"
"Seosaeng","Seosaeng","35.3536","129.3303","Korea, South","KR","KOR","Ulsan","","8650","1410000467"
"Bedum","Bedum","53.3003","6.6025","Netherlands","NL","NLD","Groningen","minor","8650","1528797716"
"Farob","Farob","39.2408","67.4700","Tajikistan","TJ","TJK","Sughd","","8650","1762563698"
"Vodice","Vodice","43.7506","15.7789","Croatia","HR","HRV","Šibensko-Kninska Županija","minor","8649","1191637879"
"Salar","Salar","33.8789","75.2485","India","IN","IND","Jammu and Kashmīr","","8649","1356741008"
"Talsi","Talsi","57.2444","22.5867","Latvia","LV","LVA","Talsi","admin","8649","1428411666"
"Wissen","Wissen","50.7825","7.7350","Germany","DE","DEU","Rhineland-Palatinate","","8648","1276756362"
"Tudela de Duero","Tudela de Duero","41.5842","-4.5800","Spain","ES","ESP","Castille-Leon","","8648","1724835733"
"Thāthūpur","Thathupur","25.9731","86.0296","India","IN","IND","Bihār","","8648","1356619478"
"Vanukūru","Vanukuru","16.4406","80.7379","India","IN","IND","Andhra Pradesh","","8648","1356108010"
"Kottadindulu","Kottadindulu","16.3518","81.5915","India","IN","IND","Andhra Pradesh","","8648","1356834952"
"Sint-Job-in-’t-Goor","Sint-Job-in-'t-Goor","51.3017","4.5691","Belgium","BE","BEL","Flanders","","8647","1056888422"
"Belvādi","Belvadi","15.7146","74.9167","India","IN","IND","Karnātaka","","8647","1356468260"
"Ḩalāwah","Halawah","32.3828","35.6619","Jordan","JO","JOR","‘Ajlūn","","8647","1400561057"
"Ōuda-daitō","Ouda-daito","34.4789","135.9281","Japan","JP","JPN","Nara","","8647","1392105031"
